{
"type": "FeatureCollection",
"name": "atm_clean",
"crs": { "type": "name", "properties": { "name": "urn:ogc:def:crs:EPSG::3857" } },
"features": [
{ "type": "Feature", "properties": { "element": "node", "id": 408385048, "amenity": "atm", "operator": "ПАО Сбербанк", "brand": "Сбербанк", "cash_in": null, "opening_hours": "24/7" }, "geometry": { "type": "Point", "coordinates": [ 4196915.310970460996032, 7510726.415608532726765 ] } },
{ "type": "Feature", "properties": { "element": "node", "id": 432502063, "amenity": "atm", "operator": "Банк ВТБ (ПАО)", "brand": "ВТБ", "cash_in": null, "opening_hours": null }, "geometry": { "type": "Point", "coordinates": [ 4185805.169379380531609, 7514516.401383033022285 ] } },
{ "type": "Feature", "properties": { "element": "node", "id": 444776906, "amenity": "atm", "operator": "Альфа-Банк", "brand": "Альфа-Банк", "cash_in": null, "opening_hours": null }, "geometry": { "type": "Point", "coordinates": [ 4177131.132392870727926, 7519551.711285100318491 ] } },
{ "type": "Feature", "properties": { "element": "node", "id": 444776911, "amenity": "atm", "operator": "ПАО \"МОСКОВСКИЙ КРЕДИТНЫЙ БАНК\"", "brand": null, "cash_in": null, "opening_hours": "Mo-Su 09:00-23:00" }, "geometry": { "type": "Point", "coordinates": [ 4166893.201276052743196, 7530062.63226671423763 ] } },
{ "type": "Feature", "properties": { "element": "node", "id": 444776938, "amenity": "atm", "operator": "АО \"Альфа-Банк\"", "brand": "Альфа-Банк", "cash_in": null, "opening_hours": null }, "geometry": { "type": "Point", "coordinates": [ 4174947.511525368317962, 7507443.093851482495666 ] } },
{ "type": "Feature", "properties": { "element": "node", "id": 444776945, "amenity": "atm", "operator": "АО \"Альфа-Банк\"", "brand": "Альфа-Банк", "cash_in": null, "opening_hours": null }, "geometry": { "type": "Point", "coordinates": [ 4197231.859074481762946, 7508751.124164299108088 ] } },
{ "type": "Feature", "properties": { "element": "node", "id": 444776962, "amenity": "atm", "operator": "АО \"Альфа-Банк\"", "brand": "Альфа-Банк", "cash_in": null, "opening_hours": null }, "geometry": { "type": "Point", "coordinates": [ 4204086.223136688582599, 7499817.829424415715039 ] } },
{ "type": "Feature", "properties": { "element": "node", "id": 482846851, "amenity": "atm", "operator": "ПАО Сбербанк", "brand": "Сбербанк", "cash_in": "yes", "opening_hours": null }, "geometry": { "type": "Point", "coordinates": [ 4165323.563060021027923, 7504472.671078057959676 ] } },
{ "type": "Feature", "properties": { "element": "node", "id": 514169772, "amenity": "atm", "operator": "Райффайзен", "brand": "Райффайзен", "cash_in": null, "opening_hours": null }, "geometry": { "type": "Point", "coordinates": [ 4194013.312033023219556, 7531803.540335047058761 ] } },
{ "type": "Feature", "properties": { "element": "node", "id": 583279749, "amenity": "atm", "operator": "ПАО Сбербанк", "brand": "Сбербанк", "cash_in": "yes", "opening_hours": null }, "geometry": { "type": "Point", "coordinates": [ 4177862.601634924765676, 7499486.304656148888171 ] } },
{ "type": "Feature", "properties": { "element": "node", "id": 583279788, "amenity": "atm", "operator": "ПАО Сбербанк", "brand": "Сбербанк", "cash_in": null, "opening_hours": null }, "geometry": { "type": "Point", "coordinates": [ 4178053.3921101950109, 7499384.801379190757871 ] } },
{ "type": "Feature", "properties": { "element": "node", "id": 583279861, "amenity": "atm", "operator": "Банк ВТБ (ПАО)", "brand": "ВТБ", "cash_in": null, "opening_hours": null }, "geometry": { "type": "Point", "coordinates": [ 4178369.995873960200697, 7497275.996338402852416 ] } },
{ "type": "Feature", "properties": { "element": "node", "id": 588069762, "amenity": "atm", "operator": "Банк ВТБ (ПАО)", "brand": "ВТБ", "cash_in": null, "opening_hours": null }, "geometry": { "type": "Point", "coordinates": [ 4188435.504231487866491, 7504263.4659802056849 ] } },
{ "type": "Feature", "properties": { "element": "node", "id": 614958544, "amenity": "atm", "operator": "ПАО Сбербанк", "brand": "Сбербанк", "cash_in": "yes", "opening_hours": "24/7" }, "geometry": { "type": "Point", "coordinates": [ 4185946.890223110094666, 7497285.89103533886373 ] } },
{ "type": "Feature", "properties": { "element": "node", "id": 614980357, "amenity": "atm", "operator": "ПАО Сбербанк", "brand": "Сбербанк", "cash_in": "yes", "opening_hours": "24/7" }, "geometry": { "type": "Point", "coordinates": [ 4185949.417175550479442, 7497271.671115580946207 ] } },
{ "type": "Feature", "properties": { "element": "node", "id": 618112479, "amenity": "atm", "operator": "Сбербанк", "brand": "Сбербанк", "cash_in": "yes", "opening_hours": null }, "geometry": { "type": "Point", "coordinates": [ 4199181.475240387022495, 7488537.728496447205544 ] } },
{ "type": "Feature", "properties": { "element": "node", "id": 618112491, "amenity": "atm", "operator": null, "brand": null, "cash_in": null, "opening_hours": null }, "geometry": { "type": "Point", "coordinates": [ 4200292.566209943965077, 7488597.128376629203558 ] } },
{ "type": "Feature", "properties": { "element": "node", "id": 619491827, "amenity": "atm", "operator": "АО \"Райффайзенбанк\"", "brand": "Райффайзен", "cash_in": null, "opening_hours": null }, "geometry": { "type": "Point", "coordinates": [ 4186047.868133208248764, 7496319.963764536194503 ] } },
{ "type": "Feature", "properties": { "element": "node", "id": 619491828, "amenity": "atm", "operator": "ПАО Сбербанк", "brand": "Сбербанк", "cash_in": null, "opening_hours": null }, "geometry": { "type": "Point", "coordinates": [ 4186059.523283894639462, 7496317.337355948984623 ] } },
{ "type": "Feature", "properties": { "element": "node", "id": 627937161, "amenity": "atm", "operator": "АО \"Райффайзенбанк\"", "brand": "Райффайзен", "cash_in": null, "opening_hours": null }, "geometry": { "type": "Point", "coordinates": [ 4186972.187261112034321, 7503090.654488010331988 ] } },
{ "type": "Feature", "properties": { "element": "node", "id": 630992218, "amenity": "atm", "operator": "АО \"Альфа-Банк\"", "brand": "Альфа-Банк", "cash_in": null, "opening_hours": null }, "geometry": { "type": "Point", "coordinates": [ 4191012.884401824325323, 7513633.993501817807555 ] } },
{ "type": "Feature", "properties": { "element": "node", "id": 634805752, "amenity": "atm", "operator": "ПАО \"МТС-Банк\"", "brand": null, "cash_in": null, "opening_hours": null }, "geometry": { "type": "Point", "coordinates": [ 4191802.50694586802274, 7526187.110470061190426 ] } },
{ "type": "Feature", "properties": { "element": "node", "id": 649013485, "amenity": "atm", "operator": null, "brand": null, "cash_in": null, "opening_hours": null }, "geometry": { "type": "Point", "coordinates": [ 4164966.96220321347937, 7519777.018949687480927 ] } },
{ "type": "Feature", "properties": { "element": "node", "id": 656132952, "amenity": "atm", "operator": "Банк ВТБ (ПАО)", "brand": "ВТБ", "cash_in": null, "opening_hours": null }, "geometry": { "type": "Point", "coordinates": [ 4189807.706198649480939, 7511999.325585645623505 ] } },
{ "type": "Feature", "properties": { "element": "node", "id": 661998601, "amenity": "atm", "operator": "ПАО Сбербанк", "brand": "Сбербанк", "cash_in": null, "opening_hours": null }, "geometry": { "type": "Point", "coordinates": [ 4162684.701134918723255, 7521869.436374248936772 ] } },
{ "type": "Feature", "properties": { "element": "node", "id": 675516462, "amenity": "atm", "operator": "ПАО Сбербанк", "brand": "Сбербанк", "cash_in": null, "opening_hours": null }, "geometry": { "type": "Point", "coordinates": [ 4158478.338328007608652, 7487278.582163289189339 ] } },
{ "type": "Feature", "properties": { "element": "node", "id": 678293647, "amenity": "atm", "operator": "\"СДМ-Банк\" (ПАО)", "brand": null, "cash_in": null, "opening_hours": "24/7" }, "geometry": { "type": "Point", "coordinates": [ 4187710.113033631350845, 7491040.889300706796348 ] } },
{ "type": "Feature", "properties": { "element": "node", "id": 678295632, "amenity": "atm", "operator": "АО \"Райффайзенбанк\"", "brand": "Райффайзен", "cash_in": null, "opening_hours": "24/7" }, "geometry": { "type": "Point", "coordinates": [ 4187705.270635781809688, 7491170.345051418989897 ] } },
{ "type": "Feature", "properties": { "element": "node", "id": 679133230, "amenity": "atm", "operator": "Банк ВТБ (ПАО)", "brand": "ВТБ", "cash_in": null, "opening_hours": null }, "geometry": { "type": "Point", "coordinates": [ 4184017.745711560361087, 7503324.277511705644429 ] } },
{ "type": "Feature", "properties": { "element": "node", "id": 679134375, "amenity": "atm", "operator": "Банк ВТБ (ПАО)", "brand": "ВТБ", "cash_in": "yes", "opening_hours": null }, "geometry": { "type": "Point", "coordinates": [ 4192400.916000577155501, 7500761.985496181994677 ] } },
{ "type": "Feature", "properties": { "element": "node", "id": 691744699, "amenity": "atm", "operator": "АО ЮниКредит Банк", "brand": "ЮниКредит Банк", "cash_in": null, "opening_hours": null }, "geometry": { "type": "Point", "coordinates": [ 4192120.724842249415815, 7487201.499847687780857 ] } },
{ "type": "Feature", "properties": { "element": "node", "id": 700872444, "amenity": "atm", "operator": "ПАО Сбербанк", "brand": "Сбербанк", "cash_in": null, "opening_hours": null }, "geometry": { "type": "Point", "coordinates": [ 4197800.991103110834956, 7484024.239527966827154 ] } },
{ "type": "Feature", "properties": { "element": "node", "id": 701246437, "amenity": "atm", "operator": "ПАО Сбербанк", "brand": "Сбербанк", "cash_in": null, "opening_hours": null }, "geometry": { "type": "Point", "coordinates": [ 4169393.514962913934141, 7528261.16167224291712 ] } },
{ "type": "Feature", "properties": { "element": "node", "id": 707954587, "amenity": "atm", "operator": "ПАО Сбербанк", "brand": "Сбербанк", "cash_in": null, "opening_hours": null }, "geometry": { "type": "Point", "coordinates": [ 4198451.608999001793563, 7482622.793521556071937 ] } },
{ "type": "Feature", "properties": { "element": "node", "id": 708412766, "amenity": "atm", "operator": "АО \"Банк Русский Стандарт\"", "brand": "Русский Стандарт", "cash_in": null, "opening_hours": null }, "geometry": { "type": "Point", "coordinates": [ 4199389.609292323701084, 7515273.422399171628058 ] } },
{ "type": "Feature", "properties": { "element": "node", "id": 717340926, "amenity": "atm", "operator": "АО \"Альфа-Банк\"", "brand": "Альфа-Банк", "cash_in": null, "opening_hours": null }, "geometry": { "type": "Point", "coordinates": [ 4210507.532115810550749, 7523178.152002573013306 ] } },
{ "type": "Feature", "properties": { "element": "node", "id": 724124486, "amenity": "atm", "operator": "ВТБ", "brand": "ВТБ", "cash_in": null, "opening_hours": null }, "geometry": { "type": "Point", "coordinates": [ 4211721.170600287616253, 7505070.072496019303799 ] } },
{ "type": "Feature", "properties": { "element": "node", "id": 751993249, "amenity": "atm", "operator": "ПАО \"Промсвязьбанк\"", "brand": "Промсвязьбанк", "cash_in": null, "opening_hours": "Mo-Su 09:00-22:00" }, "geometry": { "type": "Point", "coordinates": [ 4167421.189620886463672, 7524061.177082683891058 ] } },
{ "type": "Feature", "properties": { "element": "node", "id": 751993252, "amenity": "atm", "operator": "ПАО \"Промсвязьбанк\"", "brand": "Промсвязьбанк", "cash_in": null, "opening_hours": null }, "geometry": { "type": "Point", "coordinates": [ 4163025.839714455418289, 7524774.599185987375677 ] } },
{ "type": "Feature", "properties": { "element": "node", "id": 751993253, "amenity": "atm", "operator": "ПАО \"Промсвязьбанк\"", "brand": "Промсвязьбанк", "cash_in": null, "opening_hours": null }, "geometry": { "type": "Point", "coordinates": [ 4168371.679961075540632, 7524005.150200876407325 ] } },
{ "type": "Feature", "properties": { "element": "node", "id": 751993285, "amenity": "atm", "operator": "Банк ВТБ (ПАО)", "brand": "ВТБ", "cash_in": null, "opening_hours": null }, "geometry": { "type": "Point", "coordinates": [ 4163011.045354128815234, 7524761.597014595754445 ] } },
{ "type": "Feature", "properties": { "element": "node", "id": 771802403, "amenity": "atm", "operator": "Сбербанк", "brand": "Сбербанк", "cash_in": null, "opening_hours": null }, "geometry": { "type": "Point", "coordinates": [ 4184282.029314652550966, 7538041.340058593079448 ] } },
{ "type": "Feature", "properties": { "element": "node", "id": 791443260, "amenity": "atm", "operator": "ПАО Сбербанк", "brand": "Сбербанк", "cash_in": null, "opening_hours": null }, "geometry": { "type": "Point", "coordinates": [ 4192417.224305978044868, 7495308.605800206772983 ] } },
{ "type": "Feature", "properties": { "element": "node", "id": 793284721, "amenity": "atm", "operator": "АО \"Райффайзенбанк\"", "brand": "Райффайзен", "cash_in": null, "opening_hours": null }, "geometry": { "type": "Point", "coordinates": [ 4164976.680394760333002, 7519794.5486571919173 ] } },
{ "type": "Feature", "properties": { "element": "node", "id": 804015046, "amenity": "atm", "operator": "ПАО Сбербанк", "brand": "Сбербанк", "cash_in": null, "opening_hours": null }, "geometry": { "type": "Point", "coordinates": [ 4186251.148655345663428, 7508211.584485114552081 ] } },
{ "type": "Feature", "properties": { "element": "node", "id": 856681969, "amenity": "atm", "operator": null, "brand": null, "cash_in": null, "opening_hours": null }, "geometry": { "type": "Point", "coordinates": [ 4181768.869358554016799, 7461209.895281944423914 ] } },
{ "type": "Feature", "properties": { "element": "node", "id": 858167955, "amenity": "atm", "operator": "ПАО Сбербанк", "brand": "Сбербанк", "cash_in": null, "opening_hours": "Mo-Su 08:00-22:00" }, "geometry": { "type": "Point", "coordinates": [ 4161985.948691210243851, 7516491.962027857080102 ] } },
{ "type": "Feature", "properties": { "element": "node", "id": 884420360, "amenity": "atm", "operator": "ПАО Сбербанк", "brand": "Сбербанк", "cash_in": null, "opening_hours": null }, "geometry": { "type": "Point", "coordinates": [ 4178108.584313729777932, 7498852.434792370535433 ] } },
{ "type": "Feature", "properties": { "element": "node", "id": 884420443, "amenity": "atm", "operator": "ПАО Сбербанк", "brand": "Сбербанк", "cash_in": "yes", "opening_hours": null }, "geometry": { "type": "Point", "coordinates": [ 4177886.357214259449393, 7499538.913827882148325 ] } },
{ "type": "Feature", "properties": { "element": "node", "id": 896790809, "amenity": "atm", "operator": "ПАО Сбербанк", "brand": "Сбербанк", "cash_in": null, "opening_hours": null }, "geometry": { "type": "Point", "coordinates": [ 4153251.164658573456109, 7484916.914594707079232 ] } },
{ "type": "Feature", "properties": { "element": "node", "id": 911552538, "amenity": "atm", "operator": "АО \"Райффайзенбанк\"", "brand": "Райффайзен", "cash_in": null, "opening_hours": null }, "geometry": { "type": "Point", "coordinates": [ 4192535.20070232078433, 7494167.042935099452734 ] } },
{ "type": "Feature", "properties": { "element": "node", "id": 912959835, "amenity": "atm", "operator": "АО \"Райффайзенбанк\"", "brand": "Райффайзен", "cash_in": "yes", "opening_hours": null }, "geometry": { "type": "Point", "coordinates": [ 4184435.349649322219193, 7505586.418458167463541 ] } },
{ "type": "Feature", "properties": { "element": "node", "id": 918690001, "amenity": "atm", "operator": "ПАО \"Совкомбанк\"", "brand": null, "cash_in": null, "opening_hours": "24/7" }, "geometry": { "type": "Point", "coordinates": [ 4184326.200888599269092, 7538395.632856670767069 ] } },
{ "type": "Feature", "properties": { "element": "node", "id": 924267480, "amenity": "atm", "operator": null, "brand": null, "cash_in": null, "opening_hours": null }, "geometry": { "type": "Point", "coordinates": [ 4174298.552289890125394, 7506107.089597034268081 ] } },
{ "type": "Feature", "properties": { "element": "node", "id": 934548772, "amenity": "atm", "operator": "ПАО \"Промсвязьбанк\"", "brand": "Промсвязьбанк", "cash_in": null, "opening_hours": "24/7" }, "geometry": { "type": "Point", "coordinates": [ 4180375.527820092160255, 7508257.231969580054283 ] } },
{ "type": "Feature", "properties": { "element": "node", "id": 937713832, "amenity": "atm", "operator": "ПАО Сбербанк", "brand": "Сбербанк", "cash_in": null, "opening_hours": null }, "geometry": { "type": "Point", "coordinates": [ 4180354.599755822215229, 7507005.050068834796548 ] } },
{ "type": "Feature", "properties": { "element": "node", "id": 938070061, "amenity": "atm", "operator": "ВТБ", "brand": "ВТБ", "cash_in": null, "opening_hours": null }, "geometry": { "type": "Point", "coordinates": [ 4188249.945772285107523, 7512426.135980557650328 ] } },
{ "type": "Feature", "properties": { "element": "node", "id": 938070063, "amenity": "atm", "operator": "Банк ВТБ (ПАО)", "brand": "ВТБ", "cash_in": null, "opening_hours": null }, "geometry": { "type": "Point", "coordinates": [ 4183685.290052305907011, 7513814.793587577529252 ] } },
{ "type": "Feature", "properties": { "element": "node", "id": 938070071, "amenity": "atm", "operator": "ВТБ", "brand": "ВТБ", "cash_in": null, "opening_hours": "24/7" }, "geometry": { "type": "Point", "coordinates": [ 4188327.691304654814303, 7511225.372716968879104 ] } },
{ "type": "Feature", "properties": { "element": "node", "id": 938070079, "amenity": "atm", "operator": "Банк ВТБ (ПАО)", "brand": "ВТБ", "cash_in": null, "opening_hours": null }, "geometry": { "type": "Point", "coordinates": [ 4185668.992246292997152, 7516249.347416300326586 ] } },
{ "type": "Feature", "properties": { "element": "node", "id": 938070086, "amenity": "atm", "operator": "Банк ВТБ (ПАО)", "brand": "ВТБ", "cash_in": null, "opening_hours": null }, "geometry": { "type": "Point", "coordinates": [ 4185512.477042238228023, 7512851.287858956493437 ] } },
{ "type": "Feature", "properties": { "element": "node", "id": 938070089, "amenity": "atm", "operator": "Банк ВТБ (ПАО)", "brand": "ВТБ", "cash_in": null, "opening_hours": null }, "geometry": { "type": "Point", "coordinates": [ 4184824.366741848178208, 7513877.020672855898738 ] } },
{ "type": "Feature", "properties": { "element": "node", "id": 938070104, "amenity": "atm", "operator": "ВТБ", "brand": "ВТБ", "cash_in": null, "opening_hours": null }, "geometry": { "type": "Point", "coordinates": [ 4184057.731672653462738, 7514246.692367670126259 ] } },
{ "type": "Feature", "properties": { "element": "node", "id": 938070111, "amenity": "atm", "operator": "Банк ВТБ (ПАО)", "brand": "ВТБ", "cash_in": null, "opening_hours": null }, "geometry": { "type": "Point", "coordinates": [ 4187526.001727808266878, 7511711.896367425099015 ] } },
{ "type": "Feature", "properties": { "element": "node", "id": 938070115, "amenity": "atm", "operator": "Банк ВТБ (ПАО)", "brand": "ВТБ", "cash_in": null, "opening_hours": null }, "geometry": { "type": "Point", "coordinates": [ 4185255.061851727310568, 7511862.693467447534204 ] } },
{ "type": "Feature", "properties": { "element": "node", "id": 938070122, "amenity": "atm", "operator": "ВТБ", "brand": "ВТБ", "cash_in": null, "opening_hours": null }, "geometry": { "type": "Point", "coordinates": [ 4187499.40750145772472, 7511491.533304176293314 ] } },
{ "type": "Feature", "properties": { "element": "node", "id": 938253562, "amenity": "atm", "operator": "Банк ВТБ (ПАО)", "brand": "ВТБ", "cash_in": null, "opening_hours": null }, "geometry": { "type": "Point", "coordinates": [ 4190807.344094024505466, 7512500.660537837073207 ] } },
{ "type": "Feature", "properties": { "element": "node", "id": 938253566, "amenity": "atm", "operator": "Банк ВТБ (ПАО)", "brand": "ВТБ", "cash_in": null, "opening_hours": null }, "geometry": { "type": "Point", "coordinates": [ 4165368.057460490614176, 7506846.873152983374894 ] } },
{ "type": "Feature", "properties": { "element": "node", "id": 938253572, "amenity": "atm", "operator": "Банк ВТБ (ПАО)", "brand": "ВТБ", "cash_in": null, "opening_hours": null }, "geometry": { "type": "Point", "coordinates": [ 4172687.002285574562848, 7504844.007783308625221 ] } },
{ "type": "Feature", "properties": { "element": "node", "id": 938253576, "amenity": "atm", "operator": "Банк ВТБ (ПАО)", "brand": "ВТБ", "cash_in": null, "opening_hours": null }, "geometry": { "type": "Point", "coordinates": [ 4187750.900495058391243, 7505529.39865998737514 ] } },
{ "type": "Feature", "properties": { "element": "node", "id": 938253582, "amenity": "atm", "operator": "Банк ВТБ (ПАО)", "brand": "ВТБ", "cash_in": null, "opening_hours": null }, "geometry": { "type": "Point", "coordinates": [ 4168172.86335051804781, 7504458.892584318295121 ] } },
{ "type": "Feature", "properties": { "element": "node", "id": 938253588, "amenity": "atm", "operator": "Банк ВТБ (ПАО)", "brand": "ВТБ", "cash_in": null, "opening_hours": null }, "geometry": { "type": "Point", "coordinates": [ 4178070.023242119234055, 7518906.763636566698551 ] } },
{ "type": "Feature", "properties": { "element": "node", "id": 938253590, "amenity": "atm", "operator": "ВТБ", "brand": "ВТБ", "cash_in": null, "opening_hours": null }, "geometry": { "type": "Point", "coordinates": [ 4183606.442456976976246, 7508170.505935527384281 ] } },
{ "type": "Feature", "properties": { "element": "node", "id": 938253594, "amenity": "atm", "operator": "Банк ВТБ (ПАО)", "brand": "ВТБ", "cash_in": null, "opening_hours": null }, "geometry": { "type": "Point", "coordinates": [ 4168602.122438966296613, 7533836.697714718990028 ] } },
{ "type": "Feature", "properties": { "element": "node", "id": 938253601, "amenity": "atm", "operator": "Банк ВТБ (ПАО)", "brand": "ВТБ", "cash_in": null, "opening_hours": null }, "geometry": { "type": "Point", "coordinates": [ 4166833.979306951165199, 7496167.633543013595045 ] } },
{ "type": "Feature", "properties": { "element": "node", "id": 938253604, "amenity": "atm", "operator": "Банк ВТБ (ПАО)", "brand": "ВТБ", "cash_in": "yes", "opening_hours": null }, "geometry": { "type": "Point", "coordinates": [ 4192104.906342608388513, 7510515.418632715940475 ] } },
{ "type": "Feature", "properties": { "element": "node", "id": 938253610, "amenity": "atm", "operator": "Банк ВТБ (ПАО)", "brand": "ВТБ", "cash_in": null, "opening_hours": null }, "geometry": { "type": "Point", "coordinates": [ 4189610.982394519262016, 7516231.172416460700333 ] } },
{ "type": "Feature", "properties": { "element": "node", "id": 939214602, "amenity": "atm", "operator": "АО ЮниКредит Банк", "brand": null, "cash_in": "yes", "opening_hours": "24/7" }, "geometry": { "type": "Point", "coordinates": [ 4174179.273455504793674, 7490130.596415249630809 ] } },
{ "type": "Feature", "properties": { "element": "node", "id": 939217288, "amenity": "atm", "operator": "АО ЮниКредит Банк", "brand": null, "cash_in": null, "opening_hours": null }, "geometry": { "type": "Point", "coordinates": [ 4178529.260669437702745, 7490383.816414442844689 ] } },
{ "type": "Feature", "properties": { "element": "node", "id": 939222214, "amenity": "atm", "operator": "АО ЮниКредит Банк", "brand": null, "cash_in": null, "opening_hours": "Mo-Su 08:00-18:00" }, "geometry": { "type": "Point", "coordinates": [ 4187425.858713890891522, 7483394.614067425951362 ] } },
{ "type": "Feature", "properties": { "element": "node", "id": 941731733, "amenity": "atm", "operator": "ПАО РОСБАНК", "brand": null, "cash_in": null, "opening_hours": null }, "geometry": { "type": "Point", "coordinates": [ 4165078.738103919662535, 7507090.912680195644498 ] } },
{ "type": "Feature", "properties": { "element": "node", "id": 941731749, "amenity": "atm", "operator": "ПАО Сбербанк", "brand": "Сбербанк", "cash_in": null, "opening_hours": null }, "geometry": { "type": "Point", "coordinates": [ 4165092.296817897818983, 7507054.665173846296966 ] } },
{ "type": "Feature", "properties": { "element": "node", "id": 941731758, "amenity": "atm", "operator": "ПАО \"Промсвязьбанк\"", "brand": "Промсвязьбанк", "cash_in": null, "opening_hours": "24/7" }, "geometry": { "type": "Point", "coordinates": [ 4165075.153616315685213, 7507033.703791243955493 ] } },
{ "type": "Feature", "properties": { "element": "node", "id": 941766735, "amenity": "atm", "operator": "ПАО Сбербанк", "brand": "Сбербанк", "cash_in": null, "opening_hours": null }, "geometry": { "type": "Point", "coordinates": [ 4189653.417384409811348, 7520360.809355775825679 ] } },
{ "type": "Feature", "properties": { "element": "node", "id": 954876393, "amenity": "atm", "operator": null, "brand": null, "cash_in": null, "opening_hours": null }, "geometry": { "type": "Point", "coordinates": [ 4181591.6264653140679, 7461191.357858824543655 ] } },
{ "type": "Feature", "properties": { "element": "node", "id": 954877070, "amenity": "atm", "operator": null, "brand": null, "cash_in": null, "opening_hours": null }, "geometry": { "type": "Point", "coordinates": [ 4181286.555400794837624, 7461188.998911027796566 ] } },
{ "type": "Feature", "properties": { "element": "node", "id": 954877392, "amenity": "atm", "operator": null, "brand": null, "cash_in": null, "opening_hours": null }, "geometry": { "type": "Point", "coordinates": [ 4181514.192627517972142, 7461035.550901711918414 ] } },
{ "type": "Feature", "properties": { "element": "node", "id": 957161473, "amenity": "atm", "operator": "ПАО Сбербанк", "brand": "Сбербанк", "cash_in": null, "opening_hours": "Mo-Su 09:00-22:00" }, "geometry": { "type": "Point", "coordinates": [ 4178099.545171077828854, 7468741.197324134409428 ] } },
{ "type": "Feature", "properties": { "element": "node", "id": 961866438, "amenity": "atm", "operator": "ПАО Сбербанк", "brand": "Сбербанк", "cash_in": "yes", "opening_hours": null }, "geometry": { "type": "Point", "coordinates": [ 4185506.833144054748118, 7481399.98874104488641 ] } },
{ "type": "Feature", "properties": { "element": "node", "id": 961867956, "amenity": "atm", "operator": "Банк ВТБ (ПАО)", "brand": "ВТБ", "cash_in": null, "opening_hours": null }, "geometry": { "type": "Point", "coordinates": [ 4188303.323468119837344, 7485169.707424911670387 ] } },
{ "type": "Feature", "properties": { "element": "node", "id": 982315284, "amenity": "atm", "operator": "Банк ВТБ (ПАО)", "brand": "ВТБ", "cash_in": null, "opening_hours": "24/7" }, "geometry": { "type": "Point", "coordinates": [ 4199221.104979109950364, 7515992.307798628695309 ] } },
{ "type": "Feature", "properties": { "element": "node", "id": 993021874, "amenity": "atm", "operator": "Банк ГПБ (АО)", "brand": "Газпромбанк", "cash_in": null, "opening_hours": null }, "geometry": { "type": "Point", "coordinates": [ 4162830.574195654597133, 7519898.182725241407752 ] } },
{ "type": "Feature", "properties": { "element": "node", "id": 993021882, "amenity": "atm", "operator": "Банк ВТБ (ПАО)", "brand": "ВТБ", "cash_in": null, "opening_hours": null }, "geometry": { "type": "Point", "coordinates": [ 4162160.141430403105915, 7516879.757358971051872 ] } },
{ "type": "Feature", "properties": { "element": "node", "id": 993021885, "amenity": "atm", "operator": "АО \"Кредит Европа Банк (Россия)\"", "brand": null, "cash_in": null, "opening_hours": null }, "geometry": { "type": "Point", "coordinates": [ 4162177.329159781336784, 7516879.757358971051872 ] } },
{ "type": "Feature", "properties": { "element": "node", "id": 994999983, "amenity": "atm", "operator": "ПАО Сбербанк", "brand": "Сбербанк", "cash_in": null, "opening_hours": null }, "geometry": { "type": "Point", "coordinates": [ 4206250.730447622016072, 7507040.941394275054336 ] } },
{ "type": "Feature", "properties": { "element": "node", "id": 996053915, "amenity": "atm", "operator": "Банк ВТБ (ПАО)", "brand": "ВТБ", "cash_in": null, "opening_hours": "Mo-Su 12:00-21:00" }, "geometry": { "type": "Point", "coordinates": [ 4178387.550957658328116, 7507473.054415554739535 ] } },
{ "type": "Feature", "properties": { "element": "node", "id": 1000744216, "amenity": "atm", "operator": "ПАО \"Промсвязьбанк\"", "brand": "Промсвязьбанк", "cash_in": null, "opening_hours": "24/7" }, "geometry": { "type": "Point", "coordinates": [ 4191268.841307005379349, 7503336.41345249582082 ] } },
{ "type": "Feature", "properties": { "element": "node", "id": 1000785708, "amenity": "atm", "operator": "ВТБ", "brand": "ВТБ", "cash_in": null, "opening_hours": null }, "geometry": { "type": "Point", "coordinates": [ 4190947.428541238419712, 7512429.440692085772753 ] } },
{ "type": "Feature", "properties": { "element": "node", "id": 1009221077, "amenity": "atm", "operator": "ПАО Сбербанк", "brand": "Сбербанк", "cash_in": null, "opening_hours": "24/7" }, "geometry": { "type": "Point", "coordinates": [ 4195029.325025493279099, 7531541.240360022522509 ] } },
{ "type": "Feature", "properties": { "element": "node", "id": 1012800748, "amenity": "atm", "operator": null, "brand": null, "cash_in": null, "opening_hours": null }, "geometry": { "type": "Point", "coordinates": [ 4172514.891220859251916, 7492690.408637096174061 ] } },
{ "type": "Feature", "properties": { "element": "node", "id": 1025556213, "amenity": "atm", "operator": "ПАО Сбербанк", "brand": "Сбербанк", "cash_in": null, "opening_hours": null }, "geometry": { "type": "Point", "coordinates": [ 4140677.194027459714562, 7560227.760519945062697 ] } },
{ "type": "Feature", "properties": { "element": "node", "id": 1036332157, "amenity": "atm", "operator": "АО \"Кредит Европа Банк (Россия)\"", "brand": null, "cash_in": null, "opening_hours": null }, "geometry": { "type": "Point", "coordinates": [ 4186186.394107551313937, 7481076.289391565136611 ] } },
{ "type": "Feature", "properties": { "element": "node", "id": 1037207433, "amenity": "atm", "operator": "ПАО Сбербанк", "brand": "Сбербанк", "cash_in": null, "opening_hours": null }, "geometry": { "type": "Point", "coordinates": [ 4182397.757689842488617, 7515663.235150463879108 ] } },
{ "type": "Feature", "properties": { "element": "node", "id": 1080662672, "amenity": "atm", "operator": "АО \"Альфа-Банк\"", "brand": "Альфа-Банк", "cash_in": null, "opening_hours": null }, "geometry": { "type": "Point", "coordinates": [ 4168904.176745283883065, 7503912.675184735096991 ] } },
{ "type": "Feature", "properties": { "element": "node", "id": 1082239969, "amenity": "atm", "operator": "ПАО Сбербанк", "brand": "Сбербанк", "cash_in": null, "opening_hours": "24/7" }, "geometry": { "type": "Point", "coordinates": [ 4195273.081314482726157, 7535387.481730666942894 ] } },
{ "type": "Feature", "properties": { "element": "node", "id": 1082826589, "amenity": "atm", "operator": "ПАО Сбербанк", "brand": "Сбербанк", "cash_in": "yes", "opening_hours": null }, "geometry": { "type": "Point", "coordinates": [ 4191366.023222468327731, 7475351.589659233577549 ] } },
{ "type": "Feature", "properties": { "element": "node", "id": 1086716549, "amenity": "atm", "operator": "ПАО \"МТС-Банк\"", "brand": null, "cash_in": null, "opening_hours": "24/7" }, "geometry": { "type": "Point", "coordinates": [ 4184308.100339396391064, 7537796.596867520362139 ] } },
{ "type": "Feature", "properties": { "element": "node", "id": 1095382764, "amenity": "atm", "operator": "Альфа-Банк", "brand": "Альфа-Банк", "cash_in": null, "opening_hours": null }, "geometry": { "type": "Point", "coordinates": [ 4173706.35486276820302, 7517530.396829443052411 ] } },
{ "type": "Feature", "properties": { "element": "node", "id": 1095382797, "amenity": "atm", "operator": "АО \"Альфа-Банк\"", "brand": "Альфа-Банк", "cash_in": null, "opening_hours": null }, "geometry": { "type": "Point", "coordinates": [ 4172406.254529793746769, 7515121.291692076250911 ] } },
{ "type": "Feature", "properties": { "element": "node", "id": 1109115916, "amenity": "atm", "operator": "ПАО Сбербанк", "brand": "Сбербанк", "cash_in": null, "opening_hours": null }, "geometry": { "type": "Point", "coordinates": [ 4141508.305345721077174, 7559785.490970252081752 ] } },
{ "type": "Feature", "properties": { "element": "node", "id": 1118924970, "amenity": "atm", "operator": "АО \"Альфа-Банк\"", "brand": "Альфа-Банк", "cash_in": null, "opening_hours": null }, "geometry": { "type": "Point", "coordinates": [ 4186483.895446696318686, 7512012.603071822784841 ] } },
{ "type": "Feature", "properties": { "element": "node", "id": 1119408974, "amenity": "atm", "operator": "АО \"Альфа-Банк\"", "brand": "Альфа-Банк", "cash_in": null, "opening_hours": null }, "geometry": { "type": "Point", "coordinates": [ 4162809.334436811041087, 7519901.510447754524648 ] } },
{ "type": "Feature", "properties": { "element": "node", "id": 1119434041, "amenity": "atm", "operator": "АО \"Альфа-Банк\"", "brand": "Альфа-Банк", "cash_in": null, "opening_hours": null }, "geometry": { "type": "Point", "coordinates": [ 4173530.92647722736001, 7495678.198751575313509 ] } },
{ "type": "Feature", "properties": { "element": "node", "id": 1123344229, "amenity": "atm", "operator": "Росбанк", "brand": "Росбанк", "cash_in": null, "opening_hours": null }, "geometry": { "type": "Point", "coordinates": [ 4188324.418511624913663, 7511110.201553603634238 ] } },
{ "type": "Feature", "properties": { "element": "node", "id": 1131047060, "amenity": "atm", "operator": null, "brand": null, "cash_in": null, "opening_hours": null }, "geometry": { "type": "Point", "coordinates": [ 4184037.794351851567626, 7538909.31090622022748 ] } },
{ "type": "Feature", "properties": { "element": "node", "id": 1163263308, "amenity": "atm", "operator": "ПАО Сбербанк", "brand": "Сбербанк", "cash_in": null, "opening_hours": "Mo-Su 10:00-22:00" }, "geometry": { "type": "Point", "coordinates": [ 4186263.516250773333013, 7481375.746296268887818 ] } },
{ "type": "Feature", "properties": { "element": "node", "id": 1172054320, "amenity": "atm", "operator": "АО \"Кредит Европа Банк (Россия)\"", "brand": null, "cash_in": null, "opening_hours": null }, "geometry": { "type": "Point", "coordinates": [ 4178634.401928492821753, 7508106.821760379709303 ] } },
{ "type": "Feature", "properties": { "element": "node", "id": 1172063290, "amenity": "atm", "operator": "Райффайзен", "brand": "Райффайзен", "cash_in": null, "opening_hours": null }, "geometry": { "type": "Point", "coordinates": [ 4178631.162531310226768, 7508109.887290931306779 ] } },
{ "type": "Feature", "properties": { "element": "node", "id": 1172065741, "amenity": "atm", "operator": "ВТБ", "brand": "ВТБ", "cash_in": null, "opening_hours": null }, "geometry": { "type": "Point", "coordinates": [ 4178632.954775111749768, 7508108.265526230446994 ] } },
{ "type": "Feature", "properties": { "element": "node", "id": 1181133430, "amenity": "atm", "operator": "ПАО Сбербанк", "brand": "Сбербанк", "cash_in": null, "opening_hours": null }, "geometry": { "type": "Point", "coordinates": [ 4165699.756147207692266, 7512893.499571260996163 ] } },
{ "type": "Feature", "properties": { "element": "node", "id": 1185150642, "amenity": "atm", "operator": "АО \"Альфа-Банк\"", "brand": "Альфа-Банк", "cash_in": null, "opening_hours": null }, "geometry": { "type": "Point", "coordinates": [ 4172474.293002566322684, 7491845.68141910713166 ] } },
{ "type": "Feature", "properties": { "element": "node", "id": 1189909337, "amenity": "atm", "operator": "Сбербанк", "brand": "Сбербанк", "cash_in": null, "opening_hours": null }, "geometry": { "type": "Point", "coordinates": [ 4175320.776909946464002, 7487941.60467454046011 ] } },
{ "type": "Feature", "properties": { "element": "node", "id": 1201360133, "amenity": "atm", "operator": "Банк ВТБ (ПАО)", "brand": "ВТБ", "cash_in": null, "opening_hours": null }, "geometry": { "type": "Point", "coordinates": [ 4194368.577055940404534, 7516429.06047725956887 ] } },
{ "type": "Feature", "properties": { "element": "node", "id": 1201457599, "amenity": "atm", "operator": null, "brand": null, "cash_in": null, "opening_hours": null }, "geometry": { "type": "Point", "coordinates": [ 4170390.904204573947936, 7520363.146824766881764 ] } },
{ "type": "Feature", "properties": { "element": "node", "id": 1201457609, "amenity": "atm", "operator": null, "brand": null, "cash_in": null, "opening_hours": null }, "geometry": { "type": "Point", "coordinates": [ 4170473.514398692175746, 7520553.831215775571764 ] } },
{ "type": "Feature", "properties": { "element": "node", "id": 1201461570, "amenity": "atm", "operator": null, "brand": null, "cash_in": null, "opening_hours": null }, "geometry": { "type": "Point", "coordinates": [ 4185980.363993991166353, 7535491.127192952670157 ] } },
{ "type": "Feature", "properties": { "element": "node", "id": 1201461576, "amenity": "atm", "operator": null, "brand": null, "cash_in": null, "opening_hours": null }, "geometry": { "type": "Point", "coordinates": [ 4185820.809767837170511, 7535628.833719471469522 ] } },
{ "type": "Feature", "properties": { "element": "node", "id": 1201461579, "amenity": "atm", "operator": "Сбербанк", "brand": "Сбербанк", "cash_in": null, "opening_hours": null }, "geometry": { "type": "Point", "coordinates": [ 4185786.779399501625448, 7535417.828945899382234 ] } },
{ "type": "Feature", "properties": { "element": "node", "id": 1201461584, "amenity": "atm", "operator": null, "brand": null, "cash_in": null, "opening_hours": null }, "geometry": { "type": "Point", "coordinates": [ 4183997.474432286806405, 7535881.38809032086283 ] } },
{ "type": "Feature", "properties": { "element": "node", "id": 1202220890, "amenity": "atm", "operator": "Росбанк", "brand": "Росбанк", "cash_in": null, "opening_hours": null }, "geometry": { "type": "Point", "coordinates": [ 4176193.755488696973771, 7519807.978222779929638 ] } },
{ "type": "Feature", "properties": { "element": "node", "id": 1203193430, "amenity": "atm", "operator": "АО \"Альфа-Банк\"", "brand": "Альфа-Банк", "cash_in": null, "opening_hours": "Mo-Sa 10:00-21:00; Su 10:00-20:00" }, "geometry": { "type": "Point", "coordinates": [ 4174644.544399225153029, 7507246.424917819909751 ] } },
{ "type": "Feature", "properties": { "element": "node", "id": 1204691868, "amenity": "atm", "operator": "ПАО Сбербанк", "brand": "Сбербанк", "cash_in": null, "opening_hours": null }, "geometry": { "type": "Point", "coordinates": [ 4176845.297336361370981, 7499742.597479221411049 ] } },
{ "type": "Feature", "properties": { "element": "node", "id": 1217706633, "amenity": "atm", "operator": "Райффайзен", "brand": "Райффайзен", "cash_in": null, "opening_hours": null }, "geometry": { "type": "Point", "coordinates": [ 4183957.354887805413455, 7538289.267856408841908 ] } },
{ "type": "Feature", "properties": { "element": "node", "id": 1229461501, "amenity": "atm", "operator": "АКБ \"ПЕРЕСВЕТ\" (ПАО)", "brand": null, "cash_in": null, "opening_hours": null }, "geometry": { "type": "Point", "coordinates": [ 4179624.277104524429888, 7508769.696915539912879 ] } },
{ "type": "Feature", "properties": { "element": "node", "id": 1229461506, "amenity": "atm", "operator": "АКБ \"ПЕРЕСВЕТ\" (ПАО)", "brand": null, "cash_in": null, "opening_hours": null }, "geometry": { "type": "Point", "coordinates": [ 4179518.300949288997799, 7508702.309095175936818 ] } },
{ "type": "Feature", "properties": { "element": "node", "id": 1233308052, "amenity": "atm", "operator": "Росбанк", "brand": "Росбанк", "cash_in": null, "opening_hours": null }, "geometry": { "type": "Point", "coordinates": [ 4185774.790290343109518, 7509190.078076096251607 ] } },
{ "type": "Feature", "properties": { "element": "node", "id": 1235549083, "amenity": "atm", "operator": "ПАО Сбербанк", "brand": "Сбербанк", "cash_in": null, "opening_hours": null }, "geometry": { "type": "Point", "coordinates": [ 4191792.19876102078706, 7506338.747545110993087 ] } },
{ "type": "Feature", "properties": { "element": "node", "id": 1241572423, "amenity": "atm", "operator": "ПАО Сбербанк", "brand": "Сбербанк", "cash_in": null, "opening_hours": null }, "geometry": { "type": "Point", "coordinates": [ 4174445.271378755569458, 7487821.769987031817436 ] } },
{ "type": "Feature", "properties": { "element": "node", "id": 1268422130, "amenity": "atm", "operator": "Альфа-Банк", "brand": "Альфа-Банк", "cash_in": null, "opening_hours": null }, "geometry": { "type": "Point", "coordinates": [ 4183926.1409025862813, 7538295.522244565188885 ] } },
{ "type": "Feature", "properties": { "element": "node", "id": 1272543254, "amenity": "atm", "operator": "Банк ВТБ (ПАО)", "brand": "ВТБ", "cash_in": "yes", "opening_hours": null }, "geometry": { "type": "Point", "coordinates": [ 4183644.057312916498631, 7514222.702854711562395 ] } },
{ "type": "Feature", "properties": { "element": "node", "id": 1272830760, "amenity": "atm", "operator": "ПАО РОСБАНК", "brand": "Росбанк", "cash_in": null, "opening_hours": null }, "geometry": { "type": "Point", "coordinates": [ 4178332.904219627380371, 7518717.209235621616244 ] } },
{ "type": "Feature", "properties": { "element": "node", "id": 1274623215, "amenity": "atm", "operator": "АО ЮниКредит Банк", "brand": null, "cash_in": null, "opening_hours": "24/7" }, "geometry": { "type": "Point", "coordinates": [ 4179349.696448533795774, 7496494.552822982892394 ] } },
{ "type": "Feature", "properties": { "element": "node", "id": 1285714437, "amenity": "atm", "operator": "ПАО Сбербанк", "brand": "Сбербанк", "cash_in": null, "opening_hours": null }, "geometry": { "type": "Point", "coordinates": [ 4184232.83723167097196, 7533496.861664411611855 ] } },
{ "type": "Feature", "properties": { "element": "node", "id": 1285714441, "amenity": "atm", "operator": "АО \"Альфа-Банк\"", "brand": "Альфа-Банк", "cash_in": null, "opening_hours": null }, "geometry": { "type": "Point", "coordinates": [ 4184227.193333487957716, 7533511.466011841781437 ] } },
{ "type": "Feature", "properties": { "element": "node", "id": 1286586784, "amenity": "atm", "operator": "ПАО \"Промсвязьбанк\"", "brand": "Промсвязьбанк", "cash_in": null, "opening_hours": null }, "geometry": { "type": "Point", "coordinates": [ 4190678.001977670937777, 7504827.480705941095948 ] } },
{ "type": "Feature", "properties": { "element": "node", "id": 1286586860, "amenity": "atm", "operator": "ПАО \"Промсвязьбанк\"", "brand": "Промсвязьбанк", "cash_in": null, "opening_hours": null }, "geometry": { "type": "Point", "coordinates": [ 4202582.140968783758581, 7516628.062385758385062 ] } },
{ "type": "Feature", "properties": { "element": "node", "id": 1286586863, "amenity": "atm", "operator": "ПАО \"Промсвязьбанк\"", "brand": "Промсвязьбанк", "cash_in": null, "opening_hours": null }, "geometry": { "type": "Point", "coordinates": [ 4198993.289641201496124, 7515363.752044846303761 ] } },
{ "type": "Feature", "properties": { "element": "node", "id": 1286586888, "amenity": "atm", "operator": "ПАО \"Промсвязьбанк\"", "brand": "Промсвязьбанк", "cash_in": null, "opening_hours": null }, "geometry": { "type": "Point", "coordinates": [ 4198721.837062901817262, 7515575.178625388070941 ] } },
{ "type": "Feature", "properties": { "element": "node", "id": 1286586921, "amenity": "atm", "operator": "ПАО \"Промсвязьбанк\"", "brand": "Промсвязьбанк", "cash_in": null, "opening_hours": null }, "geometry": { "type": "Point", "coordinates": [ 4198374.64270306751132, 7518631.454778905026615 ] } },
{ "type": "Feature", "properties": { "element": "node", "id": 1286586934, "amenity": "atm", "operator": "ПАО \"Промсвязьбанк\"", "brand": "Промсвязьбанк", "cash_in": null, "opening_hours": null }, "geometry": { "type": "Point", "coordinates": [ 4191467.156979853287339, 7519914.960007539018989 ] } },
{ "type": "Feature", "properties": { "element": "node", "id": 1286587031, "amenity": "atm", "operator": "ПАО \"Промсвязьбанк\"", "brand": "Промсвязьбанк", "cash_in": null, "opening_hours": null }, "geometry": { "type": "Point", "coordinates": [ 4196953.760722581297159, 7505953.261172296479344 ] } },
{ "type": "Feature", "properties": { "element": "node", "id": 1286587044, "amenity": "atm", "operator": "Промсвязьбанк", "brand": "Промсвязьбанк", "cash_in": null, "opening_hours": null }, "geometry": { "type": "Point", "coordinates": [ 4173677.133496434893459, 7517558.337201407179236 ] } },
{ "type": "Feature", "properties": { "element": "node", "id": 1286587049, "amenity": "atm", "operator": "ПАО \"Промсвязьбанк\"", "brand": "Промсвязьбанк", "cash_in": null, "opening_hours": null }, "geometry": { "type": "Point", "coordinates": [ 4189434.162515342701226, 7510196.926015981473029 ] } },
{ "type": "Feature", "properties": { "element": "node", "id": 1286587078, "amenity": "atm", "operator": "Промсвязьбанк", "brand": "Промсвязьбанк", "cash_in": null, "opening_hours": null }, "geometry": { "type": "Point", "coordinates": [ 4202999.277364685200155, 7508478.887177143245935 ] } },
{ "type": "Feature", "properties": { "element": "node", "id": 1286587095, "amenity": "atm", "operator": "ПАО \"Промсвязьбанк\"", "brand": "Промсвязьбанк", "cash_in": null, "opening_hours": null }, "geometry": { "type": "Point", "coordinates": [ 4194809.903177189640701, 7508754.091054469347 ] } },
{ "type": "Feature", "properties": { "element": "node", "id": 1286587107, "amenity": "atm", "operator": "ПАО \"Промсвязьбанк\"", "brand": "Промсвязьбанк", "cash_in": null, "opening_hours": "24/7" }, "geometry": { "type": "Point", "coordinates": [ 4198443.760974900797009, 7514895.01147660985589 ] } },
{ "type": "Feature", "properties": { "element": "node", "id": 1286587127, "amenity": "atm", "operator": "Промсвязьбанк", "brand": "Промсвязьбанк", "cash_in": null, "opening_hours": null }, "geometry": { "type": "Point", "coordinates": [ 4211732.280285468325019, 7499814.885723702609539 ] } },
{ "type": "Feature", "properties": { "element": "node", "id": 1286587171, "amenity": "atm", "operator": "ПАО \"Промсвязьбанк\"", "brand": "Промсвязьбанк", "cash_in": null, "opening_hours": null }, "geometry": { "type": "Point", "coordinates": [ 4188768.204793621785939, 7524788.354555814526975 ] } },
{ "type": "Feature", "properties": { "element": "node", "id": 1286587186, "amenity": "atm", "operator": "ПАО \"Промсвязьбанк\"", "brand": "Промсвязьбанк", "cash_in": null, "opening_hours": null }, "geometry": { "type": "Point", "coordinates": [ 4206661.699743731878698, 7520001.422023443505168 ] } },
{ "type": "Feature", "properties": { "element": "node", "id": 1286587197, "amenity": "atm", "operator": "ПАО \"Промсвязьбанк\"", "brand": "Промсвязьбанк", "cash_in": null, "opening_hours": null }, "geometry": { "type": "Point", "coordinates": [ 4203107.379722193814814, 7523312.071693274192512 ] } },
{ "type": "Feature", "properties": { "element": "node", "id": 1286587203, "amenity": "atm", "operator": "ПАО \"Промсвязьбанк\"", "brand": "Промсвязьбанк", "cash_in": null, "opening_hours": null }, "geometry": { "type": "Point", "coordinates": [ 4168149.386069909669459, 7528698.609929257072508 ] } },
{ "type": "Feature", "properties": { "element": "node", "id": 1286587211, "amenity": "atm", "operator": "ПАО \"Промсвязьбанк\"", "brand": "Промсвязьбанк", "cash_in": null, "opening_hours": null }, "geometry": { "type": "Point", "coordinates": [ 4189133.778001386206597, 7501489.380735273472965 ] } },
{ "type": "Feature", "properties": { "element": "node", "id": 1286587222, "amenity": "atm", "operator": "ПАО \"Промсвязьбанк\"", "brand": "Промсвязьбанк", "cash_in": null, "opening_hours": null }, "geometry": { "type": "Point", "coordinates": [ 4201418.551727369427681, 7490933.932070266455412 ] } },
{ "type": "Feature", "properties": { "element": "node", "id": 1286587225, "amenity": "atm", "operator": "ПАО \"Промсвязьбанк\"", "brand": "Промсвязьбанк", "cash_in": null, "opening_hours": null }, "geometry": { "type": "Point", "coordinates": [ 4208610.792708030901849, 7499201.039985786192119 ] } },
{ "type": "Feature", "properties": { "element": "node", "id": 1286587228, "amenity": "atm", "operator": "ПАО \"Промсвязьбанк\"", "brand": "Промсвязьбанк", "cash_in": null, "opening_hours": null }, "geometry": { "type": "Point", "coordinates": [ 4193844.150934813544154, 7503735.902116254903376 ] } },
{ "type": "Feature", "properties": { "element": "node", "id": 1286587231, "amenity": "atm", "operator": "ПАО \"Промсвязьбанк\"", "brand": "Промсвязьбанк", "cash_in": null, "opening_hours": null }, "geometry": { "type": "Point", "coordinates": [ 4194422.233050502836704, 7507747.550014799460769 ] } },
{ "type": "Feature", "properties": { "element": "node", "id": 1286587240, "amenity": "atm", "operator": "ПАО \"Промсвязьбанк\"", "brand": "Промсвязьбанк", "cash_in": null, "opening_hours": null }, "geometry": { "type": "Point", "coordinates": [ 4189953.801898366305977, 7512400.489884120412171 ] } },
{ "type": "Feature", "properties": { "element": "node", "id": 1286587254, "amenity": "atm", "operator": "ПАО \"Промсвязьбанк\"", "brand": "Промсвязьбанк", "cash_in": null, "opening_hours": null }, "geometry": { "type": "Point", "coordinates": [ 4202460.056883230805397, 7517390.557877977378666 ] } },
{ "type": "Feature", "properties": { "element": "node", "id": 1286587257, "amenity": "atm", "operator": "ПАО \"Промсвязьбанк\"", "brand": "Промсвязьбанк", "cash_in": null, "opening_hours": null }, "geometry": { "type": "Point", "coordinates": [ 4192642.323448311071843, 7495079.845353336073458 ] } },
{ "type": "Feature", "properties": { "element": "node", "id": 1286587267, "amenity": "atm", "operator": "ПАО \"Промсвязьбанк\"", "brand": "Промсвязьбанк", "cash_in": null, "opening_hours": null }, "geometry": { "type": "Point", "coordinates": [ 4196190.75466878619045, 7506157.133926809765399 ] } },
{ "type": "Feature", "properties": { "element": "node", "id": 1286587270, "amenity": "atm", "operator": "ПАО \"Промсвязьбанк\"", "brand": "Промсвязьбанк", "cash_in": null, "opening_hours": null }, "geometry": { "type": "Point", "coordinates": [ 4210029.670937682501972, 7509355.166970636695623 ] } },
{ "type": "Feature", "properties": { "element": "node", "id": 1286587282, "amenity": "atm", "operator": "ПАО \"Промсвязьбанк\"", "brand": "Промсвязьбанк", "cash_in": null, "opening_hours": null }, "geometry": { "type": "Point", "coordinates": [ 4200181.235587202943861, 7504931.467451764270663 ] } },
{ "type": "Feature", "properties": { "element": "node", "id": 1286587293, "amenity": "atm", "operator": "ПАО \"Промсвязьбанк\"", "brand": "Промсвязьбанк", "cash_in": null, "opening_hours": null }, "geometry": { "type": "Point", "coordinates": [ 4197143.393475148826838, 7515183.172994384542108 ] } },
{ "type": "Feature", "properties": { "element": "node", "id": 1286587306, "amenity": "atm", "operator": "ПАО \"Промсвязьбанк\"", "brand": "Промсвязьбанк", "cash_in": null, "opening_hours": null }, "geometry": { "type": "Point", "coordinates": [ 4188467.486321192234755, 7531700.321392556652427 ] } },
{ "type": "Feature", "properties": { "element": "node", "id": 1286587308, "amenity": "atm", "operator": "ПАО \"Промсвязьбанк\"", "brand": "Промсвязьбанк", "cash_in": null, "opening_hours": null }, "geometry": { "type": "Point", "coordinates": [ 4203379.667196674272418, 7509933.183960127644241 ] } },
{ "type": "Feature", "properties": { "element": "node", "id": 1286587328, "amenity": "atm", "operator": "ПАО \"Промсвязьбанк\"", "brand": "Промсвязьбанк", "cash_in": null, "opening_hours": null }, "geometry": { "type": "Point", "coordinates": [ 4201433.24590015411377, 7515585.96787129342556 ] } },
{ "type": "Feature", "properties": { "element": "node", "id": 1286587351, "amenity": "atm", "operator": "ПАО \"Промсвязьбанк\"", "brand": "Промсвязьбанк", "cash_in": null, "opening_hours": null }, "geometry": { "type": "Point", "coordinates": [ 4201370.517367091961205, 7492212.325777316465974 ] } },
{ "type": "Feature", "properties": { "element": "node", "id": 1286587352, "amenity": "atm", "operator": "ПАО \"Промсвязьбанк\"", "brand": "Промсвязьбанк", "cash_in": null, "opening_hours": null }, "geometry": { "type": "Point", "coordinates": [ 4190294.617651379201561, 7522122.570554411038756 ] } },
{ "type": "Feature", "properties": { "element": "node", "id": 1286587353, "amenity": "atm", "operator": "ПАО \"Промсвязьбанк\"", "brand": "Промсвязьбанк", "cash_in": null, "opening_hours": null }, "geometry": { "type": "Point", "coordinates": [ 4207912.77497296128422, 7501097.49722258746624 ] } },
{ "type": "Feature", "properties": { "element": "node", "id": 1286587356, "amenity": "atm", "operator": "ПАО \"Промсвязьбанк\"", "brand": "Промсвязьбанк", "cash_in": null, "opening_hours": null }, "geometry": { "type": "Point", "coordinates": [ 4201019.693991857580841, 7503006.160592408850789 ] } },
{ "type": "Feature", "properties": { "element": "node", "id": 1286587358, "amenity": "atm", "operator": "ПАО \"Промсвязьбанк\"", "brand": "Промсвязьбанк", "cash_in": null, "opening_hours": null }, "geometry": { "type": "Point", "coordinates": [ 4196740.283335086889565, 7517771.843796926550567 ] } },
{ "type": "Feature", "properties": { "element": "node", "id": 1286587361, "amenity": "atm", "operator": "ПАО \"Промсвязьбанк\"", "brand": "Промсвязьбанк", "cash_in": null, "opening_hours": null }, "geometry": { "type": "Point", "coordinates": [ 4203718.857685121707618, 7502597.638242028653622 ] } },
{ "type": "Feature", "properties": { "element": "node", "id": 1286587368, "amenity": "atm", "operator": "ПАО \"Промсвязьбанк\"", "brand": "Промсвязьбанк", "cash_in": null, "opening_hours": null }, "geometry": { "type": "Point", "coordinates": [ 4200472.035493000410497, 7521503.817188011482358 ] } },
{ "type": "Feature", "properties": { "element": "node", "id": 1286587373, "amenity": "atm", "operator": "ПАО \"Промсвязьбанк\"", "brand": "Промсвязьбанк", "cash_in": null, "opening_hours": null }, "geometry": { "type": "Point", "coordinates": [ 4187034.069766044151038, 7496451.660540590062737 ] } },
{ "type": "Feature", "properties": { "element": "node", "id": 1286587379, "amenity": "atm", "operator": "Промсвязьбанк", "brand": "Промсвязьбанк", "cash_in": null, "opening_hours": null }, "geometry": { "type": "Point", "coordinates": [ 4205140.073624079115689, 7509692.041560375131667 ] } },
{ "type": "Feature", "properties": { "element": "node", "id": 1286587382, "amenity": "atm", "operator": "ПАО \"Промсвязьбанк\"", "brand": "Промсвязьбанк", "cash_in": null, "opening_hours": null }, "geometry": { "type": "Point", "coordinates": [ 4191885.484494306147099, 7530201.035182279534638 ] } },
{ "type": "Feature", "properties": { "element": "node", "id": 1286587390, "amenity": "atm", "operator": "Промсвязьбанк", "brand": "Промсвязьбанк", "cash_in": null, "opening_hours": null }, "geometry": { "type": "Point", "coordinates": [ 4203555.284825349226594, 7503948.868403312750161 ] } },
{ "type": "Feature", "properties": { "element": "node", "id": 1286587391, "amenity": "atm", "operator": "Промсвязьбанк", "brand": "Промсвязьбанк", "cash_in": "yes", "opening_hours": "24/7" }, "geometry": { "type": "Point", "coordinates": [ 4194419.049313066527247, 7506313.378723006695509 ] } },
{ "type": "Feature", "properties": { "element": "node", "id": 1288270257, "amenity": "atm", "operator": "ПАО Сбербанк", "brand": "Сбербанк", "cash_in": null, "opening_hours": null }, "geometry": { "type": "Point", "coordinates": [ 4186340.048400693107396, 7483640.180821591988206 ] } },
{ "type": "Feature", "properties": { "element": "node", "id": 1296939902, "amenity": "atm", "operator": null, "brand": null, "cash_in": null, "opening_hours": null }, "geometry": { "type": "Point", "coordinates": [ 4190950.957369096577168, 7507009.598271636292338 ] } },
{ "type": "Feature", "properties": { "element": "node", "id": 1307235451, "amenity": "atm", "operator": "АО ЮниКредит Банк", "brand": null, "cash_in": null, "opening_hours": null }, "geometry": { "type": "Point", "coordinates": [ 4178889.234506816137582, 7490983.759747049771249 ] } },
{ "type": "Feature", "properties": { "element": "node", "id": 1308868211, "amenity": "atm", "operator": "Банк ВТБ (ПАО)", "brand": "ВТБ", "cash_in": null, "opening_hours": null }, "geometry": { "type": "Point", "coordinates": [ 4183711.015986628364772, 7503477.895420922897756 ] } },
{ "type": "Feature", "properties": { "element": "node", "id": 1308906260, "amenity": "atm", "operator": "Банк ВТБ (ПАО)", "brand": "ВТБ", "cash_in": null, "opening_hours": null }, "geometry": { "type": "Point", "coordinates": [ 4210450.581064322032034, 7503104.86536505445838 ] } },
{ "type": "Feature", "properties": { "element": "node", "id": 1320050774, "amenity": "atm", "operator": "ПАО Сбербанк", "brand": "Сбербанк", "cash_in": null, "opening_hours": "24/7" }, "geometry": { "type": "Point", "coordinates": [ 4196143.032003083266318, 7530844.627509128302336 ] } },
{ "type": "Feature", "properties": { "element": "node", "id": 1324794217, "amenity": "atm", "operator": "ПАО \"Промсвязьбанк\"", "brand": "Промсвязьбанк", "cash_in": "no", "opening_hours": "Mo-Fr 10:00-18:00" }, "geometry": { "type": "Point", "coordinates": [ 4187042.485519547946751, 7518545.344796690158546 ] } },
{ "type": "Feature", "properties": { "element": "node", "id": 1324794223, "amenity": "atm", "operator": "АО ЮниКредит Банк", "brand": "ЮниКредит Банк", "cash_in": null, "opening_hours": null }, "geometry": { "type": "Point", "coordinates": [ 4187043.665506151039153, 7518526.233580972999334 ] } },
{ "type": "Feature", "properties": { "element": "node", "id": 1329350034, "amenity": "atm", "operator": "ПАО Сбербанк", "brand": "Сбербанк", "cash_in": null, "opening_hours": "24/7" }, "geometry": { "type": "Point", "coordinates": [ 4180131.91624643933028, 7493424.327947633340955 ] } },
{ "type": "Feature", "properties": { "element": "node", "id": 1329350038, "amenity": "atm", "operator": "Райффайзен", "brand": "Райффайзен", "cash_in": null, "opening_hours": "Mo-Su 10:00-21:00" }, "geometry": { "type": "Point", "coordinates": [ 4180571.049373720772564, 7493249.216096515767276 ] } },
{ "type": "Feature", "properties": { "element": "node", "id": 1329350040, "amenity": "atm", "operator": "АО \"Альфа-Банк\"", "brand": "Альфа-Банк", "cash_in": null, "opening_hours": "Mo-Su 10:00-21:00" }, "geometry": { "type": "Point", "coordinates": [ 4180450.779795867856592, 7493288.320315058343112 ] } },
{ "type": "Feature", "properties": { "element": "node", "id": 1329350052, "amenity": "atm", "operator": "ВТБ", "brand": "ВТБ", "cash_in": "yes", "opening_hours": null }, "geometry": { "type": "Point", "coordinates": [ 4180416.237357873935252, 7493303.006655245088041 ] } },
{ "type": "Feature", "properties": { "element": "node", "id": 1329350055, "amenity": "atm", "operator": "Уралсиб", "brand": "Уралсиб", "cash_in": null, "opening_hours": "Mo-Fr 09:30-20:00; Sa 09:30-18:00" }, "geometry": { "type": "Point", "coordinates": [ 4180340.406520746648312, 7493043.334960266947746 ] } },
{ "type": "Feature", "properties": { "element": "node", "id": 1331208713, "amenity": "atm", "operator": "ПАО Сбербанк", "brand": "Сбербанк", "cash_in": null, "opening_hours": null }, "geometry": { "type": "Point", "coordinates": [ 4199308.969453193247318, 7521355.169237930327654 ] } },
{ "type": "Feature", "properties": { "element": "node", "id": 1332146851, "amenity": "atm", "operator": "Райффайзен", "brand": "Райффайзен", "cash_in": null, "opening_hours": null }, "geometry": { "type": "Point", "coordinates": [ 4188361.009228249080479, 7512448.734694841317832 ] } },
{ "type": "Feature", "properties": { "element": "node", "id": 1336426003, "amenity": "atm", "operator": "ПАО Сбербанк", "brand": "Сбербанк", "cash_in": null, "opening_hours": "Mo-Su 09:00-22:00" }, "geometry": { "type": "Point", "coordinates": [ 4163148.369077971670777, 7488090.478438194841146 ] } },
{ "type": "Feature", "properties": { "element": "node", "id": 1351526948, "amenity": "atm", "operator": "ПАО \"МТС-Банк\"", "brand": null, "cash_in": null, "opening_hours": null }, "geometry": { "type": "Point", "coordinates": [ 4197750.741484967060387, 7515055.570571058429778 ] } },
{ "type": "Feature", "properties": { "element": "node", "id": 1351565031, "amenity": "atm", "operator": "АО \"Райффайзенбанк\"", "brand": "Райффайзен", "cash_in": null, "opening_hours": null }, "geometry": { "type": "Point", "coordinates": [ 4188280.703347590751946, 7485674.96293250285089 ] } },
{ "type": "Feature", "properties": { "element": "node", "id": 1374552908, "amenity": "atm", "operator": "ПАО Сбербанк", "brand": "Сбербанк", "cash_in": "yes", "opening_hours": null }, "geometry": { "type": "Point", "coordinates": [ 4173324.718252481892705, 7534668.769971071742475 ] } },
{ "type": "Feature", "properties": { "element": "node", "id": 1377181281, "amenity": "atm", "operator": "ВТБ", "brand": "ВТБ", "cash_in": null, "opening_hours": null }, "geometry": { "type": "Point", "coordinates": [ 4180947.420572092290968, 7468641.808962065726519 ] } },
{ "type": "Feature", "properties": { "element": "node", "id": 1389186868, "amenity": "atm", "operator": "Сбербанк", "brand": "Сбербанк", "cash_in": null, "opening_hours": null }, "geometry": { "type": "Point", "coordinates": [ 4188785.57063418533653, 7537364.250130240805447 ] } },
{ "type": "Feature", "properties": { "element": "node", "id": 1396687183, "amenity": "atm", "operator": "ПАО Сбербанк", "brand": "Сбербанк", "cash_in": null, "opening_hours": null }, "geometry": { "type": "Point", "coordinates": [ 4173082.052894501481205, 7511541.553208448924124 ] } },
{ "type": "Feature", "properties": { "element": "node", "id": 1397141429, "amenity": "atm", "operator": "ПАО Сбербанк", "brand": "Сбербанк", "cash_in": null, "opening_hours": null }, "geometry": { "type": "Point", "coordinates": [ 4158288.026526547968388, 7478806.222107261419296 ] } },
{ "type": "Feature", "properties": { "element": "node", "id": 1399520150, "amenity": "atm", "operator": null, "brand": null, "cash_in": null, "opening_hours": null }, "geometry": { "type": "Point", "coordinates": [ 4187711.671506502199918, 7528317.437622108496726 ] } },
{ "type": "Feature", "properties": { "element": "node", "id": 1399520153, "amenity": "atm", "operator": "ПАО Сбербанк", "brand": "Сбербанк", "cash_in": null, "opening_hours": null }, "geometry": { "type": "Point", "coordinates": [ 4187821.265545188449323, 7528273.535207374021411 ] } },
{ "type": "Feature", "properties": { "element": "node", "id": 1400869584, "amenity": "atm", "operator": "АО \"НС Банк\"", "brand": null, "cash_in": null, "opening_hours": null }, "geometry": { "type": "Point", "coordinates": [ 4158468.931831035763025, 7473632.028950899839401 ] } },
{ "type": "Feature", "properties": { "element": "node", "id": 1424886799, "amenity": "atm", "operator": "ПАО Сбербанк", "brand": "Сбербанк", "cash_in": "yes", "opening_hours": null }, "geometry": { "type": "Point", "coordinates": [ 4185674.625012527219951, 7537230.64188972953707 ] } },
{ "type": "Feature", "properties": { "element": "node", "id": 1494166617, "amenity": "atm", "operator": "Сбербанк", "brand": "Сбербанк", "cash_in": null, "opening_hours": null }, "geometry": { "type": "Point", "coordinates": [ 4203553.169755024835467, 7490303.190802708268166 ] } },
{ "type": "Feature", "properties": { "element": "node", "id": 1502986079, "amenity": "atm", "operator": "АО \"Альфа-Банк\"", "brand": "Альфа-Банк", "cash_in": null, "opening_hours": "Mo-Su 08:00-23:00" }, "geometry": { "type": "Point", "coordinates": [ 4186129.487583857960999, 7483637.401000122539699 ] } },
{ "type": "Feature", "properties": { "element": "node", "id": 1507817306, "amenity": "atm", "operator": null, "brand": null, "cash_in": null, "opening_hours": null }, "geometry": { "type": "Point", "coordinates": [ 4184547.314793161582202, 7538088.633749884553254 ] } },
{ "type": "Feature", "properties": { "element": "node", "id": 1518942047, "amenity": "atm", "operator": "Сбербанк", "brand": "Сбербанк", "cash_in": null, "opening_hours": "24/7" }, "geometry": { "type": "Point", "coordinates": [ 4180301.05508075049147, 7468743.479867347516119 ] } },
{ "type": "Feature", "properties": { "element": "node", "id": 1529308055, "amenity": "atm", "operator": "ПАО Сбербанк", "brand": "Сбербанк", "cash_in": "yes", "opening_hours": null }, "geometry": { "type": "Point", "coordinates": [ 4182493.069437860045582, 7490169.52699492033571 ] } },
{ "type": "Feature", "properties": { "element": "node", "id": 1531266598, "amenity": "atm", "operator": "ПАО Сбербанк", "brand": "Сбербанк", "cash_in": null, "opening_hours": "24/7" }, "geometry": { "type": "Point", "coordinates": [ 4185656.435407732147723, 7512328.894982790574431 ] } },
{ "type": "Feature", "properties": { "element": "node", "id": 1540431659, "amenity": "atm", "operator": "Банк ИПБ (АО)", "brand": null, "cash_in": null, "opening_hours": null }, "geometry": { "type": "Point", "coordinates": [ 4202021.279978320002556, 7516559.576322104781866 ] } },
{ "type": "Feature", "properties": { "element": "node", "id": 1550428913, "amenity": "atm", "operator": "Банк ВТБ (ПАО)", "brand": "ВТБ", "cash_in": "no", "opening_hours": null }, "geometry": { "type": "Point", "coordinates": [ 4191144.141213418915868, 7513228.074646854773164 ] } },
{ "type": "Feature", "properties": { "element": "node", "id": 1579582736, "amenity": "atm", "operator": "Банк ВТБ (ПАО)", "brand": "ВТБ", "cash_in": null, "opening_hours": null }, "geometry": { "type": "Point", "coordinates": [ 4188173.870032276026905, 7523110.023878349922597 ] } },
{ "type": "Feature", "properties": { "element": "node", "id": 1579582737, "amenity": "atm", "operator": "ПАО РОСБАНК", "brand": null, "cash_in": null, "opening_hours": null }, "geometry": { "type": "Point", "coordinates": [ 4188159.654533302877098, 7523113.234090582467616 ] } },
{ "type": "Feature", "properties": { "element": "node", "id": 1611748605, "amenity": "atm", "operator": "ПАО Сбербанк", "brand": "Сбербанк", "cash_in": null, "opening_hours": "05:45-01:00" }, "geometry": { "type": "Point", "coordinates": [ 4189646.203881406225264, 7505124.854893613606691 ] } },
{ "type": "Feature", "properties": { "element": "node", "id": 1611748611, "amenity": "atm", "operator": "ПАО Сбербанк", "brand": "Сбербанк", "cash_in": null, "opening_hours": "05:45-01:00" }, "geometry": { "type": "Point", "coordinates": [ 4188461.308089453727007, 7506971.274803193286061 ] } },
{ "type": "Feature", "properties": { "element": "node", "id": 1619076901, "amenity": "atm", "operator": null, "brand": null, "cash_in": null, "opening_hours": null }, "geometry": { "type": "Point", "coordinates": [ 4161904.84131021797657, 7516350.894581540487707 ] } },
{ "type": "Feature", "properties": { "element": "node", "id": 1619081354, "amenity": "atm", "operator": null, "brand": null, "cash_in": null, "opening_hours": null }, "geometry": { "type": "Point", "coordinates": [ 4167291.290907078888267, 7526966.174831603653729 ] } },
{ "type": "Feature", "properties": { "element": "node", "id": 1625449558, "amenity": "atm", "operator": "АО ЮниКредит Банк", "brand": null, "cash_in": null, "opening_hours": null }, "geometry": { "type": "Point", "coordinates": [ 4188395.518270394764841, 7499016.769353304989636 ] } },
{ "type": "Feature", "properties": { "element": "node", "id": 1625449565, "amenity": "atm", "operator": "АО ЮниКредит Банк", "brand": null, "cash_in": null, "opening_hours": "24/7" }, "geometry": { "type": "Point", "coordinates": [ 4188352.526683050673455, 7498650.098100740462542 ] } },
{ "type": "Feature", "properties": { "element": "node", "id": 1628954787, "amenity": "atm", "operator": "ПАО Сбербанк", "brand": "Сбербанк", "cash_in": null, "opening_hours": "24/7" }, "geometry": { "type": "Point", "coordinates": [ 4210039.066302706487477, 7509298.396247772499919 ] } },
{ "type": "Feature", "properties": { "element": "node", "id": 1653071981, "amenity": "atm", "operator": "ПАО Сбербанк", "brand": "Сбербанк", "cash_in": null, "opening_hours": "24/7" }, "geometry": { "type": "Point", "coordinates": [ 4172817.468728783540428, 7526422.742517976090312 ] } },
{ "type": "Feature", "properties": { "element": "node", "id": 1655792062, "amenity": "atm", "operator": "ПАО Сбербанк", "brand": "Сбербанк", "cash_in": null, "opening_hours": null }, "geometry": { "type": "Point", "coordinates": [ 4173992.022940042428672, 7513883.690717827528715 ] } },
{ "type": "Feature", "properties": { "element": "node", "id": 1667590681, "amenity": "atm", "operator": "ПАО Сбербанк", "brand": "Сбербанк", "cash_in": null, "opening_hours": null }, "geometry": { "type": "Point", "coordinates": [ 4143307.729254649486393, 7555255.762866457924247 ] } },
{ "type": "Feature", "properties": { "element": "node", "id": 1667597662, "amenity": "atm", "operator": "ПАО Сбербанк", "brand": "Сбербанк", "cash_in": null, "opening_hours": null }, "geometry": { "type": "Point", "coordinates": [ 4142552.459905464667827, 7555232.321882959455252 ] } },
{ "type": "Feature", "properties": { "element": "node", "id": 1667728175, "amenity": "atm", "operator": null, "brand": null, "cash_in": null, "opening_hours": null }, "geometry": { "type": "Point", "coordinates": [ 4184198.907050877343863, 7501007.433220220729709 ] } },
{ "type": "Feature", "properties": { "element": "node", "id": 1669762914, "amenity": "atm", "operator": "Банк ВТБ (ПАО)", "brand": "ВТБ", "cash_in": null, "opening_hours": null }, "geometry": { "type": "Point", "coordinates": [ 4196645.517052575014532, 7517879.787472255527973 ] } },
{ "type": "Feature", "properties": { "element": "node", "id": 1674783445, "amenity": "atm", "operator": "ПАО Сбербанк", "brand": "Сбербанк", "cash_in": null, "opening_hours": null }, "geometry": { "type": "Point", "coordinates": [ 4189822.801121600903571, 7514840.515973571687937 ] } },
{ "type": "Feature", "properties": { "element": "node", "id": 1681997274, "amenity": "atm", "operator": "ПАО Сбербанк", "brand": "Сбербанк", "cash_in": null, "opening_hours": "24/7" }, "geometry": { "type": "Point", "coordinates": [ 4167454.874898799229413, 7530857.124209184199572 ] } },
{ "type": "Feature", "properties": { "element": "node", "id": 1688117100, "amenity": "atm", "operator": "ПАО \"Промсвязьбанк\"", "brand": "Промсвязьбанк", "cash_in": null, "opening_hours": null }, "geometry": { "type": "Point", "coordinates": [ 4198638.291785062290728, 7518132.810517069883645 ] } },
{ "type": "Feature", "properties": { "element": "node", "id": 1690258213, "amenity": "atm", "operator": "ПАО Сбербанк", "brand": "Сбербанк", "cash_in": null, "opening_hours": null }, "geometry": { "type": "Point", "coordinates": [ 4213899.960201888345182, 7501030.373951278626919 ] } },
{ "type": "Feature", "properties": { "element": "node", "id": 1692816037, "amenity": "atm", "operator": "ПАО Сбербанк", "brand": "Сбербанк", "cash_in": null, "opening_hours": null }, "geometry": { "type": "Point", "coordinates": [ 4180716.733191322535276, 7472324.005827707238495 ] } },
{ "type": "Feature", "properties": { "element": "node", "id": 1692816038, "amenity": "atm", "operator": "ПАО Сбербанк", "brand": "Сбербанк", "cash_in": null, "opening_hours": null }, "geometry": { "type": "Point", "coordinates": [ 4180744.563064021058381, 7472421.098831252194941 ] } },
{ "type": "Feature", "properties": { "element": "node", "id": 1693654699, "amenity": "atm", "operator": "ПАО Сбербанк", "brand": "Сбербанк", "cash_in": null, "opening_hours": null }, "geometry": { "type": "Point", "coordinates": [ 4192664.85451324749738, 7495014.906737535260618 ] } },
{ "type": "Feature", "properties": { "element": "node", "id": 1701701915, "amenity": "atm", "operator": "ПАО Сбербанк", "brand": "Сбербанк", "cash_in": null, "opening_hours": null }, "geometry": { "type": "Point", "coordinates": [ 4187659.529457014985383, 7519366.755944019183517 ] } },
{ "type": "Feature", "properties": { "element": "node", "id": 1704597848, "amenity": "atm", "operator": "ПАО Сбербанк", "brand": "Сбербанк", "cash_in": null, "opening_hours": null }, "geometry": { "type": "Point", "coordinates": [ 4189275.543372911866754, 7477705.548741983249784 ] } },
{ "type": "Feature", "properties": { "element": "node", "id": 1722830585, "amenity": "atm", "operator": "ПАО Сбербанк", "brand": "Сбербанк", "cash_in": null, "opening_hours": "24/7" }, "geometry": { "type": "Point", "coordinates": [ 4167550.79890401661396, 7526506.006448086351156 ] } },
{ "type": "Feature", "properties": { "element": "node", "id": 1728779782, "amenity": "atm", "operator": "Банк ВТБ (ПАО)", "brand": "ВТБ", "cash_in": null, "opening_hours": null }, "geometry": { "type": "Point", "coordinates": [ 4195262.928976922295988, 7535342.387855313718319 ] } },
{ "type": "Feature", "properties": { "element": "node", "id": 1734117142, "amenity": "atm", "operator": "Банк ВТБ (ПАО)", "brand": "ВТБ", "cash_in": "yes", "opening_hours": null }, "geometry": { "type": "Point", "coordinates": [ 4172324.156405334360898, 7492985.420776359736919 ] } },
{ "type": "Feature", "properties": { "element": "node", "id": 1736116445, "amenity": "atm", "operator": "ПАО Сбербанк", "brand": "Сбербанк", "cash_in": null, "opening_hours": null }, "geometry": { "type": "Point", "coordinates": [ 4183372.393227584194392, 7493543.815294084139168 ] } },
{ "type": "Feature", "properties": { "element": "node", "id": 1744047883, "amenity": "atm", "operator": "ПАО Сбербанк", "brand": "Сбербанк", "cash_in": null, "opening_hours": null }, "geometry": { "type": "Point", "coordinates": [ 4191699.169062565546483, 7503498.62972442060709 ] } },
{ "type": "Feature", "properties": { "element": "node", "id": 1751373247, "amenity": "atm", "operator": "ПАО Сбербанк", "brand": "Сбербанк", "cash_in": null, "opening_hours": null }, "geometry": { "type": "Point", "coordinates": [ 4189226.629588657990098, 7505023.653071185573936 ] } },
{ "type": "Feature", "properties": { "element": "node", "id": 1754270616, "amenity": "atm", "operator": "АО \"Почта Банк\"", "brand": null, "cash_in": null, "opening_hours": null }, "geometry": { "type": "Point", "coordinates": [ 4196602.046791421249509, 7510337.683135522529483 ] } },
{ "type": "Feature", "properties": { "element": "node", "id": 1758067322, "amenity": "atm", "operator": "ПАО Сбербанк", "brand": "Сбербанк", "cash_in": null, "opening_hours": null }, "geometry": { "type": "Point", "coordinates": [ 4191846.7898393063806, 7500690.735589686781168 ] } },
{ "type": "Feature", "properties": { "element": "node", "id": 1758067323, "amenity": "atm", "operator": "ПАО \"МОСКОВСКИЙ КРЕДИТНЫЙ БАНК\"", "brand": "Московский кредитный банк", "cash_in": null, "opening_hours": null }, "geometry": { "type": "Point", "coordinates": [ 4191846.578332273755223, 7500695.023211053572595 ] } },
{ "type": "Feature", "properties": { "element": "node", "id": 1768842454, "amenity": "atm", "operator": "ПАО Сбербанк", "brand": "Сбербанк", "cash_in": null, "opening_hours": null }, "geometry": { "type": "Point", "coordinates": [ 4199689.203437895514071, 7515307.728931598365307 ] } },
{ "type": "Feature", "properties": { "element": "node", "id": 1772488524, "amenity": "atm", "operator": "ПАО Сбербанк", "brand": "Сбербанк", "cash_in": null, "opening_hours": null }, "geometry": { "type": "Point", "coordinates": [ 4193754.071202863473445, 7486432.415091289207339 ] } },
{ "type": "Feature", "properties": { "element": "node", "id": 1774013771, "amenity": "atm", "operator": null, "brand": null, "cash_in": null, "opening_hours": null }, "geometry": { "type": "Point", "coordinates": [ 4208591.857262647710741, 7508331.419596864841878 ] } },
{ "type": "Feature", "properties": { "element": "node", "id": 1775090511, "amenity": "atm", "operator": "ПАО Сбербанк", "brand": "Сбербанк", "cash_in": null, "opening_hours": null }, "geometry": { "type": "Point", "coordinates": [ 4184835.621142367832363, 7517675.327469748444855 ] } },
{ "type": "Feature", "properties": { "element": "node", "id": 1783514247, "amenity": "atm", "operator": "ПАО \"Промсвязьбанк\"", "brand": "Промсвязьбанк", "cash_in": null, "opening_hours": "Mo-Su 10:00-22:00" }, "geometry": { "type": "Point", "coordinates": [ 4186274.503484514076263, 7481412.681563596241176 ] } },
{ "type": "Feature", "properties": { "element": "node", "id": 1799391466, "amenity": "atm", "operator": "ВТБ", "brand": "ВТБ", "cash_in": null, "opening_hours": null }, "geometry": { "type": "Point", "coordinates": [ 4179367.218136384151876, 7468945.645030294544995 ] } },
{ "type": "Feature", "properties": { "element": "node", "id": 1817510197, "amenity": "atm", "operator": "АО \"Райффайзенбанк\"", "brand": "Райффайзен", "cash_in": null, "opening_hours": null }, "geometry": { "type": "Point", "coordinates": [ 4183659.152235867921263, 7519472.642234891653061 ] } },
{ "type": "Feature", "properties": { "element": "node", "id": 1817510198, "amenity": "atm", "operator": "ПАО Сбербанк", "brand": "Сбербанк", "cash_in": null, "opening_hours": null }, "geometry": { "type": "Point", "coordinates": [ 4184208.469395136926323, 7519979.19733021967113 ] } },
{ "type": "Feature", "properties": { "element": "node", "id": 1818266062, "amenity": "atm", "operator": "ПАО Сбербанк", "brand": "Сбербанк", "cash_in": null, "opening_hours": null }, "geometry": { "type": "Point", "coordinates": [ 4197143.582718282006681, 7515177.273859703913331 ] } },
{ "type": "Feature", "properties": { "element": "node", "id": 1827648502, "amenity": "atm", "operator": "АО \"Альфа-Банк\"", "brand": "Альфа-Банк", "cash_in": null, "opening_hours": null }, "geometry": { "type": "Point", "coordinates": [ 4183763.40293899551034, 7519532.142015813849866 ] } },
{ "type": "Feature", "properties": { "element": "node", "id": 1834437536, "amenity": "atm", "operator": "Сбербанк", "brand": "Сбербанк", "cash_in": null, "opening_hours": null }, "geometry": { "type": "Point", "coordinates": [ 4213782.429083509370685, 7505686.144804454408586 ] } },
{ "type": "Feature", "properties": { "element": "node", "id": 1842900806, "amenity": "atm", "operator": "Сбербанк", "brand": "Сбербанк", "cash_in": null, "opening_hours": null }, "geometry": { "type": "Point", "coordinates": [ 4182621.643449725583196, 7491184.435335692949593 ] } },
{ "type": "Feature", "properties": { "element": "node", "id": 1853060183, "amenity": "atm", "operator": "ПАО Банк \"ФК Открытие\"", "brand": "Открытие", "cash_in": "yes", "opening_hours": "24/7" }, "geometry": { "type": "Point", "coordinates": [ 4190964.694194260518998, 7476479.720042495988309 ] } },
{ "type": "Feature", "properties": { "element": "node", "id": 1859444262, "amenity": "atm", "operator": "ПАО Сбербанк", "brand": "Сбербанк", "cash_in": null, "opening_hours": "24/7" }, "geometry": { "type": "Point", "coordinates": [ 4143093.70640165079385, 7556616.596550698392093 ] } },
{ "type": "Feature", "properties": { "element": "node", "id": 1866280923, "amenity": "atm", "operator": "ПАО \"МОСКОВСКИЙ КРЕДИТНЫЙ БАНК\"", "brand": null, "cash_in": null, "opening_hours": null }, "geometry": { "type": "Point", "coordinates": [ 4199391.123237398453057, 7515258.100315690040588 ] } },
{ "type": "Feature", "properties": { "element": "node", "id": 1866280966, "amenity": "atm", "operator": "АО \"Альфа-Банк\"", "brand": "Альфа-Банк", "cash_in": null, "opening_hours": null }, "geometry": { "type": "Point", "coordinates": [ 4199396.767135581932962, 7515259.624604286625981 ] } },
{ "type": "Feature", "properties": { "element": "node", "id": 1868510873, "amenity": "atm", "operator": null, "brand": null, "cash_in": null, "opening_hours": null }, "geometry": { "type": "Point", "coordinates": [ 4194722.817939543165267, 7531020.733669221401215 ] } },
{ "type": "Feature", "properties": { "element": "node", "id": 1869062144, "amenity": "atm", "operator": "ПАО Сбербанк", "brand": "Сбербанк", "cash_in": null, "opening_hours": null }, "geometry": { "type": "Point", "coordinates": [ 4191857.387454829644412, 7486672.575745155103505 ] } },
{ "type": "Feature", "properties": { "element": "node", "id": 1869062145, "amenity": "atm", "operator": "ПАО Сбербанк", "brand": "Сбербанк", "cash_in": null, "opening_hours": null }, "geometry": { "type": "Point", "coordinates": [ 4186806.655178302433342, 7494081.225234240293503 ] } },
{ "type": "Feature", "properties": { "element": "node", "id": 1870260491, "amenity": "atm", "operator": "АО ЮниКредит Банк", "brand": null, "cash_in": null, "opening_hours": null }, "geometry": { "type": "Point", "coordinates": [ 4196064.52949817571789, 7534756.806722332723439 ] } },
{ "type": "Feature", "properties": { "element": "node", "id": 1883783144, "amenity": "atm", "operator": "ООО \"ХКФ Банк\"", "brand": null, "cash_in": null, "opening_hours": null }, "geometry": { "type": "Point", "coordinates": [ 4197468.201485384255648, 7517703.446586866863072 ] } },
{ "type": "Feature", "properties": { "element": "node", "id": 1883783145, "amenity": "atm", "operator": "АО \"Райффайзенбанк\"", "brand": "Райффайзен", "cash_in": null, "opening_hours": "24/7" }, "geometry": { "type": "Point", "coordinates": [ 4197503.200333289802074, 7517703.961444898508489 ] } },
{ "type": "Feature", "properties": { "element": "node", "id": 1885193738, "amenity": "atm", "operator": "\"СДМ-Банк\" (ПАО)", "brand": null, "cash_in": null, "opening_hours": null }, "geometry": { "type": "Point", "coordinates": [ 4197639.689160951413214, 7516561.358258814550936 ] } },
{ "type": "Feature", "properties": { "element": "node", "id": 1896753233, "amenity": "atm", "operator": "Банк ВТБ (ПАО)", "brand": "ВТБ", "cash_in": null, "opening_hours": null }, "geometry": { "type": "Point", "coordinates": [ 4190128.284068235196173, 7522616.875853157602251 ] } },
{ "type": "Feature", "properties": { "element": "node", "id": 1903646830, "amenity": "atm", "operator": "ПАО Сбербанк", "brand": "Сбербанк", "cash_in": null, "opening_hours": null }, "geometry": { "type": "Point", "coordinates": [ 4195109.686565896496177, 7513113.625618818216026 ] } },
{ "type": "Feature", "properties": { "element": "node", "id": 1907227494, "amenity": "atm", "operator": "АО «ТБанк»", "brand": "Т-Банк", "cash_in": null, "opening_hours": null }, "geometry": { "type": "Point", "coordinates": [ 4194803.224007742479444, 7487297.478099065832794 ] } },
{ "type": "Feature", "properties": { "element": "node", "id": 1929099935, "amenity": "atm", "operator": "ПАО Сбербанк", "brand": "Сбербанк", "cash_in": "yes", "opening_hours": null }, "geometry": { "type": "Point", "coordinates": [ 4184788.822428437881172, 7482678.244854124262929 ] } },
{ "type": "Feature", "properties": { "element": "node", "id": 1951643940, "amenity": "atm", "operator": "АО \"Альфа-Банк\"", "brand": "Альфа-Банк", "cash_in": null, "opening_hours": null }, "geometry": { "type": "Point", "coordinates": [ 4191999.809611350297928, 7507021.067664520815015 ] } },
{ "type": "Feature", "properties": { "element": "node", "id": 1952629418, "amenity": "atm", "operator": "Банк ВТБ (ПАО)", "brand": "ВТБ", "cash_in": null, "opening_hours": "24/7" }, "geometry": { "type": "Point", "coordinates": [ 4192594.901345233432949, 7536151.994082898832858 ] } },
{ "type": "Feature", "properties": { "element": "node", "id": 1955393561, "amenity": "atm", "operator": "ПАО Сбербанк", "brand": "Сбербанк", "cash_in": null, "opening_hours": "24/7" }, "geometry": { "type": "Point", "coordinates": [ 4161974.738818486686796, 7502218.010510158725083 ] } },
{ "type": "Feature", "properties": { "element": "node", "id": 1963480933, "amenity": "atm", "operator": "ПАО \"Промсвязьбанк\"", "brand": "Промсвязьбанк", "cash_in": null, "opening_hours": null }, "geometry": { "type": "Point", "coordinates": [ 4183119.08572628442198, 7522502.366666414774954 ] } },
{ "type": "Feature", "properties": { "element": "node", "id": 1976909718, "amenity": "atm", "operator": "ПАО Сбербанк", "brand": "Сбербанк", "cash_in": null, "opening_hours": "24/7" }, "geometry": { "type": "Point", "coordinates": [ 4164671.898760917130858, 7502323.226925383321941 ] } },
{ "type": "Feature", "properties": { "element": "node", "id": 1986978832, "amenity": "atm", "operator": "АО \"Альфа-Банк\"", "brand": "Альфа-Банк", "cash_in": null, "opening_hours": null }, "geometry": { "type": "Point", "coordinates": [ 4196172.398084755055606, 7534658.053212503902614 ] } },
{ "type": "Feature", "properties": { "element": "node", "id": 1986978833, "amenity": "atm", "operator": "АО \"Альфа-Банк\"", "brand": "Альфа-Банк", "cash_in": null, "opening_hours": null }, "geometry": { "type": "Point", "coordinates": [ 4193060.67322666104883, 7535339.549649275839329 ] } },
{ "type": "Feature", "properties": { "element": "node", "id": 1986978835, "amenity": "atm", "operator": "АО \"Альфа-Банк\"", "brand": "Альфа-Банк", "cash_in": null, "opening_hours": null }, "geometry": { "type": "Point", "coordinates": [ 4194075.439440834801644, 7535816.779908536933362 ] } },
{ "type": "Feature", "properties": { "element": "node", "id": 1988390151, "amenity": "atm", "operator": "АО \"Банк Русский Стандарт\"", "brand": "Русский Стандарт", "cash_in": null, "opening_hours": "24/7" }, "geometry": { "type": "Point", "coordinates": [ 4209708.580998438410461, 7509040.065062483772635 ] } },
{ "type": "Feature", "properties": { "element": "node", "id": 2007250839, "amenity": "atm", "operator": "Росбанк", "brand": "Росбанк", "cash_in": "yes", "opening_hours": "24/7" }, "geometry": { "type": "Point", "coordinates": [ 4205124.989833076484501, 7517071.484269599430263 ] } },
{ "type": "Feature", "properties": { "element": "node", "id": 2016386743, "amenity": "atm", "operator": "АО \"Альфа-Банк\"", "brand": "Альфа-Банк", "cash_in": null, "opening_hours": null }, "geometry": { "type": "Point", "coordinates": [ 4203114.537565452046692, 7508265.973849667236209 ] } },
{ "type": "Feature", "properties": { "element": "node", "id": 2016386878, "amenity": "atm", "operator": "ПАО \"МОСКОВСКИЙ КРЕДИТНЫЙ БАНК\"", "brand": "Московский кредитный банк", "cash_in": null, "opening_hours": null }, "geometry": { "type": "Point", "coordinates": [ 4203114.537565452046692, 7508255.214614043012261 ] } },
{ "type": "Feature", "properties": { "element": "node", "id": 2017583575, "amenity": "atm", "operator": "Банк ГПБ (АО)", "brand": "Газпромбанк", "cash_in": null, "opening_hours": null }, "geometry": { "type": "Point", "coordinates": [ 4202025.855209392495453, 7516855.522054521366954 ] } },
{ "type": "Feature", "properties": { "element": "node", "id": 2017583578, "amenity": "atm", "operator": "Банк ВТБ (ПАО)", "brand": "ВТБ", "cash_in": null, "opening_hours": null }, "geometry": { "type": "Point", "coordinates": [ 4202206.615798542276025, 7517099.383377678692341 ] } },
{ "type": "Feature", "properties": { "element": "node", "id": 2021625776, "amenity": "atm", "operator": "ПАО Сбербанк", "brand": "Сбербанк", "cash_in": null, "opening_hours": null }, "geometry": { "type": "Point", "coordinates": [ 4212974.906365346163511, 7499573.644375028088689 ] } },
{ "type": "Feature", "properties": { "element": "node", "id": 2047708313, "amenity": "atm", "operator": "ПАО \"Промсвязьбанк\"", "brand": "Промсвязьбанк", "cash_in": null, "opening_hours": "Mo-Su 09:00-22:00" }, "geometry": { "type": "Point", "coordinates": [ 4197357.89500195812434, 7520568.985538045875728 ] } },
{ "type": "Feature", "properties": { "element": "node", "id": 2049412467, "amenity": "atm", "operator": "Банк ГПБ (АО)", "brand": "Газпромбанк", "cash_in": null, "opening_hours": null }, "geometry": { "type": "Point", "coordinates": [ 4184318.119093568529934, 7517583.644018301740289 ] } },
{ "type": "Feature", "properties": { "element": "node", "id": 2055009543, "amenity": "atm", "operator": "Уралсиб", "brand": "Уралсиб", "cash_in": null, "opening_hours": null }, "geometry": { "type": "Point", "coordinates": [ 4142463.649215710349381, 7558732.306069411337376 ] } },
{ "type": "Feature", "properties": { "element": "node", "id": 2059700851, "amenity": "atm", "operator": "АО \"Альфа-Банк\"", "brand": "Альфа-Банк", "cash_in": null, "opening_hours": null }, "geometry": { "type": "Point", "coordinates": [ 4191880.441721372306347, 7500663.844156972132623 ] } },
{ "type": "Feature", "properties": { "element": "node", "id": 2092870514, "amenity": "atm", "operator": null, "brand": null, "cash_in": null, "opening_hours": null }, "geometry": { "type": "Point", "coordinates": [ 4189041.082261403091252, 7512679.771758349612355 ] } },
{ "type": "Feature", "properties": { "element": "node", "id": 2100459507, "amenity": "atm", "operator": "ПАО Сбербанк", "brand": "Сбербанк", "cash_in": null, "opening_hours": null }, "geometry": { "type": "Point", "coordinates": [ 4210727.221130891703069, 7503647.882774678058922 ] } },
{ "type": "Feature", "properties": { "element": "node", "id": 2103478331, "amenity": "atm", "operator": "ПАО РОСБАНК", "brand": "Росбанк", "cash_in": null, "opening_hours": null }, "geometry": { "type": "Point", "coordinates": [ 4192812.419630243442953, 7532681.264707643538713 ] } },
{ "type": "Feature", "properties": { "element": "node", "id": 2108747232, "amenity": "atm", "operator": "Сбербанк", "brand": "Сбербанк", "cash_in": null, "opening_hours": "24/7" }, "geometry": { "type": "Point", "coordinates": [ 4186018.09016942139715, 7509347.116184173151851 ] } },
{ "type": "Feature", "properties": { "element": "node", "id": 2110382413, "amenity": "atm", "operator": "Сбербанк", "brand": "Сбербанк", "cash_in": null, "opening_hours": null }, "geometry": { "type": "Point", "coordinates": [ 4175552.143339611124247, 7520176.349630309268832 ] } },
{ "type": "Feature", "properties": { "element": "node", "id": 2110382414, "amenity": "atm", "operator": "ПАО Сбербанк", "brand": "Сбербанк", "cash_in": null, "opening_hours": null }, "geometry": { "type": "Point", "coordinates": [ 4175492.810051018837839, 7520695.847202800214291 ] } },
{ "type": "Feature", "properties": { "element": "node", "id": 2110382417, "amenity": "atm", "operator": null, "brand": null, "cash_in": null, "opening_hours": null }, "geometry": { "type": "Point", "coordinates": [ 4175554.191618242301047, 7520180.965031385421753 ] } },
{ "type": "Feature", "properties": { "element": "node", "id": 2112691667, "amenity": "atm", "operator": "ПАО Банк \"ФК Открытие\"", "brand": null, "cash_in": null, "opening_hours": null }, "geometry": { "type": "Point", "coordinates": [ 4184305.918477376922965, 7505684.839891523122787 ] } },
{ "type": "Feature", "properties": { "element": "node", "id": 2112691672, "amenity": "atm", "operator": "АО \"Райффайзенбанк\"", "brand": "Райффайзен", "cash_in": null, "opening_hours": null }, "geometry": { "type": "Point", "coordinates": [ 4184299.083460642490536, 7505679.046871631406248 ] } },
{ "type": "Feature", "properties": { "element": "node", "id": 2113515418, "amenity": "atm", "operator": "\"СДМ-Банк\" (ПАО)", "brand": null, "cash_in": null, "opening_hours": null }, "geometry": { "type": "Point", "coordinates": [ 4175491.630064416211098, 7520693.786971707828343 ] } },
{ "type": "Feature", "properties": { "element": "node", "id": 2119440249, "amenity": "atm", "operator": "Банк ГПБ (АО)", "brand": "Газпромбанк", "cash_in": null, "opening_hours": null }, "geometry": { "type": "Point", "coordinates": [ 4187934.711238255724311, 7487122.919281718321145 ] } },
{ "type": "Feature", "properties": { "element": "node", "id": 2134694753, "amenity": "atm", "operator": null, "brand": null, "cash_in": null, "opening_hours": null }, "geometry": { "type": "Point", "coordinates": [ 4187911.712631458416581, 7512850.100472358055413 ] } },
{ "type": "Feature", "properties": { "element": "node", "id": 2140237416, "amenity": "atm", "operator": "ПАО Сбербанк", "brand": "Сбербанк", "cash_in": null, "opening_hours": "24/7" }, "geometry": { "type": "Point", "coordinates": [ 4184674.586366985924542, 7513237.653373273089528 ] } },
{ "type": "Feature", "properties": { "element": "node", "id": 2140395707, "amenity": "atm", "operator": "ПАО Сбербанк", "brand": "Сбербанк", "cash_in": null, "opening_hours": null }, "geometry": { "type": "Point", "coordinates": [ 4187503.248023889958858, 7487329.254145370796323 ] } },
{ "type": "Feature", "properties": { "element": "node", "id": 2154222707, "amenity": "atm", "operator": "АО \"Альфа-Банк\"", "brand": "Альфа-Банк", "cash_in": null, "opening_hours": null }, "geometry": { "type": "Point", "coordinates": [ 4205544.619785570539534, 7502714.164716202765703 ] } },
{ "type": "Feature", "properties": { "element": "node", "id": 2167788752, "amenity": "atm", "operator": "ПАО Сбербанк", "brand": "Сбербанк", "cash_in": null, "opening_hours": "24/7" }, "geometry": { "type": "Point", "coordinates": [ 4189175.622997975442559, 7512408.662589237093925 ] } },
{ "type": "Feature", "properties": { "element": "node", "id": 2181319243, "amenity": "atm", "operator": "АО \"Райффайзенбанк\"", "brand": "Райффайзен", "cash_in": null, "opening_hours": null }, "geometry": { "type": "Point", "coordinates": [ 4191561.756283130031079, 7486458.606183703988791 ] } },
{ "type": "Feature", "properties": { "element": "node", "id": 2181347854, "amenity": "atm", "operator": "ПАО Сбербанк", "brand": "Сбербанк", "cash_in": null, "opening_hours": null }, "geometry": { "type": "Point", "coordinates": [ 4191552.104883277323097, 7486461.880076499655843 ] } },
{ "type": "Feature", "properties": { "element": "node", "id": 2186629303, "amenity": "atm", "operator": "Банк ВТБ (ПАО)", "brand": "ВТБ", "cash_in": null, "opening_hours": null }, "geometry": { "type": "Point", "coordinates": [ 4201576.436161160469055, 7511936.500234394334257 ] } },
{ "type": "Feature", "properties": { "element": "node", "id": 2206663151, "amenity": "atm", "operator": "ПАО Сбербанк", "brand": "Сбербанк", "cash_in": null, "opening_hours": null }, "geometry": { "type": "Point", "coordinates": [ 4176862.028655826114118, 7466275.833943922072649 ] } },
{ "type": "Feature", "properties": { "element": "node", "id": 2239554866, "amenity": "atm", "operator": "АО \"Альфа-Банк\"", "brand": "Альфа-Банк", "cash_in": null, "opening_hours": null }, "geometry": { "type": "Point", "coordinates": [ 4188136.021405406761914, 7487121.834465241059661 ] } },
{ "type": "Feature", "properties": { "element": "node", "id": 2268611061, "amenity": "atm", "operator": "ПАО \"МТС-Банк\"", "brand": null, "cash_in": null, "opening_hours": null }, "geometry": { "type": "Point", "coordinates": [ 4183409.150923444423825, 7505969.11840801127255 ] } },
{ "type": "Feature", "properties": { "element": "node", "id": 2280266048, "amenity": "atm", "operator": null, "brand": null, "cash_in": null, "opening_hours": "24/7" }, "geometry": { "type": "Point", "coordinates": [ 4180938.926894945558161, 7507860.515304890461266 ] } },
{ "type": "Feature", "properties": { "element": "node", "id": 2284308657, "amenity": "atm", "operator": "Сбербанк", "brand": "Сбербанк", "cash_in": null, "opening_hours": null }, "geometry": { "type": "Point", "coordinates": [ 4200154.986451272852719, 7487862.050015350803733 ] } },
{ "type": "Feature", "properties": { "element": "node", "id": 2284308668, "amenity": "atm", "operator": "Альфа-Банк", "brand": "Альфа-Банк", "cash_in": null, "opening_hours": null }, "geometry": { "type": "Point", "coordinates": [ 4200145.435238962993026, 7487917.006357444450259 ] } },
{ "type": "Feature", "properties": { "element": "node", "id": 2321688535, "amenity": "atm", "operator": "ПАО Сбербанк", "brand": "Сбербанк", "cash_in": null, "opening_hours": null }, "geometry": { "type": "Point", "coordinates": [ 4185336.39187170099467, 7524097.108226138167083 ] } },
{ "type": "Feature", "properties": { "element": "node", "id": 2321688538, "amenity": "atm", "operator": "ПАО \"МОСКОВСКИЙ КРЕДИТНЫЙ БАНК\"", "brand": null, "cash_in": null, "opening_hours": null }, "geometry": { "type": "Point", "coordinates": [ 4185446.208549368660897, 7524116.272892370820045 ] } },
{ "type": "Feature", "properties": { "element": "node", "id": 2324592940, "amenity": "atm", "operator": "Банк ВТБ (ПАО)", "brand": "ВТБ", "cash_in": null, "opening_hours": null }, "geometry": { "type": "Point", "coordinates": [ 4196256.700335131958127, 7506276.146222400479019 ] } },
{ "type": "Feature", "properties": { "element": "node", "id": 2329682114, "amenity": "atm", "operator": "ПАО Сбербанк", "brand": "Сбербанк", "cash_in": null, "opening_hours": null }, "geometry": { "type": "Point", "coordinates": [ 4167433.100806400645524, 7486107.49909449275583 ] } },
{ "type": "Feature", "properties": { "element": "node", "id": 2335274369, "amenity": "atm", "operator": "АО \"Райффайзенбанк\"", "brand": "Райффайзен", "cash_in": null, "opening_hours": null }, "geometry": { "type": "Point", "coordinates": [ 4186748.657723599113524, 7502868.640108006075025 ] } },
{ "type": "Feature", "properties": { "element": "node", "id": 2345945111, "amenity": "atm", "operator": "АО \"Альфа-Банк\"", "brand": "Альфа-Банк", "cash_in": "yes", "opening_hours": null }, "geometry": { "type": "Point", "coordinates": [ 4137614.68351624533534, 7554799.790845713578165 ] } },
{ "type": "Feature", "properties": { "element": "node", "id": 2352525828, "amenity": "atm", "operator": "АО ЮниКредит Банк", "brand": null, "cash_in": null, "opening_hours": null }, "geometry": { "type": "Point", "coordinates": [ 4185682.1168142571114, 7517986.603889766149223 ] } },
{ "type": "Feature", "properties": { "element": "node", "id": 2378295784, "amenity": "atm", "operator": "ПАО \"МОСКОВСКИЙ КРЕДИТНЫЙ БАНК\"", "brand": null, "cash_in": null, "opening_hours": "24/7" }, "geometry": { "type": "Point", "coordinates": [ 4179190.064298735931516, 7487470.778471387922764 ] } },
{ "type": "Feature", "properties": { "element": "node", "id": 2396188815, "amenity": "atm", "operator": "АО \"Райффайзенбанк\"", "brand": "Райффайзен", "cash_in": null, "opening_hours": null }, "geometry": { "type": "Point", "coordinates": [ 4191642.596497343853116, 7503638.217114298604429 ] } },
{ "type": "Feature", "properties": { "element": "node", "id": 2406981978, "amenity": "atm", "operator": "ПАО РОСБАНК", "brand": null, "cash_in": null, "opening_hours": null }, "geometry": { "type": "Point", "coordinates": [ 4189267.483841778244823, 7477618.29829805996269 ] } },
{ "type": "Feature", "properties": { "element": "node", "id": 2407091341, "amenity": "atm", "operator": "АО \"Альфа-Банк\"", "brand": "Альфа-Банк", "cash_in": null, "opening_hours": null }, "geometry": { "type": "Point", "coordinates": [ 4189267.906855843495578, 7477624.484004935249686 ] } },
{ "type": "Feature", "properties": { "element": "node", "id": 2407091342, "amenity": "atm", "operator": "ПАО \"Промсвязьбанк\"", "brand": "Промсвязьбанк", "cash_in": null, "opening_hours": null }, "geometry": { "type": "Point", "coordinates": [ 4189275.632428504992276, 7477708.20823135599494 ] } },
{ "type": "Feature", "properties": { "element": "node", "id": 2407091343, "amenity": "atm", "operator": "АО \"Райффайзенбанк\"", "brand": "Райффайзен", "cash_in": null, "opening_hours": null }, "geometry": { "type": "Point", "coordinates": [ 4189268.107230926863849, 7477627.261664728634059 ] } },
{ "type": "Feature", "properties": { "element": "node", "id": 2407091344, "amenity": "atm", "operator": "ПАО Сбербанк", "brand": "Сбербанк", "cash_in": null, "opening_hours": null }, "geometry": { "type": "Point", "coordinates": [ 4189267.684216861613095, 7477621.135054738260806 ] } },
{ "type": "Feature", "properties": { "element": "node", "id": 2432112617, "amenity": "atm", "operator": null, "brand": null, "cash_in": null, "opening_hours": null }, "geometry": { "type": "Point", "coordinates": [ 4170511.619060390628874, 7529622.290313370525837 ] } },
{ "type": "Feature", "properties": { "element": "node", "id": 2447156903, "amenity": "atm", "operator": "Альфа-Банк", "brand": "Альфа-Банк", "cash_in": "yes", "opening_hours": "24/7" }, "geometry": { "type": "Point", "coordinates": [ 4184666.627023394219577, 7538261.311796192079782 ] } },
{ "type": "Feature", "properties": { "element": "node", "id": 2452280762, "amenity": "atm", "operator": "ПАО Сбербанк", "brand": "Сбербанк", "cash_in": null, "opening_hours": null }, "geometry": { "type": "Point", "coordinates": [ 4194578.035809816792607, 7485591.862281842157245 ] } },
{ "type": "Feature", "properties": { "element": "node", "id": 2455480483, "amenity": "atm", "operator": "Альфа-Банк", "brand": "Альфа-Банк", "cash_in": null, "opening_hours": "Mo-Th 09:00-18:00; Fr 09:00-16:45" }, "geometry": { "type": "Point", "coordinates": [ 4175789.26498695043847, 7520240.153338140808046 ] } },
{ "type": "Feature", "properties": { "element": "node", "id": 2478697274, "amenity": "atm", "operator": "ПАО Сбербанк", "brand": "Сбербанк", "cash_in": null, "opening_hours": null }, "geometry": { "type": "Point", "coordinates": [ 4206458.730916169472039, 7516339.035134153440595 ] } },
{ "type": "Feature", "properties": { "element": "node", "id": 2483390196, "amenity": "atm", "operator": "АО \"Альфа-Банк\"", "brand": "Альфа-Банк", "cash_in": null, "opening_hours": null }, "geometry": { "type": "Point", "coordinates": [ 4141108.545922334305942, 7560100.146459297277033 ] } },
{ "type": "Feature", "properties": { "element": "node", "id": 2491327342, "amenity": "atm", "operator": "ПАО АКБ \"АВАНГАРД\"", "brand": "Авангард", "cash_in": null, "opening_hours": "24/7" }, "geometry": { "type": "Point", "coordinates": [ 4188057.24060177244246, 7496038.113749222829938 ] } },
{ "type": "Feature", "properties": { "element": "node", "id": 2496658190, "amenity": "atm", "operator": "ПАО Сбербанк", "brand": "Сбербанк", "cash_in": null, "opening_hours": null }, "geometry": { "type": "Point", "coordinates": [ 4142865.924459588713944, 7557701.519446291960776 ] } },
{ "type": "Feature", "properties": { "element": "node", "id": 2499279512, "amenity": "atm", "operator": "Сбербанк", "brand": "Сбербанк", "cash_in": null, "opening_hours": null }, "geometry": { "type": "Point", "coordinates": [ 4176359.599266080651432, 7485322.885762647725642 ] } },
{ "type": "Feature", "properties": { "element": "node", "id": 2500443061, "amenity": "atm", "operator": "ПАО \"Промсвязьбанк\"", "brand": "Промсвязьбанк", "cash_in": null, "opening_hours": null }, "geometry": { "type": "Point", "coordinates": [ 4183451.496857741847634, 7530227.474428427405655 ] } },
{ "type": "Feature", "properties": { "element": "node", "id": 2509411898, "amenity": "atm", "operator": "ПАО Сбербанк", "brand": "Сбербанк", "cash_in": null, "opening_hours": null }, "geometry": { "type": "Point", "coordinates": [ 4141924.128171631600708, 7557431.906558921560645 ] } },
{ "type": "Feature", "properties": { "element": "node", "id": 2529152447, "amenity": "atm", "operator": "ПАО Сбербанк", "brand": "Сбербанк", "cash_in": null, "opening_hours": null }, "geometry": { "type": "Point", "coordinates": [ 4112185.894310694653541, 7452871.260642262175679 ] } },
{ "type": "Feature", "properties": { "element": "node", "id": 2555299245, "amenity": "atm", "operator": "АО \"Банк Финсервис\"", "brand": "Финсервис", "cash_in": null, "opening_hours": null }, "geometry": { "type": "Point", "coordinates": [ 4179641.364646361209452, 7508083.227104702033103 ] } },
{ "type": "Feature", "properties": { "element": "node", "id": 2560452107, "amenity": "atm", "operator": "ПАО Сбербанк", "brand": "Сбербанк", "cash_in": null, "opening_hours": "24/7" }, "geometry": { "type": "Point", "coordinates": [ 4196401.74963163677603, 7481359.348197871819139 ] } },
{ "type": "Feature", "properties": { "element": "node", "id": 2564046956, "amenity": "atm", "operator": "ПАО Сбербанк", "brand": "Сбербанк", "cash_in": null, "opening_hours": null }, "geometry": { "type": "Point", "coordinates": [ 4203507.13914558198303, 7486012.580842108465731 ] } },
{ "type": "Feature", "properties": { "element": "node", "id": 2564047682, "amenity": "atm", "operator": "ПАО Сбербанк", "brand": "Сбербанк", "cash_in": null, "opening_hours": null }, "geometry": { "type": "Point", "coordinates": [ 4203278.744946321472526, 7487067.258531035855412 ] } },
{ "type": "Feature", "properties": { "element": "node", "id": 2569756838, "amenity": "atm", "operator": "Банк ВТБ (ПАО)", "brand": "ВТБ", "cash_in": null, "opening_hours": null }, "geometry": { "type": "Point", "coordinates": [ 4144843.760116411838681, 7555186.136588770896196 ] } },
{ "type": "Feature", "properties": { "element": "node", "id": 2569756843, "amenity": "atm", "operator": "ПАО Сбербанк", "brand": "Сбербанк", "cash_in": null, "opening_hours": null }, "geometry": { "type": "Point", "coordinates": [ 4144845.630283857230097, 7555186.972339153289795 ] } },
{ "type": "Feature", "properties": { "element": "node", "id": 2575626696, "amenity": "atm", "operator": "Банк ВТБ (ПАО)", "brand": "ВТБ", "cash_in": null, "opening_hours": null }, "geometry": { "type": "Point", "coordinates": [ 4183528.741452403366566, 7510954.393791390582919 ] } },
{ "type": "Feature", "properties": { "element": "node", "id": 2590816084, "amenity": "atm", "operator": "Сбербанк", "brand": "Сбербанк", "cash_in": null, "opening_hours": "24/7" }, "geometry": { "type": "Point", "coordinates": [ 4186740.453477127477527, 7510540.880408883094788 ] } },
{ "type": "Feature", "properties": { "element": "node", "id": 2594504921, "amenity": "atm", "operator": "ПАО Сбербанк", "brand": "Сбербанк", "cash_in": null, "opening_hours": null }, "geometry": { "type": "Point", "coordinates": [ 4209983.228446124121547, 7509303.163389971479774 ] } },
{ "type": "Feature", "properties": { "element": "node", "id": 2596320761, "amenity": "atm", "operator": "ПАО Сбербанк", "brand": "Сбербанк", "cash_in": null, "opening_hours": null }, "geometry": { "type": "Point", "coordinates": [ 4209074.015373121015728, 7516739.316411718726158 ] } },
{ "type": "Feature", "properties": { "element": "node", "id": 2611456848, "amenity": "atm", "operator": "ПАО Сбербанк", "brand": "Сбербанк", "cash_in": null, "opening_hours": "Mo-Su 09:00-22:00" }, "geometry": { "type": "Point", "coordinates": [ 4164132.91205039434135, 7490464.955911944620311 ] } },
{ "type": "Feature", "properties": { "element": "node", "id": 2611668641, "amenity": "atm", "operator": "ТКБ БАНК ПАО", "brand": null, "cash_in": null, "opening_hours": "Mo-Fr 09:00-21:00; Sa 10:00-15:00" }, "geometry": { "type": "Point", "coordinates": [ 4177698.917455662041903, 7496698.156179188750684 ] } },
{ "type": "Feature", "properties": { "element": "node", "id": 2611668642, "amenity": "atm", "operator": "ТКБ БАНК ПАО", "brand": null, "cash_in": null, "opening_hours": "Mo-Su 09:00-18:00" }, "geometry": { "type": "Point", "coordinates": [ 4185397.049862233921885, 7499861.392374895513058 ] } },
{ "type": "Feature", "properties": { "element": "node", "id": 2611672577, "amenity": "atm", "operator": "ТКБ БАНК ПАО", "brand": null, "cash_in": null, "opening_hours": "24/7" }, "geometry": { "type": "Point", "coordinates": [ 4195594.5052121989429, 7510400.495468654669821 ] } },
{ "type": "Feature", "properties": { "element": "node", "id": 2611672579, "amenity": "atm", "operator": "ТКБ БАНК ПАО", "brand": null, "cash_in": null, "opening_hours": "24/7" }, "geometry": { "type": "Point", "coordinates": [ 4174902.1710967682302, 7521950.669825181365013 ] } },
{ "type": "Feature", "properties": { "element": "node", "id": 2611708768, "amenity": "atm", "operator": "ТКБ БАНК ПАО", "brand": null, "cash_in": null, "opening_hours": "Mo-Sa 09:00-21:00; Su 09:00-18:00" }, "geometry": { "type": "Point", "coordinates": [ 4186546.880014587193727, 7481804.553151826374233 ] } },
{ "type": "Feature", "properties": { "element": "node", "id": 2611708769, "amenity": "atm", "operator": "ТКБ БАНК ПАО", "brand": null, "cash_in": null, "opening_hours": "Mo-Fr 09:00-21:00; Sa,Su 10:00-19:00" }, "geometry": { "type": "Point", "coordinates": [ 4186631.349244201090187, 7481924.984434369951487 ] } },
{ "type": "Feature", "properties": { "element": "node", "id": 2611708770, "amenity": "atm", "operator": "ТКБ БАНК ПАО", "brand": null, "cash_in": null, "opening_hours": "Mo-Su 09:00-21:00" }, "geometry": { "type": "Point", "coordinates": [ 4187678.676409431733191, 7484203.558894628658891 ] } },
{ "type": "Feature", "properties": { "element": "node", "id": 2611708772, "amenity": "atm", "operator": "ТКБ БАНК ПАО", "brand": null, "cash_in": null, "opening_hours": "Mo-Su 09:00-21:00" }, "geometry": { "type": "Point", "coordinates": [ 4178969.729630609508604, 7539874.371683889068663 ] } },
{ "type": "Feature", "properties": { "element": "node", "id": 2611726627, "amenity": "atm", "operator": "ТКБ БАНК ПАО", "brand": null, "cash_in": null, "opening_hours": "24/7" }, "geometry": { "type": "Point", "coordinates": [ 4180225.179715825710446, 7497414.246746048331261 ] } },
{ "type": "Feature", "properties": { "element": "node", "id": 2611726628, "amenity": "atm", "operator": "ТКБ БАНК ПАО", "brand": null, "cash_in": null, "opening_hours": "24/7" }, "geometry": { "type": "Point", "coordinates": [ 4182260.066611680202186, 7515644.586404996924102 ] } },
{ "type": "Feature", "properties": { "element": "node", "id": 2611726630, "amenity": "atm", "operator": "ТКБ БАНК ПАО", "brand": null, "cash_in": null, "opening_hours": "Mo-Su 10:00-21:00" }, "geometry": { "type": "Point", "coordinates": [ 4179457.932389432098716, 7539636.818651959300041 ] } },
{ "type": "Feature", "properties": { "element": "node", "id": 2611760886, "amenity": "atm", "operator": "ТКБ БАНК ПАО", "brand": null, "cash_in": null, "opening_hours": "Mo-Fr 10:00-17:00; Sa 10:00-15:00" }, "geometry": { "type": "Point", "coordinates": [ 4183482.087453811895102, 7499323.639285972341895 ] } },
{ "type": "Feature", "properties": { "element": "node", "id": 2611760888, "amenity": "atm", "operator": "ТКБ БАНК ПАО", "brand": null, "cash_in": null, "opening_hours": "Mo-Su 09:00-21:00" }, "geometry": { "type": "Point", "coordinates": [ 4192594.155504644848406, 7505699.016002913936973 ] } },
{ "type": "Feature", "properties": { "element": "node", "id": 2611760889, "amenity": "atm", "operator": "ТКБ БАНК ПАО", "brand": null, "cash_in": null, "opening_hours": "Mo-Fr 10:00-20:00; Sa 10:00-19:00; Su 10:00-17:00" }, "geometry": { "type": "Point", "coordinates": [ 4198964.001483173109591, 7506524.933128169737756 ] } },
{ "type": "Feature", "properties": { "element": "node", "id": 2611760890, "amenity": "atm", "operator": "ТКБ БАНК ПАО", "brand": null, "cash_in": null, "opening_hours": "24/7" }, "geometry": { "type": "Point", "coordinates": [ 4185022.025629701092839, 7506971.591198437847197 ] } },
{ "type": "Feature", "properties": { "element": "node", "id": 2611760893, "amenity": "atm", "operator": "ТКБ БАНК ПАО", "brand": null, "cash_in": null, "opening_hours": "Mo-Su 10:00-21:00" }, "geometry": { "type": "Point", "coordinates": [ 4189402.024578351061791, 7510336.159819148480892 ] } },
{ "type": "Feature", "properties": { "element": "node", "id": 2611760895, "amenity": "atm", "operator": "ТКБ БАНК ПАО", "brand": null, "cash_in": null, "opening_hours": "Mo-Su 08:00-22:00" }, "geometry": { "type": "Point", "coordinates": [ 4173341.594287286512554, 7517895.392003074288368 ] } },
{ "type": "Feature", "properties": { "element": "node", "id": 2611760898, "amenity": "atm", "operator": "ТКБ БАНК ПАО", "brand": null, "cash_in": null, "opening_hours": "Mo-Fr 09:00-18:00" }, "geometry": { "type": "Point", "coordinates": [ 4189168.509682513773441, 7521127.794731259346008 ] } },
{ "type": "Feature", "properties": { "element": "node", "id": 2611760899, "amenity": "atm", "operator": "ТКБ БАНК ПАО", "brand": null, "cash_in": null, "opening_hours": "Mo-Su 08:00-22:00" }, "geometry": { "type": "Point", "coordinates": [ 4175432.16319243516773, 7522800.383393290452659 ] } },
{ "type": "Feature", "properties": { "element": "node", "id": 2611760900, "amenity": "atm", "operator": "ТКБ БАНК ПАО", "brand": null, "cash_in": null, "opening_hours": "24/7" }, "geometry": { "type": "Point", "coordinates": [ 4183193.168847407214344, 7527733.32198972441256 ] } },
{ "type": "Feature", "properties": { "element": "node", "id": 2611760901, "amenity": "atm", "operator": "ТКБ БАНК ПАО", "brand": null, "cash_in": null, "opening_hours": "Mo-Sa 09:00-21:00; Su 09:00-20:00" }, "geometry": { "type": "Point", "coordinates": [ 4194578.570143372751772, 7528621.509358783252537 ] } },
{ "type": "Feature", "properties": { "element": "node", "id": 2611760902, "amenity": "atm", "operator": "ТКБ БАНК ПАО", "brand": null, "cash_in": null, "opening_hours": "Mo-Su 09:00-22:00" }, "geometry": { "type": "Point", "coordinates": [ 4167603.864905277267098, 7528926.188025012612343 ] } },
{ "type": "Feature", "properties": { "element": "node", "id": 2611760903, "amenity": "atm", "operator": "ТКБ БАНК ПАО", "brand": null, "cash_in": "yes", "opening_hours": "Mo-Fr 10:00-17:00; Sa 10:00-15:00" }, "geometry": { "type": "Point", "coordinates": [ 4192261.944748270791024, 7530344.974471143446863 ] } },
{ "type": "Feature", "properties": { "element": "node", "id": 2611760905, "amenity": "atm", "operator": "ТКБ БАНК ПАО", "brand": null, "cash_in": null, "opening_hours": "Mo-Su 12:00-24:00" }, "geometry": { "type": "Point", "coordinates": [ 4192958.42627436760813, 7532845.44861545599997 ] } },
{ "type": "Feature", "properties": { "element": "node", "id": 2611760906, "amenity": "atm", "operator": "ТКБ БАНК ПАО", "brand": null, "cash_in": null, "opening_hours": "Mo-Su 10:00-21:00" }, "geometry": { "type": "Point", "coordinates": [ 4180700.380358124151826, 7537155.699203194119036 ] } },
{ "type": "Feature", "properties": { "element": "node", "id": 2612124024, "amenity": "atm", "operator": "Уралсиб", "brand": "Уралсиб", "cash_in": null, "opening_hours": "Mo-Su 10:00-23:00" }, "geometry": { "type": "Point", "coordinates": [ 4175528.877566036302596, 7483008.595592050813138 ] } },
{ "type": "Feature", "properties": { "element": "node", "id": 2612124026, "amenity": "atm", "operator": "Уралсиб", "brand": "Уралсиб", "cash_in": null, "opening_hours": "Mo-Su 09:00-22:00" }, "geometry": { "type": "Point", "coordinates": [ 4158521.741797468625009, 7486493.928799093700945 ] } },
{ "type": "Feature", "properties": { "element": "node", "id": 2612124027, "amenity": "atm", "operator": "Уралсиб", "brand": "Уралсиб", "cash_in": null, "opening_hours": "Mo-Su 09:00-21:30" }, "geometry": { "type": "Point", "coordinates": [ 4157195.626099495217204, 7487360.556933290325105 ] } },
{ "type": "Feature", "properties": { "element": "node", "id": 2612128375, "amenity": "atm", "operator": "Уралсиб", "brand": "Уралсиб", "cash_in": null, "opening_hours": "24/7" }, "geometry": { "type": "Point", "coordinates": [ 4176415.058636393863708, 7485333.494776436127722 ] } },
{ "type": "Feature", "properties": { "element": "node", "id": 2612128380, "amenity": "atm", "operator": "Уралсиб", "brand": "Уралсиб", "cash_in": null, "opening_hours": "Mo-Su 09:00-21:30" }, "geometry": { "type": "Point", "coordinates": [ 4176758.501529389061034, 7486199.1644516158849 ] } },
{ "type": "Feature", "properties": { "element": "node", "id": 2612128384, "amenity": "atm", "operator": "Уралсиб", "brand": "Уралсиб", "cash_in": null, "opening_hours": "Mo-Su 09:00-21:00" }, "geometry": { "type": "Point", "coordinates": [ 4179914.353433632757515, 7487325.743191559799016 ] } },
{ "type": "Feature", "properties": { "element": "node", "id": 2612145062, "amenity": "atm", "operator": "АО \"Кредит Европа Банк (Россия)\"", "brand": null, "cash_in": null, "opening_hours": "Mo-Su 10:00-22:00" }, "geometry": { "type": "Point", "coordinates": [ 4163482.583585179410875, 7490725.369730468839407 ] } },
{ "type": "Feature", "properties": { "element": "node", "id": 2612145063, "amenity": "atm", "operator": "ПАО \"Промсвязьбанк\"", "brand": "Промсвязьбанк", "cash_in": null, "opening_hours": "Mo-Su 10:00-22:00" }, "geometry": { "type": "Point", "coordinates": [ 4163523.326518810354173, 7490761.520921925082803 ] } },
{ "type": "Feature", "properties": { "element": "node", "id": 2612242253, "amenity": "atm", "operator": "ТКБ БАНК ПАО", "brand": null, "cash_in": null, "opening_hours": "Mo-Sa 09:00-18:00" }, "geometry": { "type": "Point", "coordinates": [ 4188387.558926802594215, 7520960.690531274303794 ] } },
{ "type": "Feature", "properties": { "element": "node", "id": 2613419443, "amenity": "atm", "operator": "АО \"Альфа-Банк\"", "brand": "Альфа-Банк", "cash_in": "yes", "opening_hours": "Mo-Su 10:00-22:00" }, "geometry": { "type": "Point", "coordinates": [ 4163569.368260201998055, 7490807.953349985182285 ] } },
{ "type": "Feature", "properties": { "element": "node", "id": 2615442256, "amenity": "atm", "operator": "ПАО Сбербанк", "brand": "Сбербанк", "cash_in": null, "opening_hours": null }, "geometry": { "type": "Point", "coordinates": [ 4186310.70458292029798, 7481972.033957471139729 ] } },
{ "type": "Feature", "properties": { "element": "node", "id": 2625460125, "amenity": "atm", "operator": "ТКБ БАНК ПАО", "brand": null, "cash_in": null, "opening_hours": "Mo-Su 10:00-21:00" }, "geometry": { "type": "Point", "coordinates": [ 4214068.141688579693437, 7498972.993871848098934 ] } },
{ "type": "Feature", "properties": { "element": "node", "id": 2625460126, "amenity": "atm", "operator": "ТКБ БАНК ПАО", "brand": null, "cash_in": null, "opening_hours": "Mo-Su 08:00-23:00" }, "geometry": { "type": "Point", "coordinates": [ 4172237.338334464002401, 7515084.036457739770412 ] } },
{ "type": "Feature", "properties": { "element": "node", "id": 2625460127, "amenity": "atm", "operator": "ТКБ БАНК ПАО", "brand": null, "cash_in": null, "opening_hours": "Mo-Su 09:00-21:00" }, "geometry": { "type": "Point", "coordinates": [ 4159516.014093386009336, 7527311.294365434907377 ] } },
{ "type": "Feature", "properties": { "element": "node", "id": 2625463217, "amenity": "atm", "operator": "ТКБ БАНК ПАО", "brand": null, "cash_in": null, "opening_hours": "Mo-Su 09:00-21:00" }, "geometry": { "type": "Point", "coordinates": [ 4208755.073900049552321, 7499893.279425069689751 ] } },
{ "type": "Feature", "properties": { "element": "node", "id": 2625463220, "amenity": "atm", "operator": "ТКБ БАНК ПАО", "brand": null, "cash_in": null, "opening_hours": "Mo-Su 10:00-21:00" }, "geometry": { "type": "Point", "coordinates": [ 4188574.954157604370266, 7501254.726433921605349 ] } },
{ "type": "Feature", "properties": { "element": "node", "id": 2625463222, "amenity": "atm", "operator": "ТКБ БАНК ПАО", "brand": null, "cash_in": "yes", "opening_hours": "24/7" }, "geometry": { "type": "Point", "coordinates": [ 4191008.398226345423609, 7510730.510965570807457 ] } },
{ "type": "Feature", "properties": { "element": "node", "id": 2625463223, "amenity": "atm", "operator": "ТКБ БАНК ПАО", "brand": null, "cash_in": null, "opening_hours": "Mo-Th 09:00-18:00; Fr 09:00-16:45" }, "geometry": { "type": "Point", "coordinates": [ 4191043.586317384615541, 7511304.020908850245178 ] } },
{ "type": "Feature", "properties": { "element": "node", "id": 2625463230, "amenity": "atm", "operator": "ТКБ БАНК ПАО", "brand": null, "cash_in": null, "opening_hours": "Mo-Su 09:00-21:00" }, "geometry": { "type": "Point", "coordinates": [ 4211608.359428316354752, 7513837.495331838726997 ] } },
{ "type": "Feature", "properties": { "element": "node", "id": 2625463244, "amenity": "atm", "operator": "ТКБ БАНК ПАО", "brand": null, "cash_in": null, "opening_hours": "24/7" }, "geometry": { "type": "Point", "coordinates": [ 4176456.948160779196769, 7518566.852397654205561 ] } },
{ "type": "Feature", "properties": { "element": "node", "id": 2626013720, "amenity": "atm", "operator": "Банк ГПБ (АО)", "brand": "Газпромбанк", "cash_in": null, "opening_hours": null }, "geometry": { "type": "Point", "coordinates": [ 4186491.74347079731524, 7481321.52627426199615 ] } },
{ "type": "Feature", "properties": { "element": "node", "id": 2626472048, "amenity": "atm", "operator": "Уралсиб", "brand": "Уралсиб", "cash_in": null, "opening_hours": "Mo-Sa 10:00-22:00; Su 11:00-22:00" }, "geometry": { "type": "Point", "coordinates": [ 4187821.688559254165739, 7510921.887248001992702 ] } },
{ "type": "Feature", "properties": { "element": "node", "id": 2626487196, "amenity": "atm", "operator": "Уралсиб", "brand": "Уралсиб", "cash_in": null, "opening_hours": "Mo-Su 10:00-22:00" }, "geometry": { "type": "Point", "coordinates": [ 4192823.852141947951168, 7494622.858108206652105 ] } },
{ "type": "Feature", "properties": { "element": "node", "id": 2626487199, "amenity": "atm", "operator": "Уралсиб", "brand": "Уралсиб", "cash_in": null, "opening_hours": "24/7" }, "geometry": { "type": "Point", "coordinates": [ 4189855.039246134459972, 7514836.121510986238718 ] } },
{ "type": "Feature", "properties": { "element": "node", "id": 2626629798, "amenity": "atm", "operator": "Уралсиб", "brand": "Уралсиб", "cash_in": null, "opening_hours": "Mo-Su 08:00-22:00" }, "geometry": { "type": "Point", "coordinates": [ 4188343.88829056546092, 7510385.519379337318242 ] } },
{ "type": "Feature", "properties": { "element": "node", "id": 2626629800, "amenity": "atm", "operator": "Уралсиб", "brand": "Уралсиб", "cash_in": null, "opening_hours": "Mo-Sa 10:00-21:00; Su 10:00-20:00" }, "geometry": { "type": "Point", "coordinates": [ 4189164.94745880831033, 7514814.228414881974459 ] } },
{ "type": "Feature", "properties": { "element": "node", "id": 2626638969, "amenity": "atm", "operator": "Уралсиб", "brand": "Уралсиб", "cash_in": null, "opening_hours": "Mo-Su 10:00-22:00" }, "geometry": { "type": "Point", "coordinates": [ 4198994.246988822706044, 7481110.286646394990385 ] } },
{ "type": "Feature", "properties": { "element": "node", "id": 2626638974, "amenity": "atm", "operator": "Уралсиб", "brand": "Уралсиб", "cash_in": null, "opening_hours": "Mo-Fr 09:30-20:00" }, "geometry": { "type": "Point", "coordinates": [ 4198733.458817741833627, 7495566.734541714191437 ] } },
{ "type": "Feature", "properties": { "element": "node", "id": 2626638978, "amenity": "atm", "operator": "Уралсиб", "brand": "Уралсиб", "cash_in": null, "opening_hours": "Mo-Su 10:00-23:00" }, "geometry": { "type": "Point", "coordinates": [ 4192178.71116500440985, 7510223.593506395816803 ] } },
{ "type": "Feature", "properties": { "element": "node", "id": 2626651485, "amenity": "atm", "operator": "Уралсиб", "brand": "Уралсиб", "cash_in": null, "opening_hours": "24/7" }, "geometry": { "type": "Point", "coordinates": [ 4182916.473121091723442, 7474886.846792035736144 ] } },
{ "type": "Feature", "properties": { "element": "node", "id": 2626651486, "amenity": "atm", "operator": "Уралсиб", "brand": "Уралсиб", "cash_in": null, "opening_hours": "Mo-Su 10:00-22:00" }, "geometry": { "type": "Point", "coordinates": [ 4188312.017520350869745, 7485744.1418492263183 ] } },
{ "type": "Feature", "properties": { "element": "node", "id": 2626651487, "amenity": "atm", "operator": "Уралсиб", "brand": "Уралсиб", "cash_in": null, "opening_hours": "Mo-Su 10:00-22:00" }, "geometry": { "type": "Point", "coordinates": [ 4165586.087815158534795, 7508245.760739241726696 ] } },
{ "type": "Feature", "properties": { "element": "node", "id": 2626651489, "amenity": "atm", "operator": "Уралсиб", "brand": "Уралсиб", "cash_in": null, "opening_hours": "Mo-Su 08:00-21:00" }, "geometry": { "type": "Point", "coordinates": [ 4172512.408796214032918, 7530967.076207199133933 ] } },
{ "type": "Feature", "properties": { "element": "node", "id": 2626653665, "amenity": "atm", "operator": "Уралсиб", "brand": "Уралсиб", "cash_in": null, "opening_hours": "Mo-Su 10:00-22:00" }, "geometry": { "type": "Point", "coordinates": [ 4191865.346798420883715, 7488801.608706400729716 ] } },
{ "type": "Feature", "properties": { "element": "node", "id": 2626653667, "amenity": "atm", "operator": "Уралсиб", "brand": "Уралсиб", "cash_in": null, "opening_hours": "Mo-Su 09:00-22:00" }, "geometry": { "type": "Point", "coordinates": [ 4165055.917608306743205, 7507048.06035469379276 ] } },
{ "type": "Feature", "properties": { "element": "node", "id": 2626653668, "amenity": "atm", "operator": "Уралсиб", "brand": "Уралсиб", "cash_in": null, "opening_hours": "24/7" }, "geometry": { "type": "Point", "coordinates": [ 4180869.663907773327082, 7509784.204939719289541 ] } },
{ "type": "Feature", "properties": { "element": "node", "id": 2626653669, "amenity": "atm", "operator": "Уралсиб", "brand": "Уралсиб", "cash_in": null, "opening_hours": "Mo-Su 09:00-22:00" }, "geometry": { "type": "Point", "coordinates": [ 4186048.736425236333162, 7514677.546430529095232 ] } },
{ "type": "Feature", "properties": { "element": "node", "id": 2626653670, "amenity": "atm", "operator": "Уралсиб", "brand": "Уралсиб", "cash_in": null, "opening_hours": "Mo-Su 09:00-22:00" }, "geometry": { "type": "Point", "coordinates": [ 4178001.739866466727108, 7519090.777072693221271 ] } },
{ "type": "Feature", "properties": { "element": "node", "id": 2626849743, "amenity": "atm", "operator": "Уралсиб", "brand": "Уралсиб", "cash_in": null, "opening_hours": "Mo-Su 10:00-22:00" }, "geometry": { "type": "Point", "coordinates": [ 4185945.977403285447508, 7481558.492843267507851 ] } },
{ "type": "Feature", "properties": { "element": "node", "id": 2626849744, "amenity": "atm", "operator": "Уралсиб", "brand": "Уралсиб", "cash_in": null, "opening_hours": "24/7" }, "geometry": { "type": "Point", "coordinates": [ 4192038.615585840307176, 7500169.995008084923029 ] } },
{ "type": "Feature", "properties": { "element": "node", "id": 2626849745, "amenity": "atm", "operator": "Уралсиб", "brand": "Уралсиб", "cash_in": null, "opening_hours": "Mo-Su 10:00-22:00" }, "geometry": { "type": "Point", "coordinates": [ 4188272.944379082880914, 7500919.504262300208211 ] } },
{ "type": "Feature", "properties": { "element": "node", "id": 2626849747, "amenity": "atm", "operator": "Уралсиб", "brand": "Уралсиб", "cash_in": null, "opening_hours": "24/7" }, "geometry": { "type": "Point", "coordinates": [ 4183893.969569747336209, 7510805.632465597242117 ] } },
{ "type": "Feature", "properties": { "element": "node", "id": 2626849748, "amenity": "atm", "operator": "Уралсиб", "brand": "Уралсиб", "cash_in": null, "opening_hours": "Mo-Su 09:00-23:00" }, "geometry": { "type": "Point", "coordinates": [ 4187885.997829084750265, 7512778.798242141492665 ] } },
{ "type": "Feature", "properties": { "element": "node", "id": 2626849749, "amenity": "atm", "operator": "Уралсиб", "brand": "Уралсиб", "cash_in": null, "opening_hours": "24/7" }, "geometry": { "type": "Point", "coordinates": [ 4182287.963276073336601, 7520238.72710853908211 ] } },
{ "type": "Feature", "properties": { "element": "node", "id": 2626849750, "amenity": "atm", "operator": "Уралсиб", "brand": "Уралсиб", "cash_in": null, "opening_hours": "24/7" }, "geometry": { "type": "Point", "coordinates": [ 4187879.474506924394518, 7521287.790243381634355 ] } },
{ "type": "Feature", "properties": { "element": "node", "id": 2626907982, "amenity": "atm", "operator": "Уралсиб", "brand": "Уралсиб", "cash_in": null, "opening_hours": "Mo-Su 10:00-22:00" }, "geometry": { "type": "Point", "coordinates": [ 4179143.05407777428627, 7490255.755079749040306 ] } },
{ "type": "Feature", "properties": { "element": "node", "id": 2626907992, "amenity": "atm", "operator": "Уралсиб", "brand": "Уралсиб", "cash_in": null, "opening_hours": "24/7" }, "geometry": { "type": "Point", "coordinates": [ 4181845.546223812736571, 7507476.693198254331946 ] } },
{ "type": "Feature", "properties": { "element": "node", "id": 2626907995, "amenity": "atm", "operator": "Уралсиб", "brand": "Уралсиб", "cash_in": null, "opening_hours": "Mo-Su 09:00-21:00" }, "geometry": { "type": "Point", "coordinates": [ 4194409.642816093750298, 7507712.110264574177563 ] } },
{ "type": "Feature", "properties": { "element": "node", "id": 2626942692, "amenity": "atm", "operator": "Уралсиб", "brand": "Уралсиб", "cash_in": null, "opening_hours": "24/7" }, "geometry": { "type": "Point", "coordinates": [ 4201455.955076275393367, 7489475.869893826544285 ] } },
{ "type": "Feature", "properties": { "element": "node", "id": 2626942693, "amenity": "atm", "operator": "Уралсиб", "brand": "Уралсиб", "cash_in": null, "opening_hours": "Mo-Su 10:00-20:00" }, "geometry": { "type": "Point", "coordinates": [ 4196249.230797299183905, 7503250.671660743653774 ] } },
{ "type": "Feature", "properties": { "element": "node", "id": 2626942694, "amenity": "atm", "operator": "Уралсиб", "brand": "Уралсиб", "cash_in": null, "opening_hours": "24/7" }, "geometry": { "type": "Point", "coordinates": [ 4168892.844421121757478, 7503976.067787952721119 ] } },
{ "type": "Feature", "properties": { "element": "node", "id": 2626942696, "amenity": "atm", "operator": "Уралсиб", "brand": "Уралсиб", "cash_in": null, "opening_hours": "Mo-Fr 08:00-20:00" }, "geometry": { "type": "Point", "coordinates": [ 4162201.374169792514294, 7508773.276971768587828 ] } },
{ "type": "Feature", "properties": { "element": "node", "id": 2626942697, "amenity": "atm", "operator": "Уралсиб", "brand": "Уралсиб", "cash_in": null, "opening_hours": "Mo-Fr 10:00-18:00" }, "geometry": { "type": "Point", "coordinates": [ 4190704.006210720166564, 7526021.323871868662536 ] } },
{ "type": "Feature", "properties": { "element": "node", "id": 2626942699, "amenity": "atm", "operator": "Уралсиб", "brand": "Уралсиб", "cash_in": null, "opening_hours": "24/7" }, "geometry": { "type": "Point", "coordinates": [ 4191532.011715190019459, 7529583.953471578657627 ] } },
{ "type": "Feature", "properties": { "element": "node", "id": 2626942700, "amenity": "atm", "operator": "Уралсиб", "brand": "Уралсиб", "cash_in": null, "opening_hours": "Mo-Su 10:00-21:00" }, "geometry": { "type": "Point", "coordinates": [ 4192964.025644754525274, 7532525.000590563751757 ] } },
{ "type": "Feature", "properties": { "element": "node", "id": 2627597731, "amenity": "atm", "operator": "Уралсиб", "brand": "Уралсиб", "cash_in": null, "opening_hours": "Mo-Su 09:00-21:00" }, "geometry": { "type": "Point", "coordinates": [ 4179616.507004066836089, 7467777.414285982958972 ] } },
{ "type": "Feature", "properties": { "element": "node", "id": 2627597733, "amenity": "atm", "operator": "Уралсиб", "brand": "Уралсиб", "cash_in": null, "opening_hours": "Mo-Su 10:00-21:00" }, "geometry": { "type": "Point", "coordinates": [ 4199870.988166361115873, 7497238.649402938783169 ] } },
{ "type": "Feature", "properties": { "element": "node", "id": 2627597734, "amenity": "atm", "operator": "Уралсиб", "brand": "Уралсиб", "cash_in": null, "opening_hours": "Mo-Fr 09:00-23:00" }, "geometry": { "type": "Point", "coordinates": [ 4190653.289050715044141, 7504389.6248908797279 ] } },
{ "type": "Feature", "properties": { "element": "node", "id": 2627597735, "amenity": "atm", "operator": "Уралсиб", "brand": "Уралсиб", "cash_in": null, "opening_hours": "Mo-Sa 08:00-18:00" }, "geometry": { "type": "Point", "coordinates": [ 4190568.986800336744636, 7505491.240708561614156 ] } },
{ "type": "Feature", "properties": { "element": "node", "id": 2627597736, "amenity": "atm", "operator": "Уралсиб", "brand": "Уралсиб", "cash_in": null, "opening_hours": "Mo-Su 09:00-23:00" }, "geometry": { "type": "Point", "coordinates": [ 4210157.24307413212955, 7509280.573887473903596 ] } },
{ "type": "Feature", "properties": { "element": "node", "id": 2627597737, "amenity": "atm", "operator": "Уралсиб", "brand": "Уралсиб", "cash_in": null, "opening_hours": "24/7" }, "geometry": { "type": "Point", "coordinates": [ 4184406.985443068202585, 7513623.642404578626156 ] } },
{ "type": "Feature", "properties": { "element": "node", "id": 2627597739, "amenity": "atm", "operator": "Уралсиб", "brand": "Уралсиб", "cash_in": null, "opening_hours": "Mo-Fr 09:00-20:00; Sa 10:00-16:00" }, "geometry": { "type": "Point", "coordinates": [ 4178630.160655892454088, 7536494.051435959525406 ] } },
{ "type": "Feature", "properties": { "element": "node", "id": 2627628628, "amenity": "atm", "operator": "Уралсиб", "brand": "Уралсиб", "cash_in": null, "opening_hours": "24/7" }, "geometry": { "type": "Point", "coordinates": [ 4186900.085626925341785, 7483449.834363473579288 ] } },
{ "type": "Feature", "properties": { "element": "node", "id": 2627628629, "amenity": "atm", "operator": "Уралсиб", "brand": "Уралсиб", "cash_in": null, "opening_hours": "24/7" }, "geometry": { "type": "Point", "coordinates": [ 4191813.349464272148907, 7486670.721803328953683 ] } },
{ "type": "Feature", "properties": { "element": "node", "id": 2627628630, "amenity": "atm", "operator": "Уралсиб", "brand": "Уралсиб", "cash_in": null, "opening_hours": "Mo-Su 10:00-21:00" }, "geometry": { "type": "Point", "coordinates": [ 4203177.989675205200911, 7489835.121092286892235 ] } },
{ "type": "Feature", "properties": { "element": "node", "id": 2627628632, "amenity": "atm", "operator": "Уралсиб", "brand": "Уралсиб", "cash_in": null, "opening_hours": "Mo-Su 09:00-21:30" }, "geometry": { "type": "Point", "coordinates": [ 4174170.223180904053152, 7493105.690901444293559 ] } },
{ "type": "Feature", "properties": { "element": "node", "id": 2627628636, "amenity": "atm", "operator": "Уралсиб", "brand": "Уралсиб", "cash_in": null, "opening_hours": "Mo-Su 10:00-20:00" }, "geometry": { "type": "Point", "coordinates": [ 4184086.418705430347472, 7493390.454124603420496 ] } },
{ "type": "Feature", "properties": { "element": "node", "id": 2627628642, "amenity": "atm", "operator": "Уралсиб", "brand": "Уралсиб", "cash_in": null, "opening_hours": "24/7" }, "geometry": { "type": "Point", "coordinates": [ 4175122.194070320576429, 7494080.099956712685525 ] } },
{ "type": "Feature", "properties": { "element": "node", "id": 2627628649, "amenity": "atm", "operator": "Уралсиб", "brand": "Уралсиб", "cash_in": null, "opening_hours": "Mo-Fr 09:00-18:00" }, "geometry": { "type": "Point", "coordinates": [ 4180925.156673933845013, 7495294.113093714229763 ] } },
{ "type": "Feature", "properties": { "element": "node", "id": 2627628664, "amenity": "atm", "operator": "Уралсиб", "brand": "Уралсиб", "cash_in": null, "opening_hours": "Mo-Fr 09:00-20:00; Sa 10:00-16:00" }, "geometry": { "type": "Point", "coordinates": [ 4172200.914597076363862, 7500978.051005336456001 ] } },
{ "type": "Feature", "properties": { "element": "node", "id": 2627628670, "amenity": "atm", "operator": "Уралсиб", "brand": "Уралсиб", "cash_in": "yes", "opening_hours": "24/7" }, "geometry": { "type": "Point", "coordinates": [ 4183013.810883841011673, 7504073.084978373721242 ] } },
{ "type": "Feature", "properties": { "element": "node", "id": 2627628680, "amenity": "atm", "operator": "Уралсиб", "brand": "Уралсиб", "cash_in": null, "opening_hours": "Mo-Su 08:00-20:00" }, "geometry": { "type": "Point", "coordinates": [ 4162557.028810927644372, 7507905.567399712279439 ] } },
{ "type": "Feature", "properties": { "element": "node", "id": 2627628687, "amenity": "atm", "operator": "Уралсиб", "brand": "Уралсиб", "cash_in": null, "opening_hours": "24/7" }, "geometry": { "type": "Point", "coordinates": [ 4201690.048833465203643, 7519459.886682498268783 ] } },
{ "type": "Feature", "properties": { "element": "node", "id": 2627628693, "amenity": "atm", "operator": "Уралсиб", "brand": "Уралсиб", "cash_in": null, "opening_hours": "Mo-Su 09:00-23:00" }, "geometry": { "type": "Point", "coordinates": [ 4165477.139429519418627, 7519693.292862537316978 ] } },
{ "type": "Feature", "properties": { "element": "node", "id": 2627662763, "amenity": "atm", "operator": "Уралсиб", "brand": "Уралсиб", "cash_in": null, "opening_hours": "24/7" }, "geometry": { "type": "Point", "coordinates": [ 4204267.417871852405369, 7500792.216520428657532 ] } },
{ "type": "Feature", "properties": { "element": "node", "id": 2627662764, "amenity": "atm", "operator": "Уралсиб", "brand": "Уралсиб", "cash_in": null, "opening_hours": "24/7" }, "geometry": { "type": "Point", "coordinates": [ 4191905.12125248182565, 7511823.455465689301491 ] } },
{ "type": "Feature", "properties": { "element": "node", "id": 2627667994, "amenity": "atm", "operator": "Уралсиб", "brand": "Уралсиб", "cash_in": null, "opening_hours": "24/7" }, "geometry": { "type": "Point", "coordinates": [ 4202008.300125693902373, 7488206.727032656781375 ] } },
{ "type": "Feature", "properties": { "element": "node", "id": 2627671487, "amenity": "atm", "operator": "ПАО Банк \"ФК Открытие\"", "brand": null, "cash_in": null, "opening_hours": "24/7" }, "geometry": { "type": "Point", "coordinates": [ 4183481.34161322331056, 7503983.559495763853192 ] } },
{ "type": "Feature", "properties": { "element": "node", "id": 2627741509, "amenity": "atm", "operator": "Уралсиб", "brand": "Уралсиб", "cash_in": null, "opening_hours": "Mo-Su 10:00-22:00" }, "geometry": { "type": "Point", "coordinates": [ 4198969.712173051200807, 7481078.161700259894133 ] } },
{ "type": "Feature", "properties": { "element": "node", "id": 2627783583, "amenity": "atm", "operator": "Уралсиб", "brand": "Уралсиб", "cash_in": null, "opening_hours": "Mo-Su 07:30-22:00" }, "geometry": { "type": "Point", "coordinates": [ 4172643.977302382700145, 7488748.57942380849272 ] } },
{ "type": "Feature", "properties": { "element": "node", "id": 2627783584, "amenity": "atm", "operator": "Уралсиб", "brand": "Уралсиб", "cash_in": null, "opening_hours": "24/7" }, "geometry": { "type": "Point", "coordinates": [ 4178953.744151731021702, 7496019.097685514949262 ] } },
{ "type": "Feature", "properties": { "element": "node", "id": 2627783585, "amenity": "atm", "operator": "Уралсиб", "brand": "Уралсиб", "cash_in": null, "opening_hours": "Mo-Su 10:00-22:00" }, "geometry": { "type": "Point", "coordinates": [ 4191946.87719347840175, 7500594.491959721781313 ] } },
{ "type": "Feature", "properties": { "element": "node", "id": 2627783586, "amenity": "atm", "operator": "Уралсиб", "brand": "Уралсиб", "cash_in": null, "opening_hours": "Mo-Su 10:00-22:00" }, "geometry": { "type": "Point", "coordinates": [ 4187352.799732083454728, 7510070.256695211865008 ] } },
{ "type": "Feature", "properties": { "element": "node", "id": 2627783587, "amenity": "atm", "operator": "Уралсиб", "brand": "Уралсиб", "cash_in": null, "opening_hours": "Mo-Fr 09:00-20:00; Sa 10:00-16:00" }, "geometry": { "type": "Point", "coordinates": [ 4170375.107968830037862, 7514351.300975607708097 ] } },
{ "type": "Feature", "properties": { "element": "node", "id": 2627783589, "amenity": "atm", "operator": "Уралсиб", "brand": "Уралсиб", "cash_in": null, "opening_hours": "Mo-Su 10:00-22:00" }, "geometry": { "type": "Point", "coordinates": [ 4167564.535729180555791, 7523979.881754585541785 ] } },
{ "type": "Feature", "properties": { "element": "node", "id": 2627783590, "amenity": "atm", "operator": "Уралсиб", "brand": "Уралсиб", "cash_in": null, "opening_hours": "Mo-Su 10:00-21:00" }, "geometry": { "type": "Point", "coordinates": [ 4167592.287678235210478, 7528919.326474936679006 ] } },
{ "type": "Feature", "properties": { "element": "node", "id": 2627783591, "amenity": "atm", "operator": "Уралсиб", "brand": "Уралсиб", "cash_in": null, "opening_hours": "Mo-Su 10:00-21:00" }, "geometry": { "type": "Point", "coordinates": [ 4179947.626829431392252, 7538899.720082223415375 ] } },
{ "type": "Feature", "properties": { "element": "node", "id": 2627806009, "amenity": "atm", "operator": "Уралсиб", "brand": "Уралсиб", "cash_in": null, "opening_hours": "24/7" }, "geometry": { "type": "Point", "coordinates": [ 4185498.628897583112121, 7475987.887031317688525 ] } },
{ "type": "Feature", "properties": { "element": "node", "id": 2628200322, "amenity": "atm", "operator": "Уралсиб", "brand": "Уралсиб", "cash_in": null, "opening_hours": "24/7" }, "geometry": { "type": "Point", "coordinates": [ 4191361.926665206439793, 7517656.832275366410613 ] } },
{ "type": "Feature", "properties": { "element": "node", "id": 2628200325, "amenity": "atm", "operator": "Уралсиб", "brand": "Уралсиб", "cash_in": null, "opening_hours": "24/7" }, "geometry": { "type": "Point", "coordinates": [ 4189261.016179363243282, 7522835.298074853606522 ] } },
{ "type": "Feature", "properties": { "element": "node", "id": 2651730806, "amenity": "atm", "operator": "Райффайзен", "brand": "Райффайзен", "cash_in": null, "opening_hours": null }, "geometry": { "type": "Point", "coordinates": [ 4204082.805628321133554, 7499792.817882295697927 ] } },
{ "type": "Feature", "properties": { "element": "node", "id": 2656349124, "amenity": "atm", "operator": "ВТБ", "brand": "ВТБ", "cash_in": null, "opening_hours": null }, "geometry": { "type": "Point", "coordinates": [ 4177975.379411046393216, 7487252.782776540145278 ] } },
{ "type": "Feature", "properties": { "element": "node", "id": 2656349128, "amenity": "atm", "operator": "Райффайзен", "brand": "Райффайзен", "cash_in": null, "opening_hours": null }, "geometry": { "type": "Point", "coordinates": [ 4177970.993423108942807, 7487254.735479403287172 ] } },
{ "type": "Feature", "properties": { "element": "node", "id": 2668254704, "amenity": "atm", "operator": "Сбербанк", "brand": "Сбербанк", "cash_in": null, "opening_hours": null }, "geometry": { "type": "Point", "coordinates": [ 4211965.405563087202609, 7505180.725036305375397 ] } },
{ "type": "Feature", "properties": { "element": "node", "id": 2678443609, "amenity": "atm", "operator": "ПАО Сбербанк", "brand": "Сбербанк", "cash_in": null, "opening_hours": "09:00-23:00" }, "geometry": { "type": "Point", "coordinates": [ 4222121.817416796460748, 7495741.681744311004877 ] } },
{ "type": "Feature", "properties": { "element": "node", "id": 2720807174, "amenity": "atm", "operator": "Уралсиб", "brand": "Уралсиб", "cash_in": null, "opening_hours": "Mo-Su 09:00-21:30" }, "geometry": { "type": "Point", "coordinates": [ 4164530.166785239707679, 7490850.774833620525897 ] } },
{ "type": "Feature", "properties": { "element": "node", "id": 2726545299, "amenity": "atm", "operator": "Сбербанк", "brand": "Сбербанк", "cash_in": null, "opening_hours": null }, "geometry": { "type": "Point", "coordinates": [ 4192447.659054760821164, 7510109.604478019289672 ] } },
{ "type": "Feature", "properties": { "element": "node", "id": 2738945228, "amenity": "atm", "operator": "Банк ВТБ (ПАО)", "brand": "ВТБ", "cash_in": null, "opening_hours": null }, "geometry": { "type": "Point", "coordinates": [ 4190054.156419315841049, 7523310.30801250692457 ] } },
{ "type": "Feature", "properties": { "element": "node", "id": 2748288141, "amenity": "atm", "operator": "АО \"Альфа-Банк\"", "brand": "Альфа-Банк", "cash_in": null, "opening_hours": null }, "geometry": { "type": "Point", "coordinates": [ 4191235.200556887779385, 7513721.928909130394459 ] } },
{ "type": "Feature", "properties": { "element": "node", "id": 2788217118, "amenity": "atm", "operator": "АО \"ГУТА-БАНК\"", "brand": null, "cash_in": null, "opening_hours": "24/7" }, "geometry": { "type": "Point", "coordinates": [ 4186658.744970885105431, 7507073.29316730145365 ] } },
{ "type": "Feature", "properties": { "element": "node", "id": 2800743729, "amenity": "atm", "operator": "ТКБ БАНК ПАО", "brand": "Транскапиталбанк", "cash_in": null, "opening_hours": "Mo-Fr 10:00-17:00; Sa 10:00-15:00" }, "geometry": { "type": "Point", "coordinates": [ 4137355.26457490073517, 7554297.248053169809282 ] } },
{ "type": "Feature", "properties": { "element": "node", "id": 2808972049, "amenity": "atm", "operator": "ПАО Сбербанк", "brand": "Сбербанк", "cash_in": null, "opening_hours": null }, "geometry": { "type": "Point", "coordinates": [ 4188937.911357335746288, 7510751.244980462826788 ] } },
{ "type": "Feature", "properties": { "element": "node", "id": 2840190384, "amenity": "atm", "operator": "АО «ТБанк»", "brand": "Т-Банк", "cash_in": "yes", "opening_hours": null }, "geometry": { "type": "Point", "coordinates": [ 4162874.734637652523816, 7520492.560514472424984 ] } },
{ "type": "Feature", "properties": { "element": "node", "id": 2851581007, "amenity": "atm", "operator": "ПАО Сбербанк", "brand": "Сбербанк", "cash_in": null, "opening_hours": null }, "geometry": { "type": "Point", "coordinates": [ 4200472.23586808424443, 7516086.605478891171515 ] } },
{ "type": "Feature", "properties": { "element": "node", "id": 2858384601, "amenity": "atm", "operator": "АО \"Райффайзенбанк\"", "brand": "Райффайзен", "cash_in": null, "opening_hours": null }, "geometry": { "type": "Point", "coordinates": [ 4188319.386870641261339, 7485321.840637543238699 ] } },
{ "type": "Feature", "properties": { "element": "node", "id": 2865071631, "amenity": "atm", "operator": "АО \"Альфа-Банк\"", "brand": "Альфа-Банк", "cash_in": null, "opening_hours": null }, "geometry": { "type": "Point", "coordinates": [ 4190241.162031900603324, 7513039.055559271015227 ] } },
{ "type": "Feature", "properties": { "element": "node", "id": 2870319823, "amenity": "atm", "operator": "АО \"Райффайзенбанк\"", "brand": "Райффайзен", "cash_in": "yes", "opening_hours": null }, "geometry": { "type": "Point", "coordinates": [ 4184033.864773827139288, 7505811.733820827677846 ] } },
{ "type": "Feature", "properties": { "element": "node", "id": 2876845174, "amenity": "atm", "operator": null, "brand": null, "cash_in": null, "opening_hours": null }, "geometry": { "type": "Point", "coordinates": [ 4211319.006675898097456, 7514975.35988936200738 ] } },
{ "type": "Feature", "properties": { "element": "node", "id": 2898527938, "amenity": "atm", "operator": "ПАО Сбербанк", "brand": "Сбербанк", "cash_in": null, "opening_hours": "24/7" }, "geometry": { "type": "Point", "coordinates": [ 4190902.166036281269044, 7513248.597676488570869 ] } },
{ "type": "Feature", "properties": { "element": "node", "id": 2940982952, "amenity": "atm", "operator": "ПАО Сбербанк", "brand": "Сбербанк", "cash_in": null, "opening_hours": null }, "geometry": { "type": "Point", "coordinates": [ 4188343.365088957827538, 7498911.143648519180715 ] } },
{ "type": "Feature", "properties": { "element": "node", "id": 2940986237, "amenity": "atm", "operator": "Банк \"ВБРР\" (АО)", "brand": "ВБРР", "cash_in": null, "opening_hours": null }, "geometry": { "type": "Point", "coordinates": [ 4182216.162204511463642, 7504663.299162047915161 ] } },
{ "type": "Feature", "properties": { "element": "node", "id": 2948222054, "amenity": "atm", "operator": "АО \"Райффайзенбанк\"", "brand": "Райффайзен", "cash_in": null, "opening_hours": null }, "geometry": { "type": "Point", "coordinates": [ 4165743.860929459799081, 7512904.621495462022722 ] } },
{ "type": "Feature", "properties": { "element": "node", "id": 2953468321, "amenity": "atm", "operator": "Сбербанк", "brand": "Сбербанк", "cash_in": null, "opening_hours": null }, "geometry": { "type": "Point", "coordinates": [ 4187879.541298619005829, 7512957.262848912738264 ] } },
{ "type": "Feature", "properties": { "element": "node", "id": 2953468322, "amenity": "atm", "operator": "Банк ВТБ (ПАО)", "brand": "ВТБ", "cash_in": null, "opening_hours": null }, "geometry": { "type": "Point", "coordinates": [ 4187911.879610694013536, 7513081.070395356975496 ] } },
{ "type": "Feature", "properties": { "element": "node", "id": 2954365700, "amenity": "atm", "operator": "Банк ВТБ (ПАО)", "brand": "ВТБ", "cash_in": null, "opening_hours": null }, "geometry": { "type": "Point", "coordinates": [ 4194774.492447169497609, 7531062.628405781462789 ] } },
{ "type": "Feature", "properties": { "element": "node", "id": 2964580833, "amenity": "atm", "operator": "АО \"Кредит Европа Банк (Россия)\"", "brand": null, "cash_in": null, "opening_hours": null }, "geometry": { "type": "Point", "coordinates": [ 4188295.230541138909757, 7485168.524287877604365 ] } },
{ "type": "Feature", "properties": { "element": "node", "id": 2969901034, "amenity": "atm", "operator": "Банк ВТБ (ПАО)", "brand": "ВТБ", "cash_in": null, "opening_hours": "24/7" }, "geometry": { "type": "Point", "coordinates": [ 4189672.174718608148396, 7520546.34320870693773 ] } },
{ "type": "Feature", "properties": { "element": "node", "id": 2979638464, "amenity": "atm", "operator": "ПАО Сбербанк", "brand": "Сбербанк", "cash_in": null, "opening_hours": null }, "geometry": { "type": "Point", "coordinates": [ 4188059.745290315244347, 7500713.201171417720616 ] } },
{ "type": "Feature", "properties": { "element": "node", "id": 3006586609, "amenity": "atm", "operator": "АО \"Райффайзенбанк\"", "brand": "Райффайзен", "cash_in": null, "opening_hours": null }, "geometry": { "type": "Point", "coordinates": [ 4189170.446641654707491, 7501575.71555273141712 ] } },
{ "type": "Feature", "properties": { "element": "node", "id": 3007434081, "amenity": "atm", "operator": "АО \"НС Банк\"", "brand": null, "cash_in": null, "opening_hours": "24/7" }, "geometry": { "type": "Point", "coordinates": [ 4193237.237071008887142, 7507617.756678435020149 ] } },
{ "type": "Feature", "properties": { "element": "node", "id": 3007434083, "amenity": "atm", "operator": "АО \"НС Банк\"", "brand": null, "cash_in": null, "opening_hours": "24/7" }, "geometry": { "type": "Point", "coordinates": [ 4193193.23247629776597, 7507777.669975106604397 ] } },
{ "type": "Feature", "properties": { "element": "node", "id": 3027297190, "amenity": "atm", "operator": "АО \"Банк Русский Стандарт\"", "brand": "Русский Стандарт", "cash_in": null, "opening_hours": "24/7" }, "geometry": { "type": "Point", "coordinates": [ 4204782.593343295156956, 7499922.005542146973312 ] } },
{ "type": "Feature", "properties": { "element": "node", "id": 3037671935, "amenity": "atm", "operator": "Банк ВТБ (ПАО)", "brand": "ВТБ", "cash_in": "no", "opening_hours": "Mo-Su 10:00-22:00" }, "geometry": { "type": "Point", "coordinates": [ 4138347.421800494194031, 7554942.121257932856679 ] } },
{ "type": "Feature", "properties": { "element": "node", "id": 3043881936, "amenity": "atm", "operator": "ПАО \"Промсвязьбанк\"", "brand": "Промсвязьбанк", "cash_in": null, "opening_hours": null }, "geometry": { "type": "Point", "coordinates": [ 4183024.642270295415074, 7508295.245375449769199 ] } },
{ "type": "Feature", "properties": { "element": "node", "id": 3053223974, "amenity": "atm", "operator": "ПАО Сбербанк", "brand": "Сбербанк", "cash_in": null, "opening_hours": "24/7" }, "geometry": { "type": "Point", "coordinates": [ 4206149.106884476728737, 7502504.434139814227819 ] } },
{ "type": "Feature", "properties": { "element": "node", "id": 3071819224, "amenity": "atm", "operator": "ПАО Сбербанк", "brand": "Сбербанк", "cash_in": null, "opening_hours": null }, "geometry": { "type": "Point", "coordinates": [ 4202498.651350689120591, 7491111.852885616011918 ] } },
{ "type": "Feature", "properties": { "element": "node", "id": 3071821064, "amenity": "atm", "operator": "Банк ВТБ (ПАО)", "brand": "ВТБ", "cash_in": null, "opening_hours": null }, "geometry": { "type": "Point", "coordinates": [ 4202059.807654083706439, 7490805.881348733790219 ] } },
{ "type": "Feature", "properties": { "element": "node", "id": 3072553204, "amenity": "atm", "operator": "ПАО Сбербанк", "brand": "Сбербанк", "cash_in": "yes", "opening_hours": "24/7" }, "geometry": { "type": "Point", "coordinates": [ 4195514.522158063948154, 7499363.939835584722459 ] } },
{ "type": "Feature", "properties": { "element": "node", "id": 3076430202, "amenity": "atm", "operator": "АО \"Райффайзенбанк\"", "brand": "Райффайзен", "cash_in": null, "opening_hours": "24/7" }, "geometry": { "type": "Point", "coordinates": [ 4194651.851764163002372, 7513515.02599232736975 ] } },
{ "type": "Feature", "properties": { "element": "node", "id": 3087208378, "amenity": "atm", "operator": null, "brand": null, "cash_in": null, "opening_hours": null }, "geometry": { "type": "Point", "coordinates": [ 4218837.73659110814333, 7501264.606471189297736 ] } },
{ "type": "Feature", "properties": { "element": "node", "id": 3094540596, "amenity": "atm", "operator": "Уралсиб", "brand": "Уралсиб", "cash_in": null, "opening_hours": "24/7" }, "geometry": { "type": "Point", "coordinates": [ 4192065.399055325891823, 7500232.606100057251751 ] } },
{ "type": "Feature", "properties": { "element": "node", "id": 3114745424, "amenity": "atm", "operator": "Банк ВТБ (ПАО)", "brand": "ВТБ", "cash_in": null, "opening_hours": null }, "geometry": { "type": "Point", "coordinates": [ 4202085.12170629017055, 7516991.826832284219563 ] } },
{ "type": "Feature", "properties": { "element": "node", "id": 3145147169, "amenity": "atm", "operator": "ПАО Сбербанк", "brand": "Сбербанк", "cash_in": null, "opening_hours": null }, "geometry": { "type": "Point", "coordinates": [ 4197351.661110473796725, 7520574.512415931560099 ] } },
{ "type": "Feature", "properties": { "element": "node", "id": 3153898584, "amenity": "atm", "operator": "ПАО Сбербанк", "brand": "Сбербанк", "cash_in": null, "opening_hours": null }, "geometry": { "type": "Point", "coordinates": [ 4200453.845888205803931, 7511521.272155961021781 ] } },
{ "type": "Feature", "properties": { "element": "node", "id": 3161147395, "amenity": "atm", "operator": "ПАО Сбербанк", "brand": "Сбербанк", "cash_in": null, "opening_hours": null }, "geometry": { "type": "Point", "coordinates": [ 4189862.174825494643301, 7524680.076278199441731 ] } },
{ "type": "Feature", "properties": { "element": "node", "id": 3161147396, "amenity": "atm", "operator": "АО \"Россельхозбанк\"", "brand": "Россельхозбанк", "cash_in": null, "opening_hours": null }, "geometry": { "type": "Point", "coordinates": [ 4189859.792588391341269, 7524692.602627540938556 ] } },
{ "type": "Feature", "properties": { "element": "node", "id": 3174692728, "amenity": "atm", "operator": "ПАО \"Промсвязьбанк\"", "brand": "Промсвязьбанк", "cash_in": null, "opening_hours": "Mo-Su 09:00-22:00" }, "geometry": { "type": "Point", "coordinates": [ 4136981.58730820659548, 7553957.064888490363955 ] } },
{ "type": "Feature", "properties": { "element": "node", "id": 3179833730, "amenity": "atm", "operator": "АО \"Райффайзенбанк\"", "brand": "Райффайзен", "cash_in": "no", "opening_hours": null }, "geometry": { "type": "Point", "coordinates": [ 4207034.564378144219518, 7502421.646282863803208 ] } },
{ "type": "Feature", "properties": { "element": "node", "id": 3194244152, "amenity": "atm", "operator": "АО \"Альфа-Банк\"", "brand": "Альфа-Банк", "cash_in": null, "opening_hours": null }, "geometry": { "type": "Point", "coordinates": [ 4198549.826185728423297, 7521811.820581992156804 ] } },
{ "type": "Feature", "properties": { "element": "node", "id": 3194244154, "amenity": "atm", "operator": "ПАО Сбербанк", "brand": "Сбербанк", "cash_in": null, "opening_hours": null }, "geometry": { "type": "Point", "coordinates": [ 4198489.747056546621025, 7521749.826628889888525 ] } },
{ "type": "Feature", "properties": { "element": "node", "id": 3211452786, "amenity": "atm", "operator": "Банк ВТБ (ПАО)", "brand": "ВТБ", "cash_in": "no", "opening_hours": null }, "geometry": { "type": "Point", "coordinates": [ 4192020.259001809172332, 7513340.704597592353821 ] } },
{ "type": "Feature", "properties": { "element": "node", "id": 3211452795, "amenity": "atm", "operator": "ПАО Сбербанк", "brand": "Сбербанк", "cash_in": "yes", "opening_hours": null }, "geometry": { "type": "Point", "coordinates": [ 4191750.075465703848749, 7513620.950725735165179 ] } },
{ "type": "Feature", "properties": { "element": "node", "id": 3211452796, "amenity": "atm", "operator": "ПАО Сбербанк", "brand": "Сбербанк", "cash_in": "no", "opening_hours": null }, "geometry": { "type": "Point", "coordinates": [ 4191753.136751701589674, 7513621.979896945878863 ] } },
{ "type": "Feature", "properties": { "element": "node", "id": 3211452797, "amenity": "atm", "operator": "ПАО Сбербанк", "brand": "Сбербанк", "cash_in": "no", "opening_hours": null }, "geometry": { "type": "Point", "coordinates": [ 4191756.198037698399276, 7513623.009068294428289 ] } },
{ "type": "Feature", "properties": { "element": "node", "id": 3211452798, "amenity": "atm", "operator": "АО \"Альфа-Банк\"", "brand": "Альфа-Банк", "cash_in": "no", "opening_hours": null }, "geometry": { "type": "Point", "coordinates": [ 4191759.259323695208877, 7513624.038239782676101 ] } },
{ "type": "Feature", "properties": { "element": "node", "id": 3211452799, "amenity": "atm", "operator": "Уралсиб", "brand": "Уралсиб", "cash_in": "no", "opening_hours": null }, "geometry": { "type": "Point", "coordinates": [ 4191762.309477743227035, 7513625.087203167378902 ] } },
{ "type": "Feature", "properties": { "element": "node", "id": 3211452800, "amenity": "atm", "operator": null, "brand": null, "cash_in": "no", "opening_hours": null }, "geometry": { "type": "Point", "coordinates": [ 4191765.370763739570975, 7513626.116374929435551 ] } },
{ "type": "Feature", "properties": { "element": "node", "id": 3212676150, "amenity": "atm", "operator": "ПАО Сбербанк", "brand": "Сбербанк", "cash_in": null, "opening_hours": null }, "geometry": { "type": "Point", "coordinates": [ 4181981.467322072014213, 7507391.20203419867903 ] } },
{ "type": "Feature", "properties": { "element": "node", "id": 3212676152, "amenity": "atm", "operator": "ПАО Сбербанк", "brand": "Сбербанк", "cash_in": null, "opening_hours": null }, "geometry": { "type": "Point", "coordinates": [ 4182027.531327362172306, 7507418.749742832034826 ] } },
{ "type": "Feature", "properties": { "element": "node", "id": 3212678062, "amenity": "atm", "operator": "ПАО Банк \"ФК Открытие\"", "brand": null, "cash_in": null, "opening_hours": null }, "geometry": { "type": "Point", "coordinates": [ 4181928.768675130791962, 7507485.968146701343358 ] } },
{ "type": "Feature", "properties": { "element": "node", "id": 3212678064, "amenity": "atm", "operator": "Банк ВТБ (ПАО)", "brand": "ВТБ", "cash_in": null, "opening_hours": null }, "geometry": { "type": "Point", "coordinates": [ 4181937.562914902810007, 7507490.180440400727093 ] } },
{ "type": "Feature", "properties": { "element": "node", "id": 3213704161, "amenity": "atm", "operator": "ПАО Сбербанк", "brand": "Сбербанк", "cash_in": null, "opening_hours": null }, "geometry": { "type": "Point", "coordinates": [ 4204525.857201678678393, 7499795.129372126422822 ] } },
{ "type": "Feature", "properties": { "element": "node", "id": 3218390301, "amenity": "atm", "operator": "АО ЮниКредит Банк", "brand": null, "cash_in": null, "opening_hours": null }, "geometry": { "type": "Point", "coordinates": [ 4184214.424987894482911, 7513668.193784193135798 ] } },
{ "type": "Feature", "properties": { "element": "node", "id": 3249138872, "amenity": "atm", "operator": "ПАО Сбербанк", "brand": "Сбербанк", "cash_in": null, "opening_hours": null }, "geometry": { "type": "Point", "coordinates": [ 4185480.906834648922086, 7479323.376776178367436 ] } },
{ "type": "Feature", "properties": { "element": "node", "id": 3252650533, "amenity": "atm", "operator": "Банк ВТБ (ПАО)", "brand": "ВТБ", "cash_in": null, "opening_hours": "24/7" }, "geometry": { "type": "Point", "coordinates": [ 4180403.090526012238115, 7492925.987142059952021 ] } },
{ "type": "Feature", "properties": { "element": "node", "id": 3298948765, "amenity": "atm", "operator": "АО \"БМ-Банк\"", "brand": null, "cash_in": null, "opening_hours": null }, "geometry": { "type": "Point", "coordinates": [ 4187810.456422633025795, 7511539.910935875028372 ] } },
{ "type": "Feature", "properties": { "element": "node", "id": 3300333799, "amenity": "atm", "operator": "Райффайзен", "brand": "Райффайзен", "cash_in": null, "opening_hours": null }, "geometry": { "type": "Point", "coordinates": [ 4187885.240856547374278, 7512963.79356818459928 ] } },
{ "type": "Feature", "properties": { "element": "node", "id": 3301034061, "amenity": "atm", "operator": "Банк ВТБ (ПАО)", "brand": "ВТБ", "cash_in": null, "opening_hours": null }, "geometry": { "type": "Point", "coordinates": [ 4188310.280936294235289, 7485169.234170076437294 ] } },
{ "type": "Feature", "properties": { "element": "node", "id": 3301034062, "amenity": "atm", "operator": "ПАО Сбербанк", "brand": "Сбербанк", "cash_in": null, "opening_hours": null }, "geometry": { "type": "Point", "coordinates": [ 4188294.518096398096532, 7485158.78313319850713 ] } },
{ "type": "Feature", "properties": { "element": "node", "id": 3303828096, "amenity": "atm", "operator": "ПАО Сбербанк", "brand": "Сбербанк", "cash_in": null, "opening_hours": null }, "geometry": { "type": "Point", "coordinates": [ 4189964.87818770064041, 7489990.365081616677344 ] } },
{ "type": "Feature", "properties": { "element": "node", "id": 3326157053, "amenity": "atm", "operator": "Банк ВТБ (ПАО)", "brand": "ВТБ", "cash_in": null, "opening_hours": null }, "geometry": { "type": "Point", "coordinates": [ 4191386.094126658048481, 7507521.980365640483797 ] } },
{ "type": "Feature", "properties": { "element": "node", "id": 3329224116, "amenity": "atm", "operator": "АО \"Альфа-Банк\"", "brand": "Альфа-Банк", "cash_in": null, "opening_hours": "24/7" }, "geometry": { "type": "Point", "coordinates": [ 4183549.346690149512142, 7519893.785379840061069 ] } },
{ "type": "Feature", "properties": { "element": "node", "id": 3341683386, "amenity": "atm", "operator": "АО \"Банк Русский Стандарт\"", "brand": "Русский Стандарт", "cash_in": null, "opening_hours": "24/7" }, "geometry": { "type": "Point", "coordinates": [ 4181650.625795434229076, 7494548.960049486719072 ] } },
{ "type": "Feature", "properties": { "element": "node", "id": 3387524695, "amenity": "atm", "operator": "Сбербанк", "brand": "Сбербанк", "cash_in": null, "opening_hours": "24/7" }, "geometry": { "type": "Point", "coordinates": [ 4180067.083775002043694, 7468931.241030348464847 ] } },
{ "type": "Feature", "properties": { "element": "node", "id": 3396803236, "amenity": "atm", "operator": "Банк ВТБ (ПАО)", "brand": "ВТБ", "cash_in": "yes", "opening_hours": "24/7" }, "geometry": { "type": "Point", "coordinates": [ 4182868.026878698728979, 7496295.852182395756245 ] } },
{ "type": "Feature", "properties": { "element": "node", "id": 3397009556, "amenity": "atm", "operator": "ПАО Сбербанк", "brand": "Сбербанк", "cash_in": "yes", "opening_hours": null }, "geometry": { "type": "Point", "coordinates": [ 4184550.40947500616312, 7500364.606724185869098 ] } },
{ "type": "Feature", "properties": { "element": "node", "id": 3398360838, "amenity": "atm", "operator": "ПАО Сбербанк", "brand": "Сбербанк", "cash_in": null, "opening_hours": null }, "geometry": { "type": "Point", "coordinates": [ 4203384.097712407819927, 7510658.535876848734915 ] } },
{ "type": "Feature", "properties": { "element": "node", "id": 3405256534, "amenity": "atm", "operator": "Азиатско-Тихоокеанский Банк", "brand": "Азиатско-Тихоокеанский Банк", "cash_in": null, "opening_hours": "Mo-Fr 09:00-19:00;Sa 10:00-17:00" }, "geometry": { "type": "Point", "coordinates": [ 4186179.013625311665237, 7510594.692675372585654 ] } },
{ "type": "Feature", "properties": { "element": "node", "id": 3410453576, "amenity": "atm", "operator": "АКБ \"Абсолют Банк\" (ПАО)", "brand": null, "cash_in": "yes", "opening_hours": "24/7" }, "geometry": { "type": "Point", "coordinates": [ 4188119.212162297219038, 7512784.1612234916538 ] } },
{ "type": "Feature", "properties": { "element": "node", "id": 3414576715, "amenity": "atm", "operator": "АКБ \"Абсолют Банк\" (ПАО)", "brand": null, "cash_in": "yes", "opening_hours": "24/7" }, "geometry": { "type": "Point", "coordinates": [ 4181245.567564284428954, 7516148.989482365548611 ] } },
{ "type": "Feature", "properties": { "element": "node", "id": 3417165859, "amenity": "atm", "operator": "АО \"Альфа-Банк\"", "brand": "Альфа-Банк", "cash_in": null, "opening_hours": null }, "geometry": { "type": "Point", "coordinates": [ 4188305.394010648597032, 7485290.230599732138216 ] } },
{ "type": "Feature", "properties": { "element": "node", "id": 3437734151, "amenity": "atm", "operator": "АО \"Райффайзенбанк\"", "brand": "Райффайзен", "cash_in": null, "opening_hours": null }, "geometry": { "type": "Point", "coordinates": [ 4188808.179622765630484, 7502891.882834727875888 ] } },
{ "type": "Feature", "properties": { "element": "node", "id": 3441536248, "amenity": "atm", "operator": "ВТБ", "brand": "ВТБ", "cash_in": null, "opening_hours": "Mo-Su 10:00-22:00" }, "geometry": { "type": "Point", "coordinates": [ 4188357.49153234064579, 7510807.53178084641695 ] } },
{ "type": "Feature", "properties": { "element": "node", "id": 3447562631, "amenity": "atm", "operator": "ПАО РОСБАНК", "brand": null, "cash_in": null, "opening_hours": "Tu-Su 12:00-21:00" }, "geometry": { "type": "Point", "coordinates": [ 4185470.431670565158129, 7507125.182846869342029 ] } },
{ "type": "Feature", "properties": { "element": "node", "id": 3478996674, "amenity": "atm", "operator": null, "brand": null, "cash_in": null, "opening_hours": null }, "geometry": { "type": "Point", "coordinates": [ 4192298.780367774423212, 7506143.332652924582362 ] } },
{ "type": "Feature", "properties": { "element": "node", "id": 3486439308, "amenity": "atm", "operator": "АО \"Альфа-Банк\"", "brand": "Альфа-Банк", "cash_in": null, "opening_hours": "08:00-23:00" }, "geometry": { "type": "Point", "coordinates": [ 4187764.359021495562047, 7518148.752217235974967 ] } },
{ "type": "Feature", "properties": { "element": "node", "id": 3500455285, "amenity": "atm", "operator": "ПАО Сбербанк", "brand": "Сбербанк", "cash_in": null, "opening_hours": null }, "geometry": { "type": "Point", "coordinates": [ 4174278.704024681821465, 7523166.9359872629866 ] } },
{ "type": "Feature", "properties": { "element": "node", "id": 3506676182, "amenity": "atm", "operator": "ПАО \"МОСКОВСКИЙ КРЕДИТНЫЙ БАНК\"", "brand": null, "cash_in": null, "opening_hours": "24/7" }, "geometry": { "type": "Point", "coordinates": [ 4188772.857948336750269, 7524781.853455774486065 ] } },
{ "type": "Feature", "properties": { "element": "node", "id": 3507397025, "amenity": "atm", "operator": "Альфа-Банк", "brand": "Альфа-Банк", "cash_in": null, "opening_hours": null }, "geometry": { "type": "Point", "coordinates": [ 4211135.55215507093817, 7512201.201248426921666 ] } },
{ "type": "Feature", "properties": { "element": "node", "id": 3510294686, "amenity": "atm", "operator": "Райффайзен", "brand": "Райффайзен", "cash_in": null, "opening_hours": "24/7" }, "geometry": { "type": "Point", "coordinates": [ 4179373.596743206493556, 7468768.233698218129575 ] } },
{ "type": "Feature", "properties": { "element": "node", "id": 3512452649, "amenity": "atm", "operator": "АО \"Альфа-Банк\"", "brand": "Альфа-Банк", "cash_in": null, "opening_hours": "Mo-Sa 09:30-21:00" }, "geometry": { "type": "Point", "coordinates": [ 4188342.18510235613212, 7505626.830803232267499 ] } },
{ "type": "Feature", "properties": { "element": "node", "id": 3526824258, "amenity": "atm", "operator": "АО \"Альфа-Банк\"", "brand": "Альфа-Банк", "cash_in": null, "opening_hours": "24/7" }, "geometry": { "type": "Point", "coordinates": [ 4187571.030461834277958, 7506773.826925499364734 ] } },
{ "type": "Feature", "properties": { "element": "node", "id": 3541486188, "amenity": "atm", "operator": "Банк ВТБ (ПАО)", "brand": "ВТБ", "cash_in": null, "opening_hours": "24/7" }, "geometry": { "type": "Point", "coordinates": [ 4193660.32905966648832, 7512893.855789224617183 ] } },
{ "type": "Feature", "properties": { "element": "node", "id": 3541832209, "amenity": "atm", "operator": "АО \"Райффайзенбанк\"", "brand": "Райффайзен", "cash_in": null, "opening_hours": null }, "geometry": { "type": "Point", "coordinates": [ 4187637.187635213136673, 7519262.000062317587435 ] } },
{ "type": "Feature", "properties": { "element": "node", "id": 3556400896, "amenity": "atm", "operator": "ПАО \"МОСКОВСКИЙ КРЕДИТНЫЙ БАНК\"", "brand": null, "cash_in": null, "opening_hours": null }, "geometry": { "type": "Point", "coordinates": [ 4175184.332610081415623, 7498955.886734000407159 ] } },
{ "type": "Feature", "properties": { "element": "node", "id": 3558465029, "amenity": "atm", "operator": "АО ЮниКредит Банк", "brand": null, "cash_in": null, "opening_hours": "24/7" }, "geometry": { "type": "Point", "coordinates": [ 4179602.202449499629438, 7517716.496268306858838 ] } },
{ "type": "Feature", "properties": { "element": "node", "id": 3577257736, "amenity": "atm", "operator": "ПАО Сбербанк", "brand": "Сбербанк", "cash_in": null, "opening_hours": null }, "geometry": { "type": "Point", "coordinates": [ 4167727.40727615961805, 7485801.370714242570102 ] } },
{ "type": "Feature", "properties": { "element": "node", "id": 3577257737, "amenity": "atm", "operator": "ПАО Сбербанк", "brand": "Сбербанк", "cash_in": null, "opening_hours": null }, "geometry": { "type": "Point", "coordinates": [ 4167904.249419234227389, 7485883.073443154804409 ] } },
{ "type": "Feature", "properties": { "element": "node", "id": 3577257738, "amenity": "atm", "operator": "ПАО Сбербанк", "brand": "Сбербанк", "cash_in": null, "opening_hours": null }, "geometry": { "type": "Point", "coordinates": [ 4168006.062225514091551, 7485899.323376862332225 ] } },
{ "type": "Feature", "properties": { "element": "node", "id": 3583952359, "amenity": "atm", "operator": "АО \"Кредит Европа Банк (Россия)\"", "brand": null, "cash_in": null, "opening_hours": null }, "geometry": { "type": "Point", "coordinates": [ 4194539.274363122880459, 7516830.910626386292279 ] } },
{ "type": "Feature", "properties": { "element": "node", "id": 3613464464, "amenity": "atm", "operator": "Банк ВТБ (ПАО)", "brand": "ВТБ", "cash_in": null, "opening_hours": "24/7" }, "geometry": { "type": "Point", "coordinates": [ 4187344.395110527519137, 7517478.813347012735903 ] } },
{ "type": "Feature", "properties": { "element": "node", "id": 3627631458, "amenity": "atm", "operator": "АО \"Райффайзенбанк\"", "brand": "Райффайзен", "cash_in": null, "opening_hours": null }, "geometry": { "type": "Point", "coordinates": [ 4141462.976049070712179, 7554967.411894621327519 ] } },
{ "type": "Feature", "properties": { "element": "node", "id": 3627631459, "amenity": "atm", "operator": "ПАО Сбербанк", "brand": "Сбербанк", "cash_in": null, "opening_hours": null }, "geometry": { "type": "Point", "coordinates": [ 4141462.953785172197968, 7554970.933886025100946 ] } },
{ "type": "Feature", "properties": { "element": "node", "id": 3631729777, "amenity": "atm", "operator": "ПАО Банк \"ФК Открытие\"", "brand": null, "cash_in": null, "opening_hours": null }, "geometry": { "type": "Point", "coordinates": [ 4188564.478993520140648, 7501254.864754353649914 ] } },
{ "type": "Feature", "properties": { "element": "node", "id": 3640349617, "amenity": "atm", "operator": "АО \"Райффайзенбанк\"", "brand": "Райффайзен", "cash_in": null, "opening_hours": null }, "geometry": { "type": "Point", "coordinates": [ 4183612.832195749040693, 7513694.794108646921813 ] } },
{ "type": "Feature", "properties": { "element": "node", "id": 3642483381, "amenity": "atm", "operator": "ПАО Сбербанк", "brand": "Сбербанк", "cash_in": null, "opening_hours": null }, "geometry": { "type": "Point", "coordinates": [ 4168283.103042250499129, 7524027.406320600770414 ] } },
{ "type": "Feature", "properties": { "element": "node", "id": 3646541597, "amenity": "atm", "operator": "ПАО Сбербанк", "brand": "Сбербанк", "cash_in": null, "opening_hours": "24/7" }, "geometry": { "type": "Point", "coordinates": [ 4183513.245779285207391, 7504026.118068873882294 ] } },
{ "type": "Feature", "properties": { "element": "node", "id": 3650549481, "amenity": "atm", "operator": "Банк ВТБ (ПАО)", "brand": "ВТБ", "cash_in": null, "opening_hours": "24/7" }, "geometry": { "type": "Point", "coordinates": [ 4188819.678926164284348, 7511376.575813442468643 ] } },
{ "type": "Feature", "properties": { "element": "node", "id": 3657565818, "amenity": "atm", "operator": "АО \"Альфа-Банк\"", "brand": "Альфа-Банк", "cash_in": null, "opening_hours": "24/7" }, "geometry": { "type": "Point", "coordinates": [ 4175584.904665752314031, 7507813.960431439802051 ] } },
{ "type": "Feature", "properties": { "element": "node", "id": 3659068622, "amenity": "atm", "operator": "ИНВЕСТТОРГБАНК АО", "brand": null, "cash_in": null, "opening_hours": "24/7" }, "geometry": { "type": "Point", "coordinates": [ 4184212.031618842389435, 7514255.737937714904547 ] } },
{ "type": "Feature", "properties": { "element": "node", "id": 3660580227, "amenity": "atm", "operator": "Банк ВТБ (ПАО)", "brand": "ВТБ", "cash_in": null, "opening_hours": null }, "geometry": { "type": "Point", "coordinates": [ 4202257.21050710696727, 7516401.995347212068737 ] } },
{ "type": "Feature", "properties": { "element": "node", "id": 3666878249, "amenity": "atm", "operator": "ПАО Сбербанк", "brand": "Сбербанк", "cash_in": "no", "opening_hours": "Mo-Su 09:00-22:00" }, "geometry": { "type": "Point", "coordinates": [ 4157508.478396420367062, 7528988.735500134527683 ] } },
{ "type": "Feature", "properties": { "element": "node", "id": 3672326247, "amenity": "atm", "operator": "АО \"Альфа-Банк\"", "brand": "Альфа-Банк", "cash_in": null, "opening_hours": null }, "geometry": { "type": "Point", "coordinates": [ 4209601.380328805185854, 7517370.320845236070454 ] } },
{ "type": "Feature", "properties": { "element": "node", "id": 3677737830, "amenity": "atm", "operator": "ВТБ", "brand": "ВТБ", "cash_in": null, "opening_hours": null }, "geometry": { "type": "Point", "coordinates": [ 4164370.456711797975004, 7509891.641253843903542 ] } },
{ "type": "Feature", "properties": { "element": "node", "id": 3683499632, "amenity": "atm", "operator": "Банк ИПБ (АО)", "brand": null, "cash_in": null, "opening_hours": null }, "geometry": { "type": "Point", "coordinates": [ 4167321.43622518517077, 7531014.048782045021653 ] } },
{ "type": "Feature", "properties": { "element": "node", "id": 3683874533, "amenity": "atm", "operator": "Банк ВТБ (ПАО)", "brand": "ВТБ", "cash_in": null, "opening_hours": null }, "geometry": { "type": "Point", "coordinates": [ 4192013.468512870837003, 7500145.199654465541244 ] } },
{ "type": "Feature", "properties": { "element": "node", "id": 3685929576, "amenity": "atm", "operator": "ПАО Сбербанк", "brand": "Сбербанк", "cash_in": null, "opening_hours": null }, "geometry": { "type": "Point", "coordinates": [ 4187916.187674988526851, 7508037.936643396504223 ] } },
{ "type": "Feature", "properties": { "element": "node", "id": 3700986285, "amenity": "atm", "operator": "Райффайзен", "brand": "Райффайзен", "cash_in": null, "opening_hours": "24/7" }, "geometry": { "type": "Point", "coordinates": [ 4207612.702153580263257, 7522197.248310155235231 ] } },
{ "type": "Feature", "properties": { "element": "node", "id": 3709672596, "amenity": "atm", "operator": null, "brand": null, "cash_in": null, "opening_hours": null }, "geometry": { "type": "Point", "coordinates": [ 4171870.017410693224519, 7473404.598401865921915 ] } },
{ "type": "Feature", "properties": { "element": "node", "id": 3716041760, "amenity": "atm", "operator": "АО \"Райффайзенбанк\"", "brand": "Райффайзен", "cash_in": null, "opening_hours": "24/7" }, "geometry": { "type": "Point", "coordinates": [ 4182979.14599440805614, 7509387.152610654011369 ] } },
{ "type": "Feature", "properties": { "element": "node", "id": 3717916471, "amenity": "atm", "operator": "ПАО Сбербанк", "brand": "Сбербанк", "cash_in": "yes", "opening_hours": null }, "geometry": { "type": "Point", "coordinates": [ 4164165.216966622043401, 7518681.184325755573809 ] } },
{ "type": "Feature", "properties": { "element": "node", "id": 3718109899, "amenity": "atm", "operator": "Газпромбанк", "brand": "Газпромбанк", "cash_in": null, "opening_hours": "09:00-21:00" }, "geometry": { "type": "Point", "coordinates": [ 4179317.56964349001646, 7486101.562971807084978 ] } },
{ "type": "Feature", "properties": { "element": "node", "id": 3718109901, "amenity": "atm", "operator": "Газпромбанк", "brand": "Газпромбанк", "cash_in": "no", "opening_hours": "10:00-22:00" }, "geometry": { "type": "Point", "coordinates": [ 4178984.557386782951653, 7486717.701615277677774 ] } },
{ "type": "Feature", "properties": { "element": "node", "id": 3719237225, "amenity": "atm", "operator": "АО \"Альфа-Банк\"", "brand": "Альфа-Банк", "cash_in": null, "opening_hours": null }, "geometry": { "type": "Point", "coordinates": [ 4197268.783749577589333, 7515145.204817221499979 ] } },
{ "type": "Feature", "properties": { "element": "node", "id": 3720509245, "amenity": "atm", "operator": "Банк ВТБ (ПАО)", "brand": "ВТБ", "cash_in": "yes", "opening_hours": null }, "geometry": { "type": "Point", "coordinates": [ 4188169.305933153722435, 7500808.043397984467447 ] } },
{ "type": "Feature", "properties": { "element": "node", "id": 3722074764, "amenity": "atm", "operator": "ПАО Сбербанк", "brand": "Сбербанк", "cash_in": null, "opening_hours": null }, "geometry": { "type": "Point", "coordinates": [ 4182681.232773147523403, 7467213.14645413774997 ] } },
{ "type": "Feature", "properties": { "element": "node", "id": 3722074765, "amenity": "atm", "operator": "ПАО Сбербанк", "brand": "Сбербанк", "cash_in": null, "opening_hours": null }, "geometry": { "type": "Point", "coordinates": [ 4182682.880301610566676, 7467264.631408387795091 ] } },
{ "type": "Feature", "properties": { "element": "node", "id": 3722074766, "amenity": "atm", "operator": "ПАО Сбербанк", "brand": "Сбербанк", "cash_in": null, "opening_hours": null }, "geometry": { "type": "Point", "coordinates": [ 4182686.00837930245325, 7467231.658964147791266 ] } },
{ "type": "Feature", "properties": { "element": "node", "id": 3722074767, "amenity": "atm", "operator": "ПАО Сбербанк", "brand": "Сбербанк", "cash_in": null, "opening_hours": null }, "geometry": { "type": "Point", "coordinates": [ 4182534.747455212287605, 7467859.457979021593928 ] } },
{ "type": "Feature", "properties": { "element": "node", "id": 3725026903, "amenity": "atm", "operator": "АО \"Райффайзенбанк\"", "brand": "Райффайзен", "cash_in": null, "opening_hours": null }, "geometry": { "type": "Point", "coordinates": [ 4184288.875463336706161, 7505593.358136424794793 ] } },
{ "type": "Feature", "properties": { "element": "node", "id": 3733213053, "amenity": "atm", "operator": "ПАО \"МТС-Банк\"", "brand": "МТС Банк", "cash_in": null, "opening_hours": "24/7" }, "geometry": { "type": "Point", "coordinates": [ 4184846.318945433478802, 7512196.90722962655127 ] } },
{ "type": "Feature", "properties": { "element": "node", "id": 3735078080, "amenity": "atm", "operator": "ВТБ", "brand": "ВТБ", "cash_in": null, "opening_hours": null }, "geometry": { "type": "Point", "coordinates": [ 4207806.843345522880554, 7521875.261378587223589 ] } },
{ "type": "Feature", "properties": { "element": "node", "id": 3740110019, "amenity": "atm", "operator": "АО \"Райффайзенбанк\"", "brand": "Райффайзен", "cash_in": null, "opening_hours": "24/7" }, "geometry": { "type": "Point", "coordinates": [ 4173964.838720390573144, 7493315.955924600362778 ] } },
{ "type": "Feature", "properties": { "element": "node", "id": 3749360999, "amenity": "atm", "operator": "\"Азиатско-Тихоокеанский Банк\" (АО)", "brand": null, "cash_in": null, "opening_hours": "24/7" }, "geometry": { "type": "Point", "coordinates": [ 4184781.67571712937206, 7505509.944012474268675 ] } },
{ "type": "Feature", "properties": { "element": "node", "id": 3749361000, "amenity": "atm", "operator": "АО \"Райффайзенбанк\"", "brand": "Райффайзен", "cash_in": null, "opening_hours": "24/7" }, "geometry": { "type": "Point", "coordinates": [ 4184779.126500790473074, 7505510.734850849024951 ] } },
{ "type": "Feature", "properties": { "element": "node", "id": 3749361001, "amenity": "atm", "operator": "АО \"Альфа-Банк\"", "brand": "Альфа-Банк", "cash_in": null, "opening_hours": "24/7" }, "geometry": { "type": "Point", "coordinates": [ 4184776.710867839865386, 7505511.466376415453851 ] } },
{ "type": "Feature", "properties": { "element": "node", "id": 3756053512, "amenity": "atm", "operator": "Банк ВТБ (ПАО)", "brand": "ВТБ", "cash_in": null, "opening_hours": "24/7" }, "geometry": { "type": "Point", "coordinates": [ 4185290.016171837225556, 7515409.817997949197888 ] } },
{ "type": "Feature", "properties": { "element": "node", "id": 3768556410, "amenity": "atm", "operator": "ПАО Сбербанк", "brand": "Сбербанк", "cash_in": null, "opening_hours": null }, "geometry": { "type": "Point", "coordinates": [ 4192323.259523799177259, 7506347.091790094971657 ] } },
{ "type": "Feature", "properties": { "element": "node", "id": 3768556411, "amenity": "atm", "operator": "ПАО Сбербанк", "brand": "Сбербанк", "cash_in": "no", "opening_hours": null }, "geometry": { "type": "Point", "coordinates": [ 4193878.526393570471555, 7506541.444067372009158 ] } },
{ "type": "Feature", "properties": { "element": "node", "id": 3783312674, "amenity": "atm", "operator": "АО АКБ \"НОВИКОМБАНК\"", "brand": null, "cash_in": null, "opening_hours": "24/7" }, "geometry": { "type": "Point", "coordinates": [ 4187010.213999167084694, 7506908.154211218468845 ] } },
{ "type": "Feature", "properties": { "element": "node", "id": 3806834364, "amenity": "atm", "operator": "Банк ГПБ (АО)", "brand": "Газпромбанк", "cash_in": null, "opening_hours": "24/7" }, "geometry": { "type": "Point", "coordinates": [ 4180162.050432597752661, 7508093.649881676770747 ] } },
{ "type": "Feature", "properties": { "element": "node", "id": 3812446745, "amenity": "atm", "operator": "ПАО Сбербанк", "brand": "Сбербанк", "cash_in": null, "opening_hours": null }, "geometry": { "type": "Point", "coordinates": [ 4183035.852143018506467, 7510832.302060026675463 ] } },
{ "type": "Feature", "properties": { "element": "node", "id": 3834400133, "amenity": "atm", "operator": "Банк ВТБ (ПАО)", "brand": "ВТБ", "cash_in": null, "opening_hours": null }, "geometry": { "type": "Point", "coordinates": [ 4165262.181492797564715, 7502742.367707644589245 ] } },
{ "type": "Feature", "properties": { "element": "node", "id": 3842373556, "amenity": "atm", "operator": "Банк ВТБ (ПАО)", "brand": "ВТБ", "cash_in": null, "opening_hours": null }, "geometry": { "type": "Point", "coordinates": [ 4164588.086316298693419, 7502527.201450220309198 ] } },
{ "type": "Feature", "properties": { "element": "node", "id": 3872466339, "amenity": "atm", "operator": "АО \"Райффайзенбанк\"", "brand": "Райффайзен", "cash_in": "yes", "opening_hours": "24/7" }, "geometry": { "type": "Point", "coordinates": [ 4178690.785250579472631, 7518064.627940299920738 ] } },
{ "type": "Feature", "properties": { "element": "node", "id": 3893425804, "amenity": "atm", "operator": "ПАО Банк \"ФК Открытие\"", "brand": null, "cash_in": null, "opening_hours": null }, "geometry": { "type": "Point", "coordinates": [ 4192824.486663044895977, 7509931.403553841635585 ] } },
{ "type": "Feature", "properties": { "element": "node", "id": 3893618245, "amenity": "atm", "operator": "АО \"Райффайзенбанк\"", "brand": "Райффайзен", "cash_in": null, "opening_hours": "24/7" }, "geometry": { "type": "Point", "coordinates": [ 4184598.299119945149869, 7513101.217015921138227 ] } },
{ "type": "Feature", "properties": { "element": "node", "id": 3908290071, "amenity": "atm", "operator": "\"СДМ-Банк\" (ПАО)", "brand": null, "cash_in": null, "opening_hours": null }, "geometry": { "type": "Point", "coordinates": [ 4184039.297164977528155, 7505839.414294512011111 ] } },
{ "type": "Feature", "properties": { "element": "node", "id": 3929528682, "amenity": "atm", "operator": "Банк ГПБ (АО)", "brand": "Газпромбанк", "cash_in": null, "opening_hours": null }, "geometry": { "type": "Point", "coordinates": [ 4190673.983344053383917, 7499213.110181760974228 ] } },
{ "type": "Feature", "properties": { "element": "node", "id": 3945710961, "amenity": "atm", "operator": "Банк ВТБ (ПАО)", "brand": "ВТБ", "cash_in": null, "opening_hours": null }, "geometry": { "type": "Point", "coordinates": [ 4173409.966718531213701, 7480274.273472780361772 ] } },
{ "type": "Feature", "properties": { "element": "node", "id": 3945710962, "amenity": "atm", "operator": "ПАО Сбербанк", "brand": "Сбербанк", "cash_in": null, "opening_hours": null }, "geometry": { "type": "Point", "coordinates": [ 4173417.948326020967215, 7480297.546843308024108 ] } },
{ "type": "Feature", "properties": { "element": "node", "id": 3945710965, "amenity": "atm", "operator": "ПАО Сбербанк", "brand": "Сбербанк", "cash_in": null, "opening_hours": null }, "geometry": { "type": "Point", "coordinates": [ 4173469.567173901945353, 7480477.075367407873273 ] } },
{ "type": "Feature", "properties": { "element": "node", "id": 3953402572, "amenity": "atm", "operator": "Открытие", "brand": "Открытие", "cash_in": "yes", "opening_hours": "24/7" }, "geometry": { "type": "Point", "coordinates": [ 4176562.022628139238805, 7519615.034453294239938 ] } },
{ "type": "Feature", "properties": { "element": "node", "id": 3974043085, "amenity": "atm", "operator": "ПАО \"Промсвязьбанк\"", "brand": "Промсвязьбанк", "cash_in": null, "opening_hours": "Mo-Su 9:00-23:00" }, "geometry": { "type": "Point", "coordinates": [ 4168780.300415930338204, 7534701.317255137488246 ] } },
{ "type": "Feature", "properties": { "element": "node", "id": 3978581025, "amenity": "atm", "operator": "ПАО Сбербанк", "brand": "Сбербанк", "cash_in": null, "opening_hours": null }, "geometry": { "type": "Point", "coordinates": [ 4211282.026341056451201, 7521062.577106966637075 ] } },
{ "type": "Feature", "properties": { "element": "node", "id": 3980376856, "amenity": "atm", "operator": "ПАО \"МОСКОВСКИЙ КРЕДИТНЫЙ БАНК\"", "brand": "МКБ", "cash_in": null, "opening_hours": null }, "geometry": { "type": "Point", "coordinates": [ 4196913.618914201855659, 7533855.965990726836026 ] } },
{ "type": "Feature", "properties": { "element": "node", "id": 3982273520, "amenity": "atm", "operator": "ПАО Сбербанк", "brand": "Сбербанк", "cash_in": null, "opening_hours": "Mo-Su 08:30-20:00" }, "geometry": { "type": "Point", "coordinates": [ 4196149.288158466108143, 7534689.231082992628217 ] } },
{ "type": "Feature", "properties": { "element": "node", "id": 3988578671, "amenity": "atm", "operator": "ПАО Сбербанк", "brand": "Сбербанк", "cash_in": null, "opening_hours": null }, "geometry": { "type": "Point", "coordinates": [ 4177662.003912514541298, 7469680.638828958384693 ] } },
{ "type": "Feature", "properties": { "element": "node", "id": 4006533789, "amenity": "atm", "operator": "Сбербанк", "brand": "Сбербанк", "cash_in": null, "opening_hours": "Mo-Su 07:00-24:00" }, "geometry": { "type": "Point", "coordinates": [ 4152132.938109656795859, 7518727.586975899524987 ] } },
{ "type": "Feature", "properties": { "element": "node", "id": 4006533790, "amenity": "atm", "operator": "АО \"Райффайзенбанк\"", "brand": "Райффайзен", "cash_in": null, "opening_hours": "Mo-Su 07:00-24:00" }, "geometry": { "type": "Point", "coordinates": [ 4152134.518846426159143, 7518656.666094119660556 ] } },
{ "type": "Feature", "properties": { "element": "node", "id": 4019689197, "amenity": "atm", "operator": "ПАО Банк \"ФК Открытие\"", "brand": null, "cash_in": null, "opening_hours": "24/7" }, "geometry": { "type": "Point", "coordinates": [ 4166439.006621667649597, 7507451.834809311665595 ] } },
{ "type": "Feature", "properties": { "element": "node", "id": 4023618520, "amenity": "atm", "operator": "ПАО Сбербанк", "brand": "Сбербанк", "cash_in": null, "opening_hours": null }, "geometry": { "type": "Point", "coordinates": [ 4199707.871716501191258, 7514471.053346880711615 ] } },
{ "type": "Feature", "properties": { "element": "node", "id": 4027401020, "amenity": "atm", "operator": "Банк ВТБ (ПАО)", "brand": "ВТБ", "cash_in": null, "opening_hours": null }, "geometry": { "type": "Point", "coordinates": [ 4184245.004452014807612, 7517597.188545969314873 ] } },
{ "type": "Feature", "properties": { "element": "node", "id": 4027401021, "amenity": "atm", "operator": "ПАО Сбербанк", "brand": "Сбербанк", "cash_in": null, "opening_hours": null }, "geometry": { "type": "Point", "coordinates": [ 4184242.243728643748909, 7517597.030130304396152 ] } },
{ "type": "Feature", "properties": { "element": "node", "id": 4027401022, "amenity": "atm", "operator": "ПАО Сбербанк", "brand": "Сбербанк", "cash_in": null, "opening_hours": null }, "geometry": { "type": "Point", "coordinates": [ 4184247.887626825831831, 7517597.188545969314873 ] } },
{ "type": "Feature", "properties": { "element": "node", "id": 4031886934, "amenity": "atm", "operator": "АО \"Райффайзенбанк\"", "brand": "Райффайзен", "cash_in": null, "opening_hours": null }, "geometry": { "type": "Point", "coordinates": [ 4141115.547918304800987, 7560096.38318085949868 ] } },
{ "type": "Feature", "properties": { "element": "node", "id": 4035479177, "amenity": "atm", "operator": "Уралсиб", "brand": "Уралсиб", "cash_in": null, "opening_hours": null }, "geometry": { "type": "Point", "coordinates": [ 4141069.595232505816966, 7560132.642146516591311 ] } },
{ "type": "Feature", "properties": { "element": "node", "id": 4035589936, "amenity": "atm", "operator": "ВТБ", "brand": "ВТБ", "cash_in": null, "opening_hours": "24/7" }, "geometry": { "type": "Point", "coordinates": [ 4199198.162032057531178, 7481606.46649884339422 ] } },
{ "type": "Feature", "properties": { "element": "node", "id": 4037292824, "amenity": "atm", "operator": "АО \"НС Банк\"", "brand": null, "cash_in": null, "opening_hours": "24/7" }, "geometry": { "type": "Point", "coordinates": [ 4191958.376496877521276, 7510082.185639845207334 ] } },
{ "type": "Feature", "properties": { "element": "node", "id": 4041200388, "amenity": "atm", "operator": "ПАО Сбербанк", "brand": "Сбербанк", "cash_in": null, "opening_hours": null }, "geometry": { "type": "Point", "coordinates": [ 4156844.958571547176689, 7495827.241452561691403 ] } },
{ "type": "Feature", "properties": { "element": "node", "id": 4053202882, "amenity": "atm", "operator": "\"СДМ-Банк\" (ПАО)", "brand": null, "cash_in": null, "opening_hours": null }, "geometry": { "type": "Point", "coordinates": [ 4211661.725992202758789, 7521256.171253396198153 ] } },
{ "type": "Feature", "properties": { "element": "node", "id": 4059999289, "amenity": "atm", "operator": "ПАО Сбербанк", "brand": "Сбербанк", "cash_in": null, "opening_hours": null }, "geometry": { "type": "Point", "coordinates": [ 4167228.473318425007164, 7494107.244855093769729 ] } },
{ "type": "Feature", "properties": { "element": "node", "id": 4065376859, "amenity": "atm", "operator": "ПАО Сбербанк", "brand": "Сбербанк", "cash_in": null, "opening_hours": "09:00-22:00" }, "geometry": { "type": "Point", "coordinates": [ 4192892.881358188111335, 7498091.195975792594254 ] } },
{ "type": "Feature", "properties": { "element": "node", "id": 4068258278, "amenity": "atm", "operator": "Банк ВТБ (ПАО)", "brand": "ВТБ", "cash_in": null, "opening_hours": null }, "geometry": { "type": "Point", "coordinates": [ 4192788.363488282077014, 7497841.712915365584195 ] } },
{ "type": "Feature", "properties": { "element": "node", "id": 4069944094, "amenity": "atm", "operator": null, "brand": null, "cash_in": null, "opening_hours": null }, "geometry": { "type": "Point", "coordinates": [ 4181210.713431717827916, 7517453.645485235378146 ] } },
{ "type": "Feature", "properties": { "element": "node", "id": 4070021191, "amenity": "atm", "operator": null, "brand": null, "cash_in": null, "opening_hours": "24/7" }, "geometry": { "type": "Point", "coordinates": [ 4181213.351703649386764, 7517450.041596722789109 ] } },
{ "type": "Feature", "properties": { "element": "node", "id": 4070035289, "amenity": "atm", "operator": null, "brand": null, "cash_in": null, "opening_hours": "24/7" }, "geometry": { "type": "Point", "coordinates": [ 4181224.116298409178853, 7517447.843621587380767 ] } },
{ "type": "Feature", "properties": { "element": "node", "id": 4070321309, "amenity": "atm", "operator": "ПАО \"Промсвязьбанк\"", "brand": "Промсвязьбанк", "cash_in": null, "opening_hours": null }, "geometry": { "type": "Point", "coordinates": [ 4183850.766475370153785, 7490111.437038294039667 ] } },
{ "type": "Feature", "properties": { "element": "node", "id": 4073297424, "amenity": "atm", "operator": "Банк ГПБ (АО)", "brand": "Газпромбанк", "cash_in": null, "opening_hours": "24/7" }, "geometry": { "type": "Point", "coordinates": [ 4185956.085213049780577, 7500694.92441790830344 ] } },
{ "type": "Feature", "properties": { "element": "node", "id": 4073611389, "amenity": "atm", "operator": null, "brand": null, "cash_in": null, "opening_hours": "Mo-Su 10:00-22:00" }, "geometry": { "type": "Point", "coordinates": [ 4168481.663617978803813, 7493360.232325148768723 ] } },
{ "type": "Feature", "properties": { "element": "node", "id": 4075394562, "amenity": "atm", "operator": "ПАО Сбербанк", "brand": "Сбербанк", "cash_in": null, "opening_hours": null }, "geometry": { "type": "Point", "coordinates": [ 4190041.109774995595217, 7504801.464469251222908 ] } },
{ "type": "Feature", "properties": { "element": "node", "id": 4075402375, "amenity": "atm", "operator": "Банк ВТБ (ПАО)", "brand": "ВТБ", "cash_in": "no", "opening_hours": "24/7" }, "geometry": { "type": "Point", "coordinates": [ 4190174.604108354542404, 7504790.255373029969633 ] } },
{ "type": "Feature", "properties": { "element": "node", "id": 4075402376, "amenity": "atm", "operator": "АО \"Альфа-Банк\"", "brand": "Альфа-Банк", "cash_in": null, "opening_hours": null }, "geometry": { "type": "Point", "coordinates": [ 4190004.608113965019584, 7504829.101781343109906 ] } },
{ "type": "Feature", "properties": { "element": "node", "id": 4076702860, "amenity": "atm", "operator": "Банк ВТБ (ПАО)", "brand": "ВТБ", "cash_in": null, "opening_hours": null }, "geometry": { "type": "Point", "coordinates": [ 4183083.55254482338205, 7510798.885943339206278 ] } },
{ "type": "Feature", "properties": { "element": "node", "id": 4078444714, "amenity": "atm", "operator": "ПАО Сбербанк", "brand": "Сбербанк", "cash_in": null, "opening_hours": "24/7" }, "geometry": { "type": "Point", "coordinates": [ 4186760.012311659753323, 7511880.224984073080122 ] } },
{ "type": "Feature", "properties": { "element": "node", "id": 4078511999, "amenity": "atm", "operator": null, "brand": null, "cash_in": null, "opening_hours": "Mo-Su 10:00-22:00" }, "geometry": { "type": "Point", "coordinates": [ 4170716.535979042761028, 7494444.461543701589108 ] } },
{ "type": "Feature", "properties": { "element": "node", "id": 4080209289, "amenity": "atm", "operator": null, "brand": null, "cash_in": null, "opening_hours": null }, "geometry": { "type": "Point", "coordinates": [ 4189568.725515813566744, 7519703.731338582932949 ] } },
{ "type": "Feature", "properties": { "element": "node", "id": 4082439990, "amenity": "atm", "operator": null, "brand": null, "cash_in": null, "opening_hours": null }, "geometry": { "type": "Point", "coordinates": [ 4181993.879445295780897, 7510872.54404095839709 ] } },
{ "type": "Feature", "properties": { "element": "node", "id": 4083152789, "amenity": "atm", "operator": null, "brand": null, "cash_in": null, "opening_hours": "24/7" }, "geometry": { "type": "Point", "coordinates": [ 4188094.810929915402085, 7495756.195036781951785 ] } },
{ "type": "Feature", "properties": { "element": "node", "id": 4093182631, "amenity": "atm", "operator": "Банк ВТБ (ПАО)", "brand": "ВТБ", "cash_in": null, "opening_hours": null }, "geometry": { "type": "Point", "coordinates": [ 4182688.680047081317753, 7467263.92316825222224 ] } },
{ "type": "Feature", "properties": { "element": "node", "id": 4100031692, "amenity": "atm", "operator": null, "brand": null, "cash_in": null, "opening_hours": null }, "geometry": { "type": "Point", "coordinates": [ 4178108.406202544923872, 7480785.949072862975299 ] } },
{ "type": "Feature", "properties": { "element": "node", "id": 4100398140, "amenity": "atm", "operator": "ПАО Сбербанк", "brand": "Сбербанк", "cash_in": "yes", "opening_hours": "24/7" }, "geometry": { "type": "Point", "coordinates": [ 4176155.194417085964233, 7530119.040377614088356 ] } },
{ "type": "Feature", "properties": { "element": "node", "id": 4100514134, "amenity": "atm", "operator": "ПАО Сбербанк", "brand": "Сбербанк", "cash_in": null, "opening_hours": null }, "geometry": { "type": "Point", "coordinates": [ 4177881.871038780547678, 7498590.206034831702709 ] } },
{ "type": "Feature", "properties": { "element": "node", "id": 4102826189, "amenity": "atm", "operator": null, "brand": null, "cash_in": null, "opening_hours": "Mo-Su 10:00-21:00" }, "geometry": { "type": "Point", "coordinates": [ 4165523.325886249076575, 7502562.558109652251005 ] } },
{ "type": "Feature", "properties": { "element": "node", "id": 4103678289, "amenity": "atm", "operator": null, "brand": null, "cash_in": null, "opening_hours": null }, "geometry": { "type": "Point", "coordinates": [ 4181538.816498881671578, 7532203.653274259530008 ] } },
{ "type": "Feature", "properties": { "element": "node", "id": 4107107690, "amenity": "atm", "operator": null, "brand": null, "cash_in": null, "opening_hours": "24/7" }, "geometry": { "type": "Point", "coordinates": [ 4187927.297360169235617, 7512321.513898903504014 ] } },
{ "type": "Feature", "properties": { "element": "node", "id": 4114907679, "amenity": "atm", "operator": "АО \"Россельхозбанк\"", "brand": "Россельхозбанк", "cash_in": null, "opening_hours": "24/7" }, "geometry": { "type": "Point", "coordinates": [ 4184026.584479129873216, 7500749.517703013494611 ] } },
{ "type": "Feature", "properties": { "element": "node", "id": 4117098594, "amenity": "atm", "operator": "ПАО Сбербанк", "brand": "Сбербанк", "cash_in": null, "opening_hours": "24/7" }, "geometry": { "type": "Point", "coordinates": [ 4182082.089009799994528, 7521071.927838177420199 ] } },
{ "type": "Feature", "properties": { "element": "node", "id": 4120902789, "amenity": "atm", "operator": null, "brand": null, "cash_in": null, "opening_hours": null }, "geometry": { "type": "Point", "coordinates": [ 4183772.586796986404806, 7512499.512782957404852 ] } },
{ "type": "Feature", "properties": { "element": "node", "id": 4121913880, "amenity": "atm", "operator": "ПАО Сбербанк", "brand": "Сбербанк", "cash_in": null, "opening_hours": "Mo-Su 09:00-21:30" }, "geometry": { "type": "Point", "coordinates": [ 4159555.432325076311827, 7527600.515127421356738 ] } },
{ "type": "Feature", "properties": { "element": "node", "id": 4124346492, "amenity": "atm", "operator": null, "brand": null, "cash_in": null, "opening_hours": null }, "geometry": { "type": "Point", "coordinates": [ 4189174.198108493816108, 7523456.159829973243177 ] } },
{ "type": "Feature", "properties": { "element": "node", "id": 4126073933, "amenity": "atm", "operator": "АО \"Райффайзенбанк\"", "brand": "Райффайзен", "cash_in": null, "opening_hours": "Mo-Su 06:00-24:00" }, "geometry": { "type": "Point", "coordinates": [ 4188325.019636875018477, 7498703.886786784045398 ] } },
{ "type": "Feature", "properties": { "element": "node", "id": 4127528689, "amenity": "atm", "operator": "ПАО \"Промсвязьбанк\"", "brand": "Промсвязьбанк", "cash_in": null, "opening_hours": "Mo-Fr 08:00-20:00; Sa 09:00-18:00; Su 09:00-14:00" }, "geometry": { "type": "Point", "coordinates": [ 4182603.342525438405573, 7522848.09884334821254 ] } },
{ "type": "Feature", "properties": { "element": "node", "id": 4127700589, "amenity": "atm", "operator": "АО \"Альфа-Банк\"", "brand": "Альфа-Банк", "cash_in": null, "opening_hours": "24/7" }, "geometry": { "type": "Point", "coordinates": [ 4206159.65997220389545, 7502510.975782023742795 ] } },
{ "type": "Feature", "properties": { "element": "node", "id": 4127700689, "amenity": "atm", "operator": "ПАО \"Промсвязьбанк\"", "brand": "Промсвязьбанк", "cash_in": null, "opening_hours": "24/7" }, "geometry": { "type": "Point", "coordinates": [ 4206154.951157743111253, 7502510.185250949114561 ] } },
{ "type": "Feature", "properties": { "element": "node", "id": 4130650329, "amenity": "atm", "operator": "ПАО Сбербанк", "brand": "Сбербанк", "cash_in": null, "opening_hours": "Mo-Su 09:00-23:00" }, "geometry": { "type": "Point", "coordinates": [ 4203074.573868256993592, 7494456.010997322387993 ] } },
{ "type": "Feature", "properties": { "element": "node", "id": 4144794763, "amenity": "atm", "operator": "ПАО Сбербанк", "brand": "Сбербанк", "cash_in": "yes", "opening_hours": "24/7" }, "geometry": { "type": "Point", "coordinates": [ 4187287.28821175172925, 7506616.880724025890231 ] } },
{ "type": "Feature", "properties": { "element": "node", "id": 4144794768, "amenity": "atm", "operator": "ПАО Сбербанк", "brand": "Сбербанк", "cash_in": "yes", "opening_hours": "24/7" }, "geometry": { "type": "Point", "coordinates": [ 4187286.798405991867185, 7506620.479555431753397 ] } },
{ "type": "Feature", "properties": { "element": "node", "id": 4151982905, "amenity": "atm", "operator": "ПАО Сбербанк", "brand": "Сбербанк", "cash_in": "yes", "opening_hours": "24/7" }, "geometry": { "type": "Point", "coordinates": [ 4185375.776707543060184, 7489353.781956624239683 ] } },
{ "type": "Feature", "properties": { "element": "node", "id": 4161702708, "amenity": "atm", "operator": "ПАО \"Промсвязьбанк\"", "brand": "Промсвязьбанк", "cash_in": null, "opening_hours": "24/7" }, "geometry": { "type": "Point", "coordinates": [ 4190067.670605498831719, 7504780.963894674554467 ] } },
{ "type": "Feature", "properties": { "element": "node", "id": 4166480833, "amenity": "atm", "operator": "Банк ВТБ (ПАО)", "brand": "ВТБ", "cash_in": null, "opening_hours": "24/7" }, "geometry": { "type": "Point", "coordinates": [ 4184814.136480643879622, 7513087.621009824797511 ] } },
{ "type": "Feature", "properties": { "element": "node", "id": 4177719961, "amenity": "atm", "operator": "ПАО Сбербанк", "brand": "Сбербанк", "cash_in": null, "opening_hours": "Mo-Fr 09:00-19:00; Sa 09:00-16:30" }, "geometry": { "type": "Point", "coordinates": [ 4138178.705980248283595, 7555130.260911895893514 ] } },
{ "type": "Feature", "properties": { "element": "node", "id": 4178857534, "amenity": "atm", "operator": "ПАО \"АК БАРС\" БАНК", "brand": "Ак Барс Банк", "cash_in": null, "opening_hours": "24/7" }, "geometry": { "type": "Point", "coordinates": [ 4171308.588690826669335, 7529551.407963007688522 ] } },
{ "type": "Feature", "properties": { "element": "node", "id": 4180956936, "amenity": "atm", "operator": "ПАО \"Совкомбанк\"", "brand": null, "cash_in": null, "opening_hours": null }, "geometry": { "type": "Point", "coordinates": [ 4197698.399060395546257, 7509548.071864961646497 ] } },
{ "type": "Feature", "properties": { "element": "node", "id": 4187602462, "amenity": "atm", "operator": "Альфа-Банк", "brand": "Альфа-Банк", "cash_in": null, "opening_hours": null }, "geometry": { "type": "Point", "coordinates": [ 4187277.046818597707897, 7509901.255403120070696 ] } },
{ "type": "Feature", "properties": { "element": "node", "id": 4187602463, "amenity": "atm", "operator": "ПАО Банк \"ФК Открытие\"", "brand": null, "cash_in": null, "opening_hours": null }, "geometry": { "type": "Point", "coordinates": [ 4187280.876209081616253, 7509903.510575672611594 ] } },
{ "type": "Feature", "properties": { "element": "node", "id": 4191912157, "amenity": "atm", "operator": "ПАО Сбербанк", "brand": "Сбербанк", "cash_in": "no", "opening_hours": null }, "geometry": { "type": "Point", "coordinates": [ 4189790.229038594756275, 7513487.674214116297662 ] } },
{ "type": "Feature", "properties": { "element": "node", "id": 4195249089, "amenity": "atm", "operator": null, "brand": null, "cash_in": null, "opening_hours": "Mo-Su 10:00-22:00" }, "geometry": { "type": "Point", "coordinates": [ 4187698.212980065960437, 7483100.40161938033998 ] } },
{ "type": "Feature", "properties": { "element": "node", "id": 4199061890, "amenity": "atm", "operator": null, "brand": null, "cash_in": null, "opening_hours": null }, "geometry": { "type": "Point", "coordinates": [ 4181210.958334597293288, 7517460.754259270615876 ] } },
{ "type": "Feature", "properties": { "element": "node", "id": 4199200424, "amenity": "atm", "operator": null, "brand": null, "cash_in": null, "opening_hours": null }, "geometry": { "type": "Point", "coordinates": [ 4175544.1283362749964, 7488067.635291986167431 ] } },
{ "type": "Feature", "properties": { "element": "node", "id": 4207446791, "amenity": "atm", "operator": "ПАО Сбербанк", "brand": "Сбербанк", "cash_in": null, "opening_hours": "Mo-Fr 09:30-18:00" }, "geometry": { "type": "Point", "coordinates": [ 4197461.845142460428178, 7507860.970175471156836 ] } },
{ "type": "Feature", "properties": { "element": "node", "id": 4207577782, "amenity": "atm", "operator": "ПАО Банк \"ФК Открытие\"", "brand": null, "cash_in": null, "opening_hours": null }, "geometry": { "type": "Point", "coordinates": [ 4192670.843501851893961, 7495800.149746094830334 ] } },
{ "type": "Feature", "properties": { "element": "node", "id": 4207884489, "amenity": "atm", "operator": "Сбербанк", "brand": "Сбербанк", "cash_in": null, "opening_hours": null }, "geometry": { "type": "Point", "coordinates": [ 4176187.81102788913995, 7519817.268009713850915 ] } },
{ "type": "Feature", "properties": { "element": "node", "id": 4221693762, "amenity": "atm", "operator": "ПАО Сбербанк", "brand": "Сбербанк", "cash_in": null, "opening_hours": "24/7" }, "geometry": { "type": "Point", "coordinates": [ 4182661.963369290810078, 7496384.696132219396532 ] } },
{ "type": "Feature", "properties": { "element": "node", "id": 4224611689, "amenity": "atm", "operator": "Банк ВТБ (ПАО)", "brand": "ВТБ", "cash_in": "no", "opening_hours": "24/7" }, "geometry": { "type": "Point", "coordinates": [ 4203811.230598581954837, 7506018.430269418284297 ] } },
{ "type": "Feature", "properties": { "element": "node", "id": 4226622397, "amenity": "atm", "operator": "АО \"Райффайзенбанк\"", "brand": "Райффайзен", "cash_in": null, "opening_hours": "24/7" }, "geometry": { "type": "Point", "coordinates": [ 4194655.747946339659393, 7513496.164734018966556 ] } },
{ "type": "Feature", "properties": { "element": "node", "id": 4226665115, "amenity": "atm", "operator": "ПАО Сбербанк", "brand": "Сбербанк", "cash_in": null, "opening_hours": null }, "geometry": { "type": "Point", "coordinates": [ 4186390.854616291355342, 7505879.926823910325766 ] } },
{ "type": "Feature", "properties": { "element": "node", "id": 4228842202, "amenity": "atm", "operator": "Сбербанк", "brand": "Сбербанк", "cash_in": null, "opening_hours": "Mo-Su 08:00-23:00" }, "geometry": { "type": "Point", "coordinates": [ 4176810.899613705463707, 7486266.790043168701231 ] } },
{ "type": "Feature", "properties": { "element": "node", "id": 4228863290, "amenity": "atm", "operator": "Альфа-Банк", "brand": "Альфа-Банк", "cash_in": null, "opening_hours": "Mo-Su 08:00-23:00" }, "geometry": { "type": "Point", "coordinates": [ 4176804.387423494365066, 7486263.279572118073702 ] } },
{ "type": "Feature", "properties": { "element": "node", "id": 4229617593, "amenity": "atm", "operator": "ПАО Сбербанк", "brand": "Сбербанк", "cash_in": null, "opening_hours": null }, "geometry": { "type": "Point", "coordinates": [ 4179032.524955365341157, 7490185.864873928017914 ] } },
{ "type": "Feature", "properties": { "element": "node", "id": 4235065499, "amenity": "atm", "operator": "ПАО Сбербанк", "brand": "Сбербанк", "cash_in": null, "opening_hours": null }, "geometry": { "type": "Point", "coordinates": [ 4173415.9000473911874, 7525724.391799644567072 ] } },
{ "type": "Feature", "properties": { "element": "node", "id": 4245257589, "amenity": "atm", "operator": "ПАО \"МТС-Банк\"", "brand": "МТС Банк", "cash_in": "yes", "opening_hours": "Mo-Fr 07:00-21:00; Sa 09:00-20:00; Su 09:00-18:00" }, "geometry": { "type": "Point", "coordinates": [ 4183291.775652352254838, 7513110.360195067711174 ] } },
{ "type": "Feature", "properties": { "element": "node", "id": 4246293522, "amenity": "atm", "operator": "Банк ВТБ (ПАО)", "brand": "ВТБ", "cash_in": null, "opening_hours": null }, "geometry": { "type": "Point", "coordinates": [ 4187296.549993385560811, 7496386.947359162382782 ] } },
{ "type": "Feature", "properties": { "element": "node", "id": 4250489696, "amenity": "atm", "operator": "ПАО Сбербанк", "brand": "Сбербанк", "cash_in": null, "opening_hours": null }, "geometry": { "type": "Point", "coordinates": [ 4192251.636563422624022, 7494512.297556098550558 ] } },
{ "type": "Feature", "properties": { "element": "node", "id": 4250621605, "amenity": "atm", "operator": "ПАО Сбербанк", "brand": "Сбербанк", "cash_in": null, "opening_hours": "24/7" }, "geometry": { "type": "Point", "coordinates": [ 4201337.366422734223306, 7489264.131021914072335 ] } },
{ "type": "Feature", "properties": { "element": "node", "id": 4259313892, "amenity": "atm", "operator": "ПАО Сбербанк", "brand": "Сбербанк", "cash_in": null, "opening_hours": "Mo-Fr 08:30-19:30; Sa 09:00-14:00" }, "geometry": { "type": "Point", "coordinates": [ 4182211.765084624756128, 7522088.035556696355343 ] } },
{ "type": "Feature", "properties": { "element": "node", "id": 4262574823, "amenity": "atm", "operator": "ПАО Сбербанк", "brand": "Сбербанк", "cash_in": null, "opening_hours": null }, "geometry": { "type": "Point", "coordinates": [ 4178491.723737142048776, 7505400.057808388955891 ] } },
{ "type": "Feature", "properties": { "element": "node", "id": 4275558290, "amenity": "atm", "operator": "Банк ВТБ (ПАО)", "brand": "ВТБ", "cash_in": null, "opening_hours": "Mo-Fr 09:00-20:00; Sa 10:00-19:00" }, "geometry": { "type": "Point", "coordinates": [ 4182683.726329741533846, 7522450.571583204902709 ] } },
{ "type": "Feature", "properties": { "element": "node", "id": 4285863691, "amenity": "atm", "operator": "АО \"Альфа-Банк\"", "brand": "Альфа-Банк", "cash_in": null, "opening_hours": "24/7" }, "geometry": { "type": "Point", "coordinates": [ 4176303.984048480167985, 7514490.926482242532074 ] } },
{ "type": "Feature", "properties": { "element": "node", "id": 4285874992, "amenity": "atm", "operator": "ПАО РОСБАНК", "brand": "Росбанк", "cash_in": null, "opening_hours": "24/7" }, "geometry": { "type": "Point", "coordinates": [ 4176314.370156971272081, 7514451.378201555460691 ] } },
{ "type": "Feature", "properties": { "element": "node", "id": 4289532700, "amenity": "atm", "operator": null, "brand": null, "cash_in": null, "opening_hours": null }, "geometry": { "type": "Point", "coordinates": [ 4158903.022185384295881, 7528133.342630496248603 ] } },
{ "type": "Feature", "properties": { "element": "node", "id": 4289539799, "amenity": "atm", "operator": "АО \"Альфа-Банк\"", "brand": "Альфа-Банк", "cash_in": null, "opening_hours": null }, "geometry": { "type": "Point", "coordinates": [ 4158391.21969451289624, 7529654.935286053456366 ] } },
{ "type": "Feature", "properties": { "element": "node", "id": 4294686299, "amenity": "atm", "operator": "ПАО Сбербанк", "brand": "Сбербанк", "cash_in": null, "opening_hours": null }, "geometry": { "type": "Point", "coordinates": [ 4198012.987941377796233, 7532931.658968437463045 ] } },
{ "type": "Feature", "properties": { "element": "node", "id": 4298747698, "amenity": "atm", "operator": "ПАО \"Промсвязьбанк\"", "brand": "Промсвязьбанк", "cash_in": null, "opening_hours": "24/7" }, "geometry": { "type": "Point", "coordinates": [ 4196775.582745618186891, 7517695.288071906194091 ] } },
{ "type": "Feature", "properties": { "element": "node", "id": 4298816691, "amenity": "atm", "operator": "Банк ГПБ (АО)", "brand": null, "cash_in": null, "opening_hours": "24/7" }, "geometry": { "type": "Point", "coordinates": [ 4190053.555294065736234, 7522110.028566611930728 ] } },
{ "type": "Feature", "properties": { "element": "node", "id": 4303381008, "amenity": "atm", "operator": "ПАО Сбербанк", "brand": "Сбербанк", "cash_in": null, "opening_hours": null }, "geometry": { "type": "Point", "coordinates": [ 4193153.502550034318119, 7483635.192915693856776 ] } },
{ "type": "Feature", "properties": { "element": "node", "id": 4303395892, "amenity": "atm", "operator": "ПАО Сбербанк", "brand": "Сбербанк", "cash_in": null, "opening_hours": "24/7" }, "geometry": { "type": "Point", "coordinates": [ 4192256.15613474836573, 7488261.705553446896374 ] } },
{ "type": "Feature", "properties": { "element": "node", "id": 4310019889, "amenity": "atm", "operator": "Банк ВТБ (ПАО)", "brand": "ВТБ", "cash_in": null, "opening_hours": "Mo-Su 09:00-22:00" }, "geometry": { "type": "Point", "coordinates": [ 4165881.8748341454193, 7504092.85228163190186 ] } },
{ "type": "Feature", "properties": { "element": "node", "id": 4312757442, "amenity": "atm", "operator": "ПАО Сбербанк", "brand": "Сбербанк", "cash_in": null, "opening_hours": null }, "geometry": { "type": "Point", "coordinates": [ 4138407.367346286773682, 7554440.166077150963247 ] } },
{ "type": "Feature", "properties": { "element": "node", "id": 4315677892, "amenity": "atm", "operator": "АО ЮниКредит Банк", "brand": "ЮниКредит Банк", "cash_in": null, "opening_hours": null }, "geometry": { "type": "Point", "coordinates": [ 4189511.06201958283782, 7507650.88215103931725 ] } },
{ "type": "Feature", "properties": { "element": "node", "id": 4315683889, "amenity": "atm", "operator": "Банк ГПБ (АО)", "brand": "Газпромбанк", "cash_in": null, "opening_hours": null }, "geometry": { "type": "Point", "coordinates": [ 4189508.846761716064066, 7507656.103134023025632 ] } },
{ "type": "Feature", "properties": { "element": "node", "id": 4318697439, "amenity": "atm", "operator": "ООО \"ХКФ Банк\"", "brand": null, "cash_in": null, "opening_hours": "Mo-Fr 10:00-20:00; Sa 10:00-17:00" }, "geometry": { "type": "Point", "coordinates": [ 4209629.210201503708959, 7508871.897295393049717 ] } },
{ "type": "Feature", "properties": { "element": "node", "id": 4318697440, "amenity": "atm", "operator": "Банк ВТБ (ПАО)", "brand": "ВТБ", "cash_in": null, "opening_hours": "24/7" }, "geometry": { "type": "Point", "coordinates": [ 4209682.643557084724307, 7508971.191393626853824 ] } },
{ "type": "Feature", "properties": { "element": "node", "id": 4318697441, "amenity": "atm", "operator": "АО \"Альфа-Банк\"", "brand": "Альфа-Банк", "cash_in": null, "opening_hours": null }, "geometry": { "type": "Point", "coordinates": [ 4210187.332732493057847, 7508986.125178300775588 ] } },
{ "type": "Feature", "properties": { "element": "node", "id": 4318697442, "amenity": "atm", "operator": "ПАО АКБ \"АВАНГАРД\"", "brand": "Авангард", "cash_in": null, "opening_hours": "24/7" }, "geometry": { "type": "Point", "coordinates": [ 4210077.705297959968448, 7508986.322976967319846 ] } },
{ "type": "Feature", "properties": { "element": "node", "id": 4318697443, "amenity": "atm", "operator": "ПАО Сбербанк", "brand": "Сбербанк", "cash_in": null, "opening_hours": "24/7" }, "geometry": { "type": "Point", "coordinates": [ 4210054.361600740812719, 7508991.188825759105384 ] } },
{ "type": "Feature", "properties": { "element": "node", "id": 4318697444, "amenity": "atm", "operator": "ПАО Сбербанк", "brand": "Сбербанк", "cash_in": null, "opening_hours": "24/7" }, "geometry": { "type": "Point", "coordinates": [ 4209307.162914638407528, 7509202.935339803807437 ] } },
{ "type": "Feature", "properties": { "element": "node", "id": 4318697446, "amenity": "atm", "operator": "ПАО Банк \"ФК Открытие\"", "brand": null, "cash_in": null, "opening_hours": "09:00-22:00" }, "geometry": { "type": "Point", "coordinates": [ 4210156.875719812698662, 7509285.954218321479857 ] } },
{ "type": "Feature", "properties": { "element": "node", "id": 4318697447, "amenity": "atm", "operator": "АО \"Альфа-Банк\"", "brand": "Альфа-Банк", "cash_in": null, "opening_hours": "24/7" }, "geometry": { "type": "Point", "coordinates": [ 4210040.157233715988696, 7509302.095233370549977 ] } },
{ "type": "Feature", "properties": { "element": "node", "id": 4318697448, "amenity": "atm", "operator": "Альфа-Банк", "brand": "Альфа-Банк", "cash_in": null, "opening_hours": "24/7" }, "geometry": { "type": "Point", "coordinates": [ 4209581.175841226242483, 7509704.741406880319118 ] } },
{ "type": "Feature", "properties": { "element": "node", "id": 4321067437, "amenity": "atm", "operator": "Банк ВТБ (ПАО)", "brand": "ВТБ", "cash_in": null, "opening_hours": "24/7" }, "geometry": { "type": "Point", "coordinates": [ 4167082.422146503813565, 7531283.452343984507024 ] } },
{ "type": "Feature", "properties": { "element": "node", "id": 4324874281, "amenity": "atm", "operator": null, "brand": null, "cash_in": null, "opening_hours": null }, "geometry": { "type": "Point", "coordinates": [ 4200986.710026734508574, 7514011.986295684240758 ] } },
{ "type": "Feature", "properties": { "element": "node", "id": 4325187293, "amenity": "atm", "operator": "ПАО Сбербанк", "brand": "Сбербанк", "cash_in": null, "opening_hours": null }, "geometry": { "type": "Point", "coordinates": [ 4203469.479761846363544, 7519508.136056944727898 ] } },
{ "type": "Feature", "properties": { "element": "node", "id": 4327588190, "amenity": "atm", "operator": "ПАО Сбербанк", "brand": "Сбербанк", "cash_in": null, "opening_hours": "24/7" }, "geometry": { "type": "Point", "coordinates": [ 4200970.25700599513948, 7483412.751357849687338 ] } },
{ "type": "Feature", "properties": { "element": "node", "id": 4327593691, "amenity": "atm", "operator": "ПАО Сбербанк", "brand": "Сбербанк", "cash_in": null, "opening_hours": "24/7" }, "geometry": { "type": "Point", "coordinates": [ 4201029.723877977579832, 7483426.393782611005008 ] } },
{ "type": "Feature", "properties": { "element": "node", "id": 4330095089, "amenity": "atm", "operator": "Банк ВТБ (ПАО)", "brand": "ВТБ", "cash_in": null, "opening_hours": null }, "geometry": { "type": "Point", "coordinates": [ 4162495.090646250639111, 7508035.899567760527134 ] } },
{ "type": "Feature", "properties": { "element": "node", "id": 4333459103, "amenity": "atm", "operator": "Банк ВТБ (ПАО)", "brand": "ВТБ", "cash_in": null, "opening_hours": null }, "geometry": { "type": "Point", "coordinates": [ 4174448.388324498198926, 7487825.419246373698115 ] } },
{ "type": "Feature", "properties": { "element": "node", "id": 4336633490, "amenity": "atm", "operator": "ВТБ", "brand": "ВТБ", "cash_in": null, "opening_hours": null }, "geometry": { "type": "Point", "coordinates": [ 4176522.281569926068187, 7518130.137067473493516 ] } },
{ "type": "Feature", "properties": { "element": "node", "id": 4337419790, "amenity": "atm", "operator": null, "brand": null, "cash_in": null, "opening_hours": null }, "geometry": { "type": "Point", "coordinates": [ 4174373.626154481433332, 7488819.719236740842462 ] } },
{ "type": "Feature", "properties": { "element": "node", "id": 4338825089, "amenity": "atm", "operator": null, "brand": null, "cash_in": null, "opening_hours": "24/7" }, "geometry": { "type": "Point", "coordinates": [ 4170289.848370831925422, 7527128.769867238588631 ] } },
{ "type": "Feature", "properties": { "element": "node", "id": 4343523535, "amenity": "atm", "operator": "Банк ВТБ (ПАО)", "brand": "ВТБ", "cash_in": null, "opening_hours": "24/7" }, "geometry": { "type": "Point", "coordinates": [ 4186598.454334671143442, 7531099.068283732049167 ] } },
{ "type": "Feature", "properties": { "element": "node", "id": 4343523536, "amenity": "atm", "operator": "АО \"Альфа-Банк\"", "brand": "Альфа-Банк", "cash_in": null, "opening_hours": "24/7" }, "geometry": { "type": "Point", "coordinates": [ 4186525.862894725985825, 7531136.004253130406141 ] } },
{ "type": "Feature", "properties": { "element": "node", "id": 4343899491, "amenity": "atm", "operator": "АО \"Райффайзенбанк\"", "brand": "Райффайзен", "cash_in": "yes", "opening_hours": null }, "geometry": { "type": "Point", "coordinates": [ 4186091.97291546035558, 7478704.970476959832013 ] } },
{ "type": "Feature", "properties": { "element": "node", "id": 4343917490, "amenity": "atm", "operator": "АО \"Альфа-Банк\"", "brand": "Альфа-Банк", "cash_in": "yes", "opening_hours": "24/7" }, "geometry": { "type": "Point", "coordinates": [ 4186615.118862443137914, 7479385.957064260728657 ] } },
{ "type": "Feature", "properties": { "element": "node", "id": 4347697153, "amenity": "atm", "operator": "ПАО КБ \"УБРиР\"", "brand": null, "cash_in": null, "opening_hours": null }, "geometry": { "type": "Point", "coordinates": [ 4187856.286656992975622, 7501661.893246927298605 ] } },
{ "type": "Feature", "properties": { "element": "node", "id": 4348262591, "amenity": "atm", "operator": "ПАО Сбербанк", "brand": "Сбербанк", "cash_in": null, "opening_hours": null }, "geometry": { "type": "Point", "coordinates": [ 4176395.97847567172721, 7502104.139664702117443 ] } },
{ "type": "Feature", "properties": { "element": "node", "id": 4348267691, "amenity": "atm", "operator": "ПАО Сбербанк", "brand": "Сбербанк", "cash_in": null, "opening_hours": null }, "geometry": { "type": "Point", "coordinates": [ 4177041.130584564059973, 7512288.328791305422783 ] } },
{ "type": "Feature", "properties": { "element": "node", "id": 4349721892, "amenity": "atm", "operator": "Банк ГПБ (АО)", "brand": "Газпромбанк", "cash_in": null, "opening_hours": null }, "geometry": { "type": "Point", "coordinates": [ 4188195.621860777027905, 7485800.148039365187287 ] } },
{ "type": "Feature", "properties": { "element": "node", "id": 4349721893, "amenity": "atm", "operator": "ПАО \"МОСКОВСКИЙ КРЕДИТНЫЙ БАНК\"", "brand": null, "cash_in": null, "opening_hours": null }, "geometry": { "type": "Point", "coordinates": [ 4188199.406723463907838, 7485802.672271580435336 ] } },
{ "type": "Feature", "properties": { "element": "node", "id": 4360249191, "amenity": "atm", "operator": "ПАО \"Промсвязьбанк\"", "brand": "Промсвязьбанк", "cash_in": "no", "opening_hours": "Mo-Su 10:00-22:00" }, "geometry": { "type": "Point", "coordinates": [ 4159112.358487820718437, 7527953.098778581246734 ] } },
{ "type": "Feature", "properties": { "element": "node", "id": 4364555975, "amenity": "atm", "operator": "ПАО \"Промсвязьбанк\"", "brand": "Промсвязьбанк", "cash_in": null, "opening_hours": "24/7" }, "geometry": { "type": "Point", "coordinates": [ 4172774.254502458032221, 7491789.769535847008228 ] } },
{ "type": "Feature", "properties": { "element": "node", "id": 4364555978, "amenity": "atm", "operator": "Сбербанк", "brand": "Сбербанк", "cash_in": null, "opening_hours": "24/7" }, "geometry": { "type": "Point", "coordinates": [ 4204048.207530583254993, 7500192.301015757024288 ] } },
{ "type": "Feature", "properties": { "element": "node", "id": 4366482901, "amenity": "atm", "operator": "Сбербанк", "brand": "Сбербанк", "cash_in": null, "opening_hours": "Mo-Su 00:00-01:00,05:45-24:00" }, "geometry": { "type": "Point", "coordinates": [ 4188773.358886045403779, 7510719.985704523511231 ] } },
{ "type": "Feature", "properties": { "element": "node", "id": 4371181690, "amenity": "atm", "operator": "АО \"Райффайзенбанк\"", "brand": "Райффайзен", "cash_in": null, "opening_hours": "Mo-Su 10:00-22:00" }, "geometry": { "type": "Point", "coordinates": [ 4206490.623950282111764, 7517273.215509053319693 ] } },
{ "type": "Feature", "properties": { "element": "node", "id": 4382023466, "amenity": "atm", "operator": "Банк ВТБ (ПАО)", "brand": "ВТБ", "cash_in": null, "opening_hours": "24/7" }, "geometry": { "type": "Point", "coordinates": [ 4185610.00404812162742, 7507248.264030935242772 ] } },
{ "type": "Feature", "properties": { "element": "node", "id": 4384764023, "amenity": "atm", "operator": "ПАО Сбербанк", "brand": "Сбербанк", "cash_in": "yes", "opening_hours": null }, "geometry": { "type": "Point", "coordinates": [ 4185620.65732339117676, 7516496.515827008523047 ] } },
{ "type": "Feature", "properties": { "element": "node", "id": 4384769700, "amenity": "atm", "operator": "АО \"Альфа-Банк\"", "brand": "Альфа-Банк", "cash_in": null, "opening_hours": null }, "geometry": { "type": "Point", "coordinates": [ 4186071.957671015989035, 7517360.677581191062927 ] } },
{ "type": "Feature", "properties": { "element": "node", "id": 4384769701, "amenity": "atm", "operator": "АО \"Альфа-Банк\"", "brand": "Альфа-Банк", "cash_in": "yes", "opening_hours": null }, "geometry": { "type": "Point", "coordinates": [ 4185756.355782668106258, 7515878.193902844563127 ] } },
{ "type": "Feature", "properties": { "element": "node", "id": 4395940640, "amenity": "atm", "operator": "Банк ГПБ (АО)", "brand": "Газпромбанк", "cash_in": null, "opening_hours": null }, "geometry": { "type": "Point", "coordinates": [ 4173519.627548911608756, 7479943.133123551495373 ] } },
{ "type": "Feature", "properties": { "element": "node", "id": 4400788099, "amenity": "atm", "operator": "ПАО Сбербанк", "brand": "Сбербанк", "cash_in": "yes", "opening_hours": null }, "geometry": { "type": "Point", "coordinates": [ 4190373.943920518271625, 7500029.660283898934722 ] } },
{ "type": "Feature", "properties": { "element": "node", "id": 4400788116, "amenity": "atm", "operator": "Банк ГПБ (АО)", "brand": "Газпромбанк", "cash_in": "yes", "opening_hours": null }, "geometry": { "type": "Point", "coordinates": [ 4190362.333297627978027, 7500025.274247468449175 ] } },
{ "type": "Feature", "properties": { "element": "node", "id": 4400960921, "amenity": "atm", "operator": "АО \"Райффайзенбанк\"", "brand": "Райффайзен", "cash_in": null, "opening_hours": null }, "geometry": { "type": "Point", "coordinates": [ 4190368.578321062028408, 7500027.645077662542462 ] } },
{ "type": "Feature", "properties": { "element": "node", "id": 4408185294, "amenity": "atm", "operator": "АО \"Райффайзенбанк\"", "brand": "Райффайзен", "cash_in": null, "opening_hours": "24/7" }, "geometry": { "type": "Point", "coordinates": [ 4185557.583699907176197, 7517943.889026933349669 ] } },
{ "type": "Feature", "properties": { "element": "node", "id": 4412901196, "amenity": "atm", "operator": "АО \"Райффайзенбанк\"", "brand": "Райффайзен", "cash_in": null, "opening_hours": null }, "geometry": { "type": "Point", "coordinates": [ 4186298.826793252490461, 7518370.79085090290755 ] } },
{ "type": "Feature", "properties": { "element": "node", "id": 4413683361, "amenity": "atm", "operator": "Банк ВТБ (ПАО)", "brand": "ВТБ", "cash_in": null, "opening_hours": null }, "geometry": { "type": "Point", "coordinates": [ 4167464.648750091902912, 7530512.738440685905516 ] } },
{ "type": "Feature", "properties": { "element": "node", "id": 4420922468, "amenity": "atm", "operator": "Банк ВТБ (ПАО)", "brand": "ВТБ", "cash_in": null, "opening_hours": "10:00-22:00" }, "geometry": { "type": "Point", "coordinates": [ 4191982.944708494935185, 7535842.067347411066294 ] } },
{ "type": "Feature", "properties": { "element": "node", "id": 4421649691, "amenity": "atm", "operator": "ПАО Сбербанк", "brand": "Сбербанк", "cash_in": null, "opening_hours": "24/7" }, "geometry": { "type": "Point", "coordinates": [ 4190055.859607525169849, 7522130.832822921685874 ] } },
{ "type": "Feature", "properties": { "element": "node", "id": 4422442486, "amenity": "atm", "operator": "ПАО Сбербанк", "brand": "Сбербанк", "cash_in": null, "opening_hours": null }, "geometry": { "type": "Point", "coordinates": [ 4186554.149177336134017, 7487219.192419682629406 ] } },
{ "type": "Feature", "properties": { "element": "node", "id": 4423683390, "amenity": "atm", "operator": "ПАО Сбербанк", "brand": "Сбербанк", "cash_in": null, "opening_hours": null }, "geometry": { "type": "Point", "coordinates": [ 4200381.632934528402984, 7502759.10772396530956 ] } },
{ "type": "Feature", "properties": { "element": "node", "id": 4429331400, "amenity": "atm", "operator": "ПАО Сбербанк", "brand": "Сбербанк", "cash_in": null, "opening_hours": "Mo-Su 10:00-22:00" }, "geometry": { "type": "Point", "coordinates": [ 4185738.845226765610278, 7514732.852360991761088 ] } },
{ "type": "Feature", "properties": { "element": "node", "id": 4437603590, "amenity": "atm", "operator": "ПАО Сбербанк", "brand": "Сбербанк", "cash_in": null, "opening_hours": null }, "geometry": { "type": "Point", "coordinates": [ 4158732.24695455795154, 7527850.84349699690938 ] } },
{ "type": "Feature", "properties": { "element": "node", "id": 4438972103, "amenity": "atm", "operator": "ПАО \"МОСКОВСКИЙ КРЕДИТНЫЙ БАНК\"", "brand": "Московский кредитный банк", "cash_in": null, "opening_hours": "Mo-Su 09:00-23:00" }, "geometry": { "type": "Point", "coordinates": [ 4200408.928473670966923, 7499409.080651962198317 ] } },
{ "type": "Feature", "properties": { "element": "node", "id": 4449504392, "amenity": "atm", "operator": "ПАО Сбербанк", "brand": "Сбербанк", "cash_in": null, "opening_hours": "Mo-Su 08:00-23:00" }, "geometry": { "type": "Point", "coordinates": [ 4152970.116340168286115, 7484262.649431412108243 ] } },
{ "type": "Feature", "properties": { "element": "node", "id": 4450367661, "amenity": "atm", "operator": "Сбербанк", "brand": "Сбербанк", "cash_in": null, "opening_hours": null }, "geometry": { "type": "Point", "coordinates": [ 4193482.640888461843133, 7507462.929116198793054 ] } },
{ "type": "Feature", "properties": { "element": "node", "id": 4455480572, "amenity": "atm", "operator": "ПАО Банк \"ФК Открытие\"", "brand": null, "cash_in": null, "opening_hours": null }, "geometry": { "type": "Point", "coordinates": [ 4181028.416633594315499, 7534047.798097784630954 ] } },
{ "type": "Feature", "properties": { "element": "node", "id": 4463321545, "amenity": "atm", "operator": "АО \"Кредит Европа Банк (Россия)\"", "brand": "КредитЕвропаБанк", "cash_in": null, "opening_hours": null }, "geometry": { "type": "Point", "coordinates": [ 4190019.780960558913648, 7499919.338394725695252 ] } },
{ "type": "Feature", "properties": { "element": "node", "id": 4466264595, "amenity": "atm", "operator": "ПАО Сбербанк", "brand": "Сбербанк", "cash_in": null, "opening_hours": "Mo-Fr 09:00-18:00" }, "geometry": { "type": "Point", "coordinates": [ 4191525.911407093517482, 7519953.78361067827791 ] } },
{ "type": "Feature", "properties": { "element": "node", "id": 4473880830, "amenity": "atm", "operator": "ПАО Банк \"ФК Открытие\"", "brand": null, "cash_in": null, "opening_hours": null }, "geometry": { "type": "Point", "coordinates": [ 4184971.787143505644053, 7500740.448433469049633 ] } },
{ "type": "Feature", "properties": { "element": "node", "id": 4476249293, "amenity": "atm", "operator": "Банк ВТБ (ПАО)", "brand": "ВТБ", "cash_in": null, "opening_hours": "24/7" }, "geometry": { "type": "Point", "coordinates": [ 4150756.261098965536803, 7480409.796022542752326 ] } },
{ "type": "Feature", "properties": { "element": "node", "id": 4476251692, "amenity": "atm", "operator": "ПАО Сбербанк", "brand": "Сбербанк", "cash_in": null, "opening_hours": "24/7" }, "geometry": { "type": "Point", "coordinates": [ 4150830.989873135462403, 7480313.607677551917732 ] } },
{ "type": "Feature", "properties": { "element": "node", "id": 4476271189, "amenity": "atm", "operator": "АО \"Альфа-Банк\"", "brand": "Альфа-Банк", "cash_in": null, "opening_hours": "24/7" }, "geometry": { "type": "Point", "coordinates": [ 4150734.787569191306829, 7480334.043413050472736 ] } },
{ "type": "Feature", "properties": { "element": "node", "id": 4485222693, "amenity": "atm", "operator": "Уралсиб", "brand": "Уралсиб", "cash_in": null, "opening_hours": null }, "geometry": { "type": "Point", "coordinates": [ 4141051.884301520418376, 7560161.83262964617461 ] } },
{ "type": "Feature", "properties": { "element": "node", "id": 4487458826, "amenity": "atm", "operator": "ПАО Сбербанк", "brand": "Сбербанк", "cash_in": "yes", "opening_hours": "24/7" }, "geometry": { "type": "Point", "coordinates": [ 4188543.595457047689706, 7507976.567503582686186 ] } },
{ "type": "Feature", "properties": { "element": "node", "id": 4488554709, "amenity": "atm", "operator": "АО \"Альфа-Банк\"", "brand": "Альфа-Банк", "cash_in": null, "opening_hours": null }, "geometry": { "type": "Point", "coordinates": [ 4175218.140339435543865, 7482913.478837722912431 ] } },
{ "type": "Feature", "properties": { "element": "node", "id": 4493314590, "amenity": "atm", "operator": "Сбербанк", "brand": "Сбербанк", "cash_in": null, "opening_hours": null }, "geometry": { "type": "Point", "coordinates": [ 4183199.413870840799063, 7522578.038838544860482 ] } },
{ "type": "Feature", "properties": { "element": "node", "id": 4499939089, "amenity": "atm", "operator": "Сбербанк", "brand": "Сбербанк", "cash_in": null, "opening_hours": null }, "geometry": { "type": "Point", "coordinates": [ 4180179.750231632962823, 7468659.085247695446014 ] } },
{ "type": "Feature", "properties": { "element": "node", "id": 4502506931, "amenity": "atm", "operator": "ПАО Сбербанк", "brand": "Сбербанк", "cash_in": null, "opening_hours": null }, "geometry": { "type": "Point", "coordinates": [ 4157023.548430627211928, 7486136.233148159459233 ] } },
{ "type": "Feature", "properties": { "element": "node", "id": 4504211974, "amenity": "atm", "operator": "ПАО Сбербанк", "brand": "Сбербанк", "cash_in": null, "opening_hours": null }, "geometry": { "type": "Point", "coordinates": [ 4188770.520239030010998, 7511577.683293563313782 ] } },
{ "type": "Feature", "properties": { "element": "node", "id": 4504211975, "amenity": "atm", "operator": null, "brand": null, "cash_in": null, "opening_hours": null }, "geometry": { "type": "Point", "coordinates": [ 4188769.028557852841914, 7511570.223782394081354 ] } },
{ "type": "Feature", "properties": { "element": "node", "id": 4508937689, "amenity": "atm", "operator": "Банк ВТБ (ПАО)", "brand": "ВТБ", "cash_in": null, "opening_hours": null }, "geometry": { "type": "Point", "coordinates": [ 4203426.521570349112153, 7493798.311934911645949 ] } },
{ "type": "Feature", "properties": { "element": "node", "id": 4512562985, "amenity": "atm", "operator": "ПАО РОСБАНК", "brand": null, "cash_in": null, "opening_hours": "24/7" }, "geometry": { "type": "Point", "coordinates": [ 4192230.730763051658869, 7532734.596812732517719 ] } },
{ "type": "Feature", "properties": { "element": "node", "id": 4512760793, "amenity": "atm", "operator": "ПАО Банк \"ФК Открытие\"", "brand": null, "cash_in": null, "opening_hours": "24/7" }, "geometry": { "type": "Point", "coordinates": [ 4174495.365149612538517, 7514916.548490605317056 ] } },
{ "type": "Feature", "properties": { "element": "node", "id": 4517733089, "amenity": "atm", "operator": "ПАО Сбербанк", "brand": "Сбербанк", "cash_in": null, "opening_hours": null }, "geometry": { "type": "Point", "coordinates": [ 4187401.379557866137475, 7484609.906654049642384 ] } },
{ "type": "Feature", "properties": { "element": "node", "id": 4518758489, "amenity": "atm", "operator": "АО \"Райффайзенбанк\"", "brand": "Райффайзен", "cash_in": null, "opening_hours": null }, "geometry": { "type": "Point", "coordinates": [ 4178809.451827764511108, 7508318.128665843047202 ] } },
{ "type": "Feature", "properties": { "element": "node", "id": 4519265389, "amenity": "atm", "operator": "ПАО Сбербанк", "brand": "Сбербанк", "cash_in": null, "opening_hours": "24/7" }, "geometry": { "type": "Point", "coordinates": [ 4197964.597358729690313, 7508749.442927043884993 ] } },
{ "type": "Feature", "properties": { "element": "node", "id": 4520378790, "amenity": "atm", "operator": "Сбербанк", "brand": "Сбербанк", "cash_in": "yes", "opening_hours": "24/7" }, "geometry": { "type": "Point", "coordinates": [ 4186257.04858835786581, 7535311.584444303996861 ] } },
{ "type": "Feature", "properties": { "element": "node", "id": 4527746190, "amenity": "atm", "operator": "ПАО Сбербанк", "brand": "Сбербанк", "cash_in": null, "opening_hours": null }, "geometry": { "type": "Point", "coordinates": [ 4187913.426951616071165, 7489754.205247242935002 ] } },
{ "type": "Feature", "properties": { "element": "node", "id": 4527751489, "amenity": "atm", "operator": "ПАО Сбербанк", "brand": "Сбербанк", "cash_in": null, "opening_hours": null }, "geometry": { "type": "Point", "coordinates": [ 4186723.243483851198107, 7483817.598588068969548 ] } },
{ "type": "Feature", "properties": { "element": "node", "id": 4527751490, "amenity": "atm", "operator": "Банк ВТБ (ПАО)", "brand": "ВТБ", "cash_in": null, "opening_hours": null }, "geometry": { "type": "Point", "coordinates": [ 4186720.093142261262983, 7483818.130906642414629 ] } },
{ "type": "Feature", "properties": { "element": "node", "id": 4527751491, "amenity": "atm", "operator": "ПАО Сбербанк", "brand": "Сбербанк", "cash_in": null, "opening_hours": null }, "geometry": { "type": "Point", "coordinates": [ 4187923.145143162924796, 7484778.552473467774689 ] } },
{ "type": "Feature", "properties": { "element": "node", "id": 4528816201, "amenity": "atm", "operator": "Банк ВТБ (ПАО)", "brand": "ВТБ", "cash_in": null, "opening_hours": null }, "geometry": { "type": "Point", "coordinates": [ 4167373.800913655199111, 7530937.024224414490163 ] } },
{ "type": "Feature", "properties": { "element": "node", "id": 4537516554, "amenity": "atm", "operator": "Банк ВТБ (ПАО)", "brand": "ВТБ", "cash_in": "yes", "opening_hours": "24/7" }, "geometry": { "type": "Point", "coordinates": [ 4207678.926118652336299, 7520222.959365529939532 ] } },
{ "type": "Feature", "properties": { "element": "node", "id": 4543190101, "amenity": "atm", "operator": "ПАО Сбербанк", "brand": "Сбербанк", "cash_in": null, "opening_hours": null }, "geometry": { "type": "Point", "coordinates": [ 4201718.93624132592231, 7519222.962074458599091 ] } },
{ "type": "Feature", "properties": { "element": "node", "id": 4546702990, "amenity": "atm", "operator": "ПАО Банк \"ФК Открытие\"", "brand": null, "cash_in": null, "opening_hours": null }, "geometry": { "type": "Point", "coordinates": [ 4186847.876785743050277, 7483531.591092212125659 ] } },
{ "type": "Feature", "properties": { "element": "node", "id": 4546739690, "amenity": "atm", "operator": "Уралсиб", "brand": "Уралсиб", "cash_in": null, "opening_hours": null }, "geometry": { "type": "Point", "coordinates": [ 4186847.442639729939401, 7483519.032792386598885 ] } },
{ "type": "Feature", "properties": { "element": "node", "id": 4546758189, "amenity": "atm", "operator": "ПАО Сбербанк", "brand": "Сбербанк", "cash_in": null, "opening_hours": null }, "geometry": { "type": "Point", "coordinates": [ 4186847.776598202064633, 7483524.828928233124316 ] } },
{ "type": "Feature", "properties": { "element": "node", "id": 4547803893, "amenity": "atm", "operator": "ПАО Сбербанк", "brand": "Сбербанк", "cash_in": null, "opening_hours": null }, "geometry": { "type": "Point", "coordinates": [ 4200850.86685211956501, 7496900.461475103162229 ] } },
{ "type": "Feature", "properties": { "element": "node", "id": 4547838290, "amenity": "atm", "operator": "Банк ВТБ (ПАО)", "brand": "ВТБ", "cash_in": null, "opening_hours": null }, "geometry": { "type": "Point", "coordinates": [ 4200829.037099976092577, 7496894.41830766107887 ] } },
{ "type": "Feature", "properties": { "element": "node", "id": 4551158390, "amenity": "atm", "operator": "ПАО Сбербанк", "brand": "Сбербанк", "cash_in": null, "opening_hours": null }, "geometry": { "type": "Point", "coordinates": [ 4201732.339108017273247, 7488933.354905847460032 ] } },
{ "type": "Feature", "properties": { "element": "node", "id": 4551171089, "amenity": "atm", "operator": "ПАО Сбербанк", "brand": "Сбербанк", "cash_in": null, "opening_hours": null }, "geometry": { "type": "Point", "coordinates": [ 4201725.615410773083568, 7488895.8707330301404 ] } },
{ "type": "Feature", "properties": { "element": "node", "id": 4551174889, "amenity": "atm", "operator": "ПАО \"Промсвязьбанк\"", "brand": "Промсвязьбанк", "cash_in": null, "opening_hours": null }, "geometry": { "type": "Point", "coordinates": [ 4201726.36125136166811, 7488931.5596071081236 ] } },
{ "type": "Feature", "properties": { "element": "node", "id": 4558524492, "amenity": "atm", "operator": "ПАО Сбербанк", "brand": "Сбербанк", "cash_in": null, "opening_hours": "24/7" }, "geometry": { "type": "Point", "coordinates": [ 4195163.364824357442558, 7495704.184261873364449 ] } },
{ "type": "Feature", "properties": { "element": "node", "id": 4558862297, "amenity": "atm", "operator": "Банк ВТБ (ПАО)", "brand": "ВТБ", "cash_in": null, "opening_hours": "Mo-Su 10:00-23:00" }, "geometry": { "type": "Point", "coordinates": [ 4201393.9612518530339, 7490617.37102700676769 ] } },
{ "type": "Feature", "properties": { "element": "node", "id": 4558966089, "amenity": "atm", "operator": "Сбербанк", "brand": "Сбербанк", "cash_in": null, "opening_hours": "24/7" }, "geometry": { "type": "Point", "coordinates": [ 4207683.100599556230009, 7519341.364049250259995 ] } },
{ "type": "Feature", "properties": { "element": "node", "id": 4559790741, "amenity": "atm", "operator": "ПАО Сбербанк", "brand": "Сбербанк", "cash_in": "yes", "opening_hours": "24/7" }, "geometry": { "type": "Point", "coordinates": [ 4209482.190550012513995, 7519387.374540984630585 ] } },
{ "type": "Feature", "properties": { "element": "node", "id": 4560019783, "amenity": "atm", "operator": "ПАО Банк \"ФК Открытие\"", "brand": null, "cash_in": null, "opening_hours": null }, "geometry": { "type": "Point", "coordinates": [ 4191832.863771007396281, 7492427.086363743059337 ] } },
{ "type": "Feature", "properties": { "element": "node", "id": 4564116643, "amenity": "atm", "operator": "ПАО Сбербанк", "brand": "Сбербанк", "cash_in": null, "opening_hours": null }, "geometry": { "type": "Point", "coordinates": [ 4188302.599891430232674, 7515497.595483230426908 ] } },
{ "type": "Feature", "properties": { "element": "node", "id": 4567244989, "amenity": "atm", "operator": "ПАО Сбербанк", "brand": "Сбербанк", "cash_in": null, "opening_hours": "Mo-Su 10:00-22:00" }, "geometry": { "type": "Point", "coordinates": [ 4169138.047863491810858, 7528632.138403939083219 ] } },
{ "type": "Feature", "properties": { "element": "node", "id": 4570685394, "amenity": "atm", "operator": "АО \"Альфа-Банк\"", "brand": "Альфа-Банк", "cash_in": null, "opening_hours": null }, "geometry": { "type": "Point", "coordinates": [ 4192528.432477280497551, 7497856.368415 ] } },
{ "type": "Feature", "properties": { "element": "node", "id": 4570759990, "amenity": "atm", "operator": "ПАО \"МТС-Банк\"", "brand": null, "cash_in": null, "opening_hours": null }, "geometry": { "type": "Point", "coordinates": [ 4192643.214004237670451, 7497916.847334428690374 ] } },
{ "type": "Feature", "properties": { "element": "node", "id": 4570761489, "amenity": "atm", "operator": "АО ЮниКредит Банк", "brand": "ЮниКредит Банк", "cash_in": null, "opening_hours": null }, "geometry": { "type": "Point", "coordinates": [ 4192628.030025693122298, 7497908.038161236792803 ] } },
{ "type": "Feature", "properties": { "element": "node", "id": 4573749743, "amenity": "atm", "operator": "Сбербанк", "brand": "Сбербанк", "cash_in": null, "opening_hours": "24/7" }, "geometry": { "type": "Point", "coordinates": [ 4208351.006412367336452, 7518606.778268967755139 ] } },
{ "type": "Feature", "properties": { "element": "node", "id": 4574490292, "amenity": "atm", "operator": "ПАО Сбербанк", "brand": "Сбербанк", "cash_in": null, "opening_hours": null }, "geometry": { "type": "Point", "coordinates": [ 4192555.305002358276397, 7497504.68360192887485 ] } },
{ "type": "Feature", "properties": { "element": "node", "id": 4574503389, "amenity": "atm", "operator": "АО \"Райффайзенбанк\"", "brand": "Райффайзен", "cash_in": null, "opening_hours": null }, "geometry": { "type": "Point", "coordinates": [ 4192582.233187180943787, 7498051.711895369924605 ] } },
{ "type": "Feature", "properties": { "element": "node", "id": 4576758488, "amenity": "atm", "operator": "Банк ВТБ (ПАО)", "brand": "ВТБ", "cash_in": null, "opening_hours": "24/7" }, "geometry": { "type": "Point", "coordinates": [ 4183946.011431693099439, 7513352.876092939637601 ] } },
{ "type": "Feature", "properties": { "element": "node", "id": 4580648693, "amenity": "atm", "operator": "ПАО Сбербанк", "brand": "Сбербанк", "cash_in": null, "opening_hours": null }, "geometry": { "type": "Point", "coordinates": [ 4186924.086109139956534, 7503080.001288579776883 ] } },
{ "type": "Feature", "properties": { "element": "node", "id": 4582621692, "amenity": "atm", "operator": "Сбербанк", "brand": "Сбербанк", "cash_in": null, "opening_hours": null }, "geometry": { "type": "Point", "coordinates": [ 4200070.817784284241498, 7489004.12157422490418 ] } },
{ "type": "Feature", "properties": { "element": "node", "id": 4585074391, "amenity": "atm", "operator": "АО \"Альфа-Банк\"", "brand": "Альфа-Банк", "cash_in": null, "opening_hours": "Mo-Su 10:00-22:00" }, "geometry": { "type": "Point", "coordinates": [ 4191936.869571255985647, 7501374.097890757955611 ] } },
{ "type": "Feature", "properties": { "element": "node", "id": 4595045591, "amenity": "atm", "operator": "Банк ВТБ (ПАО)", "brand": "ВТБ", "cash_in": null, "opening_hours": null }, "geometry": { "type": "Point", "coordinates": [ 4104213.203512029256672, 7445817.58404318895191 ] } },
{ "type": "Feature", "properties": { "element": "node", "id": 4602411107, "amenity": "atm", "operator": "ПАО Сбербанк", "brand": "Сбербанк", "cash_in": null, "opening_hours": null }, "geometry": { "type": "Point", "coordinates": [ 4188827.682797552552074, 7515498.704091145657003 ] } },
{ "type": "Feature", "properties": { "element": "node", "id": 4604812938, "amenity": "atm", "operator": "ПАО Сбербанк", "brand": "Сбербанк", "cash_in": null, "opening_hours": "We-Su 12:00-20:00; Th 12:00-21:00" }, "geometry": { "type": "Point", "coordinates": [ 4186389.529914351180196, 7508312.689675373956561 ] } },
{ "type": "Feature", "properties": { "element": "node", "id": 4608155911, "amenity": "atm", "operator": "АО \"Альфа-Банк\"", "brand": "Альфа-Банк", "cash_in": null, "opening_hours": null }, "geometry": { "type": "Point", "coordinates": [ 4192525.271003741770983, 7497860.792722242884338 ] } },
{ "type": "Feature", "properties": { "element": "node", "id": 4608163400, "amenity": "atm", "operator": "ПАО \"МТС-Банк\"", "brand": null, "cash_in": null, "opening_hours": null }, "geometry": { "type": "Point", "coordinates": [ 4192646.063783201389015, 7497925.103474484756589 ] } },
{ "type": "Feature", "properties": { "element": "node", "id": 4608163401, "amenity": "atm", "operator": "АО ЮниКредит Банк", "brand": "ЮниКредит Банк", "cash_in": null, "opening_hours": null }, "geometry": { "type": "Point", "coordinates": [ 4192627.028150275815278, 7497915.761000868864357 ] } },
{ "type": "Feature", "properties": { "element": "node", "id": 4635310448, "amenity": "atm", "operator": "ПАО Сбербанк", "brand": "Сбербанк", "cash_in": null, "opening_hours": null }, "geometry": { "type": "Point", "coordinates": [ 4188124.466442262288183, 7532165.382945916615427 ] } },
{ "type": "Feature", "properties": { "element": "node", "id": 4642744244, "amenity": "atm", "operator": "ПАО Сбербанк", "brand": "Сбербанк", "cash_in": null, "opening_hours": null }, "geometry": { "type": "Point", "coordinates": [ 4191828.544574764557183, 7486393.740003464743495 ] } },
{ "type": "Feature", "properties": { "element": "node", "id": 4643949174, "amenity": "atm", "operator": "ВТБ", "brand": "ВТБ", "cash_in": "yes", "opening_hours": null }, "geometry": { "type": "Point", "coordinates": [ 4196324.549564771354198, 7481635.302080956287682 ] } },
{ "type": "Feature", "properties": { "element": "node", "id": 4648878581, "amenity": "atm", "operator": "ПАО Сбербанк", "brand": "Сбербанк", "cash_in": null, "opening_hours": null }, "geometry": { "type": "Point", "coordinates": [ 4190745.851207309402525, 7489636.493048906326294 ] } },
{ "type": "Feature", "properties": { "element": "node", "id": 4657493989, "amenity": "atm", "operator": "Альфа-Банк", "brand": "Альфа-Банк", "cash_in": null, "opening_hours": null }, "geometry": { "type": "Point", "coordinates": [ 4183237.140046270098537, 7522580.178832216188312 ] } },
{ "type": "Feature", "properties": { "element": "node", "id": 4663401395, "amenity": "atm", "operator": "ПАО Сбербанк", "brand": "Сбербанк", "cash_in": null, "opening_hours": null }, "geometry": { "type": "Point", "coordinates": [ 4195409.302975366823375, 7530585.573497782461345 ] } },
{ "type": "Feature", "properties": { "element": "node", "id": 4677177989, "amenity": "atm", "operator": "ПАО Сбербанк", "brand": "Сбербанк", "cash_in": null, "opening_hours": null }, "geometry": { "type": "Point", "coordinates": [ 4201567.46381020359695, 7489074.060276194475591 ] } },
{ "type": "Feature", "properties": { "element": "node", "id": 4679736490, "amenity": "atm", "operator": "Банк ВТБ (ПАО)", "brand": "ВТБ", "cash_in": null, "opening_hours": null }, "geometry": { "type": "Point", "coordinates": [ 4160974.332818625960499, 7526422.346025222912431 ] } },
{ "type": "Feature", "properties": { "element": "node", "id": 4680948493, "amenity": "atm", "operator": "Райффайзен", "brand": "Райффайзен", "cash_in": null, "opening_hours": null }, "geometry": { "type": "Point", "coordinates": [ 4172646.726893805433065, 7518571.189573070034385 ] } },
{ "type": "Feature", "properties": { "element": "node", "id": 4682436791, "amenity": "atm", "operator": null, "brand": null, "cash_in": null, "opening_hours": "Mo-Su 10:00-22:00" }, "geometry": { "type": "Point", "coordinates": [ 4191905.599926291964948, 7486626.759845074266195 ] } },
{ "type": "Feature", "properties": { "element": "node", "id": 4682475490, "amenity": "atm", "operator": "ПАО Сбербанк", "brand": "Сбербанк", "cash_in": "yes", "opening_hours": "24/7" }, "geometry": { "type": "Point", "coordinates": [ 4191847.858506417833269, 7486626.641509049572051 ] } },
{ "type": "Feature", "properties": { "element": "node", "id": 4683881474, "amenity": "atm", "operator": "ПАО Сбербанк", "brand": "Сбербанк", "cash_in": null, "opening_hours": null }, "geometry": { "type": "Point", "coordinates": [ 4196368.966041596606374, 7503176.651447037234902 ] } },
{ "type": "Feature", "properties": { "element": "node", "id": 4685691365, "amenity": "atm", "operator": "ПАО Сбербанк", "brand": "Сбербанк", "cash_in": null, "opening_hours": "24/7" }, "geometry": { "type": "Point", "coordinates": [ 4189782.458938138093799, 7532882.273909440264106 ] } },
{ "type": "Feature", "properties": { "element": "node", "id": 4686934585, "amenity": "atm", "operator": "Банк ВТБ (ПАО)", "brand": "ВТБ", "cash_in": "no", "opening_hours": "Sa-Su 05:30-00:30" }, "geometry": { "type": "Point", "coordinates": [ 4206186.087219318374991, 7508968.402438366785645 ] } },
{ "type": "Feature", "properties": { "element": "node", "id": 4687261465, "amenity": "atm", "operator": "ПАО Сбербанк", "brand": "Сбербанк", "cash_in": null, "opening_hours": "24/7" }, "geometry": { "type": "Point", "coordinates": [ 4189525.689400672912598, 7532595.63253134675324 ] } },
{ "type": "Feature", "properties": { "element": "node", "id": 4690943836, "amenity": "atm", "operator": "ПАО Сбербанк", "brand": "Сбербанк", "cash_in": null, "opening_hours": "Mo-Fr 08:00-20:00; Sa 09:00-18:00; Su 09:00-16:00" }, "geometry": { "type": "Point", "coordinates": [ 4190786.082071282435209, 7533482.713729236274958 ] } },
{ "type": "Feature", "properties": { "element": "node", "id": 4690945932, "amenity": "atm", "operator": "АО \"Райффайзенбанк\"", "brand": "Райффайзен", "cash_in": null, "opening_hours": null }, "geometry": { "type": "Point", "coordinates": [ 4168845.667220923583955, 7504479.352766807191074 ] } },
{ "type": "Feature", "properties": { "element": "node", "id": 4693414392, "amenity": "atm", "operator": "ПАО Сбербанк", "brand": "Сбербанк", "cash_in": "yes", "opening_hours": null }, "geometry": { "type": "Point", "coordinates": [ 4171980.84709572698921, 7529758.602832406759262 ] } },
{ "type": "Feature", "properties": { "element": "node", "id": 4693433695, "amenity": "atm", "operator": "ПАО Сбербанк", "brand": "Сбербанк", "cash_in": null, "opening_hours": null }, "geometry": { "type": "Point", "coordinates": [ 4171841.642072489950806, 7529439.909401612356305 ] } },
{ "type": "Feature", "properties": { "element": "node", "id": 4693441291, "amenity": "atm", "operator": "ПАО Сбербанк", "brand": "Сбербанк", "cash_in": null, "opening_hours": null }, "geometry": { "type": "Point", "coordinates": [ 4172087.224001129157841, 7529717.389510383829474 ] } },
{ "type": "Feature", "properties": { "element": "node", "id": 4693450591, "amenity": "atm", "operator": "ПАО Сбербанк", "brand": "Сбербанк", "cash_in": null, "opening_hours": "24/7" }, "geometry": { "type": "Point", "coordinates": [ 4194634.652902835048735, 7486325.97524749301374 ] } },
{ "type": "Feature", "properties": { "element": "node", "id": 4693450894, "amenity": "atm", "operator": "ПАО Сбербанк", "brand": "Сбербанк", "cash_in": null, "opening_hours": "Mo-Su 06:00-01:00" }, "geometry": { "type": "Point", "coordinates": [ 4191824.893295467365533, 7486425.827887743711472 ] } },
{ "type": "Feature", "properties": { "element": "node", "id": 4693451289, "amenity": "atm", "operator": "ПАО Сбербанк", "brand": "Сбербанк", "cash_in": null, "opening_hours": null }, "geometry": { "type": "Point", "coordinates": [ 4171861.690712782088667, 7529704.299665963277221 ] } },
{ "type": "Feature", "properties": { "element": "node", "id": 4693451389, "amenity": "atm", "operator": "ПАО Сбербанк", "brand": "Сбербанк", "cash_in": null, "opening_hours": null }, "geometry": { "type": "Point", "coordinates": [ 4171911.283545929938555, 7529720.324811881408095 ] } },
{ "type": "Feature", "properties": { "element": "node", "id": 4697743561, "amenity": "atm", "operator": "ПАО Сбербанк", "brand": "Сбербанк", "cash_in": null, "opening_hours": "24/7" }, "geometry": { "type": "Point", "coordinates": [ 4191327.228379926644266, 7534012.257103835232556 ] } },
{ "type": "Feature", "properties": { "element": "node", "id": 4701733243, "amenity": "atm", "operator": "Банк ИПБ (АО)", "brand": null, "cash_in": null, "opening_hours": null }, "geometry": { "type": "Point", "coordinates": [ 4190758.051823500078171, 7489770.542247889563441 ] } },
{ "type": "Feature", "properties": { "element": "node", "id": 4703278106, "amenity": "atm", "operator": "ПАО Сбербанк", "brand": "Сбербанк", "cash_in": null, "opening_hours": null }, "geometry": { "type": "Point", "coordinates": [ 4206152.413073353469372, 7508819.95630999840796 ] } },
{ "type": "Feature", "properties": { "element": "node", "id": 4703278107, "amenity": "atm", "operator": "ПАО Сбербанк", "brand": "Сбербанк", "cash_in": null, "opening_hours": null }, "geometry": { "type": "Point", "coordinates": [ 4206150.09762794431299, 7508821.439768171869218 ] } },
{ "type": "Feature", "properties": { "element": "node", "id": 4703535202, "amenity": "atm", "operator": "АО \"Банк Русский Стандарт\"", "brand": "Русский Стандарт", "cash_in": null, "opening_hours": "24/7" }, "geometry": { "type": "Point", "coordinates": [ 4192433.332236295565963, 7535934.206425814889371 ] } },
{ "type": "Feature", "properties": { "element": "node", "id": 4703535203, "amenity": "atm", "operator": "ПАО Сбербанк", "brand": "Сбербанк", "cash_in": null, "opening_hours": "24/7" }, "geometry": { "type": "Point", "coordinates": [ 4192221.769544042646885, 7535939.248104729689658 ] } },
{ "type": "Feature", "properties": { "element": "node", "id": 4703535204, "amenity": "atm", "operator": "ПАО \"МТС-Банк\"", "brand": null, "cash_in": null, "opening_hours": "Mo-Fr 10:00-19:00; Sa 10:00-18:00; PH off" }, "geometry": { "type": "Point", "coordinates": [ 4192034.964306543115526, 7535994.170860064215958 ] } },
{ "type": "Feature", "properties": { "element": "node", "id": 4707939125, "amenity": "atm", "operator": "Сбербанк", "brand": "Сбербанк", "cash_in": null, "opening_hours": "24/7" }, "geometry": { "type": "Point", "coordinates": [ 4179369.444526200182736, 7468755.837095749564469 ] } },
{ "type": "Feature", "properties": { "element": "node", "id": 4710578143, "amenity": "atm", "operator": "ПАО Сбербанк", "brand": "Сбербанк", "cash_in": null, "opening_hours": "24/7" }, "geometry": { "type": "Point", "coordinates": [ 4174727.054405800998211, 7498969.280078886076808 ] } },
{ "type": "Feature", "properties": { "element": "node", "id": 4711754089, "amenity": "atm", "operator": "ПАО Сбербанк", "brand": "Сбербанк", "cash_in": null, "opening_hours": null }, "geometry": { "type": "Point", "coordinates": [ 4191006.494663052726537, 7508130.13960078638047 ] } },
{ "type": "Feature", "properties": { "element": "node", "id": 4715561592, "amenity": "atm", "operator": "Сбербанк", "brand": "Сбербанк", "cash_in": null, "opening_hours": "24/7" }, "geometry": { "type": "Point", "coordinates": [ 4179357.778243564534932, 7468772.011714349500835 ] } },
{ "type": "Feature", "properties": { "element": "node", "id": 4715566491, "amenity": "atm", "operator": null, "brand": null, "cash_in": null, "opening_hours": "Mo-Su 09:00-22:00" }, "geometry": { "type": "Point", "coordinates": [ 4179833.969629331491888, 7468236.712768949568272 ] } },
{ "type": "Feature", "properties": { "element": "node", "id": 4716997992, "amenity": "atm", "operator": "ПАО \"МОСКОВСКИЙ КРЕДИТНЫЙ БАНК\"", "brand": null, "cash_in": null, "opening_hours": "24/7" }, "geometry": { "type": "Point", "coordinates": [ 4192568.028820155654103, 7535899.450689672492445 ] } },
{ "type": "Feature", "properties": { "element": "node", "id": 4716997993, "amenity": "atm", "operator": "ООО \"ХКФ Банк\"", "brand": null, "cash_in": null, "opening_hours": "Mo-Fr 10:00-20:00; Sa 10:00-17:00; Su 10:00-16:00" }, "geometry": { "type": "Point", "coordinates": [ 4192566.570534825790673, 7535843.02009398303926 ] } },
{ "type": "Feature", "properties": { "element": "node", "id": 4717871885, "amenity": "atm", "operator": "Банк ВТБ (ПАО)", "brand": "ВТБ", "cash_in": null, "opening_hours": null }, "geometry": { "type": "Point", "coordinates": [ 4179650.871330874506384, 7494912.119640347547829 ] } },
{ "type": "Feature", "properties": { "element": "node", "id": 4719450735, "amenity": "atm", "operator": "ПАО Сбербанк", "brand": "Сбербанк", "cash_in": null, "opening_hours": "24/7" }, "geometry": { "type": "Point", "coordinates": [ 4213697.614763474091887, 7495540.966693812049925 ] } },
{ "type": "Feature", "properties": { "element": "node", "id": 4720776389, "amenity": "atm", "operator": "ПАО Сбербанк", "brand": "Сбербанк", "cash_in": null, "opening_hours": "24/7" }, "geometry": { "type": "Point", "coordinates": [ 4186978.833034711889923, 7483523.567184004001319 ] } },
{ "type": "Feature", "properties": { "element": "node", "id": 4720915997, "amenity": "atm", "operator": "Сбербанк", "brand": "Сбербанк", "cash_in": null, "opening_hours": "Mo-Su 10:00-22:00" }, "geometry": { "type": "Point", "coordinates": [ 4179280.010447296313941, 7468974.197300725616515 ] } },
{ "type": "Feature", "properties": { "element": "node", "id": 4723790186, "amenity": "atm", "operator": "АО ЮниКредит Банк", "brand": null, "cash_in": null, "opening_hours": "24/7" }, "geometry": { "type": "Point", "coordinates": [ 4174312.444962341338396, 7498604.250603574328125 ] } },
{ "type": "Feature", "properties": { "element": "node", "id": 4728928790, "amenity": "atm", "operator": "Сбербанк", "brand": "Сбербанк", "cash_in": null, "opening_hours": "24/7" }, "geometry": { "type": "Point", "coordinates": [ 4179743.734050094150007, 7534434.909870870411396 ] } },
{ "type": "Feature", "properties": { "element": "node", "id": 4728957727, "amenity": "atm", "operator": "ПАО Сбербанк", "brand": "Сбербанк", "cash_in": null, "opening_hours": null }, "geometry": { "type": "Point", "coordinates": [ 4193277.590386420954019, 7507837.811363803222775 ] } },
{ "type": "Feature", "properties": { "element": "node", "id": 4730757809, "amenity": "atm", "operator": "ПАО Сбербанк", "brand": "Сбербанк", "cash_in": null, "opening_hours": "24/7" }, "geometry": { "type": "Point", "coordinates": [ 4192889.241210839245468, 7533289.189252105541527 ] } },
{ "type": "Feature", "properties": { "element": "node", "id": 4736660060, "amenity": "atm", "operator": "ПАО Сбербанк", "brand": "Сбербанк", "cash_in": null, "opening_hours": "24/7" }, "geometry": { "type": "Point", "coordinates": [ 4191994.666650875937194, 7509646.167989890091121 ] } },
{ "type": "Feature", "properties": { "element": "node", "id": 4737821685, "amenity": "atm", "operator": "ПАО Сбербанк", "brand": "Сбербанк", "cash_in": null, "opening_hours": null }, "geometry": { "type": "Point", "coordinates": [ 4184963.204410765785724, 7500739.262908826582134 ] } },
{ "type": "Feature", "properties": { "element": "node", "id": 4739936440, "amenity": "atm", "operator": "ПАО Сбербанк", "brand": "Сбербанк", "cash_in": null, "opening_hours": "Mo-Su 08:00-22:00" }, "geometry": { "type": "Point", "coordinates": [ 4163016.91189129371196, 7503479.654573203064501 ] } },
{ "type": "Feature", "properties": { "element": "node", "id": 4760561921, "amenity": "atm", "operator": "ПАО Сбербанк", "brand": "Сбербанк", "cash_in": null, "opening_hours": null }, "geometry": { "type": "Point", "coordinates": [ 4173875.694072163663805, 7479911.150966744869947 ] } },
{ "type": "Feature", "properties": { "element": "node", "id": 4760770988, "amenity": "atm", "operator": "Банк ГПБ (АО);ПАО Сбербанк", "brand": "Газпромбанк;Сбербанк", "cash_in": null, "opening_hours": null }, "geometry": { "type": "Point", "coordinates": [ 4152169.673541619442403, 7519007.038630506955087 ] } },
{ "type": "Feature", "properties": { "element": "node", "id": 4760770989, "amenity": "atm", "operator": "Банк ВТБ (ПАО)", "brand": "ВТБ", "cash_in": null, "opening_hours": null }, "geometry": { "type": "Point", "coordinates": [ 4152169.38411094294861, 7519014.802421341650188 ] } },
{ "type": "Feature", "properties": { "element": "node", "id": 4762783080, "amenity": "atm", "operator": "ПАО Сбербанк", "brand": "Сбербанк", "cash_in": null, "opening_hours": null }, "geometry": { "type": "Point", "coordinates": [ 4185433.562655215151608, 7531731.64600333198905 ] } },
{ "type": "Feature", "properties": { "element": "node", "id": 4771892327, "amenity": "atm", "operator": "Сбербанк", "brand": "Сбербанк", "cash_in": null, "opening_hours": "Mo-Su 00:00-01:00,05:45-24:00" }, "geometry": { "type": "Point", "coordinates": [ 4187592.314748473931104, 7510535.756392783485353 ] } },
{ "type": "Feature", "properties": { "element": "node", "id": 4773108123, "amenity": "atm", "operator": "Банк ВТБ (ПАО)", "brand": "ВТБ", "cash_in": null, "opening_hours": null }, "geometry": { "type": "Point", "coordinates": [ 4200393.121105978265405, 7500661.729992464184761 ] } },
{ "type": "Feature", "properties": { "element": "node", "id": 4786769355, "amenity": "atm", "operator": "ПАО Сбербанк", "brand": "Сбербанк", "cash_in": null, "opening_hours": null }, "geometry": { "type": "Point", "coordinates": [ 4186059.667999232187867, 7531194.661792851984501 ] } },
{ "type": "Feature", "properties": { "element": "node", "id": 4789434221, "amenity": "atm", "operator": "АО \"Райффайзенбанк\"", "brand": "Райффайзен", "cash_in": null, "opening_hours": null }, "geometry": { "type": "Point", "coordinates": [ 4206776.625986027531326, 7508952.281901123933494 ] } },
{ "type": "Feature", "properties": { "element": "node", "id": 4797476421, "amenity": "atm", "operator": "Банк ВТБ (ПАО)", "brand": "ВТБ", "cash_in": null, "opening_hours": "Mo-Fr 09:00-18:00" }, "geometry": { "type": "Point", "coordinates": [ 4181441.334020793437958, 7520398.506081964820623 ] } },
{ "type": "Feature", "properties": { "element": "node", "id": 4809411208, "amenity": "atm", "operator": "Альфа-Банк", "brand": "Альфа-Банк", "cash_in": null, "opening_hours": "10:00-21:00" }, "geometry": { "type": "Point", "coordinates": [ 4178756.909028110094368, 7536494.230091053061187 ] } },
{ "type": "Feature", "properties": { "element": "node", "id": 4809717113, "amenity": "atm", "operator": "ПАО Сбербанк", "brand": "Сбербанк", "cash_in": "yes", "opening_hours": null }, "geometry": { "type": "Point", "coordinates": [ 4190957.458427358418703, 7490303.999817148782313 ] } },
{ "type": "Feature", "properties": { "element": "node", "id": 4813938133, "amenity": "atm", "operator": "Банк ГПБ (АО)", "brand": "Газпромбанк", "cash_in": null, "opening_hours": null }, "geometry": { "type": "Point", "coordinates": [ 4192653.110306968912482, 7532397.72584863845259 ] } },
{ "type": "Feature", "properties": { "element": "node", "id": 4813938134, "amenity": "atm", "operator": "Банк ИПБ (АО)", "brand": null, "cash_in": null, "opening_hours": null }, "geometry": { "type": "Point", "coordinates": [ 4192658.754205151926726, 7532396.356887785717845 ] } },
{ "type": "Feature", "properties": { "element": "node", "id": 4813938135, "amenity": "atm", "operator": "АО \"Альфа-Банк\"", "brand": "Альфа-Банк", "cash_in": null, "opening_hours": null }, "geometry": { "type": "Point", "coordinates": [ 4192663.707922492176294, 7532395.007767180912197 ] } },
{ "type": "Feature", "properties": { "element": "node", "id": 4813938136, "amenity": "atm", "operator": "ПАО Сбербанк", "brand": "Сбербанк", "cash_in": null, "opening_hours": null }, "geometry": { "type": "Point", "coordinates": [ 4192616.864680766593665, 7532465.797237874008715 ] } },
{ "type": "Feature", "properties": { "element": "node", "id": 4815330910, "amenity": "atm", "operator": "АО \"Альфа-Банк\"", "brand": "Альфа-Банк", "cash_in": null, "opening_hours": null }, "geometry": { "type": "Point", "coordinates": [ 4175106.665001355111599, 7482712.544846631586552 ] } },
{ "type": "Feature", "properties": { "element": "node", "id": 4826965821, "amenity": "atm", "operator": "ПАО Сбербанк", "brand": "Сбербанк", "cash_in": null, "opening_hours": "Mo-Fr 09:00-16:45" }, "geometry": { "type": "Point", "coordinates": [ 4151840.089925227221102, 7457684.907540259882808 ] } },
{ "type": "Feature", "properties": { "element": "node", "id": 4844411022, "amenity": "atm", "operator": null, "brand": null, "cash_in": null, "opening_hours": null }, "geometry": { "type": "Point", "coordinates": [ 4178526.355230728164315, 7481160.583149256184697 ] } },
{ "type": "Feature", "properties": { "element": "node", "id": 4852619945, "amenity": "atm", "operator": "ВТБ", "brand": "ВТБ", "cash_in": "yes", "opening_hours": "Mo-Fr 10:00-20:00; Sa 10:00-17:00" }, "geometry": { "type": "Point", "coordinates": [ 4184800.15475260047242, 7509382.662348922342062 ] } },
{ "type": "Feature", "properties": { "element": "node", "id": 4852619946, "amenity": "atm", "operator": "ВТБ", "brand": "ВТБ", "cash_in": null, "opening_hours": "24/7" }, "geometry": { "type": "Point", "coordinates": [ 4184792.885589851532131, 7509380.209519829601049 ] } },
{ "type": "Feature", "properties": { "element": "node", "id": 4852619947, "amenity": "atm", "operator": "Банк ВТБ (ПАО)", "brand": "ВТБ", "cash_in": "yes", "opening_hours": "24/7" }, "geometry": { "type": "Point", "coordinates": [ 4189743.229949581436813, 7505272.122819008305669 ] } },
{ "type": "Feature", "properties": { "element": "node", "id": 4860079584, "amenity": "atm", "operator": "ПАО \"МОСКОВСКИЙ КРЕДИТНЫЙ БАНК\"", "brand": "Московский кредитный банк", "cash_in": null, "opening_hours": null }, "geometry": { "type": "Point", "coordinates": [ 4206160.661847620271146, 7516627.310005924664438 ] } },
{ "type": "Feature", "properties": { "element": "node", "id": 4861374222, "amenity": "atm", "operator": "ПАО \"МОСКОВСКИЙ КРЕДИТНЫЙ БАНК\"", "brand": null, "cash_in": null, "opening_hours": "Mo-Su 08:00-22:00" }, "geometry": { "type": "Point", "coordinates": [ 4186975.270811006426811, 7484290.489373767748475 ] } },
{ "type": "Feature", "properties": { "element": "node", "id": 4870352361, "amenity": "atm", "operator": "ПАО Сбербанк", "brand": "Сбербанк", "cash_in": null, "opening_hours": "09:00-22:00" }, "geometry": { "type": "Point", "coordinates": [ 4192334.914674485102296, 7535787.165525211021304 ] } },
{ "type": "Feature", "properties": { "element": "node", "id": 4871521422, "amenity": "atm", "operator": "АО \"Почта Банк\"", "brand": null, "cash_in": null, "opening_hours": null }, "geometry": { "type": "Point", "coordinates": [ 4174222.342966493684798, 7513897.486051689833403 ] } },
{ "type": "Feature", "properties": { "element": "node", "id": 4872597421, "amenity": "atm", "operator": "Банк ВТБ (ПАО)", "brand": "ВТБ", "cash_in": null, "opening_hours": null }, "geometry": { "type": "Point", "coordinates": [ 4174217.95697855623439, 7513897.18916476238519 ] } },
{ "type": "Feature", "properties": { "element": "node", "id": 4873314666, "amenity": "atm", "operator": "ПАО \"Совкомбанк\"", "brand": "Совкомбанк", "cash_in": null, "opening_hours": "24/7" }, "geometry": { "type": "Point", "coordinates": [ 4185995.024770928546786, 7513362.415392147377133 ] } },
{ "type": "Feature", "properties": { "element": "node", "id": 4874716017, "amenity": "atm", "operator": "АО Банк \"Развитие-Столица\"", "brand": null, "cash_in": "yes", "opening_hours": "24/7" }, "geometry": { "type": "Point", "coordinates": [ 4192810.504935001023114, 7510501.49085908383131 ] } },
{ "type": "Feature", "properties": { "element": "node", "id": 4876318858, "amenity": "atm", "operator": "ПАО Сбербанк", "brand": "Сбербанк", "cash_in": null, "opening_hours": null }, "geometry": { "type": "Point", "coordinates": [ 4173375.457676385529339, 7489345.870377617888153 ] } },
{ "type": "Feature", "properties": { "element": "node", "id": 4889619935, "amenity": "atm", "operator": "КБ \"Ренессанс Кредит\" (ООО)", "brand": "Ренессанс Кредит", "cash_in": null, "opening_hours": "24/7" }, "geometry": { "type": "Point", "coordinates": [ 4183993.934472479391843, 7513268.032264042645693 ] } },
{ "type": "Feature", "properties": { "element": "node", "id": 4892524322, "amenity": "atm", "operator": "АО \"Альфа-Банк\"", "brand": "Альфа-Банк", "cash_in": null, "opening_hours": null }, "geometry": { "type": "Point", "coordinates": [ 4186561.885881945490837, 7481476.402212924323976 ] } },
{ "type": "Feature", "properties": { "element": "node", "id": 4892524422, "amenity": "atm", "operator": "Банк ГПБ (АО)", "brand": "Газпромбанк", "cash_in": null, "opening_hours": null }, "geometry": { "type": "Point", "coordinates": [ 4186565.14754302566871, 7481474.648064910434186 ] } },
{ "type": "Feature", "properties": { "element": "node", "id": 4892531721, "amenity": "atm", "operator": "ПАО Сбербанк", "brand": "Сбербанк", "cash_in": null, "opening_hours": null }, "geometry": { "type": "Point", "coordinates": [ 4186423.037081080023199, 7481676.220015745609999 ] } },
{ "type": "Feature", "properties": { "element": "node", "id": 4892536423, "amenity": "atm", "operator": "АО \"Райффайзенбанк\"", "brand": "Райффайзен", "cash_in": null, "opening_hours": null }, "geometry": { "type": "Point", "coordinates": [ 4186512.782854557503015, 7481651.148885492235422 ] } },
{ "type": "Feature", "properties": { "element": "node", "id": 4894986822, "amenity": "atm", "operator": "Банк ГПБ (АО)", "brand": "Газпромбанк", "cash_in": null, "opening_hours": null }, "geometry": { "type": "Point", "coordinates": [ 4186202.813732443843037, 7481631.911972762085497 ] } },
{ "type": "Feature", "properties": { "element": "node", "id": 4897208706, "amenity": "atm", "operator": "ПАО Банк \"ФК Открытие\"", "brand": null, "cash_in": null, "opening_hours": null }, "geometry": { "type": "Point", "coordinates": [ 4186925.499866673257202, 7503090.437075627967715 ] } },
{ "type": "Feature", "properties": { "element": "node", "id": 4897208707, "amenity": "atm", "operator": null, "brand": null, "cash_in": null, "opening_hours": null }, "geometry": { "type": "Point", "coordinates": [ 4186924.876477525569499, 7503085.71329906117171 ] } },
{ "type": "Feature", "properties": { "element": "node", "id": 4904558526, "amenity": "atm", "operator": "ПАО Банк \"ФК Открытие\"", "brand": null, "cash_in": null, "opening_hours": null }, "geometry": { "type": "Point", "coordinates": [ 4186641.011776002123952, 7507323.687821703031659 ] } },
{ "type": "Feature", "properties": { "element": "node", "id": 4904836626, "amenity": "atm", "operator": "Банк ВТБ (ПАО)", "brand": "ВТБ", "cash_in": null, "opening_hours": null }, "geometry": { "type": "Point", "coordinates": [ 4174729.82626112177968, 7513113.487085660919547 ] } },
{ "type": "Feature", "properties": { "element": "node", "id": 4905197802, "amenity": "atm", "operator": "АО \"Почта Банк\"", "brand": "Почта Банк", "cash_in": "yes", "opening_hours": "Mo-Fr 08:00-13:00,14:00-20:00; Sa 09:00-13:00,14:00-18:00; Su off" }, "geometry": { "type": "Point", "coordinates": [ 4222038.839868359267712, 7495601.88162996340543 ] } },
{ "type": "Feature", "properties": { "element": "node", "id": 4909261742, "amenity": "atm", "operator": "АО \"Россельхозбанк\"", "brand": "Россельхозбанк", "cash_in": null, "opening_hours": "24/7" }, "geometry": { "type": "Point", "coordinates": [ 4198459.234384121373296, 7509632.696760323829949 ] } },
{ "type": "Feature", "properties": { "element": "node", "id": 4909411063, "amenity": "atm", "operator": "ПАО Сбербанк", "brand": "Сбербанк", "cash_in": null, "opening_hours": "24/7" }, "geometry": { "type": "Point", "coordinates": [ 4197313.378337589092553, 7508378.986286076717079 ] } },
{ "type": "Feature", "properties": { "element": "node", "id": 4909411066, "amenity": "atm", "operator": "ПАО \"Промсвязьбанк\"", "brand": "Промсвязьбанк", "cash_in": null, "opening_hours": null }, "geometry": { "type": "Point", "coordinates": [ 4197293.752711362205446, 7508426.157699879258871 ] } },
{ "type": "Feature", "properties": { "element": "node", "id": 4909411067, "amenity": "atm", "operator": "АО \"Альфа-Банк\"", "brand": "Альфа-Банк", "cash_in": "yes", "opening_hours": null }, "geometry": { "type": "Point", "coordinates": [ 4197286.283173530362546, 7508424.298527587205172 ] } },
{ "type": "Feature", "properties": { "element": "node", "id": 4916258317, "amenity": "atm", "operator": "Сбербанк", "brand": "Сбербанк", "cash_in": null, "opening_hours": "24/7" }, "geometry": { "type": "Point", "coordinates": [ 4179048.020628483500332, 7536373.757947326637805 ] } },
{ "type": "Feature", "properties": { "element": "node", "id": 4916259217, "amenity": "atm", "operator": "Сбербанк", "brand": "Сбербанк", "cash_in": null, "opening_hours": null }, "geometry": { "type": "Point", "coordinates": [ 4177830.75312860775739, 7537549.220965106971562 ] } },
{ "type": "Feature", "properties": { "element": "node", "id": 4920185722, "amenity": "atm", "operator": "ПАО Сбербанк", "brand": "Сбербанк", "cash_in": null, "opening_hours": "24/7" }, "geometry": { "type": "Point", "coordinates": [ 4187862.264513647183776, 7500910.158164531923831 ] } },
{ "type": "Feature", "properties": { "element": "node", "id": 4920186121, "amenity": "atm", "operator": "АО \"Альфа-Банк\"", "brand": "Альфа-Банк", "cash_in": null, "opening_hours": null }, "geometry": { "type": "Point", "coordinates": [ 4187946.088090215343982, 7500921.440664520487189 ] } },
{ "type": "Feature", "properties": { "element": "node", "id": 4921153437, "amenity": "atm", "operator": "Банк ВТБ (ПАО)", "brand": "ВТБ", "cash_in": null, "opening_hours": "24/7" }, "geometry": { "type": "Point", "coordinates": [ 4182295.143383229617029, 7496075.909055368974805 ] } },
{ "type": "Feature", "properties": { "element": "node", "id": 4926705542, "amenity": "atm", "operator": "АО \"Альфа-Банк\"", "brand": "Альфа-Банк", "cash_in": null, "opening_hours": null }, "geometry": { "type": "Point", "coordinates": [ 4200544.582405150867999, 7504929.688199084252119 ] } },
{ "type": "Feature", "properties": { "element": "node", "id": 4930362421, "amenity": "atm", "operator": "ПАО Сбербанк", "brand": "Сбербанк", "cash_in": null, "opening_hours": "Mo-Fr 09:00-19:00" }, "geometry": { "type": "Point", "coordinates": [ 4182870.030629532411695, 7505539.323712468147278 ] } },
{ "type": "Feature", "properties": { "element": "node", "id": 4931308421, "amenity": "atm", "operator": "ПАО Сбербанк", "brand": "Сбербанк", "cash_in": null, "opening_hours": null }, "geometry": { "type": "Point", "coordinates": [ 4189358.75469228066504, 7514679.545671642757952 ] } },
{ "type": "Feature", "properties": { "element": "node", "id": 4933319851, "amenity": "atm", "operator": "ПАО Сбербанк", "brand": "Сбербанк", "cash_in": null, "opening_hours": "24/7" }, "geometry": { "type": "Point", "coordinates": [ 4188484.039529473986477, 7498080.194138195365667 ] } },
{ "type": "Feature", "properties": { "element": "node", "id": 4951556069, "amenity": "atm", "operator": "Альфа-Банк", "brand": "Альфа-Банк", "cash_in": "no", "opening_hours": null }, "geometry": { "type": "Point", "coordinates": [ 4205256.858901871368289, 7494766.766883456148207 ] } },
{ "type": "Feature", "properties": { "element": "node", "id": 4960088737, "amenity": "atm", "operator": "Банк ВТБ (ПАО)", "brand": "ВТБ", "cash_in": "yes", "opening_hours": "24/7" }, "geometry": { "type": "Point", "coordinates": [ 4175572.837632949464023, 7499498.849431730806828 ] } },
{ "type": "Feature", "properties": { "element": "node", "id": 4960088739, "amenity": "atm", "operator": "АО \"Райффайзенбанк\"", "brand": "Райффайзен", "cash_in": null, "opening_hours": "06:00-23:00" }, "geometry": { "type": "Point", "coordinates": [ 4175489.158771720714867, 7499416.844503874890506 ] } },
{ "type": "Feature", "properties": { "element": "node", "id": 4960088740, "amenity": "atm", "operator": "Банк ГПБ (АО)", "brand": "Газпромбанк", "cash_in": null, "opening_hours": "24/7" }, "geometry": { "type": "Point", "coordinates": [ 4175499.901102582458407, 7499427.374117034487426 ] } },
{ "type": "Feature", "properties": { "element": "node", "id": 4960088743, "amenity": "atm", "operator": "Банк ВТБ (ПАО)", "brand": "ВТБ", "cash_in": "yes", "opening_hours": "24/7" }, "geometry": { "type": "Point", "coordinates": [ 4174849.617165164556354, 7499116.805951990187168 ] } },
{ "type": "Feature", "properties": { "element": "node", "id": 4960141096, "amenity": "atm", "operator": "ПАО Сбербанк", "brand": "Сбербанк", "cash_in": null, "opening_hours": "24/7" }, "geometry": { "type": "Point", "coordinates": [ 4177997.788024542853236, 7497936.500122507102787 ] } },
{ "type": "Feature", "properties": { "element": "node", "id": 4960141097, "amenity": "atm", "operator": "ПАО \"Промсвязьбанк\"", "brand": "Промсвязьбанк", "cash_in": null, "opening_hours": "24/7" }, "geometry": { "type": "Point", "coordinates": [ 4177954.451346777845174, 7497977.879774512723088 ] } },
{ "type": "Feature", "properties": { "element": "node", "id": 4960169315, "amenity": "atm", "operator": "АО \"Райффайзенбанк\"", "brand": "Райффайзен", "cash_in": null, "opening_hours": null }, "geometry": { "type": "Point", "coordinates": [ 4177653.688346552662551, 7497403.403874622657895 ] } },
{ "type": "Feature", "properties": { "element": "node", "id": 4960169316, "amenity": "atm", "operator": "АО \"Альфа-Банк\"", "brand": "Альфа-Банк", "cash_in": null, "opening_hours": null }, "geometry": { "type": "Point", "coordinates": [ 4177652.196665375493467, 7497402.337363502010703 ] } },
{ "type": "Feature", "properties": { "element": "node", "id": 4960169319, "amenity": "atm", "operator": "ПАО Сбербанк", "brand": "Сбербанк", "cash_in": null, "opening_hours": "08:00-23:00" }, "geometry": { "type": "Point", "coordinates": [ 4177621.962291676551104, 7497403.996380865573883 ] } },
{ "type": "Feature", "properties": { "element": "node", "id": 4960169320, "amenity": "atm", "operator": "АО \"Альфа-Банк\"", "brand": "Альфа-Банк", "cash_in": null, "opening_hours": "08:00-23:00" }, "geometry": { "type": "Point", "coordinates": [ 4177619.702506012748927, 7497402.594116165302694 ] } },
{ "type": "Feature", "properties": { "element": "node", "id": 4960170521, "amenity": "atm", "operator": "ПАО РОСБАНК", "brand": null, "cash_in": null, "opening_hours": "08:00-23:00" }, "geometry": { "type": "Point", "coordinates": [ 4177617.409324503038079, 7497401.172101518139243 ] } },
{ "type": "Feature", "properties": { "element": "node", "id": 4960497813, "amenity": "atm", "operator": "Райффайзен", "brand": "Райффайзен", "cash_in": null, "opening_hours": null }, "geometry": { "type": "Point", "coordinates": [ 4176836.759131416678429, 7519669.702354867011309 ] } },
{ "type": "Feature", "properties": { "element": "node", "id": 4964043423, "amenity": "atm", "operator": "ПАО \"МОСКОВСКИЙ КРЕДИТНЫЙ БАНК\"", "brand": null, "cash_in": null, "opening_hours": "Mo-Su 10:00-22:00" }, "geometry": { "type": "Point", "coordinates": [ 4176211.733586459886283, 7530564.805915427394211 ] } },
{ "type": "Feature", "properties": { "element": "node", "id": 4966643001, "amenity": "atm", "operator": "ПАО Сбербанк", "brand": "Сбербанк", "cash_in": null, "opening_hours": "10:00-22:00" }, "geometry": { "type": "Point", "coordinates": [ 4191554.943530293181539, 7529847.73384081851691 ] } },
{ "type": "Feature", "properties": { "element": "node", "id": 4966656276, "amenity": "atm", "operator": "АО \"Альфа-Банк\"", "brand": "Альфа-Банк", "cash_in": null, "opening_hours": null }, "geometry": { "type": "Point", "coordinates": [ 4192560.859844949096441, 7536152.629272821359336 ] } },
{ "type": "Feature", "properties": { "element": "node", "id": 4966656277, "amenity": "atm", "operator": "ПАО Сбербанк", "brand": "Сбербанк", "cash_in": null, "opening_hours": null }, "geometry": { "type": "Point", "coordinates": [ 4192569.030695572495461, 7536153.145364670082927 ] } },
{ "type": "Feature", "properties": { "element": "node", "id": 4977568541, "amenity": "atm", "operator": "Банк ВТБ (ПАО)", "brand": "ВТБ", "cash_in": null, "opening_hours": "24/7" }, "geometry": { "type": "Point", "coordinates": [ 4187202.618607053998858, 7507135.050626487471163 ] } },
{ "type": "Feature", "properties": { "element": "node", "id": 4983944978, "amenity": "atm", "operator": "АО АКБ \"ЦентроКредит\"", "brand": null, "cash_in": null, "opening_hours": "Mo-Su 09:00-18:00" }, "geometry": { "type": "Point", "coordinates": [ 4189052.214210483245552, 7506745.431231604889035 ] } },
{ "type": "Feature", "properties": { "element": "node", "id": 4986203861, "amenity": "atm", "operator": "ПАО Сбербанк", "brand": "Сбербанк", "cash_in": null, "opening_hours": null }, "geometry": { "type": "Point", "coordinates": [ 4152991.155723927542567, 7454730.733779171481729 ] } },
{ "type": "Feature", "properties": { "element": "node", "id": 4986296601, "amenity": "atm", "operator": "ПАО Сбербанк", "brand": "Сбербанк", "cash_in": null, "opening_hours": null }, "geometry": { "type": "Point", "coordinates": [ 4152104.139757389202714, 7455019.822767709381878 ] } },
{ "type": "Feature", "properties": { "element": "node", "id": 4991372320, "amenity": "atm", "operator": "АКБ \"Ланта-Банк\" (АО)", "brand": null, "cash_in": null, "opening_hours": "24/7" }, "geometry": { "type": "Point", "coordinates": [ 4189003.690044445451349, 7506565.587672006338835 ] } },
{ "type": "Feature", "properties": { "element": "node", "id": 4991374251, "amenity": "atm", "operator": "АО \"Райффайзенбанк\"", "brand": "Райффайзен", "cash_in": null, "opening_hours": "24/7" }, "geometry": { "type": "Point", "coordinates": [ 4189246.889735981356353, 7507156.743965916335583 ] } },
{ "type": "Feature", "properties": { "element": "node", "id": 4991943889, "amenity": "atm", "operator": "ПАО Сбербанк", "brand": "Сбербанк", "cash_in": null, "opening_hours": "Mo-Su 05:35-01:00" }, "geometry": { "type": "Point", "coordinates": [ 4191982.566222226712853, 7486079.751211343333125 ] } },
{ "type": "Feature", "properties": { "element": "node", "id": 4994501821, "amenity": "atm", "operator": "АО \"ГУТА-БАНК\"", "brand": null, "cash_in": null, "opening_hours": null }, "geometry": { "type": "Point", "coordinates": [ 4189177.526561268139631, 7505640.354355392977595 ] } },
{ "type": "Feature", "properties": { "element": "node", "id": 4998573629, "amenity": "atm", "operator": "КБ \"ЛОКО-Банк\" (АО)", "brand": null, "cash_in": null, "opening_hours": "24/7" }, "geometry": { "type": "Point", "coordinates": [ 4175879.211135511752218, 7499790.565662099979818 ] } },
{ "type": "Feature", "properties": { "element": "node", "id": 4998573630, "amenity": "atm", "operator": "ПАО Сбербанк", "brand": "Сбербанк", "cash_in": null, "opening_hours": "24/7" }, "geometry": { "type": "Point", "coordinates": [ 4175923.260258018039167, 7499829.821559051983058 ] } },
{ "type": "Feature", "properties": { "element": "node", "id": 4998573636, "amenity": "atm", "operator": "Банк ВТБ (ПАО)", "brand": "ВТБ", "cash_in": null, "opening_hours": null }, "geometry": { "type": "Point", "coordinates": [ 4174508.723488508258015, 7498434.176742758601904 ] } },
{ "type": "Feature", "properties": { "element": "node", "id": 4998573637, "amenity": "atm", "operator": "ПАО Сбербанк", "brand": "Сбербанк", "cash_in": null, "opening_hours": null }, "geometry": { "type": "Point", "coordinates": [ 4174506.786529368720949, 7498432.754538116045296 ] } },
{ "type": "Feature", "properties": { "element": "node", "id": 4999610758, "amenity": "atm", "operator": "Сбербанк", "brand": "Сбербанк", "cash_in": null, "opening_hours": null }, "geometry": { "type": "Point", "coordinates": [ 4202096.120071980170906, 7516414.270668747834861 ] } },
{ "type": "Feature", "properties": { "element": "node", "id": 5001935623, "amenity": "atm", "operator": "ПАО Банк \"ФК Открытие\"", "brand": null, "cash_in": null, "opening_hours": null }, "geometry": { "type": "Point", "coordinates": [ 4204429.510182396508753, 7489148.280826739966869 ] } },
{ "type": "Feature", "properties": { "element": "node", "id": 5001935624, "amenity": "atm", "operator": "ПАО Сбербанк", "brand": "Сбербанк", "cash_in": null, "opening_hours": null }, "geometry": { "type": "Point", "coordinates": [ 4204442.022493162192404, 7489157.849450405687094 ] } },
{ "type": "Feature", "properties": { "element": "node", "id": 5001965421, "amenity": "atm", "operator": "АО \"Альфа-Банк\"", "brand": "Альфа-Банк", "cash_in": null, "opening_hours": null }, "geometry": { "type": "Point", "coordinates": [ 4204674.713624766096473, 7488941.818462668918073 ] } },
{ "type": "Feature", "properties": { "element": "node", "id": 5013271899, "amenity": "atm", "operator": "ВТБ", "brand": "ВТБ", "cash_in": null, "opening_hours": "24/7" }, "geometry": { "type": "Point", "coordinates": [ 4192375.145538458134979, 7510147.50831375643611 ] } },
{ "type": "Feature", "properties": { "element": "node", "id": 5013271900, "amenity": "atm", "operator": "Сбербанк", "brand": "Сбербанк", "cash_in": null, "opening_hours": "24/7" }, "geometry": { "type": "Point", "coordinates": [ 4192375.813455403316766, 7510145.609160978347063 ] } },
{ "type": "Feature", "properties": { "element": "node", "id": 5013271901, "amenity": "atm", "operator": "\"СДМ-Банк\" (ПАО)", "brand": null, "cash_in": null, "opening_hours": "24/7" }, "geometry": { "type": "Point", "coordinates": [ 4192364.46999929100275, 7510185.748645707964897 ] } },
{ "type": "Feature", "properties": { "element": "node", "id": 5013271902, "amenity": "atm", "operator": "Россельхозбанк", "brand": "Россельхозбанк", "cash_in": null, "opening_hours": "24/7" }, "geometry": { "type": "Point", "coordinates": [ 4192364.848485560156405, 7510183.47360772266984 ] } },
{ "type": "Feature", "properties": { "element": "node", "id": 5013271903, "amenity": "atm", "operator": "Альфа-Банк", "brand": "Альфа-Банк", "cash_in": null, "opening_hours": "24/7" }, "geometry": { "type": "Point", "coordinates": [ 4192365.327159369830042, 7510181.178787479177117 ] } },
{ "type": "Feature", "properties": { "element": "node", "id": 5013271904, "amenity": "atm", "operator": "Газпромбанк", "brand": "Газпромбанк", "cash_in": null, "opening_hours": "24/7" }, "geometry": { "type": "Point", "coordinates": [ 4192358.937420598231256, 7510206.837290602736175 ] } },
{ "type": "Feature", "properties": { "element": "node", "id": 5013271905, "amenity": "atm", "operator": "Промсвязьбанк", "brand": "Промсвязьбанк", "cash_in": null, "opening_hours": "24/7" }, "geometry": { "type": "Point", "coordinates": [ 4192324.027628285810351, 7510359.800931822508574 ] } },
{ "type": "Feature", "properties": { "element": "node", "id": 5013271906, "amenity": "atm", "operator": "Сбербанк", "brand": "Сбербанк", "cash_in": null, "opening_hours": "24/7" }, "geometry": { "type": "Point", "coordinates": [ 4192324.228003369178623, 7510357.901726788841188 ] } },
{ "type": "Feature", "properties": { "element": "node", "id": 5013271907, "amenity": "atm", "operator": "ВТБ", "brand": "ВТБ", "cash_in": null, "opening_hours": "24/7" }, "geometry": { "type": "Point", "coordinates": [ 4192324.606489637866616, 7510356.18057263083756 ] } },
{ "type": "Feature", "properties": { "element": "node", "id": 5016401921, "amenity": "atm", "operator": "ПАО Сбербанк", "brand": "Сбербанк", "cash_in": null, "opening_hours": "24/7" }, "geometry": { "type": "Point", "coordinates": [ 4186812.822278092149645, 7484659.673843813128769 ] } },
{ "type": "Feature", "properties": { "element": "node", "id": 5021748001, "amenity": "atm", "operator": "ПАО Сбербанк", "brand": "Сбербанк", "cash_in": null, "opening_hours": null }, "geometry": { "type": "Point", "coordinates": [ 4218459.528621138073504, 7501331.771299712359905 ] } },
{ "type": "Feature", "properties": { "element": "node", "id": 5022331923, "amenity": "atm", "operator": "АО \"Райффайзенбанк\"", "brand": "Райффайзен", "cash_in": null, "opening_hours": "Mo-Su 10:00-22:00" }, "geometry": { "type": "Point", "coordinates": [ 4164609.481922429520637, 7528635.529389712959528 ] } },
{ "type": "Feature", "properties": { "element": "node", "id": 5027243524, "amenity": "atm", "operator": null, "brand": null, "cash_in": null, "opening_hours": null }, "geometry": { "type": "Point", "coordinates": [ 4167892.772379733156413, 7506585.381133950315416 ] } },
{ "type": "Feature", "properties": { "element": "node", "id": 5034498542, "amenity": "atm", "operator": "Сбербанк", "brand": "Сбербанк", "cash_in": null, "opening_hours": null }, "geometry": { "type": "Point", "coordinates": [ 4188461.319221403449774, 7498373.219706498086452 ] } },
{ "type": "Feature", "properties": { "element": "node", "id": 5040869281, "amenity": "atm", "operator": "ПАО Сбербанк", "brand": "Сбербанк", "cash_in": null, "opening_hours": null }, "geometry": { "type": "Point", "coordinates": [ 4175746.752073416486382, 7516266.492934711277485 ] } },
{ "type": "Feature", "properties": { "element": "node", "id": 5054318321, "amenity": "atm", "operator": "ПАО Сбербанк", "brand": "Сбербанк", "cash_in": null, "opening_hours": "24/7" }, "geometry": { "type": "Point", "coordinates": [ 4218477.840677373111248, 7501345.840617019683123 ] } },
{ "type": "Feature", "properties": { "element": "node", "id": 5068427922, "amenity": "atm", "operator": "ПАО Сбербанк", "brand": "Сбербанк", "cash_in": null, "opening_hours": null }, "geometry": { "type": "Point", "coordinates": [ 4188960.442422272637486, 7506829.313520282506943 ] } },
{ "type": "Feature", "properties": { "element": "node", "id": 5071321855, "amenity": "atm", "operator": "ПАО \"МТС-Банк\"", "brand": null, "cash_in": null, "opening_hours": null }, "geometry": { "type": "Point", "coordinates": [ 4180351.471678130794317, 7514831.212384575046599 ] } },
{ "type": "Feature", "properties": { "element": "node", "id": 5072905558, "amenity": "atm", "operator": "ПАО Сбербанк", "brand": "Сбербанк", "cash_in": null, "opening_hours": null }, "geometry": { "type": "Point", "coordinates": [ 4179482.010795290116221, 7513476.986859690397978 ] } },
{ "type": "Feature", "properties": { "element": "node", "id": 5086086823, "amenity": "atm", "operator": "ПАО Сбербанк", "brand": "Сбербанк", "cash_in": null, "opening_hours": null }, "geometry": { "type": "Point", "coordinates": [ 4175906.284035671968013, 7466870.918914026580751 ] } },
{ "type": "Feature", "properties": { "element": "node", "id": 5087499921, "amenity": "atm", "operator": null, "brand": null, "cash_in": null, "opening_hours": null }, "geometry": { "type": "Point", "coordinates": [ 4185262.164035240188241, 7511297.926881930790842 ] } },
{ "type": "Feature", "properties": { "element": "node", "id": 5088305792, "amenity": "atm", "operator": "Банк ВТБ (ПАО)", "brand": "ВТБ", "cash_in": null, "opening_hours": null }, "geometry": { "type": "Point", "coordinates": [ 4189643.409762187395245, 7517194.803446325473487 ] } },
{ "type": "Feature", "properties": { "element": "node", "id": 5089140022, "amenity": "atm", "operator": "Банк ВТБ (ПАО)", "brand": "ВТБ", "cash_in": null, "opening_hours": null }, "geometry": { "type": "Point", "coordinates": [ 4188142.578123414423317, 7504648.176052819006145 ] } },
{ "type": "Feature", "properties": { "element": "node", "id": 5091961982, "amenity": "atm", "operator": "ПАО Сбербанк", "brand": "Сбербанк", "cash_in": null, "opening_hours": null }, "geometry": { "type": "Point", "coordinates": [ 4151814.831532766111195, 7454569.851927762851119 ] } },
{ "type": "Feature", "properties": { "element": "node", "id": 5108309425, "amenity": "atm", "operator": "ПАО Сбербанк", "brand": "Сбербанк", "cash_in": null, "opening_hours": null }, "geometry": { "type": "Point", "coordinates": [ 4172012.818053482566029, 7488332.071529236622155 ] } },
{ "type": "Feature", "properties": { "element": "node", "id": 5108910290, "amenity": "atm", "operator": "Банк ВТБ (ПАО)", "brand": "ВТБ", "cash_in": null, "opening_hours": null }, "geometry": { "type": "Point", "coordinates": [ 4179855.487686901818961, 7513456.760092395357788 ] } },
{ "type": "Feature", "properties": { "element": "node", "id": 5121432567, "amenity": "atm", "operator": "ПАО Сбербанк", "brand": "Сбербанк", "cash_in": null, "opening_hours": null }, "geometry": { "type": "Point", "coordinates": [ 4184437.297740411013365, 7501425.297172613441944 ] } },
{ "type": "Feature", "properties": { "element": "node", "id": 5123492092, "amenity": "atm", "operator": "АО \"Альфа-Банк\"", "brand": "Альфа-Банк", "cash_in": null, "opening_hours": "08:00-24:00" }, "geometry": { "type": "Point", "coordinates": [ 4185840.936331772711128, 7531208.607157979160547 ] } },
{ "type": "Feature", "properties": { "element": "node", "id": 5123783100, "amenity": "atm", "operator": "АО «ТБанк»", "brand": "Т-Банк", "cash_in": null, "opening_hours": "08:00-24:00" }, "geometry": { "type": "Point", "coordinates": [ 4185752.270357355941087, 7531368.812053290195763 ] } },
{ "type": "Feature", "properties": { "element": "node", "id": 5123783101, "amenity": "atm", "operator": "АО \"Райффайзенбанк\"", "brand": "Райффайзен", "cash_in": null, "opening_hours": "08:00-24:00" }, "geometry": { "type": "Point", "coordinates": [ 4185750.812072026543319, 7531369.684897404164076 ] } },
{ "type": "Feature", "properties": { "element": "node", "id": 5123783102, "amenity": "atm", "operator": "Банк ГПБ (АО)", "brand": "Газпромбанк", "cash_in": null, "opening_hours": "08:00-24:00" }, "geometry": { "type": "Point", "coordinates": [ 4185749.320390850305557, 7531370.49822951015085 ] } },
{ "type": "Feature", "properties": { "element": "node", "id": 5130449524, "amenity": "atm", "operator": "ПАО РОСБАНК", "brand": "Росбанк", "cash_in": null, "opening_hours": "Mo-Su 07:00-19:00" }, "geometry": { "type": "Point", "coordinates": [ 4186546.12304204935208, 7517620.317268088459969 ] } },
{ "type": "Feature", "properties": { "element": "node", "id": 5130480322, "amenity": "atm", "operator": "ПАО Сбербанк", "brand": "Сбербанк", "cash_in": null, "opening_hours": "Mo-Su 07:00-19:00" }, "geometry": { "type": "Point", "coordinates": [ 4186544.241742655169219, 7517629.406399616040289 ] } },
{ "type": "Feature", "properties": { "element": "node", "id": 5154817852, "amenity": "atm", "operator": "ПАО Сбербанк", "brand": "Сбербанк", "cash_in": null, "opening_hours": null }, "geometry": { "type": "Point", "coordinates": [ 4183996.528216614853591, 7518906.922079138457775 ] } },
{ "type": "Feature", "properties": { "element": "node", "id": 5160313330, "amenity": "atm", "operator": "ПАО Сбербанк", "brand": "Сбербанк", "cash_in": null, "opening_hours": null }, "geometry": { "type": "Point", "coordinates": [ 4178018.727220761589706, 7519017.773261736147106 ] } },
{ "type": "Feature", "properties": { "element": "node", "id": 5164414192, "amenity": "atm", "operator": "Банк ВТБ (ПАО)", "brand": "ВТБ", "cash_in": "no", "opening_hours": "Sa-Su 05:30-00:30" }, "geometry": { "type": "Point", "coordinates": [ 4206581.939328578300774, 7509088.822928032837808 ] } },
{ "type": "Feature", "properties": { "element": "node", "id": 5170950022, "amenity": "atm", "operator": "АО «ТБанк»", "brand": "Т-Банк", "cash_in": null, "opening_hours": "Mo-Su 09:00-23:00" }, "geometry": { "type": "Point", "coordinates": [ 4189187.189093069173396, 7514847.107672139070928 ] } },
{ "type": "Feature", "properties": { "element": "node", "id": 5186059820, "amenity": "atm", "operator": "Сбербанк", "brand": "Сбербанк", "cash_in": null, "opening_hours": "24/7" }, "geometry": { "type": "Point", "coordinates": [ 4209329.371153051964939, 7517370.637667255476117 ] } },
{ "type": "Feature", "properties": { "element": "node", "id": 5199976045, "amenity": "atm", "operator": "АО АКБ \"НОВИКОМБАНК\"", "brand": null, "cash_in": null, "opening_hours": "24/7" }, "geometry": { "type": "Point", "coordinates": [ 4187819.350849946960807, 7505289.757990553043783 ] } },
{ "type": "Feature", "properties": { "element": "node", "id": 5208111822, "amenity": "atm", "operator": "АО \"Райффайзенбанк\"", "brand": "Райффайзен", "cash_in": null, "opening_hours": "Mo-Su 08:00-22:00" }, "geometry": { "type": "Point", "coordinates": [ 4169688.222182840108871, 7515569.437564912252128 ] } },
{ "type": "Feature", "properties": { "element": "node", "id": 5218747940, "amenity": "atm", "operator": "Банк ВТБ (ПАО)", "brand": "ВТБ", "cash_in": null, "opening_hours": null }, "geometry": { "type": "Point", "coordinates": [ 4183534.964211938902736, 7514135.909736781381071 ] } },
{ "type": "Feature", "properties": { "element": "node", "id": 5218747941, "amenity": "atm", "operator": "АО \"Россельхозбанк\"", "brand": "Россельхозбанк", "cash_in": null, "opening_hours": null }, "geometry": { "type": "Point", "coordinates": [ 4183534.452142281457782, 7514131.911536864005029 ] } },
{ "type": "Feature", "properties": { "element": "node", "id": 5218747942, "amenity": "atm", "operator": "АО \"Альфа-Банк\"", "brand": "Альфа-Банк", "cash_in": null, "opening_hours": null }, "geometry": { "type": "Point", "coordinates": [ 4183542.745444345287979, 7514120.273224143311381 ] } },
{ "type": "Feature", "properties": { "element": "node", "id": 5218747943, "amenity": "atm", "operator": "АО «ТБанк»", "brand": "Т-Банк", "cash_in": null, "opening_hours": null }, "geometry": { "type": "Point", "coordinates": [ 4183546.318799999076873, 7514119.817984376102686 ] } },
{ "type": "Feature", "properties": { "element": "node", "id": 5218747944, "amenity": "atm", "operator": "ПАО Сбербанк", "brand": "Сбербанк", "cash_in": null, "opening_hours": null }, "geometry": { "type": "Point", "coordinates": [ 4183548.188967445399612, 7514134.187739533372223 ] } },
{ "type": "Feature", "properties": { "element": "node", "id": 5218798143, "amenity": "atm", "operator": "АО ЮниКредит Банк", "brand": null, "cash_in": null, "opening_hours": null }, "geometry": { "type": "Point", "coordinates": [ 4185862.476653241552413, 7506268.790699185803533 ] } },
{ "type": "Feature", "properties": { "element": "node", "id": 5218798144, "amenity": "atm", "operator": "АО ЮниКредит Банк", "brand": null, "cash_in": null, "opening_hours": null }, "geometry": { "type": "Point", "coordinates": [ 4185790.352755155880004, 7506359.430216271430254 ] } },
{ "type": "Feature", "properties": { "element": "node", "id": 5221239121, "amenity": "atm", "operator": "ПАО Сбербанк", "brand": "Сбербанк", "cash_in": null, "opening_hours": "Mo-Th 08:00-20:00; Fr 08:00-18:45" }, "geometry": { "type": "Point", "coordinates": [ 4164305.9804627308622, 7525624.287096557207406 ] } },
{ "type": "Feature", "properties": { "element": "node", "id": 5222913532, "amenity": "atm", "operator": "Банк \"ВБРР\" (АО)", "brand": null, "cash_in": null, "opening_hours": "Mo-Su 10:00-22:00" }, "geometry": { "type": "Point", "coordinates": [ 4178079.66351002221927, 7519127.853608106262982 ] } },
{ "type": "Feature", "properties": { "element": "node", "id": 5223109022, "amenity": "atm", "operator": "Банк ВТБ (ПАО)", "brand": "ВТБ", "cash_in": null, "opening_hours": null }, "geometry": { "type": "Point", "coordinates": [ 4189364.131423684768379, 7507034.751859023235738 ] } },
{ "type": "Feature", "properties": { "element": "node", "id": 5226130695, "amenity": "atm", "operator": "АО \"Кредит Европа Банк (Россия)\"", "brand": null, "cash_in": null, "opening_hours": "24/7" }, "geometry": { "type": "Point", "coordinates": [ 4187929.367902697995305, 7500473.275299113243818 ] } },
{ "type": "Feature", "properties": { "element": "node", "id": 5226857790, "amenity": "atm", "operator": "АО \"Почта Банк\"", "brand": null, "cash_in": null, "opening_hours": null }, "geometry": { "type": "Point", "coordinates": [ 4180850.750726288184524, 7504858.557966840453446 ] } },
{ "type": "Feature", "properties": { "element": "node", "id": 5240047814, "amenity": "atm", "operator": "Русский Стандарт", "brand": "Русский Стандарт", "cash_in": null, "opening_hours": "24/7" }, "geometry": { "type": "Point", "coordinates": [ 4176585.600096289534122, 7519840.066660049371421 ] } },
{ "type": "Feature", "properties": { "element": "node", "id": 5242833080, "amenity": "atm", "operator": "ПАО Сбербанк", "brand": "Сбербанк", "cash_in": null, "opening_hours": "10:00-22:00" }, "geometry": { "type": "Point", "coordinates": [ 4173446.813469983637333, 7526687.881789170205593 ] } },
{ "type": "Feature", "properties": { "element": "node", "id": 5248724851, "amenity": "atm", "operator": "ПАО Сбербанк", "brand": "Сбербанк", "cash_in": null, "opening_hours": "24/7" }, "geometry": { "type": "Point", "coordinates": [ 4179339.588638769462705, 7518794.705942536704242 ] } },
{ "type": "Feature", "properties": { "element": "node", "id": 5248724871, "amenity": "atm", "operator": "АО ЮниКредит Банк", "brand": "ЮниКредит Банк", "cash_in": null, "opening_hours": null }, "geometry": { "type": "Point", "coordinates": [ 4178280.517267260234803, 7519526.833761047571898 ] } },
{ "type": "Feature", "properties": { "element": "node", "id": 5250351421, "amenity": "atm", "operator": "ПАО \"Промсвязьбанк\"", "brand": "Промсвязьбанк", "cash_in": null, "opening_hours": "Mo-Fr 10:00-20:30;Sa 10:00-16:30" }, "geometry": { "type": "Point", "coordinates": [ 4186041.945936297997832, 7483658.239827981218696 ] } },
{ "type": "Feature", "properties": { "element": "node", "id": 5250605458, "amenity": "atm", "operator": "Альфа-Банк", "brand": "Альфа-Банк", "cash_in": null, "opening_hours": "24/7" }, "geometry": { "type": "Point", "coordinates": [ 4176315.750518657267094, 7519735.046851507388055 ] } },
{ "type": "Feature", "properties": { "element": "node", "id": 5256653634, "amenity": "atm", "operator": "ПАО Сбербанк", "brand": "Сбербанк", "cash_in": null, "opening_hours": null }, "geometry": { "type": "Point", "coordinates": [ 4178736.826991971116513, 7498229.046181749552488 ] } },
{ "type": "Feature", "properties": { "element": "node", "id": 5260639421, "amenity": "atm", "operator": "ПАО Банк \"ФК Открытие\"", "brand": "Открытие", "cash_in": null, "opening_hours": null }, "geometry": { "type": "Point", "coordinates": [ 4193647.582977970596403, 7509436.802815448492765 ] } },
{ "type": "Feature", "properties": { "element": "node", "id": 5263173122, "amenity": "atm", "operator": "ПАО Сбербанк", "brand": "Сбербанк", "cash_in": null, "opening_hours": null }, "geometry": { "type": "Point", "coordinates": [ 4188920.100238808430731, 7495489.056095022708178 ] } },
{ "type": "Feature", "properties": { "element": "node", "id": 5263903566, "amenity": "atm", "operator": "Сбербанк", "brand": "Сбербанк", "cash_in": "yes", "opening_hours": "24/7" }, "geometry": { "type": "Point", "coordinates": [ 4179306.036944244522601, 7488185.481401226483285 ] } },
{ "type": "Feature", "properties": { "element": "node", "id": 5264704509, "amenity": "atm", "operator": "ПАО Сбербанк", "brand": "Сбербанк", "cash_in": null, "opening_hours": null }, "geometry": { "type": "Point", "coordinates": [ 4175164.261705891694874, 7494132.889468552544713 ] } },
{ "type": "Feature", "properties": { "element": "node", "id": 5264704513, "amenity": "atm", "operator": "ПАО Сбербанк", "brand": "Сбербанк", "cash_in": null, "opening_hours": null }, "geometry": { "type": "Point", "coordinates": [ 4175162.469462089706212, 7494130.796833316795528 ] } },
{ "type": "Feature", "properties": { "element": "node", "id": 5264704514, "amenity": "atm", "operator": "ПАО Сбербанк", "brand": "Сбербанк", "cash_in": null, "opening_hours": "24/7" }, "geometry": { "type": "Point", "coordinates": [ 4175338.933118895161897, 7494568.209408910945058 ] } },
{ "type": "Feature", "properties": { "element": "node", "id": 5264704515, "amenity": "atm", "operator": "АО \"Альфа-Банк\"", "brand": "Альфа-Банк", "cash_in": null, "opening_hours": "24/7" }, "geometry": { "type": "Point", "coordinates": [ 4175334.446943415794522, 7494564.932078686542809 ] } },
{ "type": "Feature", "properties": { "element": "node", "id": 5265370419, "amenity": "atm", "operator": "ПАО Сбербанк", "brand": "Сбербанк", "cash_in": null, "opening_hours": null }, "geometry": { "type": "Point", "coordinates": [ 4182530.572974307462573, 7499384.84088974352926 ] } },
{ "type": "Feature", "properties": { "element": "node", "id": 5267440622, "amenity": "atm", "operator": "ПАО Сбербанк", "brand": "Сбербанк", "cash_in": null, "opening_hours": "24/7" }, "geometry": { "type": "Point", "coordinates": [ 4180669.066185364499688, 7518940.313923913985491 ] } },
{ "type": "Feature", "properties": { "element": "node", "id": 5273639600, "amenity": "atm", "operator": "Банк ВТБ (ПАО)", "brand": "ВТБ", "cash_in": null, "opening_hours": null }, "geometry": { "type": "Point", "coordinates": [ 4194682.99895768519491, 7507995.810819745995104 ] } },
{ "type": "Feature", "properties": { "element": "node", "id": 5275706953, "amenity": "atm", "operator": "ВТБ", "brand": "ВТБ", "cash_in": null, "opening_hours": null }, "geometry": { "type": "Point", "coordinates": [ 4188533.743682113476098, 7510673.611417083069682 ] } },
{ "type": "Feature", "properties": { "element": "node", "id": 5281816623, "amenity": "atm", "operator": null, "brand": null, "cash_in": null, "opening_hours": "Mo-Su 08:00-23:00" }, "geometry": { "type": "Point", "coordinates": [ 4148018.992744002491236, 7481979.504352173767984 ] } },
{ "type": "Feature", "properties": { "element": "node", "id": 5286213655, "amenity": "atm", "operator": "ПАО Банк \"ФК Открытие\"", "brand": null, "cash_in": null, "opening_hours": "24/7" }, "geometry": { "type": "Point", "coordinates": [ 4182751.909517851658165, 7499639.984500565566123 ] } },
{ "type": "Feature", "properties": { "element": "node", "id": 5296129137, "amenity": "atm", "operator": "Банк ВТБ (ПАО)", "brand": "ВТБ", "cash_in": null, "opening_hours": null }, "geometry": { "type": "Point", "coordinates": [ 4187923.122879263944924, 7489691.462015178054571 ] } },
{ "type": "Feature", "properties": { "element": "node", "id": 5296134221, "amenity": "atm", "operator": "ПАО Сбербанк", "brand": "Сбербанк", "cash_in": "yes", "opening_hours": null }, "geometry": { "type": "Point", "coordinates": [ 4187929.712993119843304, 7489776.639035970903933 ] } },
{ "type": "Feature", "properties": { "element": "node", "id": 5305103123, "amenity": "atm", "operator": "ПАО Сбербанк", "brand": "Сбербанк", "cash_in": null, "opening_hours": null }, "geometry": { "type": "Point", "coordinates": [ 4181976.624924222473055, 7510876.461413145065308 ] } },
{ "type": "Feature", "properties": { "element": "node", "id": 5337092956, "amenity": "atm", "operator": "Банк ВТБ (ПАО)", "brand": "ВТБ", "cash_in": null, "opening_hours": null }, "geometry": { "type": "Point", "coordinates": [ 4190785.614529421087354, 7533484.757538743317127 ] } },
{ "type": "Feature", "properties": { "element": "node", "id": 5337105817, "amenity": "atm", "operator": "Банк ВТБ (ПАО)", "brand": "ВТБ", "cash_in": null, "opening_hours": null }, "geometry": { "type": "Point", "coordinates": [ 4192434.300715865567327, 7535781.230752967298031 ] } },
{ "type": "Feature", "properties": { "element": "node", "id": 5337288910, "amenity": "atm", "operator": "ПАО Сбербанк", "brand": "Сбербанк", "cash_in": null, "opening_hours": "24/7" }, "geometry": { "type": "Point", "coordinates": [ 4185922.555782422423363, 7530684.592195837758482 ] } },
{ "type": "Feature", "properties": { "element": "node", "id": 5337288912, "amenity": "atm", "operator": "АО \"Банк Русский Стандарт\"", "brand": "Русский Стандарт", "cash_in": null, "opening_hours": "24/7" }, "geometry": { "type": "Point", "coordinates": [ 4186048.179827782325447, 7530898.938711639493704 ] } },
{ "type": "Feature", "properties": { "element": "node", "id": 5338285691, "amenity": "atm", "operator": "ПАО Сбербанк", "brand": "Сбербанк", "cash_in": null, "opening_hours": null }, "geometry": { "type": "Point", "coordinates": [ 4173816.57229060260579, 7481908.959672660566866 ] } },
{ "type": "Feature", "properties": { "element": "node", "id": 5338972139, "amenity": "atm", "operator": "ПАО Сбербанк", "brand": "Сбербанк", "cash_in": null, "opening_hours": "Mo-Su 10:00-20:00; Sa 09:00-20:00" }, "geometry": { "type": "Point", "coordinates": [ 4190396.25234647328034, 7536288.858871615491807 ] } },
{ "type": "Feature", "properties": { "element": "node", "id": 5339901687, "amenity": "atm", "operator": "\"Банк \"МБА-МОСКВА\" ООО", "brand": null, "cash_in": null, "opening_hours": "24/7" }, "geometry": { "type": "Point", "coordinates": [ 4182048.036377565935254, 7507238.534534259699285 ] } },
{ "type": "Feature", "properties": { "element": "node", "id": 5341356351, "amenity": "atm", "operator": "Сбербанк", "brand": "Сбербанк", "cash_in": null, "opening_hours": "24/7" }, "geometry": { "type": "Point", "coordinates": [ 4175039.628403999377042, 7518604.976055044680834 ] } },
{ "type": "Feature", "properties": { "element": "node", "id": 5341564518, "amenity": "atm", "operator": "ПАО Банк ЗЕНИТ", "brand": null, "cash_in": null, "opening_hours": null }, "geometry": { "type": "Point", "coordinates": [ 4173470.402070083655417, 7526657.727536241523921 ] } },
{ "type": "Feature", "properties": { "element": "node", "id": 5341564519, "amenity": "atm", "operator": "АО «ТБанк»", "brand": "Т-Банк", "cash_in": null, "opening_hours": null }, "geometry": { "type": "Point", "coordinates": [ 4173490.406182578299195, 7526581.598980724811554 ] } },
{ "type": "Feature", "properties": { "element": "node", "id": 5341564520, "amenity": "atm", "operator": "Уралсиб", "brand": "Уралсиб", "cash_in": null, "opening_hours": null }, "geometry": { "type": "Point", "coordinates": [ 4173485.485861085355282, 7526579.497526057064533 ] } },
{ "type": "Feature", "properties": { "element": "node", "id": 5341569687, "amenity": "atm", "operator": "АО \"Райффайзенбанк\"", "brand": "Райффайзен", "cash_in": null, "opening_hours": null }, "geometry": { "type": "Point", "coordinates": [ 4184376.005228779744357, 7513557.003837685100734 ] } },
{ "type": "Feature", "properties": { "element": "node", "id": 5343376857, "amenity": "atm", "operator": "Банк ВТБ (ПАО)", "brand": "ВТБ", "cash_in": "yes", "opening_hours": "Mo-Sa 08:00-20:00" }, "geometry": { "type": "Point", "coordinates": [ 4206586.303052618168294, 7510939.060499141924083 ] } },
{ "type": "Feature", "properties": { "element": "node", "id": 5351709656, "amenity": "atm", "operator": "ПАО Сбербанк", "brand": "Сбербанк", "cash_in": null, "opening_hours": "07:00-23:30" }, "geometry": { "type": "Point", "coordinates": [ 4189085.354022891726345, 7532539.345171085558832 ] } },
{ "type": "Feature", "properties": { "element": "node", "id": 5351716219, "amenity": "atm", "operator": "АКБ \"Абсолют Банк\" (ПАО)", "brand": null, "cash_in": null, "opening_hours": "24/7" }, "geometry": { "type": "Point", "coordinates": [ 4189456.00339943729341, 7505067.601267476566136 ] } },
{ "type": "Feature", "properties": { "element": "node", "id": 5351716220, "amenity": "atm", "operator": "ПАО Банк \"ФК Открытие\"", "brand": null, "cash_in": null, "opening_hours": "24/7" }, "geometry": { "type": "Point", "coordinates": [ 4188933.837063972372562, 7504969.444709539413452 ] } },
{ "type": "Feature", "properties": { "element": "node", "id": 5365744823, "amenity": "atm", "operator": "ПАО Сбербанк", "brand": "Сбербанк", "cash_in": null, "opening_hours": null }, "geometry": { "type": "Point", "coordinates": [ 4177721.871534663252532, 7498967.087361540645361 ] } },
{ "type": "Feature", "properties": { "element": "node", "id": 5382888465, "amenity": "atm", "operator": "ПАО Сбербанк", "brand": "Сбербанк", "cash_in": null, "opening_hours": "Mo-Su 10:00-23:00" }, "geometry": { "type": "Point", "coordinates": [ 4175428.857003557961434, 7483045.952647866681218 ] } },
{ "type": "Feature", "properties": { "element": "node", "id": 5382888466, "amenity": "atm", "operator": "АО \"Альфа-Банк\"", "brand": "Альфа-Банк", "cash_in": null, "opening_hours": "Mo-Su 10:00-23:00" }, "geometry": { "type": "Point", "coordinates": [ 4175507.626675243955106, 7482970.371329769492149 ] } },
{ "type": "Feature", "properties": { "element": "node", "id": 5382891227, "amenity": "atm", "operator": "ПАО Сбербанк", "brand": "Сбербанк", "cash_in": null, "opening_hours": "24/7" }, "geometry": { "type": "Point", "coordinates": [ 4175766.94542904663831, 7486342.99526855442673 ] } },
{ "type": "Feature", "properties": { "element": "node", "id": 5382891423, "amenity": "atm", "operator": "АО \"Альфа-Банк\"", "brand": "Альфа-Банк", "cash_in": null, "opening_hours": null }, "geometry": { "type": "Point", "coordinates": [ 4172894.12333014421165, 7488271.864885191433132 ] } },
{ "type": "Feature", "properties": { "element": "node", "id": 5387438122, "amenity": "atm", "operator": "ПАО \"МОСКОВСКИЙ КРЕДИТНЫЙ БАНК\"", "brand": null, "cash_in": null, "opening_hours": "24/7" }, "geometry": { "type": "Point", "coordinates": [ 4177210.180363283026963, 7487787.052795182913542 ] } },
{ "type": "Feature", "properties": { "element": "node", "id": 5394375149, "amenity": "atm", "operator": "Банк ВТБ (ПАО)", "brand": "ВТБ", "cash_in": "yes", "opening_hours": null }, "geometry": { "type": "Point", "coordinates": [ 4189943.927859533112496, 7504754.334975051693618 ] } },
{ "type": "Feature", "properties": { "element": "node", "id": 5400998399, "amenity": "atm", "operator": "Банк ВТБ (ПАО)", "brand": "ВТБ", "cash_in": null, "opening_hours": null }, "geometry": { "type": "Point", "coordinates": [ 4189952.88907854212448, 7511979.280780203640461 ] } },
{ "type": "Feature", "properties": { "element": "node", "id": 5405816688, "amenity": "atm", "operator": "ПАО Сбербанк", "brand": "Сбербанк", "cash_in": "yes", "opening_hours": null }, "geometry": { "type": "Point", "coordinates": [ 4137406.749839392956346, 7479532.065093235112727 ] } },
{ "type": "Feature", "properties": { "element": "node", "id": 5407174879, "amenity": "atm", "operator": "ПАО Сбербанк", "brand": "Сбербанк", "cash_in": null, "opening_hours": "Mo-Su 07:30-23:00" }, "geometry": { "type": "Point", "coordinates": [ 4137149.880114387255162, 7479432.183257306925952 ] } },
{ "type": "Feature", "properties": { "element": "node", "id": 5407468148, "amenity": "atm", "operator": "Банк ВТБ (ПАО)", "brand": "ВТБ", "cash_in": "yes", "opening_hours": null }, "geometry": { "type": "Point", "coordinates": [ 4173068.316069337539375, 7526440.644187049940228 ] } },
{ "type": "Feature", "properties": { "element": "node", "id": 5407491222, "amenity": "atm", "operator": "Банк ВТБ (ПАО)", "brand": "ВТБ", "cash_in": null, "opening_hours": null }, "geometry": { "type": "Point", "coordinates": [ 4214778.649470515549183, 7507738.551625302061439 ] } },
{ "type": "Feature", "properties": { "element": "node", "id": 5423481552, "amenity": "atm", "operator": "АО \"Альфа-Банк\"", "brand": "Альфа-Банк", "cash_in": null, "opening_hours": null }, "geometry": { "type": "Point", "coordinates": [ 4194150.346326189115644, 7502581.234554650261998 ] } },
{ "type": "Feature", "properties": { "element": "node", "id": 5426372721, "amenity": "atm", "operator": "АО «ТБанк»", "brand": "Т-Банк", "cash_in": null, "opening_hours": null }, "geometry": { "type": "Point", "coordinates": [ 4188252.606308114249259, 7500917.40978697501123 ] } },
{ "type": "Feature", "properties": { "element": "node", "id": 5435796627, "amenity": "atm", "operator": "ПАО \"МОСКОВСКИЙ КРЕДИТНЫЙ БАНК\"", "brand": null, "cash_in": null, "opening_hours": "Mo-Su 08:00-23:00" }, "geometry": { "type": "Point", "coordinates": [ 4197040.20030718203634, 7520881.646652717143297 ] } },
{ "type": "Feature", "properties": { "element": "node", "id": 5435796628, "amenity": "atm", "operator": "Московский кредитный банк", "brand": "Московский кредитный банк", "cash_in": null, "opening_hours": "24/7" }, "geometry": { "type": "Point", "coordinates": [ 4196065.475713847205043, 7521734.551110087893903 ] } },
{ "type": "Feature", "properties": { "element": "node", "id": 5443883620, "amenity": "atm", "operator": "ПАО Сбербанк", "brand": "Сбербанк", "cash_in": null, "opening_hours": null }, "geometry": { "type": "Point", "coordinates": [ 4187866.628237687051296, 7507134.892425511032343 ] } },
{ "type": "Feature", "properties": { "element": "node", "id": 5446041188, "amenity": "atm", "operator": "Банк ВТБ (ПАО)", "brand": "ВТБ", "cash_in": null, "opening_hours": null }, "geometry": { "type": "Point", "coordinates": [ 4189322.831892600748688, 7515112.403471577912569 ] } },
{ "type": "Feature", "properties": { "element": "node", "id": 5446064868, "amenity": "atm", "operator": "ПАО \"Совкомбанк\"", "brand": "Совкомбанк", "cash_in": null, "opening_hours": "Mo-Fr 09:00-21:00, Sa 10:00-17:00" }, "geometry": { "type": "Point", "coordinates": [ 4186358.738943197764456, 7531459.548695540055633 ] } },
{ "type": "Feature", "properties": { "element": "node", "id": 5450658421, "amenity": "atm", "operator": "АО \"Альфа-Банк\"", "brand": "Альфа-Банк", "cash_in": null, "opening_hours": null }, "geometry": { "type": "Point", "coordinates": [ 4198962.53206589538604, 7481671.864098126068711 ] } },
{ "type": "Feature", "properties": { "element": "node", "id": 5452276356, "amenity": "atm", "operator": "ПАО Сбербанк", "brand": "Сбербанк", "cash_in": null, "opening_hours": null }, "geometry": { "type": "Point", "coordinates": [ 4183810.914097666274756, 7511089.506144545972347 ] } },
{ "type": "Feature", "properties": { "element": "node", "id": 5478694486, "amenity": "atm", "operator": "АО «ТБанк»", "brand": "Т-Банк", "cash_in": null, "opening_hours": null }, "geometry": { "type": "Point", "coordinates": [ 4178096.083134913817048, 7519116.623677116818726 ] } },
{ "type": "Feature", "properties": { "element": "node", "id": 5478694487, "amenity": "atm", "operator": "Банк ГПБ (АО)", "brand": "Газпромбанк", "cash_in": null, "opening_hours": null }, "geometry": { "type": "Point", "coordinates": [ 4178095.348426274955273, 7519115.970083753578365 ] } },
{ "type": "Feature", "properties": { "element": "node", "id": 5478755199, "amenity": "atm", "operator": "АО «ТБанк»", "brand": "Т-Банк", "cash_in": null, "opening_hours": null }, "geometry": { "type": "Point", "coordinates": [ 4210038.732344234362245, 7509295.92366480641067 ] } },
{ "type": "Feature", "properties": { "element": "node", "id": 5478755200, "amenity": "atm", "operator": "Банк ВТБ (ПАО)", "brand": "ВТБ", "cash_in": null, "opening_hours": null }, "geometry": { "type": "Point", "coordinates": [ 4209925.331178962253034, 7509102.64925104752183 ] } },
{ "type": "Feature", "properties": { "element": "node", "id": 5481463449, "amenity": "atm", "operator": "ПАО \"МОСКОВСКИЙ КРЕДИТНЫЙ БАНК\"", "brand": null, "cash_in": null, "opening_hours": null }, "geometry": { "type": "Point", "coordinates": [ 4205002.026323546655476, 7503039.147689777426422 ] } },
{ "type": "Feature", "properties": { "element": "node", "id": 5483387260, "amenity": "atm", "operator": "ВТБ", "brand": "ВТБ", "cash_in": null, "opening_hours": null }, "geometry": { "type": "Point", "coordinates": [ 4188035.088023104704916, 7512301.309949371032417 ] } },
{ "type": "Feature", "properties": { "element": "node", "id": 5498494824, "amenity": "atm", "operator": "АО \"Райффайзенбанк\"", "brand": "Райффайзен", "cash_in": null, "opening_hours": "24/7" }, "geometry": { "type": "Point", "coordinates": [ 4179008.980883062817156, 7517883.193534664809704 ] } },
{ "type": "Feature", "properties": { "element": "node", "id": 5498673121, "amenity": "atm", "operator": "ПАО Сбербанк", "brand": "Сбербанк", "cash_in": null, "opening_hours": "24/7" }, "geometry": { "type": "Point", "coordinates": [ 4192003.138064125552773, 7501288.041970164515078 ] } },
{ "type": "Feature", "properties": { "element": "node", "id": 5498673221, "amenity": "atm", "operator": "ПАО \"МТС-Банк\"", "brand": "МТС Банк", "cash_in": null, "opening_hours": "24/7" }, "geometry": { "type": "Point", "coordinates": [ 4192001.679778795689344, 7501281.066641363315284 ] } },
{ "type": "Feature", "properties": { "element": "node", "id": 5500476986, "amenity": "atm", "operator": "Райффайзен", "brand": "Райффайзен", "cash_in": null, "opening_hours": null }, "geometry": { "type": "Point", "coordinates": [ 4184206.187345575075597, 7509383.671174017712474 ] } },
{ "type": "Feature", "properties": { "element": "node", "id": 5500477902, "amenity": "atm", "operator": "АО \"Альфа-Банк\"", "brand": "Альфа-Банк", "cash_in": null, "opening_hours": null }, "geometry": { "type": "Point", "coordinates": [ 4184205.786595408339053, 7509379.893025809898973 ] } },
{ "type": "Feature", "properties": { "element": "node", "id": 5502237111, "amenity": "atm", "operator": "Банк ВТБ (ПАО)", "brand": "ВТБ", "cash_in": null, "opening_hours": null }, "geometry": { "type": "Point", "coordinates": [ 4183149.587266761809587, 7527473.063933338969946 ] } },
{ "type": "Feature", "properties": { "element": "node", "id": 5507576204, "amenity": "atm", "operator": null, "brand": null, "cash_in": null, "opening_hours": null }, "geometry": { "type": "Point", "coordinates": [ 4213578.647623663768172, 7501078.053742182441056 ] } },
{ "type": "Feature", "properties": { "element": "node", "id": 5507944306, "amenity": "atm", "operator": "ВТБ", "brand": "ВТБ", "cash_in": null, "opening_hours": "Mo-Su 00:00-01:00,05:30-24:00" }, "geometry": { "type": "Point", "coordinates": [ 4196063.371775471605361, 7481936.692583857104182 ] } },
{ "type": "Feature", "properties": { "element": "node", "id": 5507944307, "amenity": "atm", "operator": "Сбербанк", "brand": "Сбербанк", "cash_in": null, "opening_hours": null }, "geometry": { "type": "Point", "coordinates": [ 4200276.658654710277915, 7481593.931036683730781 ] } },
{ "type": "Feature", "properties": { "element": "node", "id": 5507944308, "amenity": "atm", "operator": "ПАО \"МОСКОВСКИЙ КРЕДИТНЫЙ БАНК\"", "brand": null, "cash_in": null, "opening_hours": null }, "geometry": { "type": "Point", "coordinates": [ 4200272.628889143466949, 7481590.343848424963653 ] } },
{ "type": "Feature", "properties": { "element": "node", "id": 5507944309, "amenity": "atm", "operator": "Московский кредитный банк", "brand": "Московский кредитный банк", "cash_in": null, "opening_hours": null }, "geometry": { "type": "Point", "coordinates": [ 4200262.476551582105458, 7481617.208381180651486 ] } },
{ "type": "Feature", "properties": { "element": "node", "id": 5518594822, "amenity": "atm", "operator": "\"СДМ-Банк\" (ПАО)", "brand": null, "cash_in": null, "opening_hours": null }, "geometry": { "type": "Point", "coordinates": [ 4209006.67821313906461, 7516804.497483566403389 ] } },
{ "type": "Feature", "properties": { "element": "node", "id": 5525203626, "amenity": "atm", "operator": "Банк ВТБ (ПАО)", "brand": "ВТБ", "cash_in": null, "opening_hours": null }, "geometry": { "type": "Point", "coordinates": [ 4190943.521227111108601, 7489898.615270089358091 ] } },
{ "type": "Feature", "properties": { "element": "node", "id": 5533146721, "amenity": "atm", "operator": "ПАО Сбербанк", "brand": "Сбербанк", "cash_in": "yes", "opening_hours": "24/7" }, "geometry": { "type": "Point", "coordinates": [ 4172320.137771715875715, 7492984.374614112079144 ] } },
{ "type": "Feature", "properties": { "element": "node", "id": 5538199616, "amenity": "atm", "operator": "КБ \"ЛОКО-Банк\" (АО)", "brand": null, "cash_in": null, "opening_hours": "24/7" }, "geometry": { "type": "Point", "coordinates": [ 4192514.272638051304966, 7532660.868449560366571 ] } },
{ "type": "Feature", "properties": { "element": "node", "id": 5538199618, "amenity": "atm", "operator": "ПАО Сбербанк", "brand": "Сбербанк", "cash_in": null, "opening_hours": "24/7" }, "geometry": { "type": "Point", "coordinates": [ 4192465.904319302178919, 7532673.407776931300759 ] } },
{ "type": "Feature", "properties": { "element": "node", "id": 5538325042, "amenity": "atm", "operator": "ПАО Сбербанк", "brand": "Сбербанк", "cash_in": null, "opening_hours": "24/7" }, "geometry": { "type": "Point", "coordinates": [ 4184668.051912877243012, 7509235.315958863124251 ] } },
{ "type": "Feature", "properties": { "element": "node", "id": 5538325043, "amenity": "atm", "operator": "АО «ТБанк»", "brand": "Тинькофф Банк", "cash_in": null, "opening_hours": null }, "geometry": { "type": "Point", "coordinates": [ 4184737.6933863167651, 7509208.88924917858094 ] } },
{ "type": "Feature", "properties": { "element": "node", "id": 5538325049, "amenity": "atm", "operator": "Альфа-Банк", "brand": "Альфа-Банк", "cash_in": null, "opening_hours": null }, "geometry": { "type": "Point", "coordinates": [ 4185119.619427279569209, 7509260.180093951523304 ] } },
{ "type": "Feature", "properties": { "element": "node", "id": 5538327219, "amenity": "atm", "operator": "ПАО \"МОСКОВСКИЙ КРЕДИТНЫЙ БАНК\"", "brand": null, "cash_in": null, "opening_hours": null }, "geometry": { "type": "Point", "coordinates": [ 4174510.604787902440876, 7525754.760453710332513 ] } },
{ "type": "Feature", "properties": { "element": "node", "id": 5538327522, "amenity": "atm", "operator": "ПАО Сбербанк", "brand": "Сбербанк", "cash_in": null, "opening_hours": null }, "geometry": { "type": "Point", "coordinates": [ 4194183.163312075193971, 7536096.951105106621981 ] } },
{ "type": "Feature", "properties": { "element": "node", "id": 5540586822, "amenity": "atm", "operator": "ПАО Сбербанк", "brand": "Сбербанк", "cash_in": null, "opening_hours": null }, "geometry": { "type": "Point", "coordinates": [ 4200010.994689932093024, 7481213.422421923838556 ] } },
{ "type": "Feature", "properties": { "element": "node", "id": 5544862821, "amenity": "atm", "operator": "АО \"Райффайзенбанк\"", "brand": "Райффайзен", "cash_in": null, "opening_hours": null }, "geometry": { "type": "Point", "coordinates": [ 4193971.589487873483449, 7500910.256960431113839 ] } },
{ "type": "Feature", "properties": { "element": "node", "id": 5545606622, "amenity": "atm", "operator": "Банк ВТБ (ПАО)", "brand": "ВТБ", "cash_in": "yes", "opening_hours": null }, "geometry": { "type": "Point", "coordinates": [ 4181194.794744533486664, 7503092.472846337594092 ] } },
{ "type": "Feature", "properties": { "element": "node", "id": 5545622121, "amenity": "atm", "operator": "Банк ВТБ (ПАО)", "brand": "ВТБ", "cash_in": null, "opening_hours": null }, "geometry": { "type": "Point", "coordinates": [ 4181388.813485037069768, 7503381.043835346587002 ] } },
{ "type": "Feature", "properties": { "element": "node", "id": 5545926772, "amenity": "atm", "operator": "АО \"Россельхозбанк\"", "brand": "Россельхозбанк", "cash_in": null, "opening_hours": "24/7" }, "geometry": { "type": "Point", "coordinates": [ 4159247.800912269391119, 7527818.78118371963501 ] } },
{ "type": "Feature", "properties": { "element": "node", "id": 5545926774, "amenity": "atm", "operator": "Уралсиб", "brand": "Уралсиб", "cash_in": null, "opening_hours": "24/7" }, "geometry": { "type": "Point", "coordinates": [ 4159268.940483571495861, 7527803.989338942803442 ] } },
{ "type": "Feature", "properties": { "element": "node", "id": 5546399021, "amenity": "atm", "operator": "АО \"Райффайзенбанк\"", "brand": "Райффайзен", "cash_in": null, "opening_hours": "Mo-Su 08:00-22:00" }, "geometry": { "type": "Point", "coordinates": [ 4163010.032346762251109, 7503479.279023807495832 ] } },
{ "type": "Feature", "properties": { "element": "node", "id": 5551583498, "amenity": "atm", "operator": null, "brand": null, "cash_in": null, "opening_hours": null }, "geometry": { "type": "Point", "coordinates": [ 4183907.639603216201067, 7507425.611965522170067 ] } },
{ "type": "Feature", "properties": { "element": "node", "id": 5579867934, "amenity": "atm", "operator": "Банк ВТБ (ПАО)", "brand": "ВТБ", "cash_in": null, "opening_hours": null }, "geometry": { "type": "Point", "coordinates": [ 4161277.75635468121618, 7525920.541318797506392 ] } },
{ "type": "Feature", "properties": { "element": "node", "id": 5582720126, "amenity": "atm", "operator": "ПАО Сбербанк", "brand": "Сбербанк", "cash_in": null, "opening_hours": null }, "geometry": { "type": "Point", "coordinates": [ 4201369.916241842322052, 7510449.974142147228122 ] } },
{ "type": "Feature", "properties": { "element": "node", "id": 5593073830, "amenity": "atm", "operator": "АО \"Альфа-Банк\"", "brand": "Альфа-Банк", "cash_in": null, "opening_hours": null }, "geometry": { "type": "Point", "coordinates": [ 4185306.023914612829685, 7528845.456127640791237 ] } },
{ "type": "Feature", "properties": { "element": "node", "id": 5597337971, "amenity": "atm", "operator": "Сбербанк", "brand": "Сбербанк", "cash_in": null, "opening_hours": null }, "geometry": { "type": "Point", "coordinates": [ 4198011.396072659641504, 7505433.549407601356506 ] } },
{ "type": "Feature", "properties": { "element": "node", "id": 5599714449, "amenity": "atm", "operator": "ПАО Сбербанк", "brand": "Сбербанк", "cash_in": null, "opening_hours": null }, "geometry": { "type": "Point", "coordinates": [ 4210509.713977830484509, 7502697.06904975976795 ] } },
{ "type": "Feature", "properties": { "element": "node", "id": 5601187521, "amenity": "atm", "operator": "Сбербанк", "brand": "Сбербанк", "cash_in": null, "opening_hours": null }, "geometry": { "type": "Point", "coordinates": [ 4176519.287075623404235, 7485598.192413865588605 ] } },
{ "type": "Feature", "properties": { "element": "node", "id": 5627552471, "amenity": "atm", "operator": "Банк ВТБ (ПАО)", "brand": "ВТБ", "cash_in": "yes", "opening_hours": "Mo-Su 05:30-01:00" }, "geometry": { "type": "Point", "coordinates": [ 4201900.999268517829478, 7481919.997635344043374 ] } },
{ "type": "Feature", "properties": { "element": "node", "id": 5643792691, "amenity": "atm", "operator": "ПАО Сбербанк", "brand": "Сбербанк", "cash_in": null, "opening_hours": null }, "geometry": { "type": "Point", "coordinates": [ 4202532.447948094457388, 7483090.130802854895592 ] } },
{ "type": "Feature", "properties": { "element": "node", "id": 5643792692, "amenity": "atm", "operator": "ПАО Сбербанк", "brand": "Сбербанк", "cash_in": null, "opening_hours": null }, "geometry": { "type": "Point", "coordinates": [ 4202594.853654633276165, 7483048.475980575196445 ] } },
{ "type": "Feature", "properties": { "element": "node", "id": 5643792693, "amenity": "atm", "operator": "ПАО Сбербанк", "brand": "Сбербанк", "cash_in": null, "opening_hours": null }, "geometry": { "type": "Point", "coordinates": [ 4202593.36197345610708, 7483072.211119184270501 ] } },
{ "type": "Feature", "properties": { "element": "node", "id": 5650283143, "amenity": "atm", "operator": "ПАО Сбербанк", "brand": "Сбербанк", "cash_in": null, "opening_hours": null }, "geometry": { "type": "Point", "coordinates": [ 4202138.454874329268932, 7482071.140467311255634 ] } },
{ "type": "Feature", "properties": { "element": "node", "id": 5667330835, "amenity": "atm", "operator": "АО ЮниКредит Банк", "brand": null, "cash_in": null, "opening_hours": null }, "geometry": { "type": "Point", "coordinates": [ 4188808.179622765630484, 7502887.850928134284914 ] } },
{ "type": "Feature", "properties": { "element": "node", "id": 5694380126, "amenity": "atm", "operator": "Сбербанк", "brand": "Сбербанк", "cash_in": "yes", "opening_hours": "24/7" }, "geometry": { "type": "Point", "coordinates": [ 4198859.171918693929911, 7483117.355396287515759 ] } },
{ "type": "Feature", "properties": { "element": "node", "id": 5694380127, "amenity": "atm", "operator": "ПАО Сбербанк", "brand": "Сбербанк", "cash_in": null, "opening_hours": "24/7" }, "geometry": { "type": "Point", "coordinates": [ 4200677.286370125599205, 7484281.084509500302374 ] } },
{ "type": "Feature", "properties": { "element": "node", "id": 5702925535, "amenity": "atm", "operator": "ПАО Сбербанк", "brand": "Сбербанк", "cash_in": null, "opening_hours": "24/7" }, "geometry": { "type": "Point", "coordinates": [ 4194923.705092628486454, 7508130.13960078638047 ] } },
{ "type": "Feature", "properties": { "element": "node", "id": 5711462570, "amenity": "atm", "operator": "Банк ВТБ (ПАО)", "brand": "ВТБ", "cash_in": "yes", "opening_hours": null }, "geometry": { "type": "Point", "coordinates": [ 4198896.964885817840695, 7515380.103744018822908 ] } },
{ "type": "Feature", "properties": { "element": "node", "id": 5719859526, "amenity": "atm", "operator": "ПАО Сбербанк", "brand": "Сбербанк", "cash_in": null, "opening_hours": "24/7" }, "geometry": { "type": "Point", "coordinates": [ 4190957.69219828909263, 7489779.559182127937675 ] } },
{ "type": "Feature", "properties": { "element": "node", "id": 5719859527, "amenity": "atm", "operator": "Банк ВТБ (ПАО)", "brand": "ВТБ", "cash_in": null, "opening_hours": "24/7" }, "geometry": { "type": "Point", "coordinates": [ 4190972.141468194313347, 7489781.61117738392204 ] } },
{ "type": "Feature", "properties": { "element": "node", "id": 5741214355, "amenity": "atm", "operator": "АО \"Райффайзенбанк\"", "brand": "Райффайзен", "cash_in": "yes", "opening_hours": null }, "geometry": { "type": "Point", "coordinates": [ 4190066.267979915253818, 7499829.327648692764342 ] } },
{ "type": "Feature", "properties": { "element": "node", "id": 5741214356, "amenity": "atm", "operator": "АО «ТБанк»", "brand": "Т-Банк", "cash_in": "yes", "opening_hours": null }, "geometry": { "type": "Point", "coordinates": [ 4190079.548395166173577, 7499829.465943589806557 ] } },
{ "type": "Feature", "properties": { "element": "node", "id": 5764435044, "amenity": "atm", "operator": "ПАО РОСБАНК", "brand": "Росбанк", "cash_in": null, "opening_hours": "Mo-Su 00:00-23:59" }, "geometry": { "type": "Point", "coordinates": [ 4198785.244644857943058, 7480377.220732941292226 ] } },
{ "type": "Feature", "properties": { "element": "node", "id": 5770731156, "amenity": "atm", "operator": null, "brand": null, "cash_in": null, "opening_hours": null }, "geometry": { "type": "Point", "coordinates": [ 4189308.88356040418148, 7526108.647350068204105 ] } },
{ "type": "Feature", "properties": { "element": "node", "id": 5770747056, "amenity": "atm", "operator": null, "brand": null, "cash_in": null, "opening_hours": null }, "geometry": { "type": "Point", "coordinates": [ 4189393.297130272723734, 7526056.253144439309835 ] } },
{ "type": "Feature", "properties": { "element": "node", "id": 5771727438, "amenity": "atm", "operator": "АО \"Райффайзенбанк\"", "brand": "Райффайзен", "cash_in": null, "opening_hours": "24/7" }, "geometry": { "type": "Point", "coordinates": [ 4185853.582225926220417, 7512372.172418344765902 ] } },
{ "type": "Feature", "properties": { "element": "node", "id": 5786261854, "amenity": "atm", "operator": null, "brand": null, "cash_in": null, "opening_hours": null }, "geometry": { "type": "Point", "coordinates": [ 4151648.531345469877124, 7480339.679507757537067 ] } },
{ "type": "Feature", "properties": { "element": "node", "id": 5801480654, "amenity": "atm", "operator": "Сбербанк", "brand": "Сбербанк", "cash_in": null, "opening_hours": null }, "geometry": { "type": "Point", "coordinates": [ 4172064.191998483613133, 7518926.549177975393832 ] } },
{ "type": "Feature", "properties": { "element": "node", "id": 5810791379, "amenity": "atm", "operator": "ПАО Сбербанк", "brand": "Сбербанк", "cash_in": null, "opening_hours": "24/7" }, "geometry": { "type": "Point", "coordinates": [ 4186791.204032979905605, 7503591.766768034547567 ] } },
{ "type": "Feature", "properties": { "element": "node", "id": 5835632787, "amenity": "atm", "operator": null, "brand": null, "cash_in": null, "opening_hours": "Mo-Su 08:00-02:00" }, "geometry": { "type": "Point", "coordinates": [ 4167512.093117067590356, 7491934.711024409160018 ] } },
{ "type": "Feature", "properties": { "element": "node", "id": 5845716838, "amenity": "atm", "operator": "ПАО \"Промсвязьбанк\"", "brand": "Промсвязьбанк", "cash_in": null, "opening_hours": null }, "geometry": { "type": "Point", "coordinates": [ 4207979.087993626482785, 7519704.939588146284223 ] } },
{ "type": "Feature", "properties": { "element": "node", "id": 5845716839, "amenity": "atm", "operator": "Банк ГПБ (АО)", "brand": "Газпромбанк", "cash_in": null, "opening_hours": null }, "geometry": { "type": "Point", "coordinates": [ 4207979.087993626482785, 7519707.415509972721338 ] } },
{ "type": "Feature", "properties": { "element": "node", "id": 5849125995, "amenity": "atm", "operator": "Банк ВТБ (ПАО)", "brand": "ВТБ", "cash_in": null, "opening_hours": null }, "geometry": { "type": "Point", "coordinates": [ 4191260.737248075660318, 7519386.027695310302079 ] } },
{ "type": "Feature", "properties": { "element": "node", "id": 5870770125, "amenity": "atm", "operator": "АО \"Альфа-Банк\"", "brand": "Альфа-Банк", "cash_in": "yes", "opening_hours": null }, "geometry": { "type": "Point", "coordinates": [ 4207808.913888051174581, 7520330.996783750131726 ] } },
{ "type": "Feature", "properties": { "element": "node", "id": 5870770991, "amenity": "atm", "operator": "АО \"Альфа-Банк\"", "brand": "Альфа-Банк", "cash_in": "no", "opening_hours": null }, "geometry": { "type": "Point", "coordinates": [ 4206318.71326064877212, 7516343.608641752041876 ] } },
{ "type": "Feature", "properties": { "element": "node", "id": 5881071385, "amenity": "atm", "operator": "ПАО Сбербанк", "brand": "Сбербанк", "cash_in": null, "opening_hours": null }, "geometry": { "type": "Point", "coordinates": [ 4163560.061950771603733, 7490828.180058066733181 ] } },
{ "type": "Feature", "properties": { "element": "node", "id": 5894578757, "amenity": "atm", "operator": "АО \"Почта Банк\"", "brand": "Почта Банк", "cash_in": "yes", "opening_hours": null }, "geometry": { "type": "Point", "coordinates": [ 4163793.176096441689879, 7518499.715609842911363 ] } },
{ "type": "Feature", "properties": { "element": "node", "id": 5903243985, "amenity": "atm", "operator": "Банк ВТБ (ПАО)", "brand": "ВТБ", "cash_in": null, "opening_hours": null }, "geometry": { "type": "Point", "coordinates": [ 4178719.806241828482598, 7489706.102057079784572 ] } },
{ "type": "Feature", "properties": { "element": "node", "id": 5907690286, "amenity": "atm", "operator": "Банк ВТБ (ПАО)", "brand": "ВТБ", "cash_in": null, "opening_hours": null }, "geometry": { "type": "Point", "coordinates": [ 4142833.374640481546521, 7557590.249490633606911 ] } },
{ "type": "Feature", "properties": { "element": "node", "id": 5914101359, "amenity": "atm", "operator": "ПАО Сбербанк", "brand": "Сбербанк", "cash_in": null, "opening_hours": null }, "geometry": { "type": "Point", "coordinates": [ 4183399.755558421369642, 7498977.81390367820859 ] } },
{ "type": "Feature", "properties": { "element": "node", "id": 5914101363, "amenity": "atm", "operator": "ПАО Сбербанк", "brand": "Сбербанк", "cash_in": null, "opening_hours": null }, "geometry": { "type": "Point", "coordinates": [ 4183335.858170706313103, 7498929.4556879196316 ] } },
{ "type": "Feature", "properties": { "element": "node", "id": 5918124808, "amenity": "atm", "operator": "Банк ВТБ (ПАО)", "brand": "ВТБ", "cash_in": null, "opening_hours": null }, "geometry": { "type": "Point", "coordinates": [ 4215217.259396190755069, 7522038.957687794230878 ] } },
{ "type": "Feature", "properties": { "element": "node", "id": 5961444194, "amenity": "atm", "operator": "ПАО Сбербанк", "brand": "Сбербанк", "cash_in": "yes", "opening_hours": null }, "geometry": { "type": "Point", "coordinates": [ 4178008.997897266410291, 7507092.02008077967912 ] } },
{ "type": "Feature", "properties": { "element": "node", "id": 5963686987, "amenity": "atm", "operator": "ПАО Сбербанк", "brand": "Сбербанк", "cash_in": null, "opening_hours": null }, "geometry": { "type": "Point", "coordinates": [ 4164158.660248614381999, 7489777.191495970822871 ] } },
{ "type": "Feature", "properties": { "element": "node", "id": 5963748121, "amenity": "atm", "operator": "ПАО Сбербанк", "brand": "Сбербанк", "cash_in": null, "opening_hours": null }, "geometry": { "type": "Point", "coordinates": [ 4175120.824840584304184, 7494103.987462249584496 ] } },
{ "type": "Feature", "properties": { "element": "node", "id": 5963748943, "amenity": "atm", "operator": "АО \"Альфа-Банк\"", "brand": "Альфа-Банк", "cash_in": null, "opening_hours": null }, "geometry": { "type": "Point", "coordinates": [ 4175119.912020759657025, 7494103.138566157780588 ] } },
{ "type": "Feature", "properties": { "element": "node", "id": 5973934486, "amenity": "atm", "operator": "АО \"Райффайзенбанк\"", "brand": "Райффайзен", "cash_in": null, "opening_hours": null }, "geometry": { "type": "Point", "coordinates": [ 4162832.088140729814768, 7488945.389336741529405 ] } },
{ "type": "Feature", "properties": { "element": "node", "id": 5980120471, "amenity": "atm", "operator": "АО «ТБанк»", "brand": "Т-Банк", "cash_in": null, "opening_hours": null }, "geometry": { "type": "Point", "coordinates": [ 4192824.542322790715843, 7494628.642837810330093 ] } },
{ "type": "Feature", "properties": { "element": "node", "id": 6000010526, "amenity": "atm", "operator": "ПАО Сбербанк", "brand": "Сбербанк", "cash_in": null, "opening_hours": "24/7" }, "geometry": { "type": "Point", "coordinates": [ 4150615.709109890740365, 7480508.508068140596151 ] } },
{ "type": "Feature", "properties": { "element": "node", "id": 6000010527, "amenity": "atm", "operator": "АО \"Альфа-Банк\"", "brand": "Альфа-Банк", "cash_in": null, "opening_hours": "24/7" }, "geometry": { "type": "Point", "coordinates": [ 4150617.935499705839902, 7480510.518188773654401 ] } },
{ "type": "Feature", "properties": { "element": "node", "id": 6037866266, "amenity": "atm", "operator": "Сбербанк", "brand": "Сбербанк", "cash_in": null, "opening_hours": null }, "geometry": { "type": "Point", "coordinates": [ 4210937.882135268300772, 7514498.92325633764267 ] } },
{ "type": "Feature", "properties": { "element": "node", "id": 6042786735, "amenity": "atm", "operator": "АО \"Россельхозбанк\"", "brand": "Россельхозбанк", "cash_in": "yes", "opening_hours": "24/7" }, "geometry": { "type": "Point", "coordinates": [ 4192351.479014715645462, 7500509.373362365178764 ] } },
{ "type": "Feature", "properties": { "element": "node", "id": 6046142494, "amenity": "atm", "operator": null, "brand": null, "cash_in": null, "opening_hours": null }, "geometry": { "type": "Point", "coordinates": [ 4170771.872897916007787, 7516498.673932760953903 ] } },
{ "type": "Feature", "properties": { "element": "node", "id": 6047084287, "amenity": "atm", "operator": "Банк ВТБ (ПАО)", "brand": "ВТБ", "cash_in": null, "opening_hours": "24/7" }, "geometry": { "type": "Point", "coordinates": [ 4202076.995383461937308, 7491349.277783547528088 ] } },
{ "type": "Feature", "properties": { "element": "node", "id": 6049987208, "amenity": "atm", "operator": "ПАО Сбербанк", "brand": "Сбербанк", "cash_in": null, "opening_hours": "24/7" }, "geometry": { "type": "Point", "coordinates": [ 4203489.105388073250651, 7493885.350447156466544 ] } },
{ "type": "Feature", "properties": { "element": "node", "id": 6050519688, "amenity": "atm", "operator": "ПАО Сбербанк", "brand": "Сбербанк", "cash_in": null, "opening_hours": null }, "geometry": { "type": "Point", "coordinates": [ 4172279.339178340509534, 7515508.622179768979549 ] } },
{ "type": "Feature", "properties": { "element": "node", "id": 6054092327, "amenity": "atm", "operator": "ПАО Сбербанк", "brand": "Сбербанк", "cash_in": null, "opening_hours": "24/7" }, "geometry": { "type": "Point", "coordinates": [ 4158078.345133689697832, 7528806.627380666323006 ] } },
{ "type": "Feature", "properties": { "element": "node", "id": 6071309998, "amenity": "atm", "operator": "ПАО Сбербанк", "brand": "Сбербанк", "cash_in": "yes", "opening_hours": null }, "geometry": { "type": "Point", "coordinates": [ 4201206.521493256092072, 7481266.597108743153512 ] } },
{ "type": "Feature", "properties": { "element": "node", "id": 6071403105, "amenity": "atm", "operator": null, "brand": null, "cash_in": null, "opening_hours": null }, "geometry": { "type": "Point", "coordinates": [ 4147622.161023222841322, 7475948.338485069572926 ] } },
{ "type": "Feature", "properties": { "element": "node", "id": 6074176385, "amenity": "atm", "operator": "ПАО Банк ЗЕНИТ", "brand": "Зенит", "cash_in": null, "opening_hours": null }, "geometry": { "type": "Point", "coordinates": [ 4198954.060652646236122, 7481715.245993535034359 ] } },
{ "type": "Feature", "properties": { "element": "node", "id": 6080330192, "amenity": "atm", "operator": "АО \"Райффайзенбанк\"", "brand": "Райффайзен", "cash_in": null, "opening_hours": "Mo-Su 08:00-23:00" }, "geometry": { "type": "Point", "coordinates": [ 4198897.098469207063317, 7481713.294689963571727 ] } },
{ "type": "Feature", "properties": { "element": "node", "id": 6080330424, "amenity": "atm", "operator": "АО \"Банк Русский Стандарт\"", "brand": "Русский Стандарт", "cash_in": null, "opening_hours": "Mo-Su 08:00-23:00" }, "geometry": { "type": "Point", "coordinates": [ 4198913.017156391404569, 7481709.352664054371417 ] } },
{ "type": "Feature", "properties": { "element": "node", "id": 6080331020, "amenity": "atm", "operator": "ПАО \"Промсвязьбанк\"", "brand": "Промсвязьбанк", "cash_in": null, "opening_hours": "Mo-Su 08:00-23:00" }, "geometry": { "type": "Point", "coordinates": [ 4198906.293459146283567, 7481714.102805524133146 ] } },
{ "type": "Feature", "properties": { "element": "node", "id": 6104492089, "amenity": "atm", "operator": "ПАО \"МОСКОВСКИЙ КРЕДИТНЫЙ БАНК\"", "brand": null, "cash_in": null, "opening_hours": "Mo-Su 10:00-21:00" }, "geometry": { "type": "Point", "coordinates": [ 4187858.546442655380815, 7504627.577041904442012 ] } },
{ "type": "Feature", "properties": { "element": "node", "id": 6107008172, "amenity": "atm", "operator": "Промсвязьбанк", "brand": "Промсвязьбанк", "cash_in": null, "opening_hours": "Mo-Su 10:00-22:00" }, "geometry": { "type": "Point", "coordinates": [ 4200261.95334997586906, 7481613.325533914379776 ] } },
{ "type": "Feature", "properties": { "element": "node", "id": 6124719986, "amenity": "atm", "operator": "ПАО Сбербанк", "brand": "Сбербанк", "cash_in": null, "opening_hours": "24/7" }, "geometry": { "type": "Point", "coordinates": [ 4185620.534871951211244, 7516874.708330932073295 ] } },
{ "type": "Feature", "properties": { "element": "node", "id": 6124942585, "amenity": "atm", "operator": "ПАО Сбербанк", "brand": "Сбербанк", "cash_in": null, "opening_hours": null }, "geometry": { "type": "Point", "coordinates": [ 4199839.763049193657935, 7482528.903672566637397 ] } },
{ "type": "Feature", "properties": { "element": "node", "id": 6124979486, "amenity": "atm", "operator": "ПАО Сбербанк", "brand": "Сбербанк", "cash_in": null, "opening_hours": null }, "geometry": { "type": "Point", "coordinates": [ 4198512.979434275999665, 7484212.549617827869952 ] } },
{ "type": "Feature", "properties": { "element": "node", "id": 6125476285, "amenity": "atm", "operator": "ПАО Сбербанк", "brand": "Сбербанк", "cash_in": "yes", "opening_hours": "Mo-Su 08:00-23:00" }, "geometry": { "type": "Point", "coordinates": [ 4171063.474304048810154, 7489092.053071453236043 ] } },
{ "type": "Feature", "properties": { "element": "node", "id": 6140344622, "amenity": "atm", "operator": "ПАО Сбербанк", "brand": "Сбербанк", "cash_in": "yes", "opening_hours": "24/7" }, "geometry": { "type": "Point", "coordinates": [ 4196909.811787616461515, 7483601.637996056117117 ] } },
{ "type": "Feature", "properties": { "element": "node", "id": 6140344623, "amenity": "atm", "operator": "ПАО Сбербанк", "brand": "Сбербанк", "cash_in": "yes", "opening_hours": "24/7" }, "geometry": { "type": "Point", "coordinates": [ 4196910.290461427532136, 7483600.238234653137624 ] } },
{ "type": "Feature", "properties": { "element": "node", "id": 6153225178, "amenity": "atm", "operator": "АО «ТБанк»", "brand": "Т-Банк", "cash_in": null, "opening_hours": null }, "geometry": { "type": "Point", "coordinates": [ 4167296.021985438186675, 7531009.724436751566827 ] } },
{ "type": "Feature", "properties": { "element": "node", "id": 6171249281, "amenity": "atm", "operator": "ПАО Сбербанк", "brand": "Сбербанк", "cash_in": "yes", "opening_hours": "24/7" }, "geometry": { "type": "Point", "coordinates": [ 4196909.255190162919462, 7483602.899753028526902 ] } },
{ "type": "Feature", "properties": { "element": "node", "id": 6184138054, "amenity": "atm", "operator": "\"СДМ-Банк\" (ПАО)", "brand": null, "cash_in": null, "opening_hours": "Mo-Su 10:00-20:00" }, "geometry": { "type": "Point", "coordinates": [ 4158738.658957228064537, 7527869.065736959688365 ] } },
{ "type": "Feature", "properties": { "element": "node", "id": 6206469994, "amenity": "atm", "operator": "АО «ТБанк»", "brand": "Т-Банк", "cash_in": null, "opening_hours": null }, "geometry": { "type": "Point", "coordinates": [ 4199898.806907110847533, 7497347.708490874618292 ] } },
{ "type": "Feature", "properties": { "element": "node", "id": 6207683286, "amenity": "atm", "operator": "Банк ВТБ (ПАО)", "brand": "ВТБ", "cash_in": "yes", "opening_hours": "24/7" }, "geometry": { "type": "Point", "coordinates": [ 4164052.817676768172532, 7520178.528574679046869 ] } },
{ "type": "Feature", "properties": { "element": "node", "id": 6207683287, "amenity": "atm", "operator": "ПАО Сбербанк", "brand": "Сбербанк", "cash_in": "yes", "opening_hours": null }, "geometry": { "type": "Point", "coordinates": [ 4163678.817583550233394, 7519292.244240523315966 ] } },
{ "type": "Feature", "properties": { "element": "node", "id": 6208814890, "amenity": "atm", "operator": "ПАО Сбербанк", "brand": "Сбербанк", "cash_in": null, "opening_hours": "24/7" }, "geometry": { "type": "Point", "coordinates": [ 4161075.010166098829359, 7526332.798659281805158 ] } },
{ "type": "Feature", "properties": { "element": "node", "id": 6208814891, "amenity": "atm", "operator": "ПАО Сбербанк", "brand": "Сбербанк", "cash_in": null, "opening_hours": "24/7" }, "geometry": { "type": "Point", "coordinates": [ 4161073.640936361625791, 7526331.391126521863043 ] } },
{ "type": "Feature", "properties": { "element": "node", "id": 6216728896, "amenity": "atm", "operator": "ПАО Сбербанк", "brand": "Сбербанк", "cash_in": null, "opening_hours": "24/7" }, "geometry": { "type": "Point", "coordinates": [ 4200758.77223738655448, 7479972.632494563236833 ] } },
{ "type": "Feature", "properties": { "element": "node", "id": 6231778025, "amenity": "atm", "operator": "Банк ВТБ (ПАО)", "brand": "ВТБ", "cash_in": "yes", "opening_hours": null }, "geometry": { "type": "Point", "coordinates": [ 4189873.573941351380199, 7511747.690872182138264 ] } },
{ "type": "Feature", "properties": { "element": "node", "id": 6260521067, "amenity": "atm", "operator": "ПАО Сбербанк", "brand": "Сбербанк", "cash_in": null, "opening_hours": "24/7" }, "geometry": { "type": "Point", "coordinates": [ 4201064.500086900778115, 7480091.104048376902938 ] } },
{ "type": "Feature", "properties": { "element": "node", "id": 6260521068, "amenity": "atm", "operator": "ПАО РОСБАНК", "brand": "Росбанк", "cash_in": null, "opening_hours": "24/7" }, "geometry": { "type": "Point", "coordinates": [ 4201069.253429158590734, 7480092.463762381114066 ] } },
{ "type": "Feature", "properties": { "element": "node", "id": 6262657451, "amenity": "atm", "operator": "ПАО Сбербанк", "brand": "Сбербанк", "cash_in": "yes", "opening_hours": "24/7" }, "geometry": { "type": "Point", "coordinates": [ 4202325.159924288280308, 7493617.012817212380469 ] } },
{ "type": "Feature", "properties": { "element": "node", "id": 6265827749, "amenity": "atm", "operator": "Сбербанк", "brand": "Сбербанк", "cash_in": null, "opening_hours": null }, "geometry": { "type": "Point", "coordinates": [ 4188403.4664820372127, 7510630.442429022863507 ] } },
{ "type": "Feature", "properties": { "element": "node", "id": 6275105402, "amenity": "atm", "operator": "ПАО Сбербанк", "brand": "Сбербанк", "cash_in": "yes", "opening_hours": "24/7" }, "geometry": { "type": "Point", "coordinates": [ 4200801.00685219373554, 7496265.599263629876077 ] } },
{ "type": "Feature", "properties": { "element": "node", "id": 6277393382, "amenity": "atm", "operator": "ПАО Сбербанк", "brand": "Сбербанк", "cash_in": "yes", "opening_hours": "24/7" }, "geometry": { "type": "Point", "coordinates": [ 4201374.769771640188992, 7486212.772353354841471 ] } },
{ "type": "Feature", "properties": { "element": "node", "id": 6306728637, "amenity": "atm", "operator": "ПАО Сбербанк", "brand": "Сбербанк", "cash_in": null, "opening_hours": null }, "geometry": { "type": "Point", "coordinates": [ 4192317.827132648322731, 7515930.083443854004145 ] } },
{ "type": "Feature", "properties": { "element": "node", "id": 6340159804, "amenity": "atm", "operator": "ЮниКредит Банк", "brand": "ЮниКредит Банк", "cash_in": "yes", "opening_hours": "24/7" }, "geometry": { "type": "Point", "coordinates": [ 4176708.430022431071848, 7519862.627684468403459 ] } },
{ "type": "Feature", "properties": { "element": "node", "id": 6357343214, "amenity": "atm", "operator": "Банк ВТБ (ПАО)", "brand": "ВТБ", "cash_in": null, "opening_hours": null }, "geometry": { "type": "Point", "coordinates": [ 4202517.163782007992268, 7510319.007693205960095 ] } },
{ "type": "Feature", "properties": { "element": "node", "id": 6361772615, "amenity": "atm", "operator": "АО ЮниКредит Банк", "brand": "ЮниКредит Банк", "cash_in": null, "opening_hours": "24/7" }, "geometry": { "type": "Point", "coordinates": [ 4187916.132015242241323, 7512922.511599346064031 ] } },
{ "type": "Feature", "properties": { "element": "node", "id": 6364178038, "amenity": "atm", "operator": "АО \"Райффайзенбанк\"", "brand": "Райффайзен", "cash_in": null, "opening_hours": null }, "geometry": { "type": "Point", "coordinates": [ 4200487.675881457515061, 7522937.566108169965446 ] } },
{ "type": "Feature", "properties": { "element": "node", "id": 6364178041, "amenity": "atm", "operator": "ПАО Сбербанк", "brand": "Сбербанк", "cash_in": null, "opening_hours": null }, "geometry": { "type": "Point", "coordinates": [ 4200488.26587475836277, 7522947.414506182074547 ] } },
{ "type": "Feature", "properties": { "element": "node", "id": 6364967723, "amenity": "atm", "operator": "Банк ВТБ (ПАО)", "brand": "ВТБ", "cash_in": null, "opening_hours": null }, "geometry": { "type": "Point", "coordinates": [ 4189416.540639950893819, 7524614.432198016904294 ] } },
{ "type": "Feature", "properties": { "element": "node", "id": 6393305916, "amenity": "atm", "operator": "АО \"Альфа-Банк\"", "brand": "Альфа-Банк", "cash_in": null, "opening_hours": null }, "geometry": { "type": "Point", "coordinates": [ 4181150.600906688719988, 7517323.272919556125998 ] } },
{ "type": "Feature", "properties": { "element": "node", "id": 6398039983, "amenity": "atm", "operator": "ПАО \"Промсвязьбанк\"", "brand": "Промсвязьбанк", "cash_in": null, "opening_hours": "24/7" }, "geometry": { "type": "Point", "coordinates": [ 4188459.827540226280689, 7505028.73388900142163 ] } },
{ "type": "Feature", "properties": { "element": "node", "id": 6398564171, "amenity": "atm", "operator": "АО \"Россельхозбанк\"", "brand": "Россельхозбанк", "cash_in": "yes", "opening_hours": null }, "geometry": { "type": "Point", "coordinates": [ 4163235.18714884063229, 7519743.445214360952377 ] } },
{ "type": "Feature", "properties": { "element": "node", "id": 6400217985, "amenity": "atm", "operator": "АО \"Почта Банк\"", "brand": "Почта Банк", "cash_in": null, "opening_hours": null }, "geometry": { "type": "Point", "coordinates": [ 4178225.113556692376733, 7491481.758167827501893 ] } },
{ "type": "Feature", "properties": { "element": "node", "id": 6402526624, "amenity": "atm", "operator": "АО ЮниКредит Банк", "brand": "ЮниКредит Банк", "cash_in": null, "opening_hours": "24/7" }, "geometry": { "type": "Point", "coordinates": [ 4188045.54092328902334, 7505820.571789848618209 ] } },
{ "type": "Feature", "properties": { "element": "node", "id": 6423573035, "amenity": "atm", "operator": "Почта Банк", "brand": "Почта Банк", "cash_in": null, "opening_hours": "Mo-Fr 08:00-20:00; Sa 09:00-18:00; Su off" }, "geometry": { "type": "Point", "coordinates": [ 4191874.33028132840991, 7511433.421188145875931 ] } },
{ "type": "Feature", "properties": { "element": "node", "id": 6429641934, "amenity": "atm", "operator": "АО \"Почта Банк\"", "brand": "Почта Банк", "cash_in": null, "opening_hours": "24/7" }, "geometry": { "type": "Point", "coordinates": [ 4189759.326747950166464, 7511470.243285086005926 ] } },
{ "type": "Feature", "properties": { "element": "node", "id": 6438279129, "amenity": "atm", "operator": "Сбербанк", "brand": "Сбербанк", "cash_in": null, "opening_hours": "Mo-Su 09:00-24:00" }, "geometry": { "type": "Point", "coordinates": [ 4205712.745612516067922, 7517170.685957040637732 ] } },
{ "type": "Feature", "properties": { "element": "node", "id": 6466361760, "amenity": "atm", "operator": "АО \"Райффайзенбанк\"", "brand": "Райффайзен", "cash_in": null, "opening_hours": null }, "geometry": { "type": "Point", "coordinates": [ 4151883.593582229223102, 7453281.542812657542527 ] } },
{ "type": "Feature", "properties": { "element": "node", "id": 6488180932, "amenity": "atm", "operator": "ПАО Сбербанк", "brand": "Сбербанк", "cash_in": null, "opening_hours": null }, "geometry": { "type": "Point", "coordinates": [ 4172116.556686953641474, 7529849.717186064459383 ] } },
{ "type": "Feature", "properties": { "element": "node", "id": 6501181788, "amenity": "atm", "operator": "АО \"Райффайзенбанк\"", "brand": "Райффайзен", "cash_in": null, "opening_hours": null }, "geometry": { "type": "Point", "coordinates": [ 4185610.905735997483134, 7510863.086958724074066 ] } },
{ "type": "Feature", "properties": { "element": "node", "id": 6501181789, "amenity": "atm", "operator": "Таврический Банк (АО)", "brand": null, "cash_in": null, "opening_hours": null }, "geometry": { "type": "Point", "coordinates": [ 4185613.076466068159789, 7510861.741600687615573 ] } },
{ "type": "Feature", "properties": { "element": "node", "id": 6501181790, "amenity": "atm", "operator": "Росбанк", "brand": "Росбанк", "cash_in": null, "opening_hours": null }, "geometry": { "type": "Point", "coordinates": [ 4185615.236064190044999, 7510860.416027556173503 ] } },
{ "type": "Feature", "properties": { "element": "node", "id": 6503797885, "amenity": "atm", "operator": "ПАО Сбербанк", "brand": "Сбербанк", "cash_in": null, "opening_hours": null }, "geometry": { "type": "Point", "coordinates": [ 4198930.850538815371692, 7481107.763946406543255 ] } },
{ "type": "Feature", "properties": { "element": "node", "id": 6503797886, "amenity": "atm", "operator": "АО \"Альфа-Банк\"", "brand": "Альфа-Банк", "cash_in": null, "opening_hours": null }, "geometry": { "type": "Point", "coordinates": [ 4198933.577866340056062, 7481105.596001763828099 ] } },
{ "type": "Feature", "properties": { "element": "node", "id": 6516439175, "amenity": "atm", "operator": null, "brand": null, "cash_in": null, "opening_hours": null }, "geometry": { "type": "Point", "coordinates": [ 4186359.406860142480582, 7490433.719472395256162 ] } },
{ "type": "Feature", "properties": { "element": "node", "id": 6574700111, "amenity": "atm", "operator": null, "brand": null, "cash_in": null, "opening_hours": null }, "geometry": { "type": "Point", "coordinates": [ 4184383.619481950532645, 7519871.323303250595927 ] } },
{ "type": "Feature", "properties": { "element": "node", "id": 6618562386, "amenity": "atm", "operator": "АО БАНК \"МОСКВА-СИТИ\"", "brand": null, "cash_in": null, "opening_hours": null }, "geometry": { "type": "Point", "coordinates": [ 4192009.360823660623282, 7514142.382074707187712 ] } },
{ "type": "Feature", "properties": { "element": "node", "id": 6618562387, "amenity": "atm", "operator": "Банк ГПБ (АО)", "brand": "Газпромбанк", "cash_in": null, "opening_hours": null }, "geometry": { "type": "Point", "coordinates": [ 4191970.365606036037207, 7514134.642980149015784 ] } },
{ "type": "Feature", "properties": { "element": "node", "id": 6618567285, "amenity": "atm", "operator": "ПАО Сбербанк", "brand": "Сбербанк", "cash_in": null, "opening_hours": null }, "geometry": { "type": "Point", "coordinates": [ 4191979.170977757312357, 7514135.375323802232742 ] } },
{ "type": "Feature", "properties": { "element": "node", "id": 6618567286, "amenity": "atm", "operator": "АО \"Россельхозбанк\"", "brand": "Россельхозбанк", "cash_in": null, "opening_hours": null }, "geometry": { "type": "Point", "coordinates": [ 4191986.250897371210158, 7514137.117114392109215 ] } },
{ "type": "Feature", "properties": { "element": "node", "id": 6618567287, "amenity": "atm", "operator": "АО \"Банк Русский Стандарт\"", "brand": "Русский Стандарт", "cash_in": null, "opening_hours": null }, "geometry": { "type": "Point", "coordinates": [ 4191963.730964384041727, 7514134.108567255549133 ] } },
{ "type": "Feature", "properties": { "element": "node", "id": 6633733370, "amenity": "atm", "operator": "АО \"Райффайзенбанк\"", "brand": "Райффайзен", "cash_in": null, "opening_hours": "07:00-24:00" }, "geometry": { "type": "Point", "coordinates": [ 4192356.878010018263012, 7535880.217000178061426 ] } },
{ "type": "Feature", "properties": { "element": "node", "id": 6633733371, "amenity": "atm", "operator": "АО «ТБанк»", "brand": "Т-Банк", "cash_in": null, "opening_hours": "07:00-24:00" }, "geometry": { "type": "Point", "coordinates": [ 4192356.610843240749091, 7535864.27828252222389 ] } },
{ "type": "Feature", "properties": { "element": "node", "id": 6633733372, "amenity": "atm", "operator": "АО «ТБанк»", "brand": "Т-Банк", "cash_in": null, "opening_hours": null }, "geometry": { "type": "Point", "coordinates": [ 4192670.398223888594657, 7532393.916566865518689 ] } },
{ "type": "Feature", "properties": { "element": "node", "id": 6633733375, "amenity": "atm", "operator": "АО «ТБанк»", "brand": "Т-Банк", "cash_in": null, "opening_hours": null }, "geometry": { "type": "Point", "coordinates": [ 4192901.875973043963313, 7533692.871776129119098 ] } },
{ "type": "Feature", "properties": { "element": "node", "id": 6633733376, "amenity": "atm", "operator": "Банк ГПБ (АО)", "brand": "Газпромбанк", "cash_in": null, "opening_hours": null }, "geometry": { "type": "Point", "coordinates": [ 4192903.890855827834457, 7533692.415379106998444 ] } },
{ "type": "Feature", "properties": { "element": "node", "id": 6634144351, "amenity": "atm", "operator": "Банк ВТБ (ПАО)", "brand": "ВТБ", "cash_in": null, "opening_hours": null }, "geometry": { "type": "Point", "coordinates": [ 4191550.524146508891135, 7529601.445995495654643 ] } },
{ "type": "Feature", "properties": { "element": "node", "id": 6634144352, "amenity": "atm", "operator": "АО «ТБанк»", "brand": "Т-Банк", "cash_in": null, "opening_hours": null }, "geometry": { "type": "Point", "coordinates": [ 4191529.173068174626678, 7529620.862346883863211 ] } },
{ "type": "Feature", "properties": { "element": "node", "id": 6634144353, "amenity": "atm", "operator": "АО «ТБанк»", "brand": "Т-Банк", "cash_in": null, "opening_hours": null }, "geometry": { "type": "Point", "coordinates": [ 4190203.357932826504111, 7532734.100790708325803 ] } },
{ "type": "Feature", "properties": { "element": "node", "id": 6634172578, "amenity": "atm", "operator": "АО «ТБанк»", "brand": "Т-Банк", "cash_in": null, "opening_hours": null }, "geometry": { "type": "Point", "coordinates": [ 4193128.711699434090406, 7514719.589986474253237 ] } },
{ "type": "Feature", "properties": { "element": "node", "id": 6634172580, "amenity": "atm", "operator": "Газпромбанк", "brand": "Газпромбанк", "cash_in": null, "opening_hours": null }, "geometry": { "type": "Point", "coordinates": [ 4188402.364419078454375, 7510629.611497616395354 ] } },
{ "type": "Feature", "properties": { "element": "node", "id": 6635636774, "amenity": "atm", "operator": "Сбербанк", "brand": "Сбербанк", "cash_in": "yes", "opening_hours": null }, "geometry": { "type": "Point", "coordinates": [ 4194440.723217924125493, 7532537.718260196968913 ] } },
{ "type": "Feature", "properties": { "element": "node", "id": 6635636775, "amenity": "atm", "operator": "АО «ТБанк»", "brand": "Тинькофф Банк", "cash_in": "yes", "opening_hours": null }, "geometry": { "type": "Point", "coordinates": [ 4194440.723217924125493, 7532540.257828567177057 ] } },
{ "type": "Feature", "properties": { "element": "node", "id": 6645887671, "amenity": "atm", "operator": "Банк ВТБ (ПАО)", "brand": "ВТБ", "cash_in": null, "opening_hours": null }, "geometry": { "type": "Point", "coordinates": [ 4183994.891820100136101, 7511244.267995558679104 ] } },
{ "type": "Feature", "properties": { "element": "node", "id": 6646365237, "amenity": "atm", "operator": "ПАО Сбербанк", "brand": "Сбербанк", "cash_in": null, "opening_hours": null }, "geometry": { "type": "Point", "coordinates": [ 4184010.498812710400671, 7511275.153466798365116 ] } },
{ "type": "Feature", "properties": { "element": "node", "id": 6647823333, "amenity": "atm", "operator": "ПАО Сбербанк", "brand": "Сбербанк", "cash_in": null, "opening_hours": null }, "geometry": { "type": "Point", "coordinates": [ 4177741.619612329639494, 7520373.467353109270334 ] } },
{ "type": "Feature", "properties": { "element": "node", "id": 6658444459, "amenity": "atm", "operator": "ПАО Сбербанк", "brand": "Сбербанк", "cash_in": null, "opening_hours": null }, "geometry": { "type": "Point", "coordinates": [ 4209827.492478503845632, 7501721.611534676514566 ] } },
{ "type": "Feature", "properties": { "element": "node", "id": 6658444460, "amenity": "atm", "operator": "ПАО Сбербанк", "brand": "Сбербанк", "cash_in": null, "opening_hours": null }, "geometry": { "type": "Point", "coordinates": [ 4209201.587509569711983, 7501700.783197866752744 ] } },
{ "type": "Feature", "properties": { "element": "node", "id": 6673363699, "amenity": "atm", "operator": "ПАО Сбербанк", "brand": "Сбербанк", "cash_in": "no", "opening_hours": "Mo-Su 08:00-23:00" }, "geometry": { "type": "Point", "coordinates": [ 4192783.098076368216425, 7505215.540287297219038 ] } },
{ "type": "Feature", "properties": { "element": "node", "id": 6679888641, "amenity": "atm", "operator": "Банк ВТБ (ПАО)", "brand": "ВТБ", "cash_in": "yes", "opening_hours": "24/7" }, "geometry": { "type": "Point", "coordinates": [ 4192870.584064182359725, 7505434.834507279098034 ] } },
{ "type": "Feature", "properties": { "element": "node", "id": 6680114934, "amenity": "atm", "operator": "Сбербанк", "brand": "Сбербанк", "cash_in": "no", "opening_hours": "24/7" }, "geometry": { "type": "Point", "coordinates": [ 4195072.272085040807724, 7505726.893787456676364 ] } },
{ "type": "Feature", "properties": { "element": "node", "id": 6680114938, "amenity": "atm", "operator": "Сбербанк", "brand": "Сбербанк", "cash_in": "yes", "opening_hours": "24/7" }, "geometry": { "type": "Point", "coordinates": [ 4195291.827516731806099, 7506402.3578110486269 ] } },
{ "type": "Feature", "properties": { "element": "node", "id": 6680114939, "amenity": "atm", "operator": "ПАО Сбербанк", "brand": "Сбербанк", "cash_in": "yes", "opening_hours": "24/7" }, "geometry": { "type": "Point", "coordinates": [ 4193464.740714342799038, 7505103.878981976769865 ] } },
{ "type": "Feature", "properties": { "element": "node", "id": 6681156485, "amenity": "atm", "operator": "ПАО Банк \"ФК Открытие\"", "brand": null, "cash_in": "yes", "opening_hours": "24/7" }, "geometry": { "type": "Point", "coordinates": [ 4189192.376581340562552, 7504903.276229773648083 ] } },
{ "type": "Feature", "properties": { "element": "node", "id": 6720466422, "amenity": "atm", "operator": "Уралсиб", "brand": "Уралсиб", "cash_in": "yes", "opening_hours": "24/7" }, "geometry": { "type": "Point", "coordinates": [ 4190410.189546720590442, 7505498.081446596421301 ] } },
{ "type": "Feature", "properties": { "element": "node", "id": 6720618611, "amenity": "atm", "operator": "ПАО Сбербанк", "brand": "Сбербанк", "cash_in": null, "opening_hours": "24/7" }, "geometry": { "type": "Point", "coordinates": [ 4186228.817965492140502, 7513424.975279516540468 ] } },
{ "type": "Feature", "properties": { "element": "node", "id": 6769102883, "amenity": "atm", "operator": "ПАО \"Промсвязьбанк\"", "brand": "Промсвязьбанк", "cash_in": null, "opening_hours": "24/7" }, "geometry": { "type": "Point", "coordinates": [ 4176861.705829303711653, 7514225.335363628342748 ] } },
{ "type": "Feature", "properties": { "element": "node", "id": 6769113486, "amenity": "atm", "operator": "ПАО \"Промсвязьбанк\"", "brand": "Промсвязьбанк", "cash_in": null, "opening_hours": "24/7" }, "geometry": { "type": "Point", "coordinates": [ 4165308.067386902868748, 7507045.983990560285747 ] } },
{ "type": "Feature", "properties": { "element": "node", "id": 6769113499, "amenity": "atm", "operator": "ПАО \"Промсвязьбанк\"", "brand": "Промсвязьбанк", "cash_in": null, "opening_hours": "24/7" }, "geometry": { "type": "Point", "coordinates": [ 4181820.644053722731769, 7494447.126800697296858 ] } },
{ "type": "Feature", "properties": { "element": "node", "id": 6769113501, "amenity": "atm", "operator": "ПАО \"Промсвязьбанк\"", "brand": "Промсвязьбанк", "cash_in": null, "opening_hours": "24/7" }, "geometry": { "type": "Point", "coordinates": [ 4184101.725135414861143, 7517570.990599474869668 ] } },
{ "type": "Feature", "properties": { "element": "node", "id": 6769113508, "amenity": "atm", "operator": "ПАО \"Промсвязьбанк\"", "brand": "Промсвязьбанк", "cash_in": null, "opening_hours": "Mo-Fr 09:30-20:30;Sa 10:00-16:30" }, "geometry": { "type": "Point", "coordinates": [ 4181782.339016940444708, 7494470.284961299970746 ] } },
{ "type": "Feature", "properties": { "element": "node", "id": 6769113546, "amenity": "atm", "operator": "ПАО \"Промсвязьбанк\"", "brand": "Промсвязьбанк", "cash_in": null, "opening_hours": "24/7" }, "geometry": { "type": "Point", "coordinates": [ 4189859.569949409458786, 7520615.914602079428732 ] } },
{ "type": "Feature", "properties": { "element": "node", "id": 6769113547, "amenity": "atm", "operator": "ПАО \"Промсвязьбанк\"", "brand": "Промсвязьбанк", "cash_in": null, "opening_hours": "Mo-Su 08:00-21:00" }, "geometry": { "type": "Point", "coordinates": [ 4191356.382954565342516, 7503699.136672982014716 ] } },
{ "type": "Feature", "properties": { "element": "node", "id": 6769113550, "amenity": "atm", "operator": "ПАО \"Промсвязьбанк\"", "brand": "Промсвязьбанк", "cash_in": null, "opening_hours": "Mo-Fr 09:30-20:30;Sa 10:00-16:30" }, "geometry": { "type": "Point", "coordinates": [ 4187719.341419418342412, 7488761.718341602943838 ] } },
{ "type": "Feature", "properties": { "element": "node", "id": 6769113595, "amenity": "atm", "operator": "ПАО \"Промсвязьбанк\"", "brand": "Промсвязьбанк", "cash_in": null, "opening_hours": "24/7" }, "geometry": { "type": "Point", "coordinates": [ 4165315.536924734711647, 7507045.094120387919247 ] } },
{ "type": "Feature", "properties": { "element": "node", "id": 6769113596, "amenity": "atm", "operator": "ПАО \"Промсвязьбанк\"", "brand": "Промсвязьбанк", "cash_in": null, "opening_hours": "24/7" }, "geometry": { "type": "Point", "coordinates": [ 4165322.984198668505996, 7507086.048029517754912 ] } },
{ "type": "Feature", "properties": { "element": "node", "id": 6770262166, "amenity": "atm", "operator": "ПАО РОСБАНК", "brand": null, "cash_in": null, "opening_hours": "24/7" }, "geometry": { "type": "Point", "coordinates": [ 4190897.100999450776726, 7489662.103092926554382 ] } },
{ "type": "Feature", "properties": { "element": "node", "id": 6776897993, "amenity": "atm", "operator": "Банк ГПБ (АО)", "brand": "Газпромбанк", "cash_in": null, "opening_hours": "24/7" }, "geometry": { "type": "Point", "coordinates": [ 4189126.653553976677358, 7516698.86561649851501 ] } },
{ "type": "Feature", "properties": { "element": "node", "id": 6777010353, "amenity": "atm", "operator": "Промсвязьбанк", "brand": "Промсвязьбанк", "cash_in": null, "opening_hours": "Mo-Su 10:00-21:00" }, "geometry": { "type": "Point", "coordinates": [ 4183228.067507770843804, 7522579.108835306018591 ] } },
{ "type": "Feature", "properties": { "element": "node", "id": 6777019533, "amenity": "atm", "operator": "ПАО \"Промсвязьбанк\"", "brand": "Промсвязьбанк", "cash_in": null, "opening_hours": "Mo-Fr 09:00-18:00" }, "geometry": { "type": "Point", "coordinates": [ 4178092.454119514208287, 7492939.745069862343371 ] } },
{ "type": "Feature", "properties": { "element": "node", "id": 6777019575, "amenity": "atm", "operator": "ПАО \"Промсвязьбанк\"", "brand": "Промсвязьбанк", "cash_in": null, "opening_hours": "Mo-Fr 10:00-19:00" }, "geometry": { "type": "Point", "coordinates": [ 4181368.197115342598408, 7507620.149618259631097 ] } },
{ "type": "Feature", "properties": { "element": "node", "id": 6777019578, "amenity": "atm", "operator": "ПАО \"Промсвязьбанк\"", "brand": "Промсвязьбанк", "cash_in": null, "opening_hours": "Mo-Fr 07:00-23:00" }, "geometry": { "type": "Point", "coordinates": [ 4187579.212444407399744, 7522491.230892308056355 ] } },
{ "type": "Feature", "properties": { "element": "node", "id": 6777019579, "amenity": "atm", "operator": "Промсвязьбанк", "brand": "Промсвязьбанк", "cash_in": null, "opening_hours": "Mo-Su 09:00-20:00" }, "geometry": { "type": "Point", "coordinates": [ 4180536.941081741824746, 7538016.660888300277293 ] } },
{ "type": "Feature", "properties": { "element": "node", "id": 6777023286, "amenity": "atm", "operator": "ПАО \"Промсвязьбанк\"", "brand": "Промсвязьбанк", "cash_in": null, "opening_hours": "Mo-Fr 09:30-17:30" }, "geometry": { "type": "Point", "coordinates": [ 4185117.804919579531997, 7513008.618199663236737 ] } },
{ "type": "Feature", "properties": { "element": "node", "id": 6777023300, "amenity": "atm", "operator": "ПАО \"Промсвязьбанк\"", "brand": "Промсвязьбанк", "cash_in": null, "opening_hours": "24/7" }, "geometry": { "type": "Point", "coordinates": [ 4175641.989300631452352, 7494569.986275277100503 ] } },
{ "type": "Feature", "properties": { "element": "node", "id": 6777023304, "amenity": "atm", "operator": "ПАО \"Промсвязьбанк\"", "brand": "Промсвязьбанк", "cash_in": null, "opening_hours": "Mo-Fr 09:00-20:30;Sa 10:00-16:30" }, "geometry": { "type": "Point", "coordinates": [ 4196288.649028990417719, 7517461.981959071941674 ] } },
{ "type": "Feature", "properties": { "element": "node", "id": 6777023360, "amenity": "atm", "operator": "ПАО \"Промсвязьбанк\"", "brand": "Промсвязьбанк", "cash_in": null, "opening_hours": "24/7" }, "geometry": { "type": "Point", "coordinates": [ 4176860.815273377113044, 7514225.295777020975947 ] } },
{ "type": "Feature", "properties": { "element": "node", "id": 6777023370, "amenity": "atm", "operator": "ПАО \"Промсвязьбанк\"", "brand": "Промсвязьбанк", "cash_in": null, "opening_hours": "24/7" }, "geometry": { "type": "Point", "coordinates": [ 4196298.5230678236112, 7517456.298898733220994 ] } },
{ "type": "Feature", "properties": { "element": "node", "id": 6777023372, "amenity": "atm", "operator": "ПАО \"Промсвязьбанк\"", "brand": "Промсвязьбанк", "cash_in": null, "opening_hours": "Mo-Fr 09:00-20:00;Sa 10:00-16:30" }, "geometry": { "type": "Point", "coordinates": [ 4189852.712668777443469, 7520590.261068196967244 ] } },
{ "type": "Feature", "properties": { "element": "node", "id": 6777023377, "amenity": "atm", "operator": "ПАО \"Промсвязьбанк\"", "brand": "Промсвязьбанк", "cash_in": null, "opening_hours": "24/7" }, "geometry": { "type": "Point", "coordinates": [ 4189391.482622572686523, 7509427.565083832480013 ] } },
{ "type": "Feature", "properties": { "element": "node", "id": 6777023378, "amenity": "atm", "operator": "ПАО \"Промсвязьбанк\"", "brand": "Промсвязьбанк", "cash_in": null, "opening_hours": "Mo-Fr 09:30-17:30" }, "geometry": { "type": "Point", "coordinates": [ 4198163.569816573522985, 7505919.015981389209628 ] } },
{ "type": "Feature", "properties": { "element": "node", "id": 6777023379, "amenity": "atm", "operator": "ПАО \"Промсвязьбанк\"", "brand": "Промсвязьбанк", "cash_in": null, "opening_hours": "24/7" }, "geometry": { "type": "Point", "coordinates": [ 4204141.315152682363987, 7499520.876921634189785 ] } },
{ "type": "Feature", "properties": { "element": "node", "id": 6777023381, "amenity": "atm", "operator": "ПАО \"Промсвязьбанк\"", "brand": "Промсвязьбанк", "cash_in": null, "opening_hours": "24/7" }, "geometry": { "type": "Point", "coordinates": [ 4142531.019771537743509, 7556869.243252056650817 ] } },
{ "type": "Feature", "properties": { "element": "node", "id": 6777023383, "amenity": "atm", "operator": "Промсвязьбанк", "brand": "Промсвязьбанк", "cash_in": null, "opening_hours": "24/7" }, "geometry": { "type": "Point", "coordinates": [ 4189466.044417506083846, 7509492.822872347198427 ] } },
{ "type": "Feature", "properties": { "element": "node", "id": 6777023385, "amenity": "atm", "operator": "ПАО \"Промсвязьбанк\"", "brand": "Промсвязьбанк", "cash_in": null, "opening_hours": "24/7" }, "geometry": { "type": "Point", "coordinates": [ 4189450.214785915799439, 7509499.825408054515719 ] } },
{ "type": "Feature", "properties": { "element": "node", "id": 6777023386, "amenity": "atm", "operator": "ПАО \"Промсвязьбанк\"", "brand": "Промсвязьбанк", "cash_in": null, "opening_hours": "Mo-Su 08:00-21:00" }, "geometry": { "type": "Point", "coordinates": [ 4191345.584963958244771, 7503708.229185665026307 ] } },
{ "type": "Feature", "properties": { "element": "node", "id": 6777023387, "amenity": "atm", "operator": "Промсвязьбанк", "brand": "Промсвязьбанк", "cash_in": null, "opening_hours": "Mo-Fr 09:30-20:00" }, "geometry": { "type": "Point", "coordinates": [ 4190898.047215122263879, 7512665.523448021151125 ] } },
{ "type": "Feature", "properties": { "element": "node", "id": 6777023390, "amenity": "atm", "operator": "ПАО \"Промсвязьбанк\"", "brand": "Промсвязьбанк", "cash_in": null, "opening_hours": "24/7" }, "geometry": { "type": "Point", "coordinates": [ 4201688.223193815909326, 7489301.834006115794182 ] } },
{ "type": "Feature", "properties": { "element": "node", "id": 6777023401, "amenity": "atm", "operator": "ПАО \"Промсвязьбанк\"", "brand": "Промсвязьбанк", "cash_in": null, "opening_hours": "Mo-Fr 09:30-20:30;Sa 10:00-16:30" }, "geometry": { "type": "Point", "coordinates": [ 4187721.133663219865412, 7488747.632475642487407 ] } },
{ "type": "Feature", "properties": { "element": "node", "id": 6777031285, "amenity": "atm", "operator": "Промсвязьбанк", "brand": "Промсвязьбанк", "cash_in": null, "opening_hours": "Mo-Su 10:00-22:00" }, "geometry": { "type": "Point", "coordinates": [ 4188133.461057118140161, 7512095.909430566243827 ] } },
{ "type": "Feature", "properties": { "element": "node", "id": 6777031290, "amenity": "atm", "operator": "ПАО \"Промсвязьбанк\"", "brand": "Промсвязьбанк", "cash_in": null, "opening_hours": "Mo-Fr 08:00-22:00;Sa 10:00-17:00" }, "geometry": { "type": "Point", "coordinates": [ 4191285.305459694005549, 7503561.524777944199741 ] } },
{ "type": "Feature", "properties": { "element": "node", "id": 6777031292, "amenity": "atm", "operator": "Промсвязьбанк", "brand": "Промсвязьбанк", "cash_in": null, "opening_hours": "Mo-Su 08:00-22:00" }, "geometry": { "type": "Point", "coordinates": [ 4177969.991547692101449, 7516861.481873146258295 ] } },
{ "type": "Feature", "properties": { "element": "node", "id": 6777031296, "amenity": "atm", "operator": "ПАО \"Промсвязьбанк\"", "brand": "Промсвязьбанк", "cash_in": null, "opening_hours": "24/7" }, "geometry": { "type": "Point", "coordinates": [ 4160184.688010683748871, 7500548.257507673464715 ] } },
{ "type": "Feature", "properties": { "element": "node", "id": 6777031309, "amenity": "atm", "operator": "ПАО \"Промсвязьбанк\"", "brand": "Промсвязьбанк", "cash_in": null, "opening_hours": "Mo-Su 09:00-22:00" }, "geometry": { "type": "Point", "coordinates": [ 4163486.123544987291098, 7490778.294185027480125 ] } },
{ "type": "Feature", "properties": { "element": "node", "id": 6777031312, "amenity": "atm", "operator": "ПАО \"Промсвязьбанк\"", "brand": "Промсвязьбанк", "cash_in": null, "opening_hours": "Mo-Fr 09:30-20:30;Sa-Su 10:30-20:00" }, "geometry": { "type": "Point", "coordinates": [ 4182520.621011830400676, 7510399.466727111488581 ] } },
{ "type": "Feature", "properties": { "element": "node", "id": 6777031352, "amenity": "atm", "operator": "ПАО \"Промсвязьбанк\"", "brand": "Промсвязьбанк", "cash_in": null, "opening_hours": "24/7" }, "geometry": { "type": "Point", "coordinates": [ 4189821.955093470867723, 7532636.206509219482541 ] } },
{ "type": "Feature", "properties": { "element": "node", "id": 6777031356, "amenity": "atm", "operator": "ПАО \"Промсвязьбанк\"", "brand": "Промсвязьбанк", "cash_in": null, "opening_hours": "24/7" }, "geometry": { "type": "Point", "coordinates": [ 4176868.874804510269314, 7514247.761209092102945 ] } },
{ "type": "Feature", "properties": { "element": "node", "id": 6777031369, "amenity": "atm", "operator": "ПАО \"Промсвязьбанк\"", "brand": "Промсвязьбанк", "cash_in": null, "opening_hours": "Mo-Su 08:00-22:00" }, "geometry": { "type": "Point", "coordinates": [ 4191873.205954471137375, 7522193.622390209697187 ] } },
{ "type": "Feature", "properties": { "element": "node", "id": 6777031371, "amenity": "atm", "operator": "ПАО \"Промсвязьбанк\"", "brand": "Промсвязьбанк", "cash_in": null, "opening_hours": "24/7" }, "geometry": { "type": "Point", "coordinates": [ 4192458.779871890787035, 7532680.133785305544734 ] } },
{ "type": "Feature", "properties": { "element": "node", "id": 6777031372, "amenity": "atm", "operator": "ПАО \"Промсвязьбанк\"", "brand": "Промсвязьбанк", "cash_in": null, "opening_hours": "24/7" }, "geometry": { "type": "Point", "coordinates": [ 4192527.708900589961559, 7532654.45990880113095 ] } },
{ "type": "Feature", "properties": { "element": "node", "id": 6777031373, "amenity": "atm", "operator": "ПАО \"Промсвязьбанк\"", "brand": "Промсвязьбанк", "cash_in": null, "opening_hours": "24/7" }, "geometry": { "type": "Point", "coordinates": [ 4192500.535812887828797, 7532664.578659805469215 ] } },
{ "type": "Feature", "properties": { "element": "node", "id": 6777031375, "amenity": "atm", "operator": "ПАО \"Промсвязьбанк\"", "brand": "Промсвязьбанк", "cash_in": null, "opening_hours": "Mo-Fr 09:00-20:00" }, "geometry": { "type": "Point", "coordinates": [ 4187934.53312707087025, 7500810.829406006261706 ] } },
{ "type": "Feature", "properties": { "element": "node", "id": 6777031378, "amenity": "atm", "operator": "ПАО \"Промсвязьбанк\"", "brand": "Промсвязьбанк", "cash_in": null, "opening_hours": "Mo-Fr 09:00-20:00" }, "geometry": { "type": "Point", "coordinates": [ 4187927.453207456506789, 7500809.169656423851848 ] } },
{ "type": "Feature", "properties": { "element": "node", "id": 6777031388, "amenity": "atm", "operator": "ПАО \"Промсвязьбанк\"", "brand": "Промсвязьбанк", "cash_in": null, "opening_hours": "Mo-Su 08:00-20:00" }, "geometry": { "type": "Point", "coordinates": [ 4204117.492781652137637, 7503512.149548119865358 ] } },
{ "type": "Feature", "properties": { "element": "node", "id": 6777031396, "amenity": "atm", "operator": "ПАО \"Промсвязьбанк\"", "brand": "Промсвязьбанк", "cash_in": null, "opening_hours": "Mo-Su 10:00-22:00" }, "geometry": { "type": "Point", "coordinates": [ 4191716.445847535971552, 7500847.343987064436078 ] } },
{ "type": "Feature", "properties": { "element": "node", "id": 6777031408, "amenity": "atm", "operator": "ПАО \"Промсвязьбанк\"", "brand": "Промсвязьбанк", "cash_in": null, "opening_hours": "Mo-Su 09:00-21:00" }, "geometry": { "type": "Point", "coordinates": [ 4194715.715756029821932, 7487351.187780570238829 ] } },
{ "type": "Feature", "properties": { "element": "node", "id": 6777031411, "amenity": "atm", "operator": "ПАО \"Промсвязьбанк\"", "brand": "Промсвязьбанк", "cash_in": null, "opening_hours": "Mo-Su 07:00-20:00" }, "geometry": { "type": "Point", "coordinates": [ 4180514.97774620866403, 7507388.413649932481349 ] } },
{ "type": "Feature", "properties": { "element": "node", "id": 6777041899, "amenity": "atm", "operator": "ПАО \"Промсвязьбанк\"", "brand": "Промсвязьбанк", "cash_in": null, "opening_hours": "Mo-Su 10:00-20:00" }, "geometry": { "type": "Point", "coordinates": [ 4184797.883834988344461, 7517947.790189104154706 ] } },
{ "type": "Feature", "properties": { "element": "node", "id": 6777041900, "amenity": "atm", "operator": "ПАО \"Промсвязьбанк\"", "brand": "Промсвязьбанк", "cash_in": null, "opening_hours": "Mo-Fr 09:30-17:30" }, "geometry": { "type": "Point", "coordinates": [ 4191333.339819970540702, 7503703.68292798474431 ] } },
{ "type": "Feature", "properties": { "element": "node", "id": 6777041952, "amenity": "atm", "operator": "ПАО \"Промсвязьбанк\"", "brand": "Промсвязьбанк", "cash_in": null, "opening_hours": "Mo-Su 10:00-22:00" }, "geometry": { "type": "Point", "coordinates": [ 4180729.824363438878208, 7472305.323635769076645 ] } },
{ "type": "Feature", "properties": { "element": "node", "id": 6777041953, "amenity": "atm", "operator": "Промсвязьбанк", "brand": "Промсвязьбанк", "cash_in": null, "opening_hours": "24/7" }, "geometry": { "type": "Point", "coordinates": [ 4176897.829004066530615, 7485727.833080738782883 ] } },
{ "type": "Feature", "properties": { "element": "node", "id": 6777041956, "amenity": "atm", "operator": "Промсвязьбанк", "brand": "Промсвязьбанк", "cash_in": null, "opening_hours": "Mo-Fr 09:30-20:00" }, "geometry": { "type": "Point", "coordinates": [ 4184624.670707314740866, 7509391.959369499236345 ] } },
{ "type": "Feature", "properties": { "element": "node", "id": 6777041957, "amenity": "atm", "operator": "Промсвязьбанк", "brand": "Промсвязьбанк", "cash_in": "yes", "opening_hours": "Mo-Su 10:00-21:00" }, "geometry": { "type": "Point", "coordinates": [ 4180469.002796510700136, 7493296.216193407773972 ] } },
{ "type": "Feature", "properties": { "element": "node", "id": 6777059082, "amenity": "atm", "operator": "ПАО \"Промсвязьбанк\"", "brand": "Промсвязьбанк", "cash_in": "yes", "opening_hours": "24/7" }, "geometry": { "type": "Point", "coordinates": [ 4192342.139309437479824, 7500712.983825986273587 ] } },
{ "type": "Feature", "properties": { "element": "node", "id": 6777061125, "amenity": "atm", "operator": "Промсвязьбанк", "brand": "Промсвязьбанк", "cash_in": "yes", "opening_hours": "Mo-Su 09:00-23:00" }, "geometry": { "type": "Point", "coordinates": [ 4177967.141768728382885, 7487255.524450398981571 ] } },
{ "type": "Feature", "properties": { "element": "node", "id": 6777061137, "amenity": "atm", "operator": "ПАО \"Промсвязьбанк\"", "brand": "Промсвязьбанк", "cash_in": null, "opening_hours": "Mo-Fr 09:00-20:30;Sa 10:00-16:30" }, "geometry": { "type": "Point", "coordinates": [ 4189854.794343254994601, 7520588.161246036179364 ] } },
{ "type": "Feature", "properties": { "element": "node", "id": 6777061145, "amenity": "atm", "operator": "ПАО \"Промсвязьбанк\"", "brand": "Промсвязьбанк", "cash_in": null, "opening_hours": "Mo-Su 10:00-22:00" }, "geometry": { "type": "Point", "coordinates": [ 4173979.744400207418948, 7528778.844520897604525 ] } },
{ "type": "Feature", "properties": { "element": "node", "id": 6777061147, "amenity": "atm", "operator": "ПАО \"Промсвязьбанк\"", "brand": "Промсвязьбанк", "cash_in": null, "opening_hours": "24/7" }, "geometry": { "type": "Point", "coordinates": [ 4165321.759684269782156, 7507056.978839376941323 ] } },
{ "type": "Feature", "properties": { "element": "node", "id": 6777061155, "amenity": "atm", "operator": "Промсвязьбанк", "brand": "Промсвязьбанк", "cash_in": null, "opening_hours": "24/7" }, "geometry": { "type": "Point", "coordinates": [ 4173772.267133267596364, 7517530.971081285737455 ] } },
{ "type": "Feature", "properties": { "element": "node", "id": 6777061172, "amenity": "atm", "operator": "ПАО \"Промсвязьбанк\"", "brand": "Промсвязьбанк", "cash_in": null, "opening_hours": "Mo-Fr 09:00-18:00" }, "geometry": { "type": "Point", "coordinates": [ 4188473.553233441431075, 7505183.71032424364239 ] } },
{ "type": "Feature", "properties": { "element": "node", "id": 6777061198, "amenity": "atm", "operator": "ПАО \"Промсвязьбанк\"", "brand": "Промсвязьбанк", "cash_in": null, "opening_hours": "Mo-Fr 08:30-19:00" }, "geometry": { "type": "Point", "coordinates": [ 4187308.494574747979641, 7522349.796071832068264 ] } },
{ "type": "Feature", "properties": { "element": "node", "id": 6777061199, "amenity": "atm", "operator": "ПАО \"Промсвязьбанк\"", "brand": "Промсвязьбанк", "cash_in": null, "opening_hours": "Mo-Su 09:00-22:00" }, "geometry": { "type": "Point", "coordinates": [ 4165761.582992393989116, 7484002.630790105089545 ] } },
{ "type": "Feature", "properties": { "element": "node", "id": 6777070189, "amenity": "atm", "operator": "ПАО \"Промсвязьбанк\"", "brand": "Промсвязьбанк", "cash_in": null, "opening_hours": "Mo-Su 10:00-22:00" }, "geometry": { "type": "Point", "coordinates": [ 4186066.369432577863336, 7486855.861785535700619 ] } },
{ "type": "Feature", "properties": { "element": "node", "id": 6777070194, "amenity": "atm", "operator": "ПАО \"Промсвязьбанк\"", "brand": "Промсвязьбанк", "cash_in": null, "opening_hours": "Mo-Su 08:00-21:00" }, "geometry": { "type": "Point", "coordinates": [ 4171325.397933937143534, 7514085.021911292336881 ] } },
{ "type": "Feature", "properties": { "element": "node", "id": 6777070199, "amenity": "atm", "operator": "ПАО \"Промсвязьбанк\"", "brand": "Промсвязьбанк", "cash_in": null, "opening_hours": "Mo-Su 09:00-22:00" }, "geometry": { "type": "Point", "coordinates": [ 4151135.983014010824263, 7453643.122857890091836 ] } },
{ "type": "Feature", "properties": { "element": "node", "id": 6777070206, "amenity": "atm", "operator": "Промсвязьбанк", "brand": "Промсвязьбанк", "cash_in": null, "opening_hours": "24/7" }, "geometry": { "type": "Point", "coordinates": [ 4175908.621744978707284, 7520487.984545649960637 ] } },
{ "type": "Feature", "properties": { "element": "node", "id": 6777070207, "amenity": "atm", "operator": "Промсвязьбанк", "brand": "Промсвязьбанк", "cash_in": null, "opening_hours": "24/7" }, "geometry": { "type": "Point", "coordinates": [ 4175909.512300905305892, 7520476.31682791095227 ] } },
{ "type": "Feature", "properties": { "element": "node", "id": 6777070212, "amenity": "atm", "operator": "Промсвязьбанк", "brand": "Промсвязьбанк", "cash_in": null, "opening_hours": "24/7" }, "geometry": { "type": "Point", "coordinates": [ 4175928.024732224177569, 7520527.761889240704477 ] } },
{ "type": "Feature", "properties": { "element": "node", "id": 6777070272, "amenity": "atm", "operator": "ПАО \"Промсвязьбанк\"", "brand": "Промсвязьбанк", "cash_in": null, "opening_hours": "Mo-Su 09:00-22:00" }, "geometry": { "type": "Point", "coordinates": [ 4174529.172878967132419, 7498413.021475711837411 ] } },
{ "type": "Feature", "properties": { "element": "node", "id": 6777070284, "amenity": "atm", "operator": "ПАО \"Промсвязьбанк\"", "brand": "Промсвязьбанк", "cash_in": null, "opening_hours": "Mo-Su 08:00-23:00" }, "geometry": { "type": "Point", "coordinates": [ 4191808.128580153454095, 7513600.802747758105397 ] } },
{ "type": "Feature", "properties": { "element": "node", "id": 6777070297, "amenity": "atm", "operator": "ПАО \"Промсвязьбанк\"", "brand": "Промсвязьбанк", "cash_in": "yes", "opening_hours": "Mo-Su 09:00-22:00" }, "geometry": { "type": "Point", "coordinates": [ 4192495.403984362259507, 7495501.06125383451581 ] } },
{ "type": "Feature", "properties": { "element": "node", "id": 6777070306, "amenity": "atm", "operator": "ПАО \"Промсвязьбанк\"", "brand": "Промсвязьбанк", "cash_in": null, "opening_hours": "Mo-Su 09:00-21:00" }, "geometry": { "type": "Point", "coordinates": [ 4174366.535102917812765, 7507499.475181116722524 ] } },
{ "type": "Feature", "properties": { "element": "node", "id": 6777070308, "amenity": "atm", "operator": "ПАО \"Промсвязьбанк\"", "brand": "Промсвязьбанк", "cash_in": null, "opening_hours": "24/7" }, "geometry": { "type": "Point", "coordinates": [ 4186803.415781120304018, 7504607.452533468604088 ] } },
{ "type": "Feature", "properties": { "element": "node", "id": 6777070309, "amenity": "atm", "operator": "ПАО \"Промсвязьбанк\"", "brand": "Промсвязьбанк", "cash_in": null, "opening_hours": "Mo-Fr 09:00-20:30;Sa 10:00-16:30" }, "geometry": { "type": "Point", "coordinates": [ 4189456.181510622147471, 7509494.444928075186908 ] } },
{ "type": "Feature", "properties": { "element": "node", "id": 6777070311, "amenity": "atm", "operator": "ПАО \"Промсвязьбанк\"", "brand": "Промсвязьбанк", "cash_in": null, "opening_hours": "24/7" }, "geometry": { "type": "Point", "coordinates": [ 4204137.775192874483764, 7499496.004630439914763 ] } },
{ "type": "Feature", "properties": { "element": "node", "id": 6777070315, "amenity": "atm", "operator": "Промсвязьбанк", "brand": "Промсвязьбанк", "cash_in": null, "opening_hours": "24/7" }, "geometry": { "type": "Point", "coordinates": [ 4190907.142017520032823, 7512658.339934878982604 ] } },
{ "type": "Feature", "properties": { "element": "node", "id": 6777070316, "amenity": "atm", "operator": "ПАО \"Промсвязьбанк\"", "brand": "Промсвязьбанк", "cash_in": null, "opening_hours": "Mo-Su 10:00-21:00" }, "geometry": { "type": "Point", "coordinates": [ 4192968.066542270127684, 7532524.385539990849793 ] } },
{ "type": "Feature", "properties": { "element": "node", "id": 6777070318, "amenity": "atm", "operator": "ПАО \"Промсвязьбанк\"", "brand": "Промсвязьбанк", "cash_in": null, "opening_hours": "24/7" }, "geometry": { "type": "Point", "coordinates": [ 4142525.053046831395477, 7556824.102993234992027 ] } },
{ "type": "Feature", "properties": { "element": "node", "id": 6777070320, "amenity": "atm", "operator": "ПАО \"Промсвязьбанк\"", "brand": "Промсвязьбанк", "cash_in": null, "opening_hours": "24/7" }, "geometry": { "type": "Point", "coordinates": [ 4187720.532537969760597, 7488737.452790182083845 ] } },
{ "type": "Feature", "properties": { "element": "node", "id": 6777070323, "amenity": "atm", "operator": "ПАО \"Промсвязьбанк\"", "brand": "Промсвязьбанк", "cash_in": null, "opening_hours": "Mo-Su 10:00-22:00" }, "geometry": { "type": "Point", "coordinates": [ 4200200.382539618760347, 7504818.782258383929729 ] } },
{ "type": "Feature", "properties": { "element": "node", "id": 6777070324, "amenity": "atm", "operator": "ПАО \"Промсвязьбанк\"", "brand": "Промсвязьбанк", "cash_in": null, "opening_hours": "Mo-Su 09:00-23:00" }, "geometry": { "type": "Point", "coordinates": [ 4188400.51651553157717, 7494131.053477231413126 ] } },
{ "type": "Feature", "properties": { "element": "node", "id": 6777070325, "amenity": "atm", "operator": "ПАО \"Промсвязьбанк\"", "brand": "Промсвязьбанк", "cash_in": null, "opening_hours": "Mo-Su 09:00-21:00" }, "geometry": { "type": "Point", "coordinates": [ 4178037.673798094503582, 7511998.929833799600601 ] } },
{ "type": "Feature", "properties": { "element": "node", "id": 6777070326, "amenity": "atm", "operator": "ПАО \"Промсвязьбанк\"", "brand": "Промсвязьбанк", "cash_in": null, "opening_hours": "24/7" }, "geometry": { "type": "Point", "coordinates": [ 4198183.941283388994634, 7505915.457021075300872 ] } },
{ "type": "Feature", "properties": { "element": "node", "id": 6777070327, "amenity": "atm", "operator": "ПАО \"Промсвязьбанк\"", "brand": "Промсвязьбанк", "cash_in": null, "opening_hours": "24/7" }, "geometry": { "type": "Point", "coordinates": [ 4201748.280059099197388, 7489295.81651068571955 ] } },
{ "type": "Feature", "properties": { "element": "node", "id": 6777070328, "amenity": "atm", "operator": "ПАО \"Промсвязьбанк\"", "brand": "Промсвязьбанк", "cash_in": null, "opening_hours": "24/7" }, "geometry": { "type": "Point", "coordinates": [ 4201691.507118794135749, 7489303.313718824647367 ] } },
{ "type": "Feature", "properties": { "element": "node", "id": 6777080750, "amenity": "atm", "operator": "ПАО \"Промсвязьбанк\"", "brand": "Промсвязьбанк", "cash_in": null, "opening_hours": "24/7" }, "geometry": { "type": "Point", "coordinates": [ 4175653.989541738294065, 7494561.240148112177849 ] } },
{ "type": "Feature", "properties": { "element": "node", "id": 6777080754, "amenity": "atm", "operator": "ПАО \"Промсвязьбанк\"", "brand": "Промсвязьбанк", "cash_in": null, "opening_hours": "24/7" }, "geometry": { "type": "Point", "coordinates": [ 4181806.840436864178628, 7494456.208424028009176 ] } },
{ "type": "Feature", "properties": { "element": "node", "id": 6777080759, "amenity": "atm", "operator": "ПАО \"Промсвязьбанк\"", "brand": "Промсвязьбанк", "cash_in": null, "opening_hours": "24/7" }, "geometry": { "type": "Point", "coordinates": [ 4196260.28482273593545, 7517453.625683644786477 ] } },
{ "type": "Feature", "properties": { "element": "node", "id": 6777080774, "amenity": "atm", "operator": "ПАО \"Промсвязьбанк\"", "brand": "Промсвязьбанк", "cash_in": null, "opening_hours": "Mo-Su 09:00-23:00" }, "geometry": { "type": "Point", "coordinates": [ 4172165.002929346635938, 7499927.379353080876172 ] } },
{ "type": "Feature", "properties": { "element": "node", "id": 6777080781, "amenity": "atm", "operator": "ПАО \"Промсвязьбанк\"", "brand": "Промсвязьбанк", "cash_in": null, "opening_hours": "Mo-Fr 10:00-21:00;Sa-Su 10:00-19:00" }, "geometry": { "type": "Point", "coordinates": [ 4181608.469104270916432, 7461574.755405195057392 ] } },
{ "type": "Feature", "properties": { "element": "node", "id": 6777080782, "amenity": "atm", "operator": "Промсвязьбанк", "brand": "Промсвязьбанк", "cash_in": null, "opening_hours": "24/7" }, "geometry": { "type": "Point", "coordinates": [ 4192347.961318806279451, 7510277.799223523586988 ] } },
{ "type": "Feature", "properties": { "element": "node", "id": 6777082518, "amenity": "atm", "operator": "ПАО \"Промсвязьбанк\"", "brand": "Промсвязьбанк", "cash_in": null, "opening_hours": "Mo-Su 08:00-23:00" }, "geometry": { "type": "Point", "coordinates": [ 4173070.375479917507619, 7480960.660427255555987 ] } },
{ "type": "Feature", "properties": { "element": "node", "id": 6777082535, "amenity": "atm", "operator": "ПАО \"Промсвязьбанк\"", "brand": "Промсвязьбанк", "cash_in": null, "opening_hours": "Mo-Su 09:00-21:00" }, "geometry": { "type": "Point", "coordinates": [ 4190670.877530260477215, 7486910.889864631928504 ] } },
{ "type": "Feature", "properties": { "element": "node", "id": 6777082536, "amenity": "atm", "operator": "ПАО \"Промсвязьбанк\"", "brand": "Промсвязьбанк", "cash_in": null, "opening_hours": "24/7" }, "geometry": { "type": "Point", "coordinates": [ 4182958.329249630216509, 7503627.978247997350991 ] } },
{ "type": "Feature", "properties": { "element": "node", "id": 6777082539, "amenity": "atm", "operator": "ПАО \"Промсвязьбанк\"", "brand": "Промсвязьбанк", "cash_in": null, "opening_hours": "24/7" }, "geometry": { "type": "Point", "coordinates": [ 4182969.906476672738791, 7503630.943169275298715 ] } },
{ "type": "Feature", "properties": { "element": "node", "id": 6777082542, "amenity": "atm", "operator": "ПАО \"Промсвязьбанк\"", "brand": "Промсвязьбанк", "cash_in": null, "opening_hours": "Mo-Su 12:00-24:00" }, "geometry": { "type": "Point", "coordinates": [ 4184289.521116382908076, 7514449.854072673246264 ] } },
{ "type": "Feature", "properties": { "element": "node", "id": 6777082624, "amenity": "atm", "operator": "ПАО \"Промсвязьбанк\"", "brand": "Промсвязьбанк", "cash_in": null, "opening_hours": "Mo-Su 09:00-21:00" }, "geometry": { "type": "Point", "coordinates": [ 4206140.357172500342131, 7502493.169089186936617 ] } },
{ "type": "Feature", "properties": { "element": "node", "id": 6777082637, "amenity": "atm", "operator": "ПАО \"Промсвязьбанк\"", "brand": "Промсвязьбанк", "cash_in": "yes", "opening_hours": "Mo-Su 09:00-23:00" }, "geometry": { "type": "Point", "coordinates": [ 4138234.432517339009792, 7554940.589097717776895 ] } },
{ "type": "Feature", "properties": { "element": "node", "id": 6777082640, "amenity": "atm", "operator": "ПАО \"Промсвязьбанк\"", "brand": "Промсвязьбанк", "cash_in": null, "opening_hours": "24/7" }, "geometry": { "type": "Point", "coordinates": [ 4175161.734753450378776, 7499552.090871458873153 ] } },
{ "type": "Feature", "properties": { "element": "node", "id": 6777084613, "amenity": "atm", "operator": "ПАО \"Промсвязьбанк\"", "brand": "Промсвязьбанк", "cash_in": null, "opening_hours": "Mo-Su 09:00-22:00" }, "geometry": { "type": "Point", "coordinates": [ 4183999.611766509711742, 7529139.79153067432344 ] } },
{ "type": "Feature", "properties": { "element": "node", "id": 6777084616, "amenity": "atm", "operator": "ПАО \"Промсвязьбанк\"", "brand": "Промсвязьбанк", "cash_in": null, "opening_hours": "Mo-Su 10:00-22:00" }, "geometry": { "type": "Point", "coordinates": [ 4170862.286588338669389, 7506097.025407126173377 ] } },
{ "type": "Feature", "properties": { "element": "node", "id": 6777084624, "amenity": "atm", "operator": "ПАО \"Промсвязьбанк\"", "brand": "Промсвязьбанк", "cash_in": null, "opening_hours": "24/7" }, "geometry": { "type": "Point", "coordinates": [ 4189941.745997513178736, 7511795.516072212718427 ] } },
{ "type": "Feature", "properties": { "element": "node", "id": 6777084644, "amenity": "atm", "operator": "ПАО \"Промсвязьбанк\"", "brand": "Промсвязьбанк", "cash_in": null, "opening_hours": "24/7" }, "geometry": { "type": "Point", "coordinates": [ 4158402.808053504675627, 7529640.536575101315975 ] } },
{ "type": "Feature", "properties": { "element": "node", "id": 6777084691, "amenity": "atm", "operator": "ПАО \"Промсвязьбанк\"", "brand": "Промсвязьбанк", "cash_in": null, "opening_hours": "Mo-Su 08:00-21:00" }, "geometry": { "type": "Point", "coordinates": [ 4187960.2813252909109, 7501335.031743154861033 ] } },
{ "type": "Feature", "properties": { "element": "node", "id": 6780871127, "amenity": "atm", "operator": "ПАО Сбербанк", "brand": "Сбербанк", "cash_in": "yes", "opening_hours": null }, "geometry": { "type": "Point", "coordinates": [ 4163652.356940588913858, 7518180.714930250309408 ] } },
{ "type": "Feature", "properties": { "element": "node", "id": 6793335323, "amenity": "atm", "operator": "Банк ВТБ (ПАО)", "brand": "ВТБ", "cash_in": null, "opening_hours": null }, "geometry": { "type": "Point", "coordinates": [ 4189575.02619899250567, 7513912.746055192314088 ] } },
{ "type": "Feature", "properties": { "element": "node", "id": 6794689634, "amenity": "atm", "operator": "ПАО Сбербанк", "brand": "Сбербанк", "cash_in": null, "opening_hours": null }, "geometry": { "type": "Point", "coordinates": [ 4144824.379393064882606, 7555993.633176461793482 ] } },
{ "type": "Feature", "properties": { "element": "node", "id": 6808207585, "amenity": "atm", "operator": "ПАО Сбербанк", "brand": "Сбербанк", "cash_in": null, "opening_hours": null }, "geometry": { "type": "Point", "coordinates": [ 4200167.69913712143898, 7534203.696209081448615 ] } },
{ "type": "Feature", "properties": { "element": "node", "id": 6814317081, "amenity": "atm", "operator": "Банк ВТБ (ПАО)", "brand": "ВТБ", "cash_in": null, "opening_hours": null }, "geometry": { "type": "Point", "coordinates": [ 4171912.652775667142123, 7529440.9208540963009 ] } },
{ "type": "Feature", "properties": { "element": "node", "id": 6876046118, "amenity": "atm", "operator": null, "brand": null, "cash_in": null, "opening_hours": null }, "geometry": { "type": "Point", "coordinates": [ 4192395.272102393675596, 7496371.563988126814365 ] } },
{ "type": "Feature", "properties": { "element": "node", "id": 6879756654, "amenity": "atm", "operator": "ПАО Сбербанк", "brand": "Сбербанк", "cash_in": null, "opening_hours": null }, "geometry": { "type": "Point", "coordinates": [ 4187023.57233806187287, 7513517.796800159849226 ] } },
{ "type": "Feature", "properties": { "element": "node", "id": 6879756655, "amenity": "atm", "operator": "Банк ВТБ (ПАО)", "brand": "ВТБ", "cash_in": null, "opening_hours": null }, "geometry": { "type": "Point", "coordinates": [ 4187023.794977043755352, 7513515.045783807523549 ] } },
{ "type": "Feature", "properties": { "element": "node", "id": 6883390580, "amenity": "atm", "operator": "ПАО Сбербанк", "brand": "Сбербанк", "cash_in": null, "opening_hours": null }, "geometry": { "type": "Point", "coordinates": [ 4180519.029775673523545, 7499537.214840390719473 ] } },
{ "type": "Feature", "properties": { "element": "node", "id": 6901072020, "amenity": "atm", "operator": "АО ЮниКредит Банк", "brand": null, "cash_in": null, "opening_hours": "24/7" }, "geometry": { "type": "Point", "coordinates": [ 4171172.433821636717767, 7529788.72955325152725 ] } },
{ "type": "Feature", "properties": { "element": "node", "id": 6913504321, "amenity": "atm", "operator": "Банк ВТБ (ПАО)", "brand": "ВТБ", "cash_in": "yes", "opening_hours": "Mo-Su 07:00-20:30" }, "geometry": { "type": "Point", "coordinates": [ 4190590.783156634774059, 7504526.38173970580101 ] } },
{ "type": "Feature", "properties": { "element": "node", "id": 6935895546, "amenity": "atm", "operator": "ПАО Сбербанк", "brand": "Сбербанк", "cash_in": "yes", "opening_hours": null }, "geometry": { "type": "Point", "coordinates": [ 4185017.294551342725754, 7518746.540251342579722 ] } },
{ "type": "Feature", "properties": { "element": "node", "id": 6943361878, "amenity": "atm", "operator": "АО «ТБанк»", "brand": "Т-Банк", "cash_in": null, "opening_hours": null }, "geometry": { "type": "Point", "coordinates": [ 4176815.675219860393554, 7486272.588240423239768 ] } },
{ "type": "Feature", "properties": { "element": "node", "id": 6943361882, "amenity": "atm", "operator": "АО «ТБанк»", "brand": "Т-Банк", "cash_in": null, "opening_hours": null }, "geometry": { "type": "Point", "coordinates": [ 4188242.710005382541567, 7494997.472717485390604 ] } },
{ "type": "Feature", "properties": { "element": "node", "id": 6943361883, "amenity": "atm", "operator": "АО \"Райффайзенбанк\"", "brand": "Райффайзен", "cash_in": "yes", "opening_hours": "Mo-Su 10:00-22:00" }, "geometry": { "type": "Point", "coordinates": [ 4183292.822055565658957, 7473227.084754514507949 ] } },
{ "type": "Feature", "properties": { "element": "node", "id": 6944280773, "amenity": "atm", "operator": "ПАО Сбербанк", "brand": "Сбербанк", "cash_in": null, "opening_hours": "07:00-24:00" }, "geometry": { "type": "Point", "coordinates": [ 4192342.395344266667962, 7535879.958963390439749 ] } },
{ "type": "Feature", "properties": { "element": "node", "id": 6949692902, "amenity": "atm", "operator": "АО \"АБ \"РОССИЯ\"", "brand": null, "cash_in": null, "opening_hours": null }, "geometry": { "type": "Point", "coordinates": [ 4183539.172088691033423, 7514120.748256971128285 ] } },
{ "type": "Feature", "properties": { "element": "node", "id": 6949692903, "amenity": "atm", "operator": "ПАО Сбербанк", "brand": "Сбербанк", "cash_in": null, "opening_hours": null }, "geometry": { "type": "Point", "coordinates": [ 4183545.80673034209758, 7514134.484635582193732 ] } },
{ "type": "Feature", "properties": { "element": "node", "id": 6949692904, "amenity": "atm", "operator": "ПАО Сбербанк", "brand": "Сбербанк", "cash_in": null, "opening_hours": null }, "geometry": { "type": "Point", "coordinates": [ 4183543.42449323926121, 7514134.801324714906514 ] } },
{ "type": "Feature", "properties": { "element": "node", "id": 6949692905, "amenity": "atm", "operator": "ПАО Сбербанк", "brand": "Сбербанк", "cash_in": null, "opening_hours": null }, "geometry": { "type": "Point", "coordinates": [ 4183541.042256135959178, 7514135.118013861589134 ] } },
{ "type": "Feature", "properties": { "element": "node", "id": 6952658414, "amenity": "atm", "operator": "ПАО Сбербанк", "brand": "Сбербанк", "cash_in": null, "opening_hours": null }, "geometry": { "type": "Point", "coordinates": [ 4141984.006925729103386, 7478357.820840107277036 ] } },
{ "type": "Feature", "properties": { "element": "node", "id": 6956796850, "amenity": "atm", "operator": "Сбербанк", "brand": "Сбербанк", "cash_in": null, "opening_hours": null }, "geometry": { "type": "Point", "coordinates": [ 4177442.348293281625956, 7487915.54663619864732 ] } },
{ "type": "Feature", "properties": { "element": "node", "id": 6957469696, "amenity": "atm", "operator": "Банк ВТБ (ПАО)", "brand": "ВТБ", "cash_in": "yes", "opening_hours": null }, "geometry": { "type": "Point", "coordinates": [ 4183627.860327006317675, 7514242.10030991025269 ] } },
{ "type": "Feature", "properties": { "element": "node", "id": 6957560105, "amenity": "atm", "operator": "ПАО Сбербанк", "brand": "Сбербанк", "cash_in": "no", "opening_hours": null }, "geometry": { "type": "Point", "coordinates": [ 4150205.519050215370953, 7480853.547019084915519 ] } },
{ "type": "Feature", "properties": { "element": "node", "id": 6962840377, "amenity": "atm", "operator": "ПАО Сбербанк", "brand": "Сбербанк", "cash_in": null, "opening_hours": "Mo-Su 08:00-23:00" }, "geometry": { "type": "Point", "coordinates": [ 4206466.411961033008993, 7503030.03620061930269 ] } },
{ "type": "Feature", "properties": { "element": "node", "id": 6967025610, "amenity": "atm", "operator": "АО \"Почта Банк\"", "brand": "Почта Банк", "cash_in": null, "opening_hours": null }, "geometry": { "type": "Point", "coordinates": [ 4201502.764922154136002, 7480272.125468363985419 ] } },
{ "type": "Feature", "properties": { "element": "node", "id": 6974444101, "amenity": "atm", "operator": "ПАО Сбербанк", "brand": "Сбербанк", "cash_in": null, "opening_hours": null }, "geometry": { "type": "Point", "coordinates": [ 4178150.830060485750437, 7536671.497686037793756 ] } },
{ "type": "Feature", "properties": { "element": "node", "id": 6974444102, "amenity": "atm", "operator": "ПАО Сбербанк", "brand": "Сбербанк", "cash_in": null, "opening_hours": null }, "geometry": { "type": "Point", "coordinates": [ 4178411.117293858900666, 7536686.981499472633004 ] } },
{ "type": "Feature", "properties": { "element": "node", "id": 6974444103, "amenity": "atm", "operator": "Банк ВТБ (ПАО)", "brand": "ВТБ", "cash_in": null, "opening_hours": null }, "geometry": { "type": "Point", "coordinates": [ 4178410.90578682674095, 7536682.316501122899354 ] } },
{ "type": "Feature", "properties": { "element": "node", "id": 6977579097, "amenity": "atm", "operator": "Банк ВТБ (ПАО)", "brand": "ВТБ", "cash_in": "no", "opening_hours": null }, "geometry": { "type": "Point", "coordinates": [ 4151993.844405910931528, 7481554.353799015283585 ] } },
{ "type": "Feature", "properties": { "element": "node", "id": 6984468091, "amenity": "atm", "operator": "ПАО Сбербанк", "brand": "Сбербанк", "cash_in": null, "opening_hours": null }, "geometry": { "type": "Point", "coordinates": [ 4180141.834813069086522, 7495715.044493455439806 ] } },
{ "type": "Feature", "properties": { "element": "node", "id": 7001514236, "amenity": "atm", "operator": "ПАО \"Промсвязьбанк\"", "brand": "Промсвязьбанк", "cash_in": null, "opening_hours": "Mo-Fr 09:30-20:30" }, "geometry": { "type": "Point", "coordinates": [ 4188015.083910608198494, 7503488.92471937648952 ] } },
{ "type": "Feature", "properties": { "element": "node", "id": 7004480800, "amenity": "atm", "operator": "Банк ГПБ (АО)", "brand": "Газпромбанк", "cash_in": null, "opening_hours": null }, "geometry": { "type": "Point", "coordinates": [ 4151041.684273359365761, 7480112.938325321301818 ] } },
{ "type": "Feature", "properties": { "element": "node", "id": 7006707098, "amenity": "atm", "operator": "ПАО Сбербанк", "brand": "Сбербанк", "cash_in": null, "opening_hours": null }, "geometry": { "type": "Point", "coordinates": [ 4155782.54761531483382, 7480546.87781400885433 ] } },
{ "type": "Feature", "properties": { "element": "node", "id": 7019067155, "amenity": "atm", "operator": "Банк ВТБ (ПАО)", "brand": "ВТБ", "cash_in": "yes", "opening_hours": null }, "geometry": { "type": "Point", "coordinates": [ 4151076.460482283029705, 7480958.275733566842973 ] } },
{ "type": "Feature", "properties": { "element": "node", "id": 7034084263, "amenity": "atm", "operator": "ПАО Сбербанк", "brand": "Сбербанк", "cash_in": null, "opening_hours": "24/7" }, "geometry": { "type": "Point", "coordinates": [ 4172560.276177255436778, 7472628.419704210944474 ] } },
{ "type": "Feature", "properties": { "element": "node", "id": 7036905766, "amenity": "atm", "operator": "АО \"Райффайзенбанк\"", "brand": "Райффайзен", "cash_in": null, "opening_hours": null }, "geometry": { "type": "Point", "coordinates": [ 4167204.95151001913473, 7531221.104448314756155 ] } },
{ "type": "Feature", "properties": { "element": "node", "id": 7037000245, "amenity": "atm", "operator": "Банк ГПБ (АО)", "brand": "Газпромбанк", "cash_in": null, "opening_hours": "24/7" }, "geometry": { "type": "Point", "coordinates": [ 4152331.342838098295033, 7481732.827458012849092 ] } },
{ "type": "Feature", "properties": { "element": "node", "id": 7047296617, "amenity": "atm", "operator": "ПАО \"МОСКОВСКИЙ КРЕДИТНЫЙ БАНК\"", "brand": null, "cash_in": null, "opening_hours": "10:00-21:00" }, "geometry": { "type": "Point", "coordinates": [ 4198537.146895727142692, 7515147.263566561043262 ] } },
{ "type": "Feature", "properties": { "element": "node", "id": 7048869821, "amenity": "atm", "operator": "ПАО Сбербанк", "brand": "Сбербанк", "cash_in": "yes", "opening_hours": null }, "geometry": { "type": "Point", "coordinates": [ 4190450.531730183865875, 7504607.057160546071827 ] } },
{ "type": "Feature", "properties": { "element": "node", "id": 7074821819, "amenity": "atm", "operator": "ПАО Сбербанк", "brand": "Сбербанк", "cash_in": "no", "opening_hours": null }, "geometry": { "type": "Point", "coordinates": [ 4168075.892942088656127, 7531844.824331468902528 ] } },
{ "type": "Feature", "properties": { "element": "node", "id": 7082257367, "amenity": "atm", "operator": "АО \"Райффайзенбанк\"", "brand": "Райффайзен", "cash_in": null, "opening_hours": null }, "geometry": { "type": "Point", "coordinates": [ 4205047.478071637451649, 7503019.284261953085661 ] } },
{ "type": "Feature", "properties": { "element": "node", "id": 7082257368, "amenity": "atm", "operator": "АО \"Райффайзенбанк\"", "brand": "Райффайзен", "cash_in": null, "opening_hours": null }, "geometry": { "type": "Point", "coordinates": [ 4205048.524474850855768, 7503021.675776427611709 ] } },
{ "type": "Feature", "properties": { "element": "node", "id": 7083930587, "amenity": "atm", "operator": "Банк ВТБ (ПАО)", "brand": "ВТБ", "cash_in": null, "opening_hours": null }, "geometry": { "type": "Point", "coordinates": [ 4178897.327433796133846, 7490994.376537146046758 ] } },
{ "type": "Feature", "properties": { "element": "node", "id": 7086815708, "amenity": "atm", "operator": "ПАО Сбербанк", "brand": "Сбербанк", "cash_in": null, "opening_hours": null }, "geometry": { "type": "Point", "coordinates": [ 4148708.939815990626812, 7487957.148799821734428 ] } },
{ "type": "Feature", "properties": { "element": "node", "id": 7086856379, "amenity": "atm", "operator": "Банк ВТБ (ПАО)", "brand": "ВТБ", "cash_in": null, "opening_hours": null }, "geometry": { "type": "Point", "coordinates": [ 4186285.334870968014002, 7517195.437075960449874 ] } },
{ "type": "Feature", "properties": { "element": "node", "id": 7086868589, "amenity": "atm", "operator": "АО «ТБанк»", "brand": "Т-Банк", "cash_in": null, "opening_hours": null }, "geometry": { "type": "Point", "coordinates": [ 4200076.884696532040834, 7500503.347127700224519 ] } },
{ "type": "Feature", "properties": { "element": "node", "id": 7121724685, "amenity": "atm", "operator": "Банк ВТБ (ПАО)", "brand": "ВТБ", "cash_in": null, "opening_hours": null }, "geometry": { "type": "Point", "coordinates": [ 4180889.378589593339711, 7500750.525400286540389 ] } },
{ "type": "Feature", "properties": { "element": "node", "id": 7121806090, "amenity": "atm", "operator": "ВТБ", "brand": "ВТБ", "cash_in": null, "opening_hours": "24/7" }, "geometry": { "type": "Point", "coordinates": [ 4162147.083654132671654, 7518501.834667662158608 ] } },
{ "type": "Feature", "properties": { "element": "node", "id": 7121962385, "amenity": "atm", "operator": "ПАО Сбербанк", "brand": "Сбербанк", "cash_in": null, "opening_hours": "24/7" }, "geometry": { "type": "Point", "coordinates": [ 4194214.021074922755361, 7517238.088390458375216 ] } },
{ "type": "Feature", "properties": { "element": "node", "id": 7121995585, "amenity": "atm", "operator": "Банк ВТБ (ПАО)", "brand": "ВТБ", "cash_in": null, "opening_hours": null }, "geometry": { "type": "Point", "coordinates": [ 4194141.830385143868625, 7517189.338392882607877 ] } },
{ "type": "Feature", "properties": { "element": "node", "id": 7126057125, "amenity": "atm", "operator": "ПАО Сбербанк", "brand": "Сбербанк", "cash_in": null, "opening_hours": null }, "geometry": { "type": "Point", "coordinates": [ 4161179.227473380509764, 7516722.268840732984245 ] } },
{ "type": "Feature", "properties": { "element": "node", "id": 7126057126, "amenity": "atm", "operator": "Банк ГПБ (АО)", "brand": "Газпромбанк", "cash_in": null, "opening_hours": null }, "geometry": { "type": "Point", "coordinates": [ 4161187.142289175651968, 7516742.860568840056658 ] } },
{ "type": "Feature", "properties": { "element": "node", "id": 7150587405, "amenity": "atm", "operator": "Альфа-Банк", "brand": "Альфа-Банк", "cash_in": null, "opening_hours": null }, "geometry": { "type": "Point", "coordinates": [ 4177583.545935404021293, 7516898.290290231816471 ] } },
{ "type": "Feature", "properties": { "element": "node", "id": 7150587591, "amenity": "atm", "operator": "Райффайзен", "brand": "Райффайзен", "cash_in": null, "opening_hours": null }, "geometry": { "type": "Point", "coordinates": [ 4177574.451133005786687, 7516901.319715922698379 ] } },
{ "type": "Feature", "properties": { "element": "node", "id": 7159408620, "amenity": "atm", "operator": "ПАО Сбербанк", "brand": "Сбербанк", "cash_in": "yes", "opening_hours": "24/7" }, "geometry": { "type": "Point", "coordinates": [ 4197700.926012837328017, 7513910.311577902175486 ] } },
{ "type": "Feature", "properties": { "element": "node", "id": 7175455433, "amenity": "atm", "operator": "АО \"Райффайзенбанк\"", "brand": "Райффайзен", "cash_in": null, "opening_hours": null }, "geometry": { "type": "Point", "coordinates": [ 4163743.672318886965513, 7522081.49710638821125 ] } },
{ "type": "Feature", "properties": { "element": "node", "id": 7182382749, "amenity": "atm", "operator": "ПАО Сбербанк", "brand": "Сбербанк", "cash_in": null, "opening_hours": "24/7" }, "geometry": { "type": "Point", "coordinates": [ 4201785.538692667149007, 7502238.721667108125985 ] } },
{ "type": "Feature", "properties": { "element": "node", "id": 7185185433, "amenity": "atm", "operator": "Россельхозбанк", "brand": "Россельхозбанк", "cash_in": null, "opening_hours": "24/7" }, "geometry": { "type": "Point", "coordinates": [ 4213010.305963418446481, 7499633.682361693121493 ] } },
{ "type": "Feature", "properties": { "element": "node", "id": 7187072986, "amenity": "atm", "operator": "Сбербанк", "brand": "Сбербанк", "cash_in": "yes", "opening_hours": null }, "geometry": { "type": "Point", "coordinates": [ 4172706.672439597547054, 7519167.64374212641269 ] } },
{ "type": "Feature", "properties": { "element": "node", "id": 7187072987, "amenity": "atm", "operator": "ВТБ", "brand": "ВТБ", "cash_in": "no", "opening_hours": null }, "geometry": { "type": "Point", "coordinates": [ 4172723.292439573444426, 7519167.564518161118031 ] } },
{ "type": "Feature", "properties": { "element": "node", "id": 7195212844, "amenity": "atm", "operator": "АО \"РЕАЛИСТ БАНК\"", "brand": null, "cash_in": null, "opening_hours": null }, "geometry": { "type": "Point", "coordinates": [ 4152613.671330647543073, 7484040.347540662623942 ] } },
{ "type": "Feature", "properties": { "element": "node", "id": 7198837651, "amenity": "atm", "operator": "ПАО Сбербанк", "brand": "Сбербанк", "cash_in": "no", "opening_hours": null }, "geometry": { "type": "Point", "coordinates": [ 4159463.994495338760316, 7487247.259983232244849 ] } },
{ "type": "Feature", "properties": { "element": "node", "id": 7198837652, "amenity": "atm", "operator": "Банк ВТБ (ПАО)", "brand": "ВТБ", "cash_in": "yes", "opening_hours": null }, "geometry": { "type": "Point", "coordinates": [ 4159585.85594191076234, 7487353.988662931136787 ] } },
{ "type": "Feature", "properties": { "element": "node", "id": 7206911043, "amenity": "atm", "operator": "ПАО Сбербанк", "brand": "Сбербанк", "cash_in": null, "opening_hours": null }, "geometry": { "type": "Point", "coordinates": [ 4155698.18970519118011, 7486400.938564558513463 ] } },
{ "type": "Feature", "properties": { "element": "node", "id": 7228359872, "amenity": "atm", "operator": "Банк ВТБ (ПАО)", "brand": "ВТБ", "cash_in": "no", "opening_hours": null }, "geometry": { "type": "Point", "coordinates": [ 4148884.2791459383443, 7488401.392604175023735 ] } },
{ "type": "Feature", "properties": { "element": "node", "id": 7248459055, "amenity": "atm", "operator": "Банк ВТБ (ПАО)", "brand": "ВТБ", "cash_in": null, "opening_hours": null }, "geometry": { "type": "Point", "coordinates": [ 4186876.830985298380256, 7504722.64529659692198 ] } },
{ "type": "Feature", "properties": { "element": "node", "id": 7255514020, "amenity": "atm", "operator": "ПАО Сбербанк", "brand": "Сбербанк", "cash_in": null, "opening_hours": null }, "geometry": { "type": "Point", "coordinates": [ 4158651.284288904163986, 7515739.25598069652915 ] } },
{ "type": "Feature", "properties": { "element": "node", "id": 7256090832, "amenity": "atm", "operator": "ПАО Сбербанк", "brand": "Сбербанк", "cash_in": null, "opening_hours": "24/7" }, "geometry": { "type": "Point", "coordinates": [ 4158653.020872960798442, 7515737.870177607983351 ] } },
{ "type": "Feature", "properties": { "element": "node", "id": 7256341686, "amenity": "atm", "operator": "АО \"Альфа-Банк\"", "brand": "Альфа-Банк", "cash_in": null, "opening_hours": "24/7" }, "geometry": { "type": "Point", "coordinates": [ 4159099.345239347312599, 7527999.874528320506215 ] } },
{ "type": "Feature", "properties": { "element": "node", "id": 7256341687, "amenity": "atm", "operator": "АО \"Альфа-Банк\"", "brand": "Альфа-Банк", "cash_in": null, "opening_hours": "24/7" }, "geometry": { "type": "Point", "coordinates": [ 4159096.061314369086176, 7527996.602794326841831 ] } },
{ "type": "Feature", "properties": { "element": "node", "id": 7263998989, "amenity": "atm", "operator": "АО «ТБанк»", "brand": "Т-Банк", "cash_in": "yes", "opening_hours": "Mo-Su 08:00-23:00" }, "geometry": { "type": "Point", "coordinates": [ 4192237.543515888508409, 7485328.091670939698815 ] } },
{ "type": "Feature", "properties": { "element": "node", "id": 7291538185, "amenity": "atm", "operator": "АО \"Райффайзенбанк\"", "brand": "Райффайзен", "cash_in": null, "opening_hours": "Mo-Su 08:00-23:00" }, "geometry": { "type": "Point", "coordinates": [ 4181164.293204056099057, 7517344.282079856842756 ] } },
{ "type": "Feature", "properties": { "element": "node", "id": 7319309018, "amenity": "atm", "operator": "АО \"Почта Банк\"", "brand": "Почта Банк", "cash_in": null, "opening_hours": null }, "geometry": { "type": "Point", "coordinates": [ 4159012.393585088662803, 7487019.290409891866148 ] } },
{ "type": "Feature", "properties": { "element": "node", "id": 7319309026, "amenity": "atm", "operator": "Банк ВТБ (ПАО)", "brand": "ВТБ", "cash_in": null, "opening_hours": null }, "geometry": { "type": "Point", "coordinates": [ 4158288.160109936725348, 7486275.07318343501538 ] } },
{ "type": "Feature", "properties": { "element": "node", "id": 7319309027, "amenity": "atm", "operator": "Банк ВТБ (ПАО)", "brand": "ВТБ", "cash_in": "yes", "opening_hours": null }, "geometry": { "type": "Point", "coordinates": [ 4162772.276178325992078, 7489204.114406241104007 ] } },
{ "type": "Feature", "properties": { "element": "node", "id": 7341815471, "amenity": "atm", "operator": "ПАО \"МОСКОВСКИЙ КРЕДИТНЫЙ БАНК\"", "brand": "МКБ", "cash_in": null, "opening_hours": "24/7" }, "geometry": { "type": "Point", "coordinates": [ 4189732.365167280193418, 7512821.761566448025405 ] } },
{ "type": "Feature", "properties": { "element": "node", "id": 7350916060, "amenity": "atm", "operator": "ПАО Сбербанк", "brand": "Сбербанк", "cash_in": null, "opening_hours": "24/7" }, "geometry": { "type": "Point", "coordinates": [ 4163451.53657919773832, 7502879.39183683693409 ] } },
{ "type": "Feature", "properties": { "element": "node", "id": 7363113818, "amenity": "atm", "operator": "ПАО Сбербанк", "brand": "Сбербанк", "cash_in": null, "opening_hours": "24/7" }, "geometry": { "type": "Point", "coordinates": [ 4103635.065736594609916, 7445762.337404614314437 ] } },
{ "type": "Feature", "properties": { "element": "node", "id": 7470185552, "amenity": "atm", "operator": "ПАО Банк \"ФК Открытие\"", "brand": "Банк «Открытие»", "cash_in": "no", "opening_hours": null }, "geometry": { "type": "Point", "coordinates": [ 4185678.421007163822651, 7476945.504172957502306 ] } },
{ "type": "Feature", "properties": { "element": "node", "id": 7495373507, "amenity": "atm", "operator": "АО \"Райффайзенбанк\"", "brand": "Райффайзен", "cash_in": null, "opening_hours": null }, "geometry": { "type": "Point", "coordinates": [ 4173895.286302542779595, 7470687.624850121326745 ] } },
{ "type": "Feature", "properties": { "element": "node", "id": 7500524467, "amenity": "atm", "operator": "ПАО Сбербанк", "brand": "Сбербанк", "cash_in": null, "opening_hours": null }, "geometry": { "type": "Point", "coordinates": [ 4158675.819104675203562, 7486794.542427181266248 ] } },
{ "type": "Feature", "properties": { "element": "node", "id": 7545652060, "amenity": "atm", "operator": "Банк ВТБ (ПАО)", "brand": "ВТБ", "cash_in": null, "opening_hours": null }, "geometry": { "type": "Point", "coordinates": [ 4192139.715947379358113, 7509975.340144540183246 ] } },
{ "type": "Feature", "properties": { "element": "node", "id": 7551068568, "amenity": "atm", "operator": "ПАО Банк \"ФК Открытие\"", "brand": null, "cash_in": "yes", "opening_hours": "24/7" }, "geometry": { "type": "Point", "coordinates": [ 4136651.491622156929225, 7471125.759609878063202 ] } },
{ "type": "Feature", "properties": { "element": "node", "id": 7551068570, "amenity": "atm", "operator": "ПАО Банк \"ФК Открытие\"", "brand": null, "cash_in": "yes", "opening_hours": "24/7" }, "geometry": { "type": "Point", "coordinates": [ 4133174.583174516446888, 7469713.228122875094414 ] } },
{ "type": "Feature", "properties": { "element": "node", "id": 7565232787, "amenity": "atm", "operator": "ПАО Сбербанк", "brand": "Сбербанк", "cash_in": "yes", "opening_hours": null }, "geometry": { "type": "Point", "coordinates": [ 4159282.076183484401554, 7527813.249109763652086 ] } },
{ "type": "Feature", "properties": { "element": "node", "id": 7569676531, "amenity": "atm", "operator": "ПАО РОСБАНК", "brand": "Росбанк", "cash_in": null, "opening_hours": "24/7" }, "geometry": { "type": "Point", "coordinates": [ 4131525.796800529584289, 7476625.123146828263998 ] } },
{ "type": "Feature", "properties": { "element": "node", "id": 7587827376, "amenity": "atm", "operator": "АО \"Кредит Европа Банк (Россия)\"", "brand": null, "cash_in": null, "opening_hours": "24/7" }, "geometry": { "type": "Point", "coordinates": [ 4214020.352231182157993, 7505163.485515302978456 ] } },
{ "type": "Feature", "properties": { "element": "node", "id": 7589687134, "amenity": "atm", "operator": "Банк ВТБ (ПАО)", "brand": "ВТБ", "cash_in": null, "opening_hours": null }, "geometry": { "type": "Point", "coordinates": [ 4189229.178804996889085, 7513210.678601812571287 ] } },
{ "type": "Feature", "properties": { "element": "node", "id": 7640415430, "amenity": "atm", "operator": "Банк ГПБ (АО)", "brand": "Газпромбанк", "cash_in": null, "opening_hours": null }, "geometry": { "type": "Point", "coordinates": [ 4192376.024962434545159, 7495515.613584852777421 ] } },
{ "type": "Feature", "properties": { "element": "node", "id": 7640415431, "amenity": "atm", "operator": "АО «ТБанк»", "brand": "Т-Банк", "cash_in": "yes", "opening_hours": null }, "geometry": { "type": "Point", "coordinates": [ 4192573.093856987077743, 7495465.460483654402196 ] } },
{ "type": "Feature", "properties": { "element": "node", "id": 7640415432, "amenity": "atm", "operator": "ПАО Сбербанк", "brand": "Сбербанк", "cash_in": "yes", "opening_hours": null }, "geometry": { "type": "Point", "coordinates": [ 4192578.470588391646743, 7495469.330553881824017 ] } },
{ "type": "Feature", "properties": { "element": "node", "id": 7644502793, "amenity": "atm", "operator": "Банк ВТБ (ПАО)", "brand": "ВТБ", "cash_in": null, "opening_hours": null }, "geometry": { "type": "Point", "coordinates": [ 4201742.89219574443996, 7519222.466921137645841 ] } },
{ "type": "Feature", "properties": { "element": "node", "id": 7646988302, "amenity": "atm", "operator": "ПАО Сбербанк", "brand": "Сбербанк", "cash_in": null, "opening_hours": null }, "geometry": { "type": "Point", "coordinates": [ 4169003.440335225313902, 7464693.812362069264054 ] } },
{ "type": "Feature", "properties": { "element": "node", "id": 7653183278, "amenity": "atm", "operator": "ПАО Сбербанк", "brand": "Сбербанк", "cash_in": null, "opening_hours": "24/7" }, "geometry": { "type": "Point", "coordinates": [ 4222432.131629331968725, 7500202.219208159483969 ] } },
{ "type": "Feature", "properties": { "element": "node", "id": 7655922576, "amenity": "atm", "operator": "ВТБ", "brand": "ВТБ", "cash_in": null, "opening_hours": null }, "geometry": { "type": "Point", "coordinates": [ 4192277.540608929935843, 7510472.032909325323999 ] } },
{ "type": "Feature", "properties": { "element": "node", "id": 7669855530, "amenity": "atm", "operator": "\"Азиатско-Тихоокеанский Банк\" (АО)", "brand": null, "cash_in": null, "opening_hours": "Mo-Su 09:00-20:00" }, "geometry": { "type": "Point", "coordinates": [ 4193370.375181997660547, 7512614.744267182424664 ] } },
{ "type": "Feature", "properties": { "element": "node", "id": 7670717219, "amenity": "atm", "operator": "\"Азиатско-Тихоокеанский Банк\" (АО)", "brand": null, "cash_in": null, "opening_hours": "Mo-Fr 09:00-19:00;Sa 10:00-17:00" }, "geometry": { "type": "Point", "coordinates": [ 4191504.660516302101314, 7509711.625444560311735 ] } },
{ "type": "Feature", "properties": { "element": "node", "id": 7670717710, "amenity": "atm", "operator": "\"Азиатско-Тихоокеанский Банк\" (АО)", "brand": null, "cash_in": null, "opening_hours": "Mo-Fr 09:00-18:00" }, "geometry": { "type": "Point", "coordinates": [ 4194327.054885874502361, 7514091.751515004783869 ] } },
{ "type": "Feature", "properties": { "element": "node", "id": 7670717739, "amenity": "atm", "operator": "\"Азиатско-Тихоокеанский Банк\" (АО)", "brand": null, "cash_in": null, "opening_hours": "Mo-Su 08:00-22:00" }, "geometry": { "type": "Point", "coordinates": [ 4186204.182962180115283, 7511104.305532747879624 ] } },
{ "type": "Feature", "properties": { "element": "node", "id": 7670717742, "amenity": "atm", "operator": "\"Азиатско-Тихоокеанский Банк\" (АО)", "brand": null, "cash_in": null, "opening_hours": "Mo-Fr 09:00-19:00" }, "geometry": { "type": "Point", "coordinates": [ 4184997.167987406719476, 7509967.585446684621274 ] } },
{ "type": "Feature", "properties": { "element": "node", "id": 7670727094, "amenity": "atm", "operator": "\"Азиатско-Тихоокеанский Банк\" (АО)", "brand": "Азиатско-Тихоокеанский Банк", "cash_in": null, "opening_hours": "24/7" }, "geometry": { "type": "Point", "coordinates": [ 4198189.640841317363083, 7517705.763448273763061 ] } },
{ "type": "Feature", "properties": { "element": "node", "id": 7670727095, "amenity": "atm", "operator": "\"Азиатско-Тихоокеанский Банк\" (АО)", "brand": null, "cash_in": null, "opening_hours": "24/7" }, "geometry": { "type": "Point", "coordinates": [ 4194790.066043931059539, 7508107.434866393916309 ] } },
{ "type": "Feature", "properties": { "element": "node", "id": 7682430808, "amenity": "atm", "operator": "ПАО Сбербанк", "brand": "Сбербанк", "cash_in": null, "opening_hours": null }, "geometry": { "type": "Point", "coordinates": [ 4190453.604148130398244, 7532769.556525367312133 ] } },
{ "type": "Feature", "properties": { "element": "node", "id": 7682430811, "amenity": "atm", "operator": "ПАО \"МОСКОВСКИЙ КРЕДИТНЫЙ БАНК\"", "brand": null, "cash_in": null, "opening_hours": null }, "geometry": { "type": "Point", "coordinates": [ 4189858.234115520492196, 7532716.105133295990527 ] } },
{ "type": "Feature", "properties": { "element": "node", "id": 7682548802, "amenity": "atm", "operator": "ПАО Сбербанк", "brand": "Сбербанк", "cash_in": null, "opening_hours": null }, "geometry": { "type": "Point", "coordinates": [ 4192966.474673551972955, 7532526.80606188531965 ] } },
{ "type": "Feature", "properties": { "element": "node", "id": 7682548803, "amenity": "atm", "operator": "Банк ГПБ (АО)", "brand": "Газпромбанк", "cash_in": null, "opening_hours": null }, "geometry": { "type": "Point", "coordinates": [ 4192966.096187282819301, 7532524.663304760120809 ] } },
{ "type": "Feature", "properties": { "element": "node", "id": 7746379165, "amenity": "atm", "operator": "Банк ГПБ (АО)", "brand": "Газпромбанк", "cash_in": null, "opening_hours": null }, "geometry": { "type": "Point", "coordinates": [ 4196897.010046175681055, 7485951.721757511608303 ] } },
{ "type": "Feature", "properties": { "element": "node", "id": 7762570402, "amenity": "atm", "operator": "ПАО Сбербанк", "brand": "Сбербанк", "cash_in": null, "opening_hours": null }, "geometry": { "type": "Point", "coordinates": [ 4175783.888255544472486, 7528949.509408512152731 ] } },
{ "type": "Feature", "properties": { "element": "node", "id": 7826963969, "amenity": "atm", "operator": "ПАО Сбербанк", "brand": "Сбербанк", "cash_in": null, "opening_hours": "24/7" }, "geometry": { "type": "Point", "coordinates": [ 4202761.832890822552145, 7523207.499992636032403 ] } },
{ "type": "Feature", "properties": { "element": "node", "id": 7832507815, "amenity": "atm", "operator": "ПАО \"Банк \"Санкт-Петербург\"", "brand": "Санкт-Петербург", "cash_in": null, "opening_hours": "Mo-Fr 09:30-19:00" }, "geometry": { "type": "Point", "coordinates": [ 4188179.458270714152604, 7506097.974485379643738 ] } },
{ "type": "Feature", "properties": { "element": "node", "id": 7832507836, "amenity": "atm", "operator": "ПАО \"Банк \"Санкт-Петербург\"", "brand": "Банк Санкт-Петербург", "cash_in": null, "opening_hours": "Mo-Fr 10:00-20:00; Sa-Su 10:00-18:00" }, "geometry": { "type": "Point", "coordinates": [ 4189542.966185644734651, 7500008.915538975968957 ] } },
{ "type": "Feature", "properties": { "element": "node", "id": 7881464883, "amenity": "atm", "operator": "ПАО Сбербанк", "brand": "Сбербанк", "cash_in": null, "opening_hours": "Mo-Fr 08:00-20:00; Sa 09:00-18:00; Su 09:00-16:00" }, "geometry": { "type": "Point", "coordinates": [ 4189433.227431620471179, 7512952.513238369487226 ] } },
{ "type": "Feature", "properties": { "element": "node", "id": 7913065872, "amenity": "atm", "operator": "Сбербанк", "brand": "Сбербанк", "cash_in": null, "opening_hours": null }, "geometry": { "type": "Point", "coordinates": [ 4182194.978105413727462, 7531329.950753021985292 ] } },
{ "type": "Feature", "properties": { "element": "node", "id": 7913838285, "amenity": "atm", "operator": "Банк ВТБ (ПАО)", "brand": "ВТБ", "cash_in": null, "opening_hours": "Mo-Su 08:00-20:00" }, "geometry": { "type": "Point", "coordinates": [ 4188830.16522219683975, 7515504.801437532529235 ] } },
{ "type": "Feature", "properties": { "element": "node", "id": 7929466097, "amenity": "atm", "operator": "ПАО Сбербанк", "brand": "Сбербанк", "cash_in": null, "opening_hours": null }, "geometry": { "type": "Point", "coordinates": [ 4188199.529174903873354, 7525655.051809513010085 ] } },
{ "type": "Feature", "properties": { "element": "node", "id": 7931930178, "amenity": "atm", "operator": "ПАО Сбербанк", "brand": "Сбербанк", "cash_in": "yes", "opening_hours": null }, "geometry": { "type": "Point", "coordinates": [ 4190668.05001519434154, 7504953.629066728055477 ] } },
{ "type": "Feature", "properties": { "element": "node", "id": 7931930179, "amenity": "atm", "operator": "АО \"Альфа-Банк\"", "brand": "Альфа-Банк", "cash_in": null, "opening_hours": null }, "geometry": { "type": "Point", "coordinates": [ 4190666.046264359727502, 7504954.400078564882278 ] } },
{ "type": "Feature", "properties": { "element": "node", "id": 7959566482, "amenity": "atm", "operator": "Банк ВТБ (ПАО)", "brand": "ВТБ", "cash_in": null, "opening_hours": null }, "geometry": { "type": "Point", "coordinates": [ 4161495.241243843920529, 7525565.889983026310802 ] } },
{ "type": "Feature", "properties": { "element": "node", "id": 8000844221, "amenity": "atm", "operator": "АО \"Альфа-Банк\"", "brand": "Альфа-Банк", "cash_in": null, "opening_hours": null }, "geometry": { "type": "Point", "coordinates": [ 4187066.641849049832672, 7503145.067069905810058 ] } },
{ "type": "Feature", "properties": { "element": "node", "id": 8006896654, "amenity": "atm", "operator": "ТКБ БАНК ПАО", "brand": null, "cash_in": null, "opening_hours": "24/7" }, "geometry": { "type": "Point", "coordinates": [ 4189298.842542334925383, 7504392.155206640250981 ] } },
{ "type": "Feature", "properties": { "element": "node", "id": 8006896655, "amenity": "atm", "operator": "ТКБ БАНК ПАО", "brand": null, "cash_in": null, "opening_hours": "Mo-Su 9:00-21:00" }, "geometry": { "type": "Point", "coordinates": [ 4170695.084713167045265, 7485617.320881711319089 ] } },
{ "type": "Feature", "properties": { "element": "node", "id": 8006896657, "amenity": "atm", "operator": "ТКБ БАНК ПАО", "brand": null, "cash_in": null, "opening_hours": "Fr 9:30-16:00;Mo-Th 9:30-17:00" }, "geometry": { "type": "Point", "coordinates": [ 4190345.36820723162964, 7513728.836324349045753 ] } },
{ "type": "Feature", "properties": { "element": "node", "id": 8006896664, "amenity": "atm", "operator": "ПАО Банк ЗЕНИТ", "brand": null, "cash_in": null, "opening_hours": "24/7" }, "geometry": { "type": "Point", "coordinates": [ 4165850.081987574696541, 7501849.033171635121107 ] } },
{ "type": "Feature", "properties": { "element": "node", "id": 8006896665, "amenity": "atm", "operator": "ПАО Банк ЗЕНИТ", "brand": null, "cash_in": null, "opening_hours": "Mo-Su 09:00-21:00" }, "geometry": { "type": "Point", "coordinates": [ 4198308.552321382798254, 7510415.155050554312766 ] } },
{ "type": "Feature", "properties": { "element": "node", "id": 8006896666, "amenity": "atm", "operator": "ПАО Банк ЗЕНИТ", "brand": null, "cash_in": null, "opening_hours": "24/7" }, "geometry": { "type": "Point", "coordinates": [ 4183268.687989961355925, 7515366.919441495090723 ] } },
{ "type": "Feature", "properties": { "element": "node", "id": 8006896667, "amenity": "atm", "operator": "ПАО Банк ЗЕНИТ", "brand": null, "cash_in": null, "opening_hours": "24/7" }, "geometry": { "type": "Point", "coordinates": [ 4189650.523077649064362, 7503369.836801746860147 ] } },
{ "type": "Feature", "properties": { "element": "node", "id": 8006896669, "amenity": "atm", "operator": "Зенит", "brand": "Зенит", "cash_in": null, "opening_hours": "Mo-Fr 08:00-20:00;Sa-Su 10:00-17:00" }, "geometry": { "type": "Point", "coordinates": [ 4203209.904973214492202, 7509952.174986070021987 ] } },
{ "type": "Feature", "properties": { "element": "node", "id": 8006902329, "amenity": "atm", "operator": "ПАО Банк ЗЕНИТ", "brand": null, "cash_in": null, "opening_hours": "24/7" }, "geometry": { "type": "Point", "coordinates": [ 4190294.016526129096746, 7505679.046871631406248 ] } },
{ "type": "Feature", "properties": { "element": "node", "id": 8006902330, "amenity": "atm", "operator": "ПАО Сбербанк", "brand": "Сбербанк", "cash_in": "yes", "opening_hours": null }, "geometry": { "type": "Point", "coordinates": [ 4162870.760531830601394, 7520504.109400243498385 ] } },
{ "type": "Feature", "properties": { "element": "node", "id": 8006902331, "amenity": "atm", "operator": "ПАО Банк ЗЕНИТ", "brand": null, "cash_in": null, "opening_hours": "24/7" }, "geometry": { "type": "Point", "coordinates": [ 4179548.056649177335203, 7513637.912276481278241 ] } },
{ "type": "Feature", "properties": { "element": "node", "id": 8011206017, "amenity": "atm", "operator": "ПАО Сбербанк", "brand": "Сбербанк", "cash_in": null, "opening_hours": null }, "geometry": { "type": "Point", "coordinates": [ 4213803.80242574121803, 7495344.205847286619246 ] } },
{ "type": "Feature", "properties": { "element": "node", "id": 8011206018, "amenity": "atm", "operator": "АО \"Райффайзенбанк\"", "brand": "Райффайзен", "cash_in": null, "opening_hours": null }, "geometry": { "type": "Point", "coordinates": [ 4213789.798433799296618, 7495323.572411209344864 ] } },
{ "type": "Feature", "properties": { "element": "node", "id": 8026203385, "amenity": "atm", "operator": "АО «ТБанк»", "brand": "Т-Банк", "cash_in": null, "opening_hours": "Mo-Su 10:00-21:00" }, "geometry": { "type": "Point", "coordinates": [ 4189480.382367921061814, 7523520.80318917054683 ] } },
{ "type": "Feature", "properties": { "element": "node", "id": 8026209385, "amenity": "atm", "operator": "АО «ТБанк»", "brand": "Т-Банк", "cash_in": null, "opening_hours": "Mo-Su 08:00-22:00" }, "geometry": { "type": "Point", "coordinates": [ 4187942.59265820402652, 7522647.846531042829156 ] } },
{ "type": "Feature", "properties": { "element": "node", "id": 8026218185, "amenity": "atm", "operator": "АО «ТБанк»", "brand": "Т-Банк", "cash_in": null, "opening_hours": "24/7" }, "geometry": { "type": "Point", "coordinates": [ 4190804.327335822861642, 7523150.706481629051268 ] } },
{ "type": "Feature", "properties": { "element": "node", "id": 8069114389, "amenity": "atm", "operator": "ПАО Сбербанк", "brand": "Сбербанк", "cash_in": null, "opening_hours": null }, "geometry": { "type": "Point", "coordinates": [ 4180540.993111206684262, 7470725.493199824355543 ] } },
{ "type": "Feature", "properties": { "element": "node", "id": 8080451857, "amenity": "atm", "operator": "ПАО Сбербанк", "brand": "Сбербанк", "cash_in": "yes", "opening_hours": null }, "geometry": { "type": "Point", "coordinates": [ 4186268.136009640526026, 7481857.042038205079734 ] } },
{ "type": "Feature", "properties": { "element": "node", "id": 8080451858, "amenity": "atm", "operator": "Банк ВТБ (ПАО)", "brand": "ВТБ", "cash_in": "yes", "opening_hours": null }, "geometry": { "type": "Point", "coordinates": [ 4186174.594241526443511, 7481835.18312332034111 ] } },
{ "type": "Feature", "properties": { "element": "node", "id": 8080478744, "amenity": "atm", "operator": "ПАО Сбербанк", "brand": "Сбербанк", "cash_in": "yes", "opening_hours": "24/7" }, "geometry": { "type": "Point", "coordinates": [ 4192951.212771364022046, 7475012.231465127319098 ] } },
{ "type": "Feature", "properties": { "element": "node", "id": 8085665017, "amenity": "atm", "operator": "ПАО Сбербанк", "brand": "Сбербанк", "cash_in": null, "opening_hours": "24/7" }, "geometry": { "type": "Point", "coordinates": [ 4158396.629821765702218, 7525888.586150279268622 ] } },
{ "type": "Feature", "properties": { "element": "node", "id": 8085665018, "amenity": "atm", "operator": "ПАО Сбербанк", "brand": "Сбербанк", "cash_in": null, "opening_hours": "24/7" }, "geometry": { "type": "Point", "coordinates": [ 4158400.659587332513183, 7525886.802056685090065 ] } },
{ "type": "Feature", "properties": { "element": "node", "id": 8085665019, "amenity": "atm", "operator": "ПАО Сбербанк", "brand": "Сбербанк", "cash_in": null, "opening_hours": "24/7" }, "geometry": { "type": "Point", "coordinates": [ 4158404.399922223296016, 7525885.295489083975554 ] } },
{ "type": "Feature", "properties": { "element": "node", "id": 8091202799, "amenity": "atm", "operator": "ПАО Сбербанк", "brand": "Сбербанк", "cash_in": null, "opening_hours": null }, "geometry": { "type": "Point", "coordinates": [ 4197404.549000549130142, 7515307.511174706742167 ] } },
{ "type": "Feature", "properties": { "element": "node", "id": 8115244390, "amenity": "atm", "operator": "Банк ВТБ (ПАО)", "brand": "ВТБ", "cash_in": null, "opening_hours": null }, "geometry": { "type": "Point", "coordinates": [ 4178361.825023335870355, 7497274.02135051228106 ] } },
{ "type": "Feature", "properties": { "element": "node", "id": 8154434483, "amenity": "atm", "operator": "ПАО Банк ЗЕНИТ", "brand": null, "cash_in": null, "opening_hours": "Mo-Su 12:00-24:00" }, "geometry": { "type": "Point", "coordinates": [ 4186692.218741766642779, 7507035.81970180850476 ] } },
{ "type": "Feature", "properties": { "element": "node", "id": 8154434484, "amenity": "atm", "operator": "ПАО Банк ЗЕНИТ", "brand": null, "cash_in": null, "opening_hours": "24/7" }, "geometry": { "type": "Point", "coordinates": [ 4178441.095632729586214, 7532710.291771140880883 ] } },
{ "type": "Feature", "properties": { "element": "node", "id": 8156027845, "amenity": "atm", "operator": "ПАО \"Промсвязьбанк\"", "brand": "Промсвязьбанк", "cash_in": "yes", "opening_hours": null }, "geometry": { "type": "Point", "coordinates": [ 4158009.516292532440275, 7529134.774130409583449 ] } },
{ "type": "Feature", "properties": { "element": "node", "id": 8156027846, "amenity": "atm", "operator": "АО \"Альфа-Банк\"", "brand": "Альфа-Банк", "cash_in": null, "opening_hours": null }, "geometry": { "type": "Point", "coordinates": [ 4158007.579333392437547, 7529137.907526239752769 ] } },
{ "type": "Feature", "properties": { "element": "node", "id": 8176359446, "amenity": "atm", "operator": "АО «ТБанк»", "brand": "Т-Банк", "cash_in": "yes", "opening_hours": null }, "geometry": { "type": "Point", "coordinates": [ 4197291.203495022840798, 7515094.072786371223629 ] } },
{ "type": "Feature", "properties": { "element": "node", "id": 8198518793, "amenity": "atm", "operator": "ВТБ", "brand": "ВТБ", "cash_in": null, "opening_hours": null }, "geometry": { "type": "Point", "coordinates": [ 4188360.998096300289035, 7509662.131724099628627 ] } },
{ "type": "Feature", "properties": { "element": "node", "id": 8212779243, "amenity": "atm", "operator": "Банк ВТБ (ПАО)", "brand": "ВТБ", "cash_in": "yes", "opening_hours": "Mo-Su 08:00-20:00" }, "geometry": { "type": "Point", "coordinates": [ 4191941.233295294456184, 7474209.82044243440032 ] } },
{ "type": "Feature", "properties": { "element": "node", "id": 8214194026, "amenity": "atm", "operator": "Банк ВТБ (ПАО)", "brand": "ВТБ", "cash_in": null, "opening_hours": null }, "geometry": { "type": "Point", "coordinates": [ 4188341.95133142452687, 7499770.177172334864736 ] } },
{ "type": "Feature", "properties": { "element": "node", "id": 8219691824, "amenity": "atm", "operator": null, "brand": null, "cash_in": null, "opening_hours": "24/7" }, "geometry": { "type": "Point", "coordinates": [ 4158241.216680669691414, 7529316.215713218785822 ] } },
{ "type": "Feature", "properties": { "element": "node", "id": 8234070634, "amenity": "atm", "operator": "АО \"Райффайзенбанк\"", "brand": "Райффайзен", "cash_in": null, "opening_hours": null }, "geometry": { "type": "Point", "coordinates": [ 4183927.053722410462797, 7520102.444163602776825 ] } },
{ "type": "Feature", "properties": { "element": "node", "id": 8252410980, "amenity": "atm", "operator": "ПАО Сбербанк", "brand": "Сбербанк", "cash_in": null, "opening_hours": null }, "geometry": { "type": "Point", "coordinates": [ 4201422.737340223044157, 7499050.154251022264361 ] } },
{ "type": "Feature", "properties": { "element": "node", "id": 8252412485, "amenity": "atm", "operator": "ПАО \"МТС-Банк\"", "brand": null, "cash_in": null, "opening_hours": null }, "geometry": { "type": "Point", "coordinates": [ 4201244.381252073682845, 7499733.845491182990372 ] } },
{ "type": "Feature", "properties": { "element": "node", "id": 8269402424, "amenity": "atm", "operator": "ПАО Сбербанк", "brand": "Сбербанк", "cash_in": "yes", "opening_hours": "Mo-Su 08:00-23:00" }, "geometry": { "type": "Point", "coordinates": [ 4190731.056846983265132, 7498910.728813176974654 ] } },
{ "type": "Feature", "properties": { "element": "node", "id": 8269402426, "amenity": "atm", "operator": "АО \"Райффайзенбанк\"", "brand": "Райффайзен", "cash_in": "no", "opening_hours": "Mo-Su 08:00-23:00" }, "geometry": { "type": "Point", "coordinates": [ 4190726.715386841911823, 7498891.626657572574914 ] } },
{ "type": "Feature", "properties": { "element": "node", "id": 8282135345, "amenity": "atm", "operator": "ПАО \"МТС-Банк\"", "brand": null, "cash_in": null, "opening_hours": "Mo-Su 09:00-20:00" }, "geometry": { "type": "Point", "coordinates": [ 4189614.689333562273532, 7513148.179823929443955 ] } },
{ "type": "Feature", "properties": { "element": "node", "id": 8356963965, "amenity": "atm", "operator": "ПАО Сбербанк", "brand": "Сбербанк", "cash_in": null, "opening_hours": "24/7" }, "geometry": { "type": "Point", "coordinates": [ 4176839.208160214591771, 7528545.30191398318857 ] } },
{ "type": "Feature", "properties": { "element": "node", "id": 8362009363, "amenity": "atm", "operator": "ПАО Сбербанк", "brand": "Сбербанк", "cash_in": "yes", "opening_hours": null }, "geometry": { "type": "Point", "coordinates": [ 4181208.375722410157323, 7503088.559423509053886 ] } },
{ "type": "Feature", "properties": { "element": "node", "id": 8370874232, "amenity": "atm", "operator": "Ак Барс Банк", "brand": "Ак Барс Банк", "cash_in": null, "opening_hours": "Mo-Fr 09:00-18:00" }, "geometry": { "type": "Point", "coordinates": [ 4188918.586293734610081, 7512734.251998711377382 ] } },
{ "type": "Feature", "properties": { "element": "node", "id": 8405792368, "amenity": "atm", "operator": "ПАО Сбербанк", "brand": "Сбербанк", "cash_in": null, "opening_hours": "Mo-Fr 09:00-20:00" }, "geometry": { "type": "Point", "coordinates": [ 4192900.707118391990662, 7513456.581970413215458 ] } },
{ "type": "Feature", "properties": { "element": "node", "id": 8412899969, "amenity": "atm", "operator": "Альфа-Банк", "brand": "Альфа-Банк", "cash_in": null, "opening_hours": null }, "geometry": { "type": "Point", "coordinates": [ 4189387.519648701418191, 7484889.525914872996509 ] } },
{ "type": "Feature", "properties": { "element": "node", "id": 8416199622, "amenity": "atm", "operator": "ПАО Сбербанк", "brand": "Сбербанк", "cash_in": null, "opening_hours": null }, "geometry": { "type": "Point", "coordinates": [ 4186469.524100435432047, 7479867.286560228094459 ] } },
{ "type": "Feature", "properties": { "element": "node", "id": 8477026987, "amenity": "atm", "operator": "ПАО Сбербанк", "brand": "Сбербанк", "cash_in": null, "opening_hours": null }, "geometry": { "type": "Point", "coordinates": [ 4192864.639603373594582, 7502128.822737309150398 ] } },
{ "type": "Feature", "properties": { "element": "node", "id": 8482803642, "amenity": "atm", "operator": "ПАО Банк \"ФК Открытие\"", "brand": null, "cash_in": "yes", "opening_hours": null }, "geometry": { "type": "Point", "coordinates": [ 4190416.044951936695725, 7503889.765419726260006 ] } },
{ "type": "Feature", "properties": { "element": "node", "id": 8484289148, "amenity": "atm", "operator": "ПАО \"Промсвязьбанк\"", "brand": "Промсвязьбанк", "cash_in": null, "opening_hours": "Mo-Su 09:00-22:00" }, "geometry": { "type": "Point", "coordinates": [ 4182880.906543783377856, 7519218.248216135427356 ] } },
{ "type": "Feature", "properties": { "element": "node", "id": 8486840003, "amenity": "atm", "operator": "АО АКБ \"НОВИКОМБАНК\"", "brand": null, "cash_in": null, "opening_hours": null }, "geometry": { "type": "Point", "coordinates": [ 4199390.978522060438991, 7513526.208187182433903 ] } },
{ "type": "Feature", "properties": { "element": "node", "id": 8486840004, "amenity": "atm", "operator": "Банк ВТБ (ПАО)", "brand": "ВТБ", "cash_in": null, "opening_hours": null }, "geometry": { "type": "Point", "coordinates": [ 4199409.490953379310668, 7513490.38563787098974 ] } },
{ "type": "Feature", "properties": { "element": "node", "id": 8490916057, "amenity": "atm", "operator": "АО «ТБанк»", "brand": "Т-Банк", "cash_in": "yes", "opening_hours": null }, "geometry": { "type": "Point", "coordinates": [ 4164100.59600221645087, 7520058.41023273486644 ] } },
{ "type": "Feature", "properties": { "element": "node", "id": 8507803830, "amenity": "atm", "operator": "ПАО Сбербанк", "brand": "Сбербанк", "cash_in": null, "opening_hours": null }, "geometry": { "type": "Point", "coordinates": [ 4180296.268342646770179, 7536927.719099838286638 ] } },
{ "type": "Feature", "properties": { "element": "node", "id": 8507803831, "amenity": "atm", "operator": "ПАО \"Промсвязьбанк\"", "brand": "Промсвязьбанк", "cash_in": null, "opening_hours": null }, "geometry": { "type": "Point", "coordinates": [ 4180308.747257564216852, 7536928.255095303989947 ] } },
{ "type": "Feature", "properties": { "element": "node", "id": 8529742062, "amenity": "atm", "operator": "ПАО Сбербанк", "brand": "Сбербанк", "cash_in": null, "opening_hours": null }, "geometry": { "type": "Point", "coordinates": [ 4192872.487627475522459, 7512152.997561655938625 ] } },
{ "type": "Feature", "properties": { "element": "node", "id": 8529742063, "amenity": "atm", "operator": "ПАО \"МОСКОВСКИЙ КРЕДИТНЫЙ БАНК\"", "brand": null, "cash_in": null, "opening_hours": null }, "geometry": { "type": "Point", "coordinates": [ 4192869.693508256226778, 7512151.88943446520716 ] } },
{ "type": "Feature", "properties": { "element": "node", "id": 8560855863, "amenity": "atm", "operator": "ПАО Сбербанк", "brand": "Сбербанк", "cash_in": null, "opening_hours": null }, "geometry": { "type": "Point", "coordinates": [ 4174711.825899460352957, 7527077.756569484248757 ] } },
{ "type": "Feature", "properties": { "element": "node", "id": 8629907689, "amenity": "atm", "operator": "Банк ВТБ (ПАО)", "brand": "ВТБ", "cash_in": null, "opening_hours": null }, "geometry": { "type": "Point", "coordinates": [ 4192308.598746862262487, 7515944.49616732634604 ] } },
{ "type": "Feature", "properties": { "element": "node", "id": 8642146688, "amenity": "atm", "operator": "АО «ТБанк»", "brand": "Т-Банк", "cash_in": "no", "opening_hours": null }, "geometry": { "type": "Point", "coordinates": [ 4224367.587956009432673, 7499314.018548613414168 ] } },
{ "type": "Feature", "properties": { "element": "node", "id": 8642182257, "amenity": "atm", "operator": "ПАО Сбербанк", "brand": "Сбербанк", "cash_in": "yes", "opening_hours": null }, "geometry": { "type": "Point", "coordinates": [ 4224036.757561320438981, 7499371.34804773889482 ] } },
{ "type": "Feature", "properties": { "element": "node", "id": 8646662342, "amenity": "atm", "operator": "ПАО Сбербанк", "brand": "Сбербанк", "cash_in": "yes", "opening_hours": null }, "geometry": { "type": "Point", "coordinates": [ 4180524.439902925863862, 7478897.071896797046065 ] } },
{ "type": "Feature", "properties": { "element": "node", "id": 8672487736, "amenity": "atm", "operator": "Райффайзен", "brand": "Райффайзен", "cash_in": "yes", "opening_hours": "24/7" }, "geometry": { "type": "Point", "coordinates": [ 4175578.537190878298134, 7517483.565745553001761 ] } },
{ "type": "Feature", "properties": { "element": "node", "id": 8676050665, "amenity": "atm", "operator": "Банк ГПБ (АО)", "brand": "Газпромбанк", "cash_in": "yes", "opening_hours": null }, "geometry": { "type": "Point", "coordinates": [ 4185471.878823946230114, 7515170.721470432356 ] } },
{ "type": "Feature", "properties": { "element": "node", "id": 8676050666, "amenity": "atm", "operator": "Банк ГПБ (АО)", "brand": "Газпромбанк", "cash_in": "yes", "opening_hours": null }, "geometry": { "type": "Point", "coordinates": [ 4185472.134858774486929, 7515171.651869778521359 ] } },
{ "type": "Feature", "properties": { "element": "node", "id": 8676050667, "amenity": "atm", "operator": "Банк ГПБ (АО)", "brand": "Газпромбанк", "cash_in": "yes", "opening_hours": null }, "geometry": { "type": "Point", "coordinates": [ 4185472.357497756369412, 7515172.463494831696153 ] } },
{ "type": "Feature", "properties": { "element": "node", "id": 8677647446, "amenity": "atm", "operator": "ПАО \"Промсвязьбанк\"", "brand": "Промсвязьбанк", "cash_in": null, "opening_hours": null }, "geometry": { "type": "Point", "coordinates": [ 4171261.834504693746567, 7531124.558447764255106 ] } },
{ "type": "Feature", "properties": { "element": "node", "id": 8677647447, "amenity": "atm", "operator": "АО «ТБанк»", "brand": "Т-Банк", "cash_in": null, "opening_hours": null }, "geometry": { "type": "Point", "coordinates": [ 4171258.172093446366489, 7531123.18971308041364 ] } },
{ "type": "Feature", "properties": { "element": "node", "id": 8757802471, "amenity": "atm", "operator": "Банк ГПБ (АО)", "brand": "Газпромбанк", "cash_in": null, "opening_hours": "24/7" }, "geometry": { "type": "Point", "coordinates": [ 4191984.13582704635337, 7510577.302567323669791 ] } },
{ "type": "Feature", "properties": { "element": "node", "id": 8758277937, "amenity": "atm", "operator": "Уралсиб", "brand": "Уралсиб", "cash_in": null, "opening_hours": null }, "geometry": { "type": "Point", "coordinates": [ 4192127.359483901411295, 7507053.16228036954999 ] } },
{ "type": "Feature", "properties": { "element": "node", "id": 8758277940, "amenity": "atm", "operator": "АО КБ \"Модульбанк\"", "brand": "МодульБанк", "cash_in": null, "opening_hours": null }, "geometry": { "type": "Point", "coordinates": [ 4192159.731191823724657, 7507105.763726237230003 ] } },
{ "type": "Feature", "properties": { "element": "node", "id": 8758277941, "amenity": "atm", "operator": "ПАО Сбербанк", "brand": "Сбербанк", "cash_in": null, "opening_hours": null }, "geometry": { "type": "Point", "coordinates": [ 4192064.185672876425087, 7506986.916608657687902 ] } },
{ "type": "Feature", "properties": { "element": "node", "id": 8758277942, "amenity": "atm", "operator": "АО \"Райффайзенбанк\"", "brand": "Райффайзен", "cash_in": null, "opening_hours": null }, "geometry": { "type": "Point", "coordinates": [ 4192141.363475842867047, 7506915.193950908258557 ] } },
{ "type": "Feature", "properties": { "element": "node", "id": 8758277943, "amenity": "atm", "operator": "АО «ТБанк»", "brand": "Т-Банк", "cash_in": null, "opening_hours": null }, "geometry": { "type": "Point", "coordinates": [ 4192156.536322437692434, 7507096.884735222905874 ] } },
{ "type": "Feature", "properties": { "element": "node", "id": 8758277952, "amenity": "atm", "operator": "ПАО \"Промсвязьбанк\"", "brand": "Промсвязьбанк", "cash_in": null, "opening_hours": null }, "geometry": { "type": "Point", "coordinates": [ 4192151.181854931171983, 7507089.943704816512764 ] } },
{ "type": "Feature", "properties": { "element": "node", "id": 8758277953, "amenity": "atm", "operator": "ПАО Сбербанк", "brand": "Сбербанк", "cash_in": null, "opening_hours": null }, "geometry": { "type": "Point", "coordinates": [ 4192053.79956438485533, 7506965.836761943995953 ] } },
{ "type": "Feature", "properties": { "element": "node", "id": 8758277968, "amenity": "atm", "operator": "АО «ТБанк»", "brand": "Т-Банк", "cash_in": null, "opening_hours": null }, "geometry": { "type": "Point", "coordinates": [ 4192049.090749924536794, 7506967.102342111058533 ] } },
{ "type": "Feature", "properties": { "element": "node", "id": 8772465452, "amenity": "atm", "operator": null, "brand": null, "cash_in": null, "opening_hours": null }, "geometry": { "type": "Point", "coordinates": [ 4191015.355694519821554, 7503968.3191162860021 ] } },
{ "type": "Feature", "properties": { "element": "node", "id": 8779964004, "amenity": "atm", "operator": "ПАО Сбербанк", "brand": "Сбербанк", "cash_in": null, "opening_hours": null }, "geometry": { "type": "Point", "coordinates": [ 4201982.841358149424195, 7519264.040104660205543 ] } },
{ "type": "Feature", "properties": { "element": "node", "id": 8792121114, "amenity": "atm", "operator": "ПАО \"МОСКОВСКИЙ КРЕДИТНЫЙ БАНК\"", "brand": "Московский кредитный банк", "cash_in": null, "opening_hours": null }, "geometry": { "type": "Point", "coordinates": [ 4183053.585337901487947, 7471121.114385209046304 ] } },
{ "type": "Feature", "properties": { "element": "node", "id": 8807660408, "amenity": "atm", "operator": "АО \"Райффайзенбанк\"", "brand": "Райффайзен", "cash_in": "yes", "opening_hours": "Mo-Su 10:00-22:00" }, "geometry": { "type": "Point", "coordinates": [ 4138342.568270695861429, 7554937.584472729824483 ] } },
{ "type": "Feature", "properties": { "element": "node", "id": 8810943067, "amenity": "atm", "operator": "Газпромбанк", "brand": "Газпромбанк", "cash_in": null, "opening_hours": null }, "geometry": { "type": "Point", "coordinates": [ 4187734.269363133702427, 7511290.012568443082273 ] } },
{ "type": "Feature", "properties": { "element": "node", "id": 8818694934, "amenity": "atm", "operator": "Банк ГПБ (АО)", "brand": "Газпромбанк", "cash_in": null, "opening_hours": null }, "geometry": { "type": "Point", "coordinates": [ 4189588.195294754114002, 7507514.010595951229334 ] } },
{ "type": "Feature", "properties": { "element": "node", "id": 8818694936, "amenity": "atm", "operator": "ПАО Сбербанк", "brand": "Сбербанк", "cash_in": "yes", "opening_hours": null }, "geometry": { "type": "Point", "coordinates": [ 4189588.818683902733028, 7507512.922910899855196 ] } },
{ "type": "Feature", "properties": { "element": "node", "id": 8867964994, "amenity": "atm", "operator": "ПАО \"Совкомбанк\"", "brand": "Совкомбанк", "cash_in": null, "opening_hours": null }, "geometry": { "type": "Point", "coordinates": [ 4211852.126849256455898, 7520630.355895379558206 ] } },
{ "type": "Feature", "properties": { "element": "node", "id": 8909993993, "amenity": "atm", "operator": "ПАО Сбербанк", "brand": "Сбербанк", "cash_in": "no", "opening_hours": null }, "geometry": { "type": "Point", "coordinates": [ 4186538.45312913460657, 7479121.590324314311147 ] } },
{ "type": "Feature", "properties": { "element": "node", "id": 8916027506, "amenity": "atm", "operator": "ПАО Сбербанк", "brand": "Сбербанк", "cash_in": null, "opening_hours": null }, "geometry": { "type": "Point", "coordinates": [ 4192694.565685340203345, 7488556.193504935130477 ] } },
{ "type": "Feature", "properties": { "element": "node", "id": 8938817991, "amenity": "atm", "operator": "ПАО \"АК БАРС\" БАНК", "brand": null, "cash_in": null, "opening_hours": "Mo-Fr 09:00-19:30;Sa 10:00-16:00" }, "geometry": { "type": "Point", "coordinates": [ 4171302.121028411202133, 7529568.087271069176495 ] } },
{ "type": "Feature", "properties": { "element": "node", "id": 8951075223, "amenity": "atm", "operator": "Банк ГПБ (АО)", "brand": "Газпромбанк", "cash_in": "yes", "opening_hours": "24/7" }, "geometry": { "type": "Point", "coordinates": [ 4175512.079454875551164, 7494482.406992919743061 ] } },
{ "type": "Feature", "properties": { "element": "node", "id": 8951075224, "amenity": "atm", "operator": "Банк ГПБ (АО)", "brand": "Газпромбанк", "cash_in": "yes", "opening_hours": "24/7" }, "geometry": { "type": "Point", "coordinates": [ 4175513.62679579667747, 7494484.124611316248775 ] } },
{ "type": "Feature", "properties": { "element": "node", "id": 8951075225, "amenity": "atm", "operator": "Банк ГПБ (АО)", "brand": "Газпромбанк", "cash_in": "yes", "opening_hours": "24/7" }, "geometry": { "type": "Point", "coordinates": [ 4175515.174136718735099, 7494485.842230097390711 ] } },
{ "type": "Feature", "properties": { "element": "node", "id": 8956969827, "amenity": "atm", "operator": "АО «ТБанк»", "brand": "Тинькофф Банк", "cash_in": "yes", "opening_hours": null }, "geometry": { "type": "Point", "coordinates": [ 4199175.34153644554317, 7488537.748223998583853 ] } },
{ "type": "Feature", "properties": { "element": "node", "id": 8959844958, "amenity": "atm", "operator": "АО \"Райффайзенбанк\"", "brand": "Райффайзен", "cash_in": null, "opening_hours": null }, "geometry": { "type": "Point", "coordinates": [ 4187085.031828928738832, 7495463.742646981962025 ] } },
{ "type": "Feature", "properties": { "element": "node", "id": 8963762293, "amenity": "atm", "operator": "ВТБ", "brand": "ВТБ", "cash_in": null, "opening_hours": "Mo-Su 05:30-01:00" }, "geometry": { "type": "Point", "coordinates": [ 4191865.691888842266053, 7507018.121215412393212 ] } },
{ "type": "Feature", "properties": { "element": "node", "id": 8976522305, "amenity": "atm", "operator": "АО «ТБанк»", "brand": "Т-Банк", "cash_in": null, "opening_hours": null }, "geometry": { "type": "Point", "coordinates": [ 4172998.496484712231904, 7525336.052280310541391 ] } },
{ "type": "Feature", "properties": { "element": "node", "id": 9033006900, "amenity": "atm", "operator": "ПАО Сбербанк", "brand": "Сбербанк", "cash_in": null, "opening_hours": "Mo-Su 08:00-23:00" }, "geometry": { "type": "Point", "coordinates": [ 4182740.733040975872427, 7520310.910504534840584 ] } },
{ "type": "Feature", "properties": { "element": "node", "id": 9046328283, "amenity": "atm", "operator": "Газпромбанк", "brand": "Газпромбанк", "cash_in": "yes", "opening_hours": "24/7" }, "geometry": { "type": "Point", "coordinates": [ 4192156.224627864081413, 7506829.273971603251994 ] } },
{ "type": "Feature", "properties": { "element": "node", "id": 9046328284, "amenity": "atm", "operator": "Газпромбанк", "brand": "Газпромбанк", "cash_in": "yes", "opening_hours": null }, "geometry": { "type": "Point", "coordinates": [ 4192157.816496582236141, 7506832.240122957155108 ] } },
{ "type": "Feature", "properties": { "element": "node", "id": 9046328285, "amenity": "atm", "operator": "ЮниКредит Банк", "brand": "ЮниКредит Банк", "cash_in": "yes", "opening_hours": null }, "geometry": { "type": "Point", "coordinates": [ 4192146.08342225337401, 7506840.466255340725183 ] } },
{ "type": "Feature", "properties": { "element": "node", "id": 9062105931, "amenity": "atm", "operator": "АО «ТБанк»", "brand": "Т-Банк", "cash_in": null, "opening_hours": null }, "geometry": { "type": "Point", "coordinates": [ 4202402.51583844050765, 7483575.022857883945107 ] } },
{ "type": "Feature", "properties": { "element": "node", "id": 9097160500, "amenity": "atm", "operator": "АО \"Райффайзенбанк\"", "brand": "Райффайзен", "cash_in": "yes", "opening_hours": null }, "geometry": { "type": "Point", "coordinates": [ 4191011.136685818899423, 7502951.571110034361482 ] } },
{ "type": "Feature", "properties": { "element": "node", "id": 9097160501, "amenity": "atm", "operator": "Сбербанк", "brand": "Сбербанк", "cash_in": null, "opening_hours": "Mo-Su 08:00-23:00" }, "geometry": { "type": "Point", "coordinates": [ 4190799.440410177223384, 7502380.75664241425693 ] } },
{ "type": "Feature", "properties": { "element": "node", "id": 9109966533, "amenity": "atm", "operator": "АО «ТБанк»", "brand": "Т-Банк", "cash_in": null, "opening_hours": null }, "geometry": { "type": "Point", "coordinates": [ 4203959.252125489525497, 7494370.960041036829352 ] } },
{ "type": "Feature", "properties": { "element": "node", "id": 9113816156, "amenity": "atm", "operator": "АО \"Россельхозбанк\"", "brand": "Россельхозбанк", "cash_in": "yes", "opening_hours": "24/7" }, "geometry": { "type": "Point", "coordinates": [ 4187717.159557398874313, 7490107.628846475854516 ] } },
{ "type": "Feature", "properties": { "element": "node", "id": 9118543561, "amenity": "atm", "operator": "АО \"Альфа-Банк\"", "brand": "Альфа-Банк", "cash_in": null, "opening_hours": null }, "geometry": { "type": "Point", "coordinates": [ 4187732.566174924373627, 7505881.983102423138916 ] } },
{ "type": "Feature", "properties": { "element": "node", "id": 9127352186, "amenity": "atm", "operator": "ЮниКредит Банк", "brand": "ЮниКредит Банк", "cash_in": "yes", "opening_hours": null }, "geometry": { "type": "Point", "coordinates": [ 4192143.411754473578185, 7506843.135795377194881 ] } },
{ "type": "Feature", "properties": { "element": "node", "id": 9132598562, "amenity": "atm", "operator": "АО \"Райффайзенбанк\"", "brand": "Райффайзен", "cash_in": null, "opening_hours": null }, "geometry": { "type": "Point", "coordinates": [ 4158263.591898318380117, 7528282.755883490666747 ] } },
{ "type": "Feature", "properties": { "element": "node", "id": 9169368276, "amenity": "atm", "operator": "ПАО Сбербанк", "brand": "Сбербанк", "cash_in": null, "opening_hours": "Mo-Su 09:00-21:00" }, "geometry": { "type": "Point", "coordinates": [ 4131548.11635843385011, 7478543.471059068106115 ] } },
{ "type": "Feature", "properties": { "element": "node", "id": 9221089931, "amenity": "atm", "operator": "Банк \"ВБРР\" (АО)", "brand": "ВБРР", "cash_in": null, "opening_hours": "9:00-20:00" }, "geometry": { "type": "Point", "coordinates": [ 4190682.432493404485285, 7499339.858256376348436 ] } },
{ "type": "Feature", "properties": { "element": "node", "id": 9221089949, "amenity": "atm", "operator": "Банк \"ВБРР\" (АО)", "brand": "ВБРР", "cash_in": null, "opening_hours": "Mo-Fr 08:00-19:00" }, "geometry": { "type": "Point", "coordinates": [ 4195302.770222677849233, 7513723.650814352557063 ] } },
{ "type": "Feature", "properties": { "element": "node", "id": 9221090007, "amenity": "atm", "operator": "Банк \"ВБРР\" (АО)", "brand": "ВБРР", "cash_in": null, "opening_hours": "09:00-19:00" }, "geometry": { "type": "Point", "coordinates": [ 4187486.004634765908122, 7499035.575502784922719 ] } },
{ "type": "Feature", "properties": { "element": "node", "id": 9221096729, "amenity": "atm", "operator": "Банк \"ВБРР\" (АО)", "brand": "ВБРР", "cash_in": null, "opening_hours": "00:00-24:00" }, "geometry": { "type": "Point", "coordinates": [ 4185541.976707298308611, 7502657.047550955787301 ] } },
{ "type": "Feature", "properties": { "element": "node", "id": 9221096730, "amenity": "atm", "operator": "Банк \"ВБРР\" (АО)", "brand": "ВБРР", "cash_in": null, "opening_hours": "07:00-22:00" }, "geometry": { "type": "Point", "coordinates": [ 4185831.296063869725913, 7502223.010431321337819 ] } },
{ "type": "Feature", "properties": { "element": "node", "id": 9221096763, "amenity": "atm", "operator": "Банк \"ВБРР\" (АО)", "brand": "ВБРР", "cash_in": null, "opening_hours": "Mo-Fr 08:00-22:00" }, "geometry": { "type": "Point", "coordinates": [ 4187157.200254810508341, 7505818.871419183909893 ] } },
{ "type": "Feature", "properties": { "element": "node", "id": 9221096765, "amenity": "atm", "operator": "Банк \"ВБРР\" (АО)", "brand": "ВБРР", "cash_in": null, "opening_hours": "24/7" }, "geometry": { "type": "Point", "coordinates": [ 4148604.689112862106413, 7444520.019898302853107 ] } },
{ "type": "Feature", "properties": { "element": "node", "id": 9221096768, "amenity": "atm", "operator": "Банк \"ВБРР\" (АО)", "brand": "ВБРР", "cash_in": null, "opening_hours": "09:00-18:00" }, "geometry": { "type": "Point", "coordinates": [ 4187824.093060254584998, 7508321.589843591675162 ] } },
{ "type": "Feature", "properties": { "element": "node", "id": 9221096785, "amenity": "atm", "operator": "Банк \"ВБРР\" (АО)", "brand": "ВБРР", "cash_in": null, "opening_hours": "09:00-18:00" }, "geometry": { "type": "Point", "coordinates": [ 4191493.005365615710616, 7506595.703019361011684 ] } },
{ "type": "Feature", "properties": { "element": "node", "id": 9221096812, "amenity": "atm", "operator": "Банк \"ВБРР\" (АО)", "brand": "ВБРР", "cash_in": null, "opening_hours": "09:00-18:00" }, "geometry": { "type": "Point", "coordinates": [ 4181584.847108324524015, 7498342.445079693570733 ] } },
{ "type": "Feature", "properties": { "element": "node", "id": 9221096825, "amenity": "atm", "operator": "Банк \"ВБРР\" (АО)", "brand": "ВБРР", "cash_in": null, "opening_hours": "24/7" }, "geometry": { "type": "Point", "coordinates": [ 4185238.041101584676653, 7501898.634904879145324 ] } },
{ "type": "Feature", "properties": { "element": "node", "id": 9221096837, "amenity": "atm", "operator": "Банк \"ВБРР\" (АО)", "brand": "ВБРР", "cash_in": null, "opening_hours": "09:00-18:00" }, "geometry": { "type": "Point", "coordinates": [ 4183501.123086737468839, 7536386.283468842506409 ] } },
{ "type": "Feature", "properties": { "element": "node", "id": 9221096840, "amenity": "atm", "operator": "Банк \"ВБРР\" (АО)", "brand": "ВБРР", "cash_in": null, "opening_hours": "24/7" }, "geometry": { "type": "Point", "coordinates": [ 4201452.760206890292466, 7510012.986148200929165 ] } },
{ "type": "Feature", "properties": { "element": "node", "id": 9221096842, "amenity": "atm", "operator": "Банк \"ВБРР\" (АО)", "brand": "ВБРР", "cash_in": null, "opening_hours": "09:00-18:00" }, "geometry": { "type": "Point", "coordinates": [ 4182146.999404881615192, 7504666.580781819298863 ] } },
{ "type": "Feature", "properties": { "element": "node", "id": 9221096910, "amenity": "atm", "operator": "Банк \"ВБРР\" (АО)", "brand": "ВБРР", "cash_in": null, "opening_hours": "24/7" }, "geometry": { "type": "Point", "coordinates": [ 4172267.53931231610477, 7491176.857364485040307 ] } },
{ "type": "Feature", "properties": { "element": "node", "id": 9221096911, "amenity": "atm", "operator": "Банк \"ВБРР\" (АО)", "brand": "ВБРР", "cash_in": null, "opening_hours": "24/7" }, "geometry": { "type": "Point", "coordinates": [ 4183134.403288217727095, 7464506.134352008812129 ] } },
{ "type": "Feature", "properties": { "element": "node", "id": 9221096914, "amenity": "atm", "operator": "Банк \"ВБРР\" (АО)", "brand": "ВБРР", "cash_in": null, "opening_hours": "24/7" }, "geometry": { "type": "Point", "coordinates": [ 4166534.09573070332408, 7534013.467598419636488 ] } },
{ "type": "Feature", "properties": { "element": "node", "id": 9221096917, "amenity": "atm", "operator": "Банк \"ВБРР\" (АО)", "brand": "ВБРР", "cash_in": null, "opening_hours": "24/7" }, "geometry": { "type": "Point", "coordinates": [ 4172716.301575550809503, 7482962.229724322445691 ] } },
{ "type": "Feature", "properties": { "element": "node", "id": 9221096919, "amenity": "atm", "operator": "Банк \"ВБРР\" (АО)", "brand": "ВБРР", "cash_in": null, "opening_hours": "24/7" }, "geometry": { "type": "Point", "coordinates": [ 4171296.365810737013817, 7487712.667791723273695 ] } },
{ "type": "Feature", "properties": { "element": "node", "id": 9221096922, "amenity": "atm", "operator": "Банк \"ВБРР\" (АО)", "brand": "ВБРР", "cash_in": null, "opening_hours": "24/7" }, "geometry": { "type": "Point", "coordinates": [ 4166113.018624828662723, 7519609.429034570232034 ] } },
{ "type": "Feature", "properties": { "element": "node", "id": 9221096923, "amenity": "atm", "operator": "Банк \"ВБРР\" (АО)", "brand": "ВБРР", "cash_in": null, "opening_hours": "24/7" }, "geometry": { "type": "Point", "coordinates": [ 4162337.32866389863193, 7521435.624609892256558 ] } },
{ "type": "Feature", "properties": { "element": "node", "id": 9221096926, "amenity": "atm", "operator": "Банк \"ВБРР\" (АО)", "brand": "ВБРР", "cash_in": null, "opening_hours": "24/7" }, "geometry": { "type": "Point", "coordinates": [ 4194131.422012754715979, 7528987.763769467361271 ] } },
{ "type": "Feature", "properties": { "element": "node", "id": 9221096927, "amenity": "atm", "operator": "Банк \"ВБРР\" (АО)", "brand": "ВБРР", "cash_in": null, "opening_hours": "24/7" }, "geometry": { "type": "Point", "coordinates": [ 4197724.069334973581135, 7532163.240289296023548 ] } },
{ "type": "Feature", "properties": { "element": "node", "id": 9221096928, "amenity": "atm", "operator": "Банк \"ВБРР\" (АО)", "brand": "ВБРР", "cash_in": null, "opening_hours": "24/7" }, "geometry": { "type": "Point", "coordinates": [ 4160162.925050233956426, 7512276.574529827572405 ] } },
{ "type": "Feature", "properties": { "element": "node", "id": 9221096929, "amenity": "atm", "operator": "Банк \"ВБРР\" (АО)", "brand": "ВБРР", "cash_in": null, "opening_hours": "24/7" }, "geometry": { "type": "Point", "coordinates": [ 4178539.613382081035525, 7490004.926764803938568 ] } },
{ "type": "Feature", "properties": { "element": "node", "id": 9221096930, "amenity": "atm", "operator": "Банк \"ВБРР\" (АО)", "brand": "ВБРР", "cash_in": null, "opening_hours": "24/7" }, "geometry": { "type": "Point", "coordinates": [ 4175416.099789913278073, 7494229.763307198882103 ] } },
{ "type": "Feature", "properties": { "element": "node", "id": 9221096932, "amenity": "atm", "operator": "Банк \"ВБРР\" (АО)", "brand": "ВБРР", "cash_in": null, "opening_hours": "24/7" }, "geometry": { "type": "Point", "coordinates": [ 4171603.963827697560191, 7496530.059597951360047 ] } },
{ "type": "Feature", "properties": { "element": "node", "id": 9221096934, "amenity": "atm", "operator": "Банк \"ВБРР\" (АО)", "brand": "ВБРР", "cash_in": null, "opening_hours": "24/7" }, "geometry": { "type": "Point", "coordinates": [ 4186124.255567790474743, 7520768.90652275364846 ] } },
{ "type": "Feature", "properties": { "element": "node", "id": 9221096935, "amenity": "atm", "operator": "Банк \"ВБРР\" (АО)", "brand": "ВБРР", "cash_in": null, "opening_hours": "24/7" }, "geometry": { "type": "Point", "coordinates": [ 4215021.793502307496965, 7507788.092339374125004 ] } },
{ "type": "Feature", "properties": { "element": "node", "id": 9221096938, "amenity": "atm", "operator": "Банк \"ВБРР\" (АО)", "brand": "ВБРР", "cash_in": null, "opening_hours": "24/7" }, "geometry": { "type": "Point", "coordinates": [ 4183756.089248450472951, 7493193.787538372911513 ] } },
{ "type": "Feature", "properties": { "element": "node", "id": 9221096940, "amenity": "atm", "operator": "Банк \"ВБРР\" (АО)", "brand": "ВБРР", "cash_in": null, "opening_hours": "24/7" }, "geometry": { "type": "Point", "coordinates": [ 4192095.989651395939291, 7489029.078471381217241 ] } },
{ "type": "Feature", "properties": { "element": "node", "id": 9221096941, "amenity": "atm", "operator": "Банк \"ВБРР\" (АО)", "brand": "ВБРР", "cash_in": null, "opening_hours": "24/7" }, "geometry": { "type": "Point", "coordinates": [ 4166548.166514339391142, 7507065.086561671458185 ] } },
{ "type": "Feature", "properties": { "element": "node", "id": 9221096942, "amenity": "atm", "operator": "Банк \"ВБРР\" (АО)", "brand": "ВБРР", "cash_in": null, "opening_hours": "24/7" }, "geometry": { "type": "Point", "coordinates": [ 4164452.020502701867372, 7502204.749865376390517 ] } },
{ "type": "Feature", "properties": { "element": "node", "id": 9221096943, "amenity": "atm", "operator": "Банк \"ВБРР\" (АО)", "brand": "ВБРР", "cash_in": null, "opening_hours": "24/7" }, "geometry": { "type": "Point", "coordinates": [ 4159473.556839598808438, 7528665.711211868561804 ] } },
{ "type": "Feature", "properties": { "element": "node", "id": 9221096944, "amenity": "atm", "operator": "Банк \"ВБРР\" (АО)", "brand": "ВБРР", "cash_in": null, "opening_hours": "24/7" }, "geometry": { "type": "Point", "coordinates": [ 4189166.951209642924368, 7538218.682970717549324 ] } },
{ "type": "Feature", "properties": { "element": "node", "id": 9221096945, "amenity": "atm", "operator": "Банк \"ВБРР\" (АО)", "brand": "ВБРР", "cash_in": null, "opening_hours": "24/7" }, "geometry": { "type": "Point", "coordinates": [ 4187459.399276467040181, 7519566.17039248906076 ] } },
{ "type": "Feature", "properties": { "element": "node", "id": 9221096946, "amenity": "atm", "operator": "Банк \"ВБРР\" (АО)", "brand": "ВБРР", "cash_in": null, "opening_hours": "24/7" }, "geometry": { "type": "Point", "coordinates": [ 4172794.993323592469096, 7479309.091359529644251 ] } },
{ "type": "Feature", "properties": { "element": "node", "id": 9221096948, "amenity": "atm", "operator": "Банк \"ВБРР\" (АО)", "brand": "ВБРР", "cash_in": null, "opening_hours": "24/7" }, "geometry": { "type": "Point", "coordinates": [ 4201358.995799794793129, 7492809.272737482562661 ] } },
{ "type": "Feature", "properties": { "element": "node", "id": 9221096950, "amenity": "atm", "operator": "Банк \"ВБРР\" (АО)", "brand": "ВБРР", "cash_in": null, "opening_hours": "24/7" }, "geometry": { "type": "Point", "coordinates": [ 4147157.068190688733011, 7557463.256409238092601 ] } },
{ "type": "Feature", "properties": { "element": "node", "id": 9221096952, "amenity": "atm", "operator": "Банк \"ВБРР\" (АО)", "brand": "ВБРР", "cash_in": null, "opening_hours": "24/7" }, "geometry": { "type": "Point", "coordinates": [ 4200831.987066481262445, 7495643.821398528292775 ] } },
{ "type": "Feature", "properties": { "element": "node", "id": 9221096954, "amenity": "atm", "operator": "Банк \"ВБРР\" (АО)", "brand": "ВБРР", "cash_in": null, "opening_hours": "24/7" }, "geometry": { "type": "Point", "coordinates": [ 4186066.658863253891468, 7496799.604394553229213 ] } },
{ "type": "Feature", "properties": { "element": "node", "id": 9221096958, "amenity": "atm", "operator": "Банк \"ВБРР\" (АО)", "brand": "ВБРР", "cash_in": null, "opening_hours": "24/7" }, "geometry": { "type": "Point", "coordinates": [ 4199322.928917338140309, 7479671.791484226472676 ] } },
{ "type": "Feature", "properties": { "element": "node", "id": 9221096960, "amenity": "atm", "operator": "Банк \"ВБРР\" (АО)", "brand": "ВБРР", "cash_in": null, "opening_hours": "24/7" }, "geometry": { "type": "Point", "coordinates": [ 4211752.896655162796378, 7513891.746239770203829 ] } },
{ "type": "Feature", "properties": { "element": "node", "id": 9221096961, "amenity": "atm", "operator": "Банк ВБРР", "brand": "ВБРР", "cash_in": null, "opening_hours": "24/7" }, "geometry": { "type": "Point", "coordinates": [ 4141572.859518432989717, 7561286.805938114412129 ] } },
{ "type": "Feature", "properties": { "element": "node", "id": 9221096962, "amenity": "atm", "operator": "Банк \"ВБРР\" (АО)", "brand": "ВБРР", "cash_in": null, "opening_hours": "24/7" }, "geometry": { "type": "Point", "coordinates": [ 4213336.171508817002177, 7495080.181005856022239 ] } },
{ "type": "Feature", "properties": { "element": "node", "id": 9221096966, "amenity": "atm", "operator": "Банк \"ВБРР\" (АО)", "brand": "ВБРР", "cash_in": null, "opening_hours": "24/7" }, "geometry": { "type": "Point", "coordinates": [ 4186185.00261391652748, 7499158.843835217878222 ] } },
{ "type": "Feature", "properties": { "element": "node", "id": 9221096971, "amenity": "atm", "operator": "Банк \"ВБРР\" (АО)", "brand": "ВБРР", "cash_in": null, "opening_hours": "24/7" }, "geometry": { "type": "Point", "coordinates": [ 4179330.282329339534044, 7534266.663588573224843 ] } },
{ "type": "Feature", "properties": { "element": "node", "id": 9221096975, "amenity": "atm", "operator": "Банк \"ВБРР\" (АО)", "brand": "ВБРР", "cash_in": null, "opening_hours": "24/7" }, "geometry": { "type": "Point", "coordinates": [ 4162015.2368492372334, 7524973.677853508852422 ] } },
{ "type": "Feature", "properties": { "element": "node", "id": 9221096977, "amenity": "atm", "operator": "Банк \"ВБРР\" (АО)", "brand": "ВБРР", "cash_in": null, "opening_hours": "24/7" }, "geometry": { "type": "Point", "coordinates": [ 4194433.810277544893324, 7504284.044251557439566 ] } },
{ "type": "Feature", "properties": { "element": "node", "id": 9221096978, "amenity": "atm", "operator": "Банк \"ВБРР\" (АО)", "brand": "ВБРР", "cash_in": null, "opening_hours": "24/7" }, "geometry": { "type": "Point", "coordinates": [ 4156127.036911522969604, 7480156.193234782665968 ] } },
{ "type": "Feature", "properties": { "element": "node", "id": 9221096979, "amenity": "atm", "operator": "Банк \"ВБРР\" (АО)", "brand": "ВБРР", "cash_in": null, "opening_hours": "24/7" }, "geometry": { "type": "Point", "coordinates": [ 4204745.59074455499649, 7511152.285027946345508 ] } },
{ "type": "Feature", "properties": { "element": "node", "id": 9221096982, "amenity": "atm", "operator": "Банк \"ВБРР\" (АО)", "brand": "ВБРР", "cash_in": null, "opening_hours": "24/7" }, "geometry": { "type": "Point", "coordinates": [ 4186889.977817161008716, 7481529.283064069226384 ] } },
{ "type": "Feature", "properties": { "element": "node", "id": 9221096983, "amenity": "atm", "operator": "Банк \"ВБРР\" (АО)", "brand": "ВБРР", "cash_in": null, "opening_hours": "24/7" }, "geometry": { "type": "Point", "coordinates": [ 4183924.649221410043538, 7518124.235678313300014 ] } },
{ "type": "Feature", "properties": { "element": "node", "id": 9221096984, "amenity": "atm", "operator": "Банк \"ВБРР\" (АО)", "brand": "ВБРР", "cash_in": null, "opening_hours": "24/7" }, "geometry": { "type": "Point", "coordinates": [ 4184754.469233579467982, 7472946.134814742952585 ] } },
{ "type": "Feature", "properties": { "element": "node", "id": 9221096985, "amenity": "atm", "operator": "Банк \"ВБРР\" (АО)", "brand": "ВБРР", "cash_in": null, "opening_hours": "24/7" }, "geometry": { "type": "Point", "coordinates": [ 4186118.244315288029611, 7535104.061581095680594 ] } },
{ "type": "Feature", "properties": { "element": "node", "id": 9221096986, "amenity": "atm", "operator": "Банк \"ВБРР\" (АО)", "brand": "ВБРР", "cash_in": null, "opening_hours": "24/7" }, "geometry": { "type": "Point", "coordinates": [ 4178352.997387715615332, 7489157.454867753200233 ] } },
{ "type": "Feature", "properties": { "element": "node", "id": 9221096990, "amenity": "atm", "operator": "Банк \"ВБРР\" (АО)", "brand": "ВБРР", "cash_in": null, "opening_hours": "24/7" }, "geometry": { "type": "Point", "coordinates": [ 4170255.239141144324094, 7498674.177528628148139 ] } },
{ "type": "Feature", "properties": { "element": "node", "id": 9221097009, "amenity": "atm", "operator": "Банк \"ВБРР\" (АО)", "brand": "ВБРР", "cash_in": null, "opening_hours": "24/7" }, "geometry": { "type": "Point", "coordinates": [ 4181998.120717894285917, 7504645.309584475122392 ] } },
{ "type": "Feature", "properties": { "element": "node", "id": 9221097017, "amenity": "atm", "operator": "Банк \"ВБРР\" (АО)", "brand": "ВБРР", "cash_in": null, "opening_hours": "09:00-19:00" }, "geometry": { "type": "Point", "coordinates": [ 4187371.000468827784061, 7498918.314377220347524 ] } },
{ "type": "Feature", "properties": { "element": "node", "id": 9221097021, "amenity": "atm", "operator": "Банк \"ВБРР\" (АО)", "brand": "ВБРР", "cash_in": null, "opening_hours": "24/7" }, "geometry": { "type": "Point", "coordinates": [ 4186780.673209151718765, 7503550.89069455396384 ] } },
{ "type": "Feature", "properties": { "element": "node", "id": 9221097023, "amenity": "atm", "operator": "Банк \"ВБРР\" (АО)", "brand": "ВБРР", "cash_in": null, "opening_hours": "Mo-Fr 09:00-18:00" }, "geometry": { "type": "Point", "coordinates": [ 4186101.568655566312373, 7503600.542897145263851 ] } },
{ "type": "Feature", "properties": { "element": "node", "id": 9221097046, "amenity": "atm", "operator": "Банк \"ВБРР\" (АО)", "brand": "ВБРР", "cash_in": null, "opening_hours": "24/7" }, "geometry": { "type": "Point", "coordinates": [ 4180454.698241943493485, 7513911.222032732330263 ] } },
{ "type": "Feature", "properties": { "element": "node", "id": 9221097054, "amenity": "atm", "operator": "Банк \"ВБРР\" (АО)", "brand": "ВБРР", "cash_in": null, "opening_hours": "08:00-23:00" }, "geometry": { "type": "Point", "coordinates": [ 4186706.645747773814946, 7503532.785114161670208 ] } },
{ "type": "Feature", "properties": { "element": "node", "id": 9221097060, "amenity": "atm", "operator": "Банк \"ВБРР\" (АО)", "brand": "ВБРР", "cash_in": null, "opening_hours": "24/7" }, "geometry": { "type": "Point", "coordinates": [ 4172823.825071707833558, 7515835.708487451076508 ] } },
{ "type": "Feature", "properties": { "element": "node", "id": 9221097071, "amenity": "atm", "operator": "Банк \"ВБРР\" (АО)", "brand": "ВБРР", "cash_in": null, "opening_hours": "24/7" }, "geometry": { "type": "Point", "coordinates": [ 4150750.817575865425169, 7480282.983735339716077 ] } },
{ "type": "Feature", "properties": { "element": "node", "id": 9221097082, "amenity": "atm", "operator": "Банк \"ВБРР\" (АО)", "brand": "ВБРР", "cash_in": null, "opening_hours": "09:00-18:00" }, "geometry": { "type": "Point", "coordinates": [ 4180615.944524358026683, 7507574.703664758242667 ] } },
{ "type": "Feature", "properties": { "element": "node", "id": 9221097083, "amenity": "atm", "operator": "Банк \"ВБРР\" (АО)", "brand": "ВБРР", "cash_in": null, "opening_hours": "24/7" }, "geometry": { "type": "Point", "coordinates": [ 4196272.029029014520347, 7502716.417789516970515 ] } },
{ "type": "Feature", "properties": { "element": "node", "id": 9221097085, "amenity": "atm", "operator": "Банк \"ВБРР\" (АО)", "brand": "ВБРР", "cash_in": null, "opening_hours": "09:00-18:00" }, "geometry": { "type": "Point", "coordinates": [ 4190482.703063023276627, 7505457.373213334009051 ] } },
{ "type": "Feature", "properties": { "element": "node", "id": 9221097090, "amenity": "atm", "operator": "Банк \"ВБРР\" (АО)", "brand": "ВБРР", "cash_in": null, "opening_hours": "09:00-18:00" }, "geometry": { "type": "Point", "coordinates": [ 4198329.992455309256911, 7510451.893153469078243 ] } },
{ "type": "Feature", "properties": { "element": "node", "id": 9221097192, "amenity": "atm", "operator": "Банк \"ВБРР\" (АО)", "brand": "ВБРР", "cash_in": null, "opening_hours": "24/7" }, "geometry": { "type": "Point", "coordinates": [ 4184251.605697818566114, 7469831.286744948476553 ] } },
{ "type": "Feature", "properties": { "element": "node", "id": 9221097193, "amenity": "atm", "operator": "Банк \"ВБРР\" (АО)", "brand": "ВБРР", "cash_in": null, "opening_hours": "24/7" }, "geometry": { "type": "Point", "coordinates": [ 4166786.056266164407134, 7533936.869463394396007 ] } },
{ "type": "Feature", "properties": { "element": "node", "id": 9221097194, "amenity": "atm", "operator": "Банк \"ВБРР\" (АО)", "brand": "ВБРР", "cash_in": null, "opening_hours": "24/7" }, "geometry": { "type": "Point", "coordinates": [ 4196860.875739464536309, 7508413.539071205072105 ] } },
{ "type": "Feature", "properties": { "element": "node", "id": 9221097196, "amenity": "atm", "operator": "Банк \"ВБРР\" (АО)", "brand": "ВБРР", "cash_in": null, "opening_hours": "24/7" }, "geometry": { "type": "Point", "coordinates": [ 4177194.094696862623096, 7490404.298532080836594 ] } },
{ "type": "Feature", "properties": { "element": "node", "id": 9221097197, "amenity": "atm", "operator": "Банк \"ВБРР\" (АО)", "brand": "ВБРР", "cash_in": null, "opening_hours": "24/7" }, "geometry": { "type": "Point", "coordinates": [ 4164389.637060061562806, 7535330.419762823730707 ] } },
{ "type": "Feature", "properties": { "element": "node", "id": 9221097198, "amenity": "atm", "operator": "Банк \"ВБРР\" (АО)", "brand": "ВБРР", "cash_in": null, "opening_hours": "24/7" }, "geometry": { "type": "Point", "coordinates": [ 4176008.208161442074925, 7484566.942289619706571 ] } },
{ "type": "Feature", "properties": { "element": "node", "id": 9221097199, "amenity": "atm", "operator": "Банк \"ВБРР\" (АО)", "brand": "ВБРР", "cash_in": null, "opening_hours": "24/7" }, "geometry": { "type": "Point", "coordinates": [ 4210228.776978915557265, 7514976.092312840744853 ] } },
{ "type": "Feature", "properties": { "element": "node", "id": 9221097201, "amenity": "atm", "operator": "Банк \"ВБРР\" (АО)", "brand": "ВБРР", "cash_in": null, "opening_hours": "24/7" }, "geometry": { "type": "Point", "coordinates": [ 4186832.169605591800064, 7482487.862950504757464 ] } },
{ "type": "Feature", "properties": { "element": "node", "id": 9221097209, "amenity": "atm", "operator": "Банк \"ВБРР\" (АО)", "brand": "ВБРР", "cash_in": null, "opening_hours": "05:00-02:00" }, "geometry": { "type": "Point", "coordinates": [ 4110092.041480567771941, 7452980.540108875371516 ] } },
{ "type": "Feature", "properties": { "element": "node", "id": 9221097211, "amenity": "atm", "operator": "Банк \"ВБРР\" (АО)", "brand": "ВБРР", "cash_in": null, "opening_hours": "24/7" }, "geometry": { "type": "Point", "coordinates": [ 4187654.08593391533941, 7522866.824464028701186 ] } },
{ "type": "Feature", "properties": { "element": "node", "id": 9221097212, "amenity": "atm", "operator": "Банк \"ВБРР\" (АО)", "brand": "ВБРР", "cash_in": null, "opening_hours": "24/7" }, "geometry": { "type": "Point", "coordinates": [ 4204539.39365175832063, 7511308.235287422314286 ] } },
{ "type": "Feature", "properties": { "element": "node", "id": 9221097221, "amenity": "atm", "operator": "Банк \"ВБРР\" (АО)", "brand": "ВБРР", "cash_in": null, "opening_hours": "24/7" }, "geometry": { "type": "Point", "coordinates": [ 4179374.743333961814642, 7538927.976312212646008 ] } },
{ "type": "Feature", "properties": { "element": "node", "id": 9221097227, "amenity": "atm", "operator": "Банк \"ВБРР\" (АО)", "brand": "ВБРР", "cash_in": null, "opening_hours": "24/7" }, "geometry": { "type": "Point", "coordinates": [ 4162212.80668149702251, 7482928.618586809374392 ] } },
{ "type": "Feature", "properties": { "element": "node", "id": 9221097228, "amenity": "atm", "operator": "Банк \"ВБРР\" (АО)", "brand": "ВБРР", "cash_in": null, "opening_hours": "24/7" }, "geometry": { "type": "Point", "coordinates": [ 4162406.302220393903553, 7482774.876602009870112 ] } },
{ "type": "Feature", "properties": { "element": "node", "id": 9221097231, "amenity": "atm", "operator": "Банк \"ВБРР\" (АО)", "brand": "ВБРР", "cash_in": null, "opening_hours": "24/7" }, "geometry": { "type": "Point", "coordinates": [ 4198708.033446043729782, 7481652.449744022451341 ] } },
{ "type": "Feature", "properties": { "element": "node", "id": 9221097238, "amenity": "atm", "operator": "Банк \"ВБРР\" (АО)", "brand": "ВБРР", "cash_in": null, "opening_hours": "24/7" }, "geometry": { "type": "Point", "coordinates": [ 4202715.679829940199852, 7485254.341630581766367 ] } },
{ "type": "Feature", "properties": { "element": "node", "id": 9221097239, "amenity": "atm", "operator": "Банк \"ВБРР\" (АО)", "brand": "ВБРР", "cash_in": null, "opening_hours": "24/7" }, "geometry": { "type": "Point", "coordinates": [ 4197467.555832337588072, 7475969.86563181784004 ] } },
{ "type": "Feature", "properties": { "element": "node", "id": 9221097343, "amenity": "atm", "operator": "Банк \"ВБРР\" (АО)", "brand": "ВБРР", "cash_in": null, "opening_hours": "24/7" }, "geometry": { "type": "Point", "coordinates": [ 4209053.354475629515946, 7507553.108031315729022 ] } },
{ "type": "Feature", "properties": { "element": "node", "id": 9221097349, "amenity": "atm", "operator": "Банк \"ВБРР\" (АО)", "brand": "ВБРР", "cash_in": null, "opening_hours": "24/7" }, "geometry": { "type": "Point", "coordinates": [ 4180608.820076946634799, 7530513.432671368122101 ] } },
{ "type": "Feature", "properties": { "element": "node", "id": 9221097350, "amenity": "atm", "operator": "Банк \"ВБРР\" (АО)", "brand": "ВБРР", "cash_in": null, "opening_hours": "24/7" }, "geometry": { "type": "Point", "coordinates": [ 4212233.273653782904148, 7503888.02594078052789 ] } },
{ "type": "Feature", "properties": { "element": "node", "id": 9221097422, "amenity": "atm", "operator": "Банк \"ВБРР\" (АО)", "brand": "ВБРР", "cash_in": null, "opening_hours": "09:00-18:00" }, "geometry": { "type": "Point", "coordinates": [ 4182520.54308818699792, 7498136.329351549968123 ] } },
{ "type": "Feature", "properties": { "element": "node", "id": 9221097446, "amenity": "atm", "operator": "Банк \"ВБРР\" (АО)", "brand": "ВБРР", "cash_in": null, "opening_hours": "24/7" }, "geometry": { "type": "Point", "coordinates": [ 4176555.74420885881409, 7481259.698963413015008 ] } },
{ "type": "Feature", "properties": { "element": "node", "id": 9221097473, "amenity": "atm", "operator": "Банк \"ВБРР\" (АО)", "brand": "ВБРР", "cash_in": null, "opening_hours": "09:00-18:00" }, "geometry": { "type": "Point", "coordinates": [ 4185552.151308757252991, 7502287.476108035072684 ] } },
{ "type": "Feature", "properties": { "element": "node", "id": 9221097476, "amenity": "atm", "operator": "Банк \"ВБРР\" (АО)", "brand": "ВБРР", "cash_in": null, "opening_hours": "09:00 -18:00" }, "geometry": { "type": "Point", "coordinates": [ 4188021.996850986965001, 7517372.637606565840542 ] } },
{ "type": "Feature", "properties": { "element": "node", "id": 9221097477, "amenity": "atm", "operator": "Банк \"ВБРР\" (АО)", "brand": "ВБРР", "cash_in": null, "opening_hours": "09:00-18:00" }, "geometry": { "type": "Point", "coordinates": [ 4185293.177645375020802, 7502314.728927263990045 ] } },
{ "type": "Feature", "properties": { "element": "node", "id": 9221097479, "amenity": "atm", "operator": "Банк \"ВБРР\" (АО)", "brand": "ВБРР", "cash_in": null, "opening_hours": "08:00-20:00" }, "geometry": { "type": "Point", "coordinates": [ 4189769.601536950562149, 7503880.237823930568993 ] } },
{ "type": "Feature", "properties": { "element": "node", "id": 9221097480, "amenity": "atm", "operator": "Банк \"ВБРР\" (АО)", "brand": "ВБРР", "cash_in": null, "opening_hours": "24/7" }, "geometry": { "type": "Point", "coordinates": [ 4169842.622316570486873, 7499799.43625245988369 ] } },
{ "type": "Feature", "properties": { "element": "node", "id": 9221097481, "amenity": "atm", "operator": "Банк \"ВБРР\" (АО)", "brand": "ВБРР", "cash_in": null, "opening_hours": "24/7" }, "geometry": { "type": "Point", "coordinates": [ 4190831.878909794613719, 7484601.270383549854159 ] } },
{ "type": "Feature", "properties": { "element": "node", "id": 9221097482, "amenity": "atm", "operator": "Банк \"ВБРР\" (АО)", "brand": "ВБРР", "cash_in": null, "opening_hours": "24/7" }, "geometry": { "type": "Point", "coordinates": [ 4141164.005292647518218, 7560312.406308089382946 ] } },
{ "type": "Feature", "properties": { "element": "node", "id": 9221097483, "amenity": "atm", "operator": "Банк \"ВБРР\" (АО)", "brand": "ВБРР", "cash_in": null, "opening_hours": "24/7" }, "geometry": { "type": "Point", "coordinates": [ 4165666.994821067433804, 7523915.531818733550608 ] } },
{ "type": "Feature", "properties": { "element": "node", "id": 9221097484, "amenity": "atm", "operator": "Банк \"ВБРР\" (АО)", "brand": "ВБРР", "cash_in": null, "opening_hours": "24/7" }, "geometry": { "type": "Point", "coordinates": [ 4207123.018845529295504, 7493910.935099991969764 ] } },
{ "type": "Feature", "properties": { "element": "node", "id": 9221097485, "amenity": "atm", "operator": "Банк \"ВБРР\" (АО)", "brand": "ВБРР", "cash_in": null, "opening_hours": "24/7" }, "geometry": { "type": "Point", "coordinates": [ 4205350.178031002171338, 7502781.856021569110453 ] } },
{ "type": "Feature", "properties": { "element": "node", "id": 9221097486, "amenity": "atm", "operator": "Банк \"ВБРР\" (АО)", "brand": "ВБРР", "cash_in": null, "opening_hours": "24/7" }, "geometry": { "type": "Point", "coordinates": [ 4187637.521593685261905, 7528387.257650444284081 ] } },
{ "type": "Feature", "properties": { "element": "node", "id": 9221097487, "amenity": "atm", "operator": "Банк \"ВБРР\" (АО)", "brand": "ВБРР", "cash_in": null, "opening_hours": "24/7" }, "geometry": { "type": "Point", "coordinates": [ 4207486.365663478150964, 7501268.558489639312029 ] } },
{ "type": "Feature", "properties": { "element": "node", "id": 9221097489, "amenity": "atm", "operator": "Банк \"ВБРР\" (АО)", "brand": "ВБРР", "cash_in": null, "opening_hours": "24/7" }, "geometry": { "type": "Point", "coordinates": [ 4212370.430398388765752, 7506549.748984277248383 ] } },
{ "type": "Feature", "properties": { "element": "node", "id": 9221097490, "amenity": "atm", "operator": "Банк \"ВБРР\" (АО)", "brand": "ВБРР", "cash_in": null, "opening_hours": "24/7" }, "geometry": { "type": "Point", "coordinates": [ 4180993.929855346214026, 7523424.987735508941114 ] } },
{ "type": "Feature", "properties": { "element": "node", "id": 9221097491, "amenity": "atm", "operator": "Банк \"ВБРР\" (АО)", "brand": "ВБРР", "cash_in": null, "opening_hours": "24/7" }, "geometry": { "type": "Point", "coordinates": [ 4207417.414370881393552, 7503304.887717563658953 ] } },
{ "type": "Feature", "properties": { "element": "node", "id": 9221097492, "amenity": "atm", "operator": "Банк \"ВБРР\" (АО)", "brand": "ВБРР", "cash_in": null, "opening_hours": "24/7" }, "geometry": { "type": "Point", "coordinates": [ 4201097.250281092710793, 7490752.009511264972389 ] } },
{ "type": "Feature", "properties": { "element": "node", "id": 9221097493, "amenity": "atm", "operator": "Банк \"ВБРР\" (АО)", "brand": "ВБРР", "cash_in": null, "opening_hours": "24/7" }, "geometry": { "type": "Point", "coordinates": [ 4212009.643928728066385, 7501772.121472888626158 ] } },
{ "type": "Feature", "properties": { "element": "node", "id": 9221097495, "amenity": "atm", "operator": "Банк \"ВБРР\" (АО)", "brand": "ВБРР", "cash_in": null, "opening_hours": "24/7" }, "geometry": { "type": "Point", "coordinates": [ 4186028.999479519203305, 7523104.81224034819752 ] } },
{ "type": "Feature", "properties": { "element": "node", "id": 9221097497, "amenity": "atm", "operator": "Банк \"ВБРР\" (АО)", "brand": "ВБРР", "cash_in": null, "opening_hours": "24/7" }, "geometry": { "type": "Point", "coordinates": [ 4179239.078270531725138, 7483136.497437943704426 ] } },
{ "type": "Feature", "properties": { "element": "node", "id": 9221097498, "amenity": "atm", "operator": "Банк \"ВБРР\" (АО)", "brand": "ВБРР", "cash_in": null, "opening_hours": "24/7" }, "geometry": { "type": "Point", "coordinates": [ 4169349.96677811536938, 7514410.048683453351259 ] } },
{ "type": "Feature", "properties": { "element": "node", "id": 9221097499, "amenity": "atm", "operator": "Банк \"ВБРР\" (АО)", "brand": "ВБРР", "cash_in": null, "opening_hours": "24/7" }, "geometry": { "type": "Point", "coordinates": [ 4188259.229817816521972, 7530271.288802744820714 ] } },
{ "type": "Feature", "properties": { "element": "node", "id": 9233445190, "amenity": "atm", "operator": "АО «ТБанк»", "brand": "Тинькофф Банк", "cash_in": null, "opening_hours": "08:00-23:00" }, "geometry": { "type": "Point", "coordinates": [ 4202485.426595183089375, 7494053.23153670784086 ] } },
{ "type": "Feature", "properties": { "element": "node", "id": 9246049840, "amenity": "atm", "operator": "ПАО Сбербанк", "brand": "Сбербанк", "cash_in": "no", "opening_hours": null }, "geometry": { "type": "Point", "coordinates": [ 4193875.264732490293682, 7475544.710657480172813 ] } },
{ "type": "Feature", "properties": { "element": "node", "id": 9246130982, "amenity": "atm", "operator": "ПАО Сбербанк", "brand": "Сбербанк", "cash_in": "yes", "opening_hours": null }, "geometry": { "type": "Point", "coordinates": [ 4193538.25610606232658, 7475749.850380689837039 ] } },
{ "type": "Feature", "properties": { "element": "node", "id": 9248426817, "amenity": "atm", "operator": "АО «ТБанк»", "brand": "Т-Банк", "cash_in": "yes", "opening_hours": null }, "geometry": { "type": "Point", "coordinates": [ 4180411.272508585359901, 7493311.455261445604265 ] } },
{ "type": "Feature", "properties": { "element": "node", "id": 9251425041, "amenity": "atm", "operator": "Банк ВТБ (ПАО)", "brand": "ВТБ", "cash_in": "no", "opening_hours": null }, "geometry": { "type": "Point", "coordinates": [ 4188941.3399976529181, 7494792.472917614504695 ] } },
{ "type": "Feature", "properties": { "element": "node", "id": 9253168019, "amenity": "atm", "operator": "Банк ГПБ (АО)", "brand": "Газпромбанк", "cash_in": null, "opening_hours": null }, "geometry": { "type": "Point", "coordinates": [ 4138174.008297736290842, 7555125.027562656439841 ] } },
{ "type": "Feature", "properties": { "element": "node", "id": 9253168020, "amenity": "atm", "operator": "АО «ТБанк»", "brand": "Т-Банк", "cash_in": null, "opening_hours": null }, "geometry": { "type": "Point", "coordinates": [ 4138179.084466516505927, 7555144.090502114035189 ] } },
{ "type": "Feature", "properties": { "element": "node", "id": 9253168033, "amenity": "atm", "operator": "Уралсиб", "brand": "Уралсиб", "cash_in": null, "opening_hours": null }, "geometry": { "type": "Point", "coordinates": [ 4138174.564895190298557, 7555146.995714153163135 ] } },
{ "type": "Feature", "properties": { "element": "node", "id": 9254359674, "amenity": "atm", "operator": "АО «ТБанк»", "brand": "Т-Банк", "cash_in": null, "opening_hours": null }, "geometry": { "type": "Point", "coordinates": [ 4193470.685175151564181, 7485321.604005462490022 ] } },
{ "type": "Feature", "properties": { "element": "node", "id": 9254359675, "amenity": "atm", "operator": "ПАО Банк \"ФК Открытие\"", "brand": "Открытие", "cash_in": null, "opening_hours": null }, "geometry": { "type": "Point", "coordinates": [ 4193472.232516073621809, 7485324.128081352449954 ] } },
{ "type": "Feature", "properties": { "element": "node", "id": 9261399594, "amenity": "atm", "operator": "Банк \"ВБРР\" (АО)", "brand": "ВБРР", "cash_in": null, "opening_hours": "24/7" }, "geometry": { "type": "Point", "coordinates": [ 4211642.634699531830847, 7523667.7291368721053 ] } },
{ "type": "Feature", "properties": { "element": "node", "id": 9263040699, "amenity": "atm", "operator": "ПАО Сбербанк", "brand": "Сбербанк", "cash_in": null, "opening_hours": null }, "geometry": { "type": "Point", "coordinates": [ 4209957.168553329072893, 7507065.857784477993846 ] } },
{ "type": "Feature", "properties": { "element": "node", "id": 9264806785, "amenity": "atm", "operator": "АО \"Банк Русский Стандарт\"", "brand": "Русский Стандарт", "cash_in": null, "opening_hours": null }, "geometry": { "type": "Point", "coordinates": [ 4189988.043773734010756, 7504826.966706495732069 ] } },
{ "type": "Feature", "properties": { "element": "node", "id": 9264806786, "amenity": "atm", "operator": "ПАО Банк \"ФК Открытие\"", "brand": null, "cash_in": null, "opening_hours": null }, "geometry": { "type": "Point", "coordinates": [ 4189867.195334529038519, 7504803.836766836233437 ] } },
{ "type": "Feature", "properties": { "element": "node", "id": 9264806787, "amenity": "atm", "operator": "ПАО Сбербанк", "brand": "Сбербанк", "cash_in": null, "opening_hours": null }, "geometry": { "type": "Point", "coordinates": [ 4189876.000706250779331, 7504799.210787222720683 ] } },
{ "type": "Feature", "properties": { "element": "node", "id": 9264806789, "amenity": "atm", "operator": "Банк ВТБ (ПАО)", "brand": "ВТБ", "cash_in": "no", "opening_hours": "24/7" }, "geometry": { "type": "Point", "coordinates": [ 4189952.287953292019665, 7504813.681809602305293 ] } },
{ "type": "Feature", "properties": { "element": "node", "id": 9264806790, "amenity": "atm", "operator": "АО \"АБ \"РОССИЯ\"", "brand": null, "cash_in": null, "opening_hours": null }, "geometry": { "type": "Point", "coordinates": [ 4190063.362541204784065, 7504805.774143737740815 ] } },
{ "type": "Feature", "properties": { "element": "node", "id": 9264806791, "amenity": "atm", "operator": "ПАО Сбербанк", "brand": "Сбербанк", "cash_in": null, "opening_hours": "24/7" }, "geometry": { "type": "Point", "coordinates": [ 4190210.860866505652666, 7504836.297778696753085 ] } },
{ "type": "Feature", "properties": { "element": "node", "id": 9264806797, "amenity": "atm", "operator": "ПАО Сбербанк", "brand": "Сбербанк", "cash_in": "yes", "opening_hours": "24/7" }, "geometry": { "type": "Point", "coordinates": [ 4190095.756513026542962, 7504789.721606949344277 ] } },
{ "type": "Feature", "properties": { "element": "node", "id": 9264806803, "amenity": "atm", "operator": "Уралсиб", "brand": "Уралсиб", "cash_in": null, "opening_hours": null }, "geometry": { "type": "Point", "coordinates": [ 4190042.234101852402091, 7504793.754507140256464 ] } },
{ "type": "Feature", "properties": { "element": "node", "id": 9284947151, "amenity": "atm", "operator": "ПАО Сбербанк", "brand": "Сбербанк", "cash_in": null, "opening_hours": null }, "geometry": { "type": "Point", "coordinates": [ 4177043.301314634736627, 7479930.186541361734271 ] } },
{ "type": "Feature", "properties": { "element": "node", "id": 9287103034, "amenity": "atm", "operator": "ПАО Сбербанк", "brand": "Сбербанк", "cash_in": null, "opening_hours": null }, "geometry": { "type": "Point", "coordinates": [ 4185616.605293925385922, 7517934.284651319496334 ] } },
{ "type": "Feature", "properties": { "element": "node", "id": 9287137636, "amenity": "atm", "operator": null, "brand": "RusBit", "cash_in": "yes", "opening_hours": null }, "geometry": { "type": "Point", "coordinates": [ 4183259.359416632913053, 7520182.212972925044596 ] } },
{ "type": "Feature", "properties": { "element": "node", "id": 9297620547, "amenity": "atm", "operator": "АО «ТБанк»", "brand": "Т-Банк", "cash_in": null, "opening_hours": null }, "geometry": { "type": "Point", "coordinates": [ 4169655.104634329210967, 7502108.032826235517859 ] } },
{ "type": "Feature", "properties": { "element": "node", "id": 9297620552, "amenity": "atm", "operator": "ПАО Сбербанк", "brand": "Сбербанк", "cash_in": null, "opening_hours": null }, "geometry": { "type": "Point", "coordinates": [ 4169663.442464189603925, 7502110.779778955504298 ] } },
{ "type": "Feature", "properties": { "element": "node", "id": 9314750301, "amenity": "atm", "operator": "ПАО Сбербанк", "brand": "Сбербанк", "cash_in": null, "opening_hours": "Mo-Su 09:00-23:00" }, "geometry": { "type": "Point", "coordinates": [ 4148145.585268932860345, 7482282.406358601525426 ] } },
{ "type": "Feature", "properties": { "element": "node", "id": 9318132160, "amenity": "atm", "operator": "Сбербанк", "brand": "Сбербанк", "cash_in": "no", "opening_hours": null }, "geometry": { "type": "Point", "coordinates": [ 4185101.084732062183321, 7509431.066321280784905 ] } },
{ "type": "Feature", "properties": { "element": "node", "id": 9326552063, "amenity": "atm", "operator": "АО «ТБанк»", "brand": "Т-Банк", "cash_in": null, "opening_hours": null }, "geometry": { "type": "Point", "coordinates": [ 4202014.155530909076333, 7519280.182206311263144 ] } },
{ "type": "Feature", "properties": { "element": "node", "id": 9341937034, "amenity": "atm", "operator": "Банк ВТБ (ПАО)", "brand": "ВТБ", "cash_in": null, "opening_hours": null }, "geometry": { "type": "Point", "coordinates": [ 4174790.729154535103589, 7494751.544686975888908 ] } },
{ "type": "Feature", "properties": { "element": "node", "id": 9360745802, "amenity": "atm", "operator": "АО «ТБанк»", "brand": "Т-Банк", "cash_in": "yes", "opening_hours": "24/7" }, "geometry": { "type": "Point", "coordinates": [ 4168899.846417092252523, 7503912.220546803437173 ] } },
{ "type": "Feature", "properties": { "element": "node", "id": 9365408179, "amenity": "atm", "operator": "АО \"Альфа-Банк\"", "brand": "Альфа-Банк", "cash_in": null, "opening_hours": null }, "geometry": { "type": "Point", "coordinates": [ 4193186.954057016875595, 7483576.994346459396183 ] } },
{ "type": "Feature", "properties": { "element": "node", "id": 9379350935, "amenity": "atm", "operator": "ПАО Сбербанк", "brand": "Сбербанк", "cash_in": null, "opening_hours": "24/7" }, "geometry": { "type": "Point", "coordinates": [ 4193008.286274293903261, 7484398.636277029290795 ] } },
{ "type": "Feature", "properties": { "element": "node", "id": 9396692409, "amenity": "atm", "operator": "ПАО РОСБАНК", "brand": null, "cash_in": null, "opening_hours": "Mo-Su 10:00-23:00" }, "geometry": { "type": "Point", "coordinates": [ 4201358.428070391528308, 7490745.773821006529033 ] } },
{ "type": "Feature", "properties": { "element": "node", "id": 9396692410, "amenity": "atm", "operator": "АО «ТБанк»", "brand": "Т-Банк", "cash_in": null, "opening_hours": "Mo-Su 10:00-23:00" }, "geometry": { "type": "Point", "coordinates": [ 4201391.712598139420152, 7490623.646079366095364 ] } },
{ "type": "Feature", "properties": { "element": "node", "id": 9436476935, "amenity": "atm", "operator": "АО «ТБанк»", "brand": "Т-Банк", "cash_in": null, "opening_hours": null }, "geometry": { "type": "Point", "coordinates": [ 4197245.985517863184214, 7531666.060865267179906 ] } },
{ "type": "Feature", "properties": { "element": "node", "id": 9446929633, "amenity": "atm", "operator": "КБ \"Кубань Кредит\" ООО", "brand": null, "cash_in": null, "opening_hours": "24/7" }, "geometry": { "type": "Point", "coordinates": [ 4184157.551860047504306, 7510826.307328618131578 ] } },
{ "type": "Feature", "properties": { "element": "node", "id": 9480875899, "amenity": "atm", "operator": "ПАО \"МОСКОВСКИЙ КРЕДИТНЫЙ БАНК\"", "brand": null, "cash_in": null, "opening_hours": null }, "geometry": { "type": "Point", "coordinates": [ 4194800.184985644184053, 7487298.97715231589973 ] } },
{ "type": "Feature", "properties": { "element": "node", "id": 9493125451, "amenity": "atm", "operator": "АО «ТБанк»", "brand": "Т-Банк", "cash_in": null, "opening_hours": null }, "geometry": { "type": "Point", "coordinates": [ 4175430.671511257998645, 7483037.810962792485952 ] } },
{ "type": "Feature", "properties": { "element": "node", "id": 9494695518, "amenity": "atm", "operator": "Альфа-Банк", "brand": "Альфа-Банк", "cash_in": null, "opening_hours": "Mo-Su 09:00-22:00" }, "geometry": { "type": "Point", "coordinates": [ 4170054.886321614962071, 7520565.4990508062765 ] } },
{ "type": "Feature", "properties": { "element": "node", "id": 9503353761, "amenity": "atm", "operator": "ПАО Сбербанк", "brand": "Сбербанк", "cash_in": null, "opening_hours": null }, "geometry": { "type": "Point", "coordinates": [ 4202551.12735864892602, 7516658.098240669816732 ] } },
{ "type": "Feature", "properties": { "element": "node", "id": 9507030086, "amenity": "atm", "operator": "Банк ГПБ (АО)", "brand": "Газпромбанк", "cash_in": null, "opening_hours": null }, "geometry": { "type": "Point", "coordinates": [ 4189603.234557960182428, 7506846.774281064979732 ] } },
{ "type": "Feature", "properties": { "element": "node", "id": 9510617338, "amenity": "atm", "operator": "ПАО Сбербанк", "brand": "Сбербанк", "cash_in": null, "opening_hours": null }, "geometry": { "type": "Point", "coordinates": [ 4175434.434110046830028, 7484009.452520165592432 ] } },
{ "type": "Feature", "properties": { "element": "node", "id": 9530459372, "amenity": "atm", "operator": "ПАО Сбербанк", "brand": "Сбербанк", "cash_in": null, "opening_hours": "Mo-Su 10:00-22:00" }, "geometry": { "type": "Point", "coordinates": [ 4159111.367744353134185, 7527963.211358329281211 ] } },
{ "type": "Feature", "properties": { "element": "node", "id": 9530459373, "amenity": "atm", "operator": "АО «ТБанк»", "brand": "Т-Банк", "cash_in": null, "opening_hours": "Mo-Su 10:00-22:00" }, "geometry": { "type": "Point", "coordinates": [ 4159112.035661298315972, 7527956.648094275966287 ] } },
{ "type": "Feature", "properties": { "element": "node", "id": 9537436756, "amenity": "atm", "operator": "ПАО Сбербанк", "brand": "Сбербанк", "cash_in": null, "opening_hours": "24/7" }, "geometry": { "type": "Point", "coordinates": [ 4188051.017842237371951, 7503958.376316842623055 ] } },
{ "type": "Feature", "properties": { "element": "node", "id": 9573108452, "amenity": "atm", "operator": "ПАО Сбербанк", "brand": "Сбербанк", "cash_in": null, "opening_hours": "24/7" }, "geometry": { "type": "Point", "coordinates": [ 4187914.339771440718323, 7501382.337968384847045 ] } },
{ "type": "Feature", "properties": { "element": "node", "id": 9580996554, "amenity": "atm", "operator": "ПАО Сбербанк", "brand": "Сбербанк", "cash_in": null, "opening_hours": null }, "geometry": { "type": "Point", "coordinates": [ 4205499.312752817757428, 7502731.754516571760178 ] } },
{ "type": "Feature", "properties": { "element": "node", "id": 9609043448, "amenity": "atm", "operator": "АО «ТБанк»", "brand": "Тинькофф Банк", "cash_in": null, "opening_hours": null }, "geometry": { "type": "Point", "coordinates": [ 4200958.768834545277059, 7496092.63462345674634 ] } },
{ "type": "Feature", "properties": { "element": "node", "id": 9610759341, "amenity": "atm", "operator": "Сбербанк", "brand": "Сбербанк", "cash_in": "yes", "opening_hours": null }, "geometry": { "type": "Point", "coordinates": [ 4178249.069511111360043, 7497579.636985586024821 ] } },
{ "type": "Feature", "properties": { "element": "node", "id": 9646160424, "amenity": "atm", "operator": "ПАО Сбербанк", "brand": "Сбербанк", "cash_in": null, "opening_hours": "24/7" }, "geometry": { "type": "Point", "coordinates": [ 4187729.026215117424726, 7505892.284275156445801 ] } },
{ "type": "Feature", "properties": { "element": "node", "id": 9675107311, "amenity": "atm", "operator": "ПАО Сбербанк", "brand": "Сбербанк", "cash_in": null, "opening_hours": "24/7" }, "geometry": { "type": "Point", "coordinates": [ 4169226.279691895470023, 7503667.728053969331086 ] } },
{ "type": "Feature", "properties": { "element": "node", "id": 9712375987, "amenity": "atm", "operator": "ПАО Сбербанк", "brand": "Сбербанк", "cash_in": "yes", "opening_hours": null }, "geometry": { "type": "Point", "coordinates": [ 4172467.847604049835354, 7491971.578383766114712 ] } },
{ "type": "Feature", "properties": { "element": "node", "id": 9714366903, "amenity": "atm", "operator": "АО «ТБанк»", "brand": "Т-Банк", "cash_in": null, "opening_hours": null }, "geometry": { "type": "Point", "coordinates": [ 4187903.87573930574581, 7500923.258511944673955 ] } },
{ "type": "Feature", "properties": { "element": "node", "id": 9718275885, "amenity": "atm", "operator": "ПАО \"МОСКОВСКИЙ КРЕДИТНЫЙ БАНК\"", "brand": "Московский кредитный банк", "cash_in": null, "opening_hours": "24/7" }, "geometry": { "type": "Point", "coordinates": [ 4202145.634981486015022, 7485984.872741888277233 ] } },
{ "type": "Feature", "properties": { "element": "node", "id": 9718275888, "amenity": "atm", "operator": "ПАО \"МОСКОВСКИЙ КРЕДИТНЫЙ БАНК\"", "brand": "Московский кредитный банк", "cash_in": null, "opening_hours": "Mo-Fr 11:00-19:00" }, "geometry": { "type": "Point", "coordinates": [ 4202168.032463032752275, 7485946.357661572284997 ] } },
{ "type": "Feature", "properties": { "element": "node", "id": 9718275891, "amenity": "atm", "operator": "ПАО \"МОСКОВСКИЙ КРЕДИТНЫЙ БАНК\"", "brand": null, "cash_in": null, "opening_hours": "Mo-Su 10:00-21:45" }, "geometry": { "type": "Point", "coordinates": [ 4162853.416955164633691, 7519878.434306309558451 ] } },
{ "type": "Feature", "properties": { "element": "node", "id": 9718275896, "amenity": "atm", "operator": "ПАО \"МОСКОВСКИЙ КРЕДИТНЫЙ БАНК\"", "brand": "Московский кредитный банк", "cash_in": null, "opening_hours": "Mo-Su 07:00-22:00" }, "geometry": { "type": "Point", "coordinates": [ 4150776.97765620239079, 7481340.64415936358273 ] } },
{ "type": "Feature", "properties": { "element": "node", "id": 9718275908, "amenity": "atm", "operator": "ПАО \"МОСКОВСКИЙ КРЕДИТНЫЙ БАНК\"", "brand": null, "cash_in": null, "opening_hours": "Mo-Su 09:00-21:00" }, "geometry": { "type": "Point", "coordinates": [ 4186081.353036038577557, 7535479.119173492304981 ] } },
{ "type": "Feature", "properties": { "element": "node", "id": 9718275916, "amenity": "atm", "operator": "ПАО \"МОСКОВСКИЙ КРЕДИТНЫЙ БАНК\"", "brand": null, "cash_in": null, "opening_hours": "Mo-Su 09:00-24:00" }, "geometry": { "type": "Point", "coordinates": [ 4181839.067429448943585, 7509985.805042520165443 ] } },
{ "type": "Feature", "properties": { "element": "node", "id": 9718286418, "amenity": "atm", "operator": "ПАО \"МОСКОВСКИЙ КРЕДИТНЫЙ БАНК\"", "brand": null, "cash_in": null, "opening_hours": "Mo-Fr 08:00-21:00;Sa-Su 10:00-20:00" }, "geometry": { "type": "Point", "coordinates": [ 4189939.953753711655736, 7509492.842653512023389 ] } },
{ "type": "Feature", "properties": { "element": "node", "id": 9718286429, "amenity": "atm", "operator": "ПАО \"МОСКОВСКИЙ КРЕДИТНЫЙ БАНК\"", "brand": null, "cash_in": null, "opening_hours": "Mo-Su 08:00-23:00" }, "geometry": { "type": "Point", "coordinates": [ 4188305.750233019236475, 7512133.20960009470582 ] } },
{ "type": "Feature", "properties": { "element": "node", "id": 9718286433, "amenity": "atm", "operator": "ПАО \"МОСКОВСКИЙ КРЕДИТНЫЙ БАНК\"", "brand": null, "cash_in": null, "opening_hours": "24/7" }, "geometry": { "type": "Point", "coordinates": [ 4193213.247720742132515, 7479622.686956314370036 ] } },
{ "type": "Feature", "properties": { "element": "node", "id": 9718286435, "amenity": "atm", "operator": "ПАО \"МОСКОВСКИЙ КРЕДИТНЫЙ БАНК\"", "brand": null, "cash_in": null, "opening_hours": "Mo-Su 08:00-23:00" }, "geometry": { "type": "Point", "coordinates": [ 4167898.204770884010941, 7500771.924179326742887 ] } },
{ "type": "Feature", "properties": { "element": "node", "id": 9718286447, "amenity": "atm", "operator": "ПАО \"МОСКОВСКИЙ КРЕДИТНЫЙ БАНК\"", "brand": null, "cash_in": "yes", "opening_hours": "Mo-Su 08:00-24:00" }, "geometry": { "type": "Point", "coordinates": [ 4135680.652079050429165, 7555412.68796184938401 ] } },
{ "type": "Feature", "properties": { "element": "node", "id": 9718286452, "amenity": "atm", "operator": "ПАО \"МОСКОВСКИЙ КРЕДИТНЫЙ БАНК\"", "brand": null, "cash_in": null, "opening_hours": "Mo-Su 10:00-22:00" }, "geometry": { "type": "Point", "coordinates": [ 4210349.180140158161521, 7502924.335806631483138 ] } },
{ "type": "Feature", "properties": { "element": "node", "id": 9718286453, "amenity": "atm", "operator": "ПАО \"МОСКОВСКИЙ КРЕДИТНЫЙ БАНК\"", "brand": null, "cash_in": "yes", "opening_hours": "Mo-Su 09:00-21:00" }, "geometry": { "type": "Point", "coordinates": [ 4187939.98778212023899, 7489752.685986862517893 ] } },
{ "type": "Feature", "properties": { "element": "node", "id": 9718286470, "amenity": "atm", "operator": "ПАО \"МОСКОВСКИЙ КРЕДИТНЫЙ БАНК\"", "brand": null, "cash_in": null, "opening_hours": "Mo-Su 09:00-21:00" }, "geometry": { "type": "Point", "coordinates": [ 4194841.117162408307195, 7501985.29049049410969 ] } },
{ "type": "Feature", "properties": { "element": "node", "id": 9718286477, "amenity": "atm", "operator": "ПАО \"МОСКОВСКИЙ КРЕДИТНЫЙ БАНК\"", "brand": null, "cash_in": null, "opening_hours": "Mo-Su 10:00-22:00" }, "geometry": { "type": "Point", "coordinates": [ 4205547.981634193100035, 7520704.900340174324811 ] } },
{ "type": "Feature", "properties": { "element": "node", "id": 9718286494, "amenity": "atm", "operator": "Московский кредитный банк", "brand": "Московский кредитный банк", "cash_in": null, "opening_hours": "Mo-Su 10:00-21:00" }, "geometry": { "type": "Point", "coordinates": [ 4205105.475526340305805, 7510188.538041018880904 ] } },
{ "type": "Feature", "properties": { "element": "node", "id": 9718286502, "amenity": "atm", "operator": "Московский кредитный банк", "brand": "Московский кредитный банк", "cash_in": null, "opening_hours": "24/7" }, "geometry": { "type": "Point", "coordinates": [ 4202057.970882485620677, 7490601.624219940043986 ] } },
{ "type": "Feature", "properties": { "element": "node", "id": 9718286504, "amenity": "atm", "operator": "ПАО \"МОСКОВСКИЙ КРЕДИТНЫЙ БАНК\"", "brand": null, "cash_in": null, "opening_hours": "Mo-Su 10:00-22:00" }, "geometry": { "type": "Point", "coordinates": [ 4177968.844956937711686, 7516766.303526222705841 ] } },
{ "type": "Feature", "properties": { "element": "node", "id": 9718286515, "amenity": "atm", "operator": "ПАО \"МОСКОВСКИЙ КРЕДИТНЫЙ БАНК\"", "brand": null, "cash_in": null, "opening_hours": "Mo-Su 08:00-22:00" }, "geometry": { "type": "Point", "coordinates": [ 4175851.592769845854491, 7491923.974524575285614 ] } },
{ "type": "Feature", "properties": { "element": "node", "id": 9718286518, "amenity": "atm", "operator": "ПАО \"МОСКОВСКИЙ КРЕДИТНЫЙ БАНК\"", "brand": null, "cash_in": null, "opening_hours": "Mo-Su 10:00-21:00" }, "geometry": { "type": "Point", "coordinates": [ 4186093.854214854538441, 7530984.790071095339954 ] } },
{ "type": "Feature", "properties": { "element": "node", "id": 9718286519, "amenity": "atm", "operator": "ПАО \"МОСКОВСКИЙ КРЕДИТНЫЙ БАНК\"", "brand": null, "cash_in": "no", "opening_hours": "24/7" }, "geometry": { "type": "Point", "coordinates": [ 4182372.621748821344227, 7495911.834535488858819 ] } },
{ "type": "Feature", "properties": { "element": "node", "id": 9718286523, "amenity": "atm", "operator": "ПАО \"МОСКОВСКИЙ КРЕДИТНЫЙ БАНК\"", "brand": null, "cash_in": null, "opening_hours": "Mo-Su 09:00-22:00" }, "geometry": { "type": "Point", "coordinates": [ 4186457.234428651630878, 7490892.669077064841986 ] } },
{ "type": "Feature", "properties": { "element": "node", "id": 9718286538, "amenity": "atm", "operator": "ПАО \"МОСКОВСКИЙ КРЕДИТНЫЙ БАНК\"", "brand": null, "cash_in": null, "opening_hours": "Mo-Su 10:00-21:00" }, "geometry": { "type": "Point", "coordinates": [ 4177384.217255188617855, 7468164.896394182927907 ] } },
{ "type": "Feature", "properties": { "element": "node", "id": 9718286540, "amenity": "atm", "operator": "ПАО \"МОСКОВСКИЙ КРЕДИТНЫЙ БАНК\"", "brand": "Московский кредитный банк", "cash_in": null, "opening_hours": "Mo-Su 07:00-00:00" }, "geometry": { "type": "Point", "coordinates": [ 4165355.534017776604742, 7528646.594722087495029 ] } },
{ "type": "Feature", "properties": { "element": "node", "id": 9718286541, "amenity": "atm", "operator": "ПАО \"МОСКОВСКИЙ КРЕДИТНЫЙ БАНК\"", "brand": "Московский кредитный банк", "cash_in": null, "opening_hours": "24/7" }, "geometry": { "type": "Point", "coordinates": [ 4205778.190341153182089, 7491149.74249714333564 ] } },
{ "type": "Feature", "properties": { "element": "node", "id": 9718286565, "amenity": "atm", "operator": "ПАО \"МОСКОВСКИЙ КРЕДИТНЫЙ БАНК\"", "brand": null, "cash_in": null, "opening_hours": "24/7" }, "geometry": { "type": "Point", "coordinates": [ 4192107.010280984453857, 7525640.283939065411687 ] } },
{ "type": "Feature", "properties": { "element": "node", "id": 9718286607, "amenity": "atm", "operator": "ПАО \"МОСКОВСКИЙ КРЕДИТНЫЙ БАНК\"", "brand": "Московский кредитный банк", "cash_in": null, "opening_hours": "24/7" }, "geometry": { "type": "Point", "coordinates": [ 4183940.489984950050712, 7513342.169134228490293 ] } },
{ "type": "Feature", "properties": { "element": "node", "id": 9718286614, "amenity": "atm", "operator": "ПАО \"МОСКОВСКИЙ КРЕДИТНЫЙ БАНК\"", "brand": null, "cash_in": null, "opening_hours": "Mo-Su 09:00-21:00" }, "geometry": { "type": "Point", "coordinates": [ 4182985.914219448342919, 7528045.242716176435351 ] } },
{ "type": "Feature", "properties": { "element": "node", "id": 9718286642, "amenity": "atm", "operator": "ПАО \"МОСКОВСКИЙ КРЕДИТНЫЙ БАНК\"", "brand": null, "cash_in": "no", "opening_hours": "Mo-Fr 11:00-19:00" }, "geometry": { "type": "Point", "coordinates": [ 4192241.662337047979236, 7500577.183645247481763 ] } },
{ "type": "Feature", "properties": { "element": "node", "id": 9718286647, "amenity": "atm", "operator": "ПАО \"МОСКОВСКИЙ КРЕДИТНЫЙ БАНК\"", "brand": null, "cash_in": null, "opening_hours": "Fr 11:00-24:00; Mo-Th 12:00-23:00; Sa-Su 11:00-23:00" }, "geometry": { "type": "Point", "coordinates": [ 4177022.640417144168168, 7535848.399144550785422 ] } },
{ "type": "Feature", "properties": { "element": "node", "id": 9718286648, "amenity": "atm", "operator": "ПАО \"МОСКОВСКИЙ КРЕДИТНЫЙ БАНК\"", "brand": null, "cash_in": null, "opening_hours": "Mo-Su 09:00-18:00" }, "geometry": { "type": "Point", "coordinates": [ 4175707.67893214803189, 7513944.711011215113103 ] } },
{ "type": "Feature", "properties": { "element": "node", "id": 9718286684, "amenity": "atm", "operator": "ПАО \"МОСКОВСКИЙ КРЕДИТНЫЙ БАНК\"", "brand": null, "cash_in": null, "opening_hours": "Mo-Su 10:00-22:00" }, "geometry": { "type": "Point", "coordinates": [ 4188083.311626515816897, 7504983.065957886166871 ] } },
{ "type": "Feature", "properties": { "element": "node", "id": 9718286688, "amenity": "atm", "operator": "ПАО \"МОСКОВСКИЙ КРЕДИТНЫЙ БАНК\"", "brand": null, "cash_in": null, "opening_hours": "Mo-Su 10:00-22:00" }, "geometry": { "type": "Point", "coordinates": [ 4184027.07428488926962, 7529194.189878421835601 ] } },
{ "type": "Feature", "properties": { "element": "node", "id": 9718286690, "amenity": "atm", "operator": "ПАО \"МОСКОВСКИЙ КРЕДИТНЫЙ БАНК\"", "brand": null, "cash_in": null, "opening_hours": "Mo-Su 09:00-22:00" }, "geometry": { "type": "Point", "coordinates": [ 4205493.63545878790319, 7501320.942685317248106 ] } },
{ "type": "Feature", "properties": { "element": "node", "id": 9718286692, "amenity": "atm", "operator": "ПАО \"МОСКОВСКИЙ КРЕДИТНЫЙ БАНК\"", "brand": null, "cash_in": null, "opening_hours": "24/7" }, "geometry": { "type": "Point", "coordinates": [ 4159491.957951426506042, 7546328.958477983251214 ] } },
{ "type": "Feature", "properties": { "element": "node", "id": 9718286695, "amenity": "atm", "operator": "ПАО \"МОСКОВСКИЙ КРЕДИТНЫЙ БАНК\"", "brand": null, "cash_in": null, "opening_hours": "24/7" }, "geometry": { "type": "Point", "coordinates": [ 4200023.607188238762319, 7534356.382574875839055 ] } },
{ "type": "Feature", "properties": { "element": "node", "id": 9718286707, "amenity": "atm", "operator": "ПАО \"МОСКОВСКИЙ КРЕДИТНЫЙ БАНК\"", "brand": "Московский кредитный банк", "cash_in": null, "opening_hours": "24/7" }, "geometry": { "type": "Point", "coordinates": [ 4183934.812690919730812, 7517875.23285626899451 ] } },
{ "type": "Feature", "properties": { "element": "node", "id": 9718286720, "amenity": "atm", "operator": "ПАО \"МОСКОВСКИЙ КРЕДИТНЫЙ БАНК\"", "brand": null, "cash_in": null, "opening_hours": "Mo-Su 09:00-22:00" }, "geometry": { "type": "Point", "coordinates": [ 4216954.71174459438771, 7502013.056054946035147 ] } },
{ "type": "Feature", "properties": { "element": "node", "id": 9718286729, "amenity": "atm", "operator": "ПАО \"МОСКОВСКИЙ КРЕДИТНЫЙ БАНК\"", "brand": null, "cash_in": null, "opening_hours": "Mo-Su 10:00-22:00" }, "geometry": { "type": "Point", "coordinates": [ 4187240.010824011638761, 7509950.790222182869911 ] } },
{ "type": "Feature", "properties": { "element": "node", "id": 9718286730, "amenity": "atm", "operator": "Московский кредитный банк", "brand": "Московский кредитный банк", "cash_in": null, "opening_hours": "24/7" }, "geometry": { "type": "Point", "coordinates": [ 4182907.01096437452361, 7473319.424419669434428 ] } },
{ "type": "Feature", "properties": { "element": "node", "id": 9718286731, "amenity": "atm", "operator": "ПАО \"МОСКОВСКИЙ КРЕДИТНЫЙ БАНК\"", "brand": "Московский кредитный банк", "cash_in": null, "opening_hours": "Mo-Fr 11:00-19:00" }, "geometry": { "type": "Point", "coordinates": [ 4158468.141462651081383, 7479758.848352241329849 ] } },
{ "type": "Feature", "properties": { "element": "node", "id": 9718286738, "amenity": "atm", "operator": "ПАО \"МОСКОВСКИЙ КРЕДИТНЫЙ БАНК\"", "brand": null, "cash_in": null, "opening_hours": "Mo-Su 10:00-21:00" }, "geometry": { "type": "Point", "coordinates": [ 4190927.903102552052587, 7523872.863370857201517 ] } },
{ "type": "Feature", "properties": { "element": "node", "id": 9718286740, "amenity": "atm", "operator": "ПАО \"МОСКОВСКИЙ КРЕДИТНЫЙ БАНК\"", "brand": "Московский кредитный банк", "cash_in": null, "opening_hours": "24/7" }, "geometry": { "type": "Point", "coordinates": [ 4162854.318643040489405, 7489641.307257171720266 ] } },
{ "type": "Feature", "properties": { "element": "node", "id": 9718286780, "amenity": "atm", "operator": "ПАО \"МОСКОВСКИЙ КРЕДИТНЫЙ БАНК\"", "brand": null, "cash_in": null, "opening_hours": "Mo-Su 10:00-22:00" }, "geometry": { "type": "Point", "coordinates": [ 4164689.999310120008886, 7506354.743984772823751 ] } },
{ "type": "Feature", "properties": { "element": "node", "id": 9718286784, "amenity": "atm", "operator": "ПАО \"МОСКОВСКИЙ КРЕДИТНЫЙ БАНК\"", "brand": null, "cash_in": null, "opening_hours": "24/7" }, "geometry": { "type": "Point", "coordinates": [ 4177705.496437567751855, 7496705.759318293072283 ] } },
{ "type": "Feature", "properties": { "element": "node", "id": 9718286785, "amenity": "atm", "operator": "ПАО \"МОСКОВСКИЙ КРЕДИТНЫЙ БАНК\"", "brand": null, "cash_in": null, "opening_hours": "Mo-Fr 09:00-21:00" }, "geometry": { "type": "Point", "coordinates": [ 4178233.084032233338803, 7509044.970505198463798 ] } },
{ "type": "Feature", "properties": { "element": "node", "id": 9718286798, "amenity": "atm", "operator": "ПАО \"МОСКОВСКИЙ КРЕДИТНЫЙ БАНК\"", "brand": null, "cash_in": null, "opening_hours": "Mo-Su 09:00-19:00" }, "geometry": { "type": "Point", "coordinates": [ 4189691.778080936986953, 7502929.415242718532681 ] } },
{ "type": "Feature", "properties": { "element": "node", "id": 9718286809, "amenity": "atm", "operator": "ПАО \"МОСКОВСКИЙ КРЕДИТНЫЙ БАНК\"", "brand": null, "cash_in": null, "opening_hours": "Mo-Su 09:00-22:00" }, "geometry": { "type": "Point", "coordinates": [ 4179979.78703032201156, 7495575.027660477906466 ] } },
{ "type": "Feature", "properties": { "element": "node", "id": 9718286814, "amenity": "atm", "operator": "ПАО \"МОСКОВСКИЙ КРЕДИТНЫЙ БАНК\"", "brand": null, "cash_in": null, "opening_hours": "24/7" }, "geometry": { "type": "Point", "coordinates": [ 4190954.174502379726619, 7523865.689228636212647 ] } },
{ "type": "Feature", "properties": { "element": "node", "id": 9718286831, "amenity": "atm", "operator": "ПАО \"МОСКОВСКИЙ КРЕДИТНЫЙ БАНК\"", "brand": null, "cash_in": null, "opening_hours": "Mo-Su 09:00-21:00" }, "geometry": { "type": "Point", "coordinates": [ 4183302.373267875984311, 7496914.621464396826923 ] } },
{ "type": "Feature", "properties": { "element": "node", "id": 9718286849, "amenity": "atm", "operator": "ПАО \"МОСКОВСКИЙ КРЕДИТНЫЙ БАНК\"", "brand": null, "cash_in": null, "opening_hours": "24/7" }, "geometry": { "type": "Point", "coordinates": [ 4187696.643375245388597, 7489407.229718834161758 ] } },
{ "type": "Feature", "properties": { "element": "node", "id": 9718286855, "amenity": "atm", "operator": "ПАО \"МОСКОВСКИЙ КРЕДИТНЫЙ БАНК\"", "brand": "Московский кредитный банк", "cash_in": null, "opening_hours": "Mo-Su 08:00-24:00" }, "geometry": { "type": "Point", "coordinates": [ 4172634.670992952771485, 7484193.38519415166229 ] } },
{ "type": "Feature", "properties": { "element": "node", "id": 9718286872, "amenity": "atm", "operator": "ПАО \"МОСКОВСКИЙ КРЕДИТНЫЙ БАНК\"", "brand": null, "cash_in": null, "opening_hours": "Mo-Su 10:00-21:00" }, "geometry": { "type": "Point", "coordinates": [ 4158382.770545161794871, 7528616.036199460737407 ] } },
{ "type": "Feature", "properties": { "element": "node", "id": 9718286879, "amenity": "atm", "operator": "ПАО \"МОСКОВСКИЙ КРЕДИТНЫЙ БАНК\"", "brand": null, "cash_in": null, "opening_hours": "24/7" }, "geometry": { "type": "Point", "coordinates": [ 4172324.145273384638131, 7514160.275049400515854 ] } },
{ "type": "Feature", "properties": { "element": "node", "id": 9718286915, "amenity": "atm", "operator": "ПАО \"МОСКОВСКИЙ КРЕДИТНЫЙ БАНК\"", "brand": null, "cash_in": null, "opening_hours": "Mo-Fr 11:00-19:00" }, "geometry": { "type": "Point", "coordinates": [ 4189515.614986756816506, 7516894.983663548715413 ] } },
{ "type": "Feature", "properties": { "element": "node", "id": 9718286917, "amenity": "atm", "operator": "ПАО \"МОСКОВСКИЙ КРЕДИТНЫЙ БАНК\"", "brand": null, "cash_in": null, "opening_hours": "24/7" }, "geometry": { "type": "Point", "coordinates": [ 4176304.841208559926599, 7514433.484551594592631 ] } },
{ "type": "Feature", "properties": { "element": "node", "id": 9718286918, "amenity": "atm", "operator": "ПАО \"МОСКОВСКИЙ КРЕДИТНЫЙ БАНК\"", "brand": null, "cash_in": null, "opening_hours": "24/7" }, "geometry": { "type": "Point", "coordinates": [ 4180452.750150854699314, 7492501.437826858833432 ] } },
{ "type": "Feature", "properties": { "element": "node", "id": 9718286942, "amenity": "atm", "operator": "ПАО \"МОСКОВСКИЙ КРЕДИТНЫЙ БАНК\"", "brand": "Московский кредитный банк", "cash_in": null, "opening_hours": "Mo-Su 09:00-22:00" }, "geometry": { "type": "Point", "coordinates": [ 4192325.864399883430451, 7513928.283184452913702 ] } },
{ "type": "Feature", "properties": { "element": "node", "id": 9718286951, "amenity": "atm", "operator": "ПАО \"МОСКОВСКИЙ КРЕДИТНЫЙ БАНК\"", "brand": "Московский кредитный банк", "cash_in": null, "opening_hours": "24/7" }, "geometry": { "type": "Point", "coordinates": [ 4201726.428043056279421, 7493463.45279292948544 ] } },
{ "type": "Feature", "properties": { "element": "node", "id": 9725504875, "amenity": "atm", "operator": "АО «ТБанк»", "brand": "Т-Банк", "cash_in": null, "opening_hours": "Mo-Su 07:30-23:00" }, "geometry": { "type": "Point", "coordinates": [ 4137235.262163826264441, 7479095.443788446485996 ] } },
{ "type": "Feature", "properties": { "element": "node", "id": 9732470917, "amenity": "atm", "operator": "АО «ТБанк»", "brand": "Т-Банк", "cash_in": null, "opening_hours": null }, "geometry": { "type": "Point", "coordinates": [ 4187581.672605154104531, 7496955.264925180003047 ] } },
{ "type": "Feature", "properties": { "element": "node", "id": 9750312015, "amenity": "atm", "operator": "Банк ВТБ (ПАО)", "brand": "ВТБ", "cash_in": null, "opening_hours": "Mo-Fr 09:00-17:00" }, "geometry": { "type": "Point", "coordinates": [ 4183968.854191204532981, 7520993.338464943692088 ] } },
{ "type": "Feature", "properties": { "element": "node", "id": 9757676912, "amenity": "atm", "operator": "АО «ТБанк»", "brand": "Т-Банк", "cash_in": null, "opening_hours": null }, "geometry": { "type": "Point", "coordinates": [ 4178931.502517470158637, 7497291.282761759124696 ] } },
{ "type": "Feature", "properties": { "element": "node", "id": 9769555911, "amenity": "atm", "operator": "АО \"Райффайзенбанк\"", "brand": "Райффайзен", "cash_in": null, "opening_hours": null }, "geometry": { "type": "Point", "coordinates": [ 4193142.237017564941198, 7512403.220714407041669 ] } },
{ "type": "Feature", "properties": { "element": "node", "id": 9828857417, "amenity": "atm", "operator": "АО «ТБанк»", "brand": "Т-Банк", "cash_in": null, "opening_hours": null }, "geometry": { "type": "Point", "coordinates": [ 4181979.942245048005134, 7516404.509806644171476 ] } },
{ "type": "Feature", "properties": { "element": "node", "id": 9891762551, "amenity": "atm", "operator": "ПАО Сбербанк", "brand": "Сбербанк", "cash_in": "yes", "opening_hours": null }, "geometry": { "type": "Point", "coordinates": [ 4136275.832868525758386, 7559805.959214117377996 ] } },
{ "type": "Feature", "properties": { "element": "node", "id": 9907226073, "amenity": "atm", "operator": "ПАО Сбербанк", "brand": "Сбербанк", "cash_in": "yes", "opening_hours": "24/7" }, "geometry": { "type": "Point", "coordinates": [ 4158044.982682298868895, 7528100.327352183870971 ] } },
{ "type": "Feature", "properties": { "element": "node", "id": 9907226074, "amenity": "atm", "operator": "ПАО Сбербанк", "brand": "Сбербанк", "cash_in": "yes", "opening_hours": "24/7" }, "geometry": { "type": "Point", "coordinates": [ 4158046.63021076284349, 7528098.860009764321148 ] } },
{ "type": "Feature", "properties": { "element": "node", "id": 9907226075, "amenity": "atm", "operator": "ПАО Сбербанк", "brand": "Сбербанк", "cash_in": "yes", "opening_hours": "24/7" }, "geometry": { "type": "Point", "coordinates": [ 4158048.489246258977801, 7528097.194378166459501 ] } },
{ "type": "Feature", "properties": { "element": "node", "id": 9933988559, "amenity": "atm", "operator": "Банк ВТБ (ПАО)", "brand": "ВТБ", "cash_in": null, "opening_hours": null }, "geometry": { "type": "Point", "coordinates": [ 4184845.873667469248176, 7505875.695637149736285 ] } },
{ "type": "Feature", "properties": { "element": "node", "id": 9937432818, "amenity": "atm", "operator": "ПАО Сбербанк", "brand": "Сбербанк", "cash_in": null, "opening_hours": null }, "geometry": { "type": "Point", "coordinates": [ 4188825.62338697258383, 7507083.457505408674479 ] } },
{ "type": "Feature", "properties": { "element": "node", "id": 9955033815, "amenity": "atm", "operator": "ПАО АКБ \"АВАНГАРД\"", "brand": null, "cash_in": null, "opening_hours": "24/7" }, "geometry": { "type": "Point", "coordinates": [ 4173502.584534871391952, 7495691.685141522437334 ] } },
{ "type": "Feature", "properties": { "element": "node", "id": 9959933817, "amenity": "atm", "operator": "АО \"Райффайзенбанк\"", "brand": "Райффайзен", "cash_in": "yes", "opening_hours": "Mo-Su 08:00-23:00" }, "geometry": { "type": "Point", "coordinates": [ 4192232.166784483473748, 7485326.612719362601638 ] } },
{ "type": "Feature", "properties": { "element": "node", "id": 9963476916, "amenity": "atm", "operator": "Банк ВТБ (ПАО)", "brand": "ВТБ", "cash_in": null, "opening_hours": null }, "geometry": { "type": "Point", "coordinates": [ 4170807.684378104284406, 7528853.606619800440967 ] } },
{ "type": "Feature", "properties": { "element": "node", "id": 9963490717, "amenity": "atm", "operator": "ПАО Сбербанк", "brand": "Сбербанк", "cash_in": null, "opening_hours": null }, "geometry": { "type": "Point", "coordinates": [ 4170805.94779404764995, 7528853.051354852505028 ] } },
{ "type": "Feature", "properties": { "element": "node", "id": 9973372472, "amenity": "atm", "operator": "АО \"Райффайзенбанк\"", "brand": "Райффайзен", "cash_in": null, "opening_hours": null }, "geometry": { "type": "Point", "coordinates": [ 4173533.642672802321613, 7495678.198751575313509 ] } },
{ "type": "Feature", "properties": { "element": "node", "id": 9985138767, "amenity": "atm", "operator": "Банк ВТБ (ПАО)", "brand": "ВТБ", "cash_in": "yes", "opening_hours": "05:30-01:00" }, "geometry": { "type": "Point", "coordinates": [ 4167768.606619702652097, 7528887.676166959106922 ] } },
{ "type": "Feature", "properties": { "element": "node", "id": 9996849881, "amenity": "atm", "operator": "АО \"Альфа-Банк\"", "brand": "Альфа-Банк", "cash_in": null, "opening_hours": null }, "geometry": { "type": "Point", "coordinates": [ 4190021.038870805408806, 7536121.663825066760182 ] } },
{ "type": "Feature", "properties": { "element": "node", "id": 9996849882, "amenity": "atm", "operator": "АО \"Райффайзенбанк\"", "brand": "Райффайзен", "cash_in": null, "opening_hours": null }, "geometry": { "type": "Point", "coordinates": [ 4190017.821737521328032, 7536122.338711705058813 ] } },
{ "type": "Feature", "properties": { "element": "node", "id": 9996849883, "amenity": "atm", "operator": "АО «ТБанк»", "brand": "Т-Банк", "cash_in": null, "opening_hours": null }, "geometry": { "type": "Point", "coordinates": [ 4189916.387417511083186, 7536139.965183633379638 ] } },
{ "type": "Feature", "properties": { "element": "node", "id": 9996849884, "amenity": "atm", "operator": "ПАО Сбербанк", "brand": "Сбербанк", "cash_in": null, "opening_hours": null }, "geometry": { "type": "Point", "coordinates": [ 4189884.060237384401262, 7536144.808500549755991 ] } },
{ "type": "Feature", "properties": { "element": "node", "id": 9996849885, "amenity": "atm", "operator": "ПАО \"Промсвязьбанк\"", "brand": "Промсвязьбанк", "cash_in": null, "opening_hours": null }, "geometry": { "type": "Point", "coordinates": [ 4189882.423840869683772, 7536145.324591876007617 ] } },
{ "type": "Feature", "properties": { "element": "node", "id": 9996849889, "amenity": "atm", "operator": "ПАО Сбербанк", "brand": "Сбербанк", "cash_in": null, "opening_hours": null }, "geometry": { "type": "Point", "coordinates": [ 4192942.886073452420533, 7532526.706860153004527 ] } },
{ "type": "Feature", "properties": { "element": "node", "id": 9996849890, "amenity": "atm", "operator": "АО \"Райффайзенбанк\"", "brand": "Райффайзен", "cash_in": null, "opening_hours": null }, "geometry": { "type": "Point", "coordinates": [ 4192967.387493375688791, 7532526.766381191089749 ] } },
{ "type": "Feature", "properties": { "element": "node", "id": 10001921935, "amenity": "atm", "operator": "АО «ТБанк»", "brand": "Т-Банк", "cash_in": null, "opening_hours": null }, "geometry": { "type": "Point", "coordinates": [ 4201694.701988180167973, 7519405.497560787945986 ] } },
{ "type": "Feature", "properties": { "element": "node", "id": 10018619818, "amenity": "atm", "operator": "АО «ТБанк»", "brand": "Т-Банк", "cash_in": null, "opening_hours": "Mo-Su 08:00-23:00" }, "geometry": { "type": "Point", "coordinates": [ 4173753.465271271299571, 7472237.327925207093358 ] } },
{ "type": "Feature", "properties": { "element": "node", "id": 10047578258, "amenity": "atm", "operator": "АО \"Россельхозбанк\"", "brand": "Россельхозбанк", "cash_in": "yes", "opening_hours": null }, "geometry": { "type": "Point", "coordinates": [ 4187949.483334684744477, 7500997.593030891381204 ] } },
{ "type": "Feature", "properties": { "element": "node", "id": 10055843663, "amenity": "atm", "operator": "Банк ВТБ (ПАО)", "brand": "ВТБ", "cash_in": "yes", "opening_hours": null }, "geometry": { "type": "Point", "coordinates": [ 4184991.323714140336961, 7518743.609125240705907 ] } },
{ "type": "Feature", "properties": { "element": "node", "id": 10085664451, "amenity": "atm", "operator": "АО \"Почта Банк\"", "brand": "Почта Банк", "cash_in": null, "opening_hours": null }, "geometry": { "type": "Point", "coordinates": [ 4184835.921704992186278, 7482902.971711586229503 ] } },
{ "type": "Feature", "properties": { "element": "node", "id": 10117243523, "amenity": "atm", "operator": "ПАО \"Промсвязьбанк\"", "brand": "Промсвязьбанк", "cash_in": null, "opening_hours": "Mo-Su 10:00-22:00" }, "geometry": { "type": "Point", "coordinates": [ 4158129.552099454216659, 7526602.197231834754348 ] } },
{ "type": "Feature", "properties": { "element": "node", "id": 10119667789, "amenity": "atm", "operator": "АО «ТБанк»", "brand": "Тинькофф Банк", "cash_in": "yes", "opening_hours": null }, "geometry": { "type": "Point", "coordinates": [ 4209025.591394625604153, 7522035.470535804517567 ] } },
{ "type": "Feature", "properties": { "element": "node", "id": 10123415186, "amenity": "atm", "operator": "ПАО Сбербанк", "brand": "Сбербанк", "cash_in": "yes", "opening_hours": null }, "geometry": { "type": "Point", "coordinates": [ 4157992.506674339063466, 7526543.217785750515759 ] } },
{ "type": "Feature", "properties": { "element": "node", "id": 10123415187, "amenity": "atm", "operator": "АО \"Альфа-Банк\"", "brand": "Альфа-Банк", "cash_in": null, "opening_hours": null }, "geometry": { "type": "Point", "coordinates": [ 4158014.303030635695904, 7526533.364792866632342 ] } },
{ "type": "Feature", "properties": { "element": "node", "id": 10123415188, "amenity": "atm", "operator": "АО «ТБанк»", "brand": "Т-Банк", "cash_in": null, "opening_hours": null }, "geometry": { "type": "Point", "coordinates": [ 4158011.909661584999412, 7526532.571795999072492 ] } },
{ "type": "Feature", "properties": { "element": "node", "id": 10157272084, "amenity": "atm", "operator": "АО \"Райффайзенбанк\"", "brand": "Райффайзен", "cash_in": null, "opening_hours": null }, "geometry": { "type": "Point", "coordinates": [ 4158016.60734409512952, 7526534.574113247916102 ] } },
{ "type": "Feature", "properties": { "element": "node", "id": 10157272085, "amenity": "atm", "operator": "ПАО Сбербанк", "brand": "Сбербанк", "cash_in": "yes", "opening_hours": null }, "geometry": { "type": "Point", "coordinates": [ 4157993.842508228030056, 7526539.054547783918679 ] } },
{ "type": "Feature", "properties": { "element": "node", "id": 10209861432, "amenity": "atm", "operator": "\"Азиатско-Тихоокеанский Банк\" (АО)", "brand": null, "cash_in": null, "opening_hours": "Mo-Fr 09:00-19:00" }, "geometry": { "type": "Point", "coordinates": [ 4192126.413268229458481, 7507337.075918236747384 ] } },
{ "type": "Feature", "properties": { "element": "node", "id": 10238025893, "amenity": "atm", "operator": "ПАО Сбербанк", "brand": "Сбербанк", "cash_in": "yes", "opening_hours": "24/7" }, "geometry": { "type": "Point", "coordinates": [ 4167254.043405459262431, 7528566.500318294391036 ] } },
{ "type": "Feature", "properties": { "element": "node", "id": 10265925449, "amenity": "atm", "operator": "ПАО Сбербанк", "brand": "Сбербанк", "cash_in": null, "opening_hours": null }, "geometry": { "type": "Point", "coordinates": [ 4188077.600936638191342, 7500823.731995274312794 ] } },
{ "type": "Feature", "properties": { "element": "node", "id": 10265925450, "amenity": "atm", "operator": "ПАО Сбербанк", "brand": "Сбербанк", "cash_in": null, "opening_hours": null }, "geometry": { "type": "Point", "coordinates": [ 4188094.432443646714091, 7500821.341161638498306 ] } },
{ "type": "Feature", "properties": { "element": "node", "id": 10267864011, "amenity": "atm", "operator": "Банк ГПБ (АО)", "brand": "Газпромбанк", "cash_in": null, "opening_hours": null }, "geometry": { "type": "Point", "coordinates": [ 4192165.419617803301662, 7507118.51864212192595 ] } },
{ "type": "Feature", "properties": { "element": "node", "id": 10279191947, "amenity": "atm", "operator": "ПАО Банк \"ФК Открытие\"", "brand": "Открытие", "cash_in": null, "opening_hours": null }, "geometry": { "type": "Point", "coordinates": [ 4187580.548278296831995, 7496958.819756994023919 ] } },
{ "type": "Feature", "properties": { "element": "node", "id": 10279191948, "amenity": "atm", "operator": "Уралсиб", "brand": "Уралсиб", "cash_in": null, "opening_hours": null }, "geometry": { "type": "Point", "coordinates": [ 4187582.685612520668656, 7496951.966832678765059 ] } },
{ "type": "Feature", "properties": { "element": "node", "id": 10279565906, "amenity": "atm", "operator": "Сбербанк", "brand": "Сбербанк", "cash_in": "yes", "opening_hours": null }, "geometry": { "type": "Point", "coordinates": [ 4173485.218694307375699, 7519677.645078610628843 ] } },
{ "type": "Feature", "properties": { "element": "node", "id": 10288133349, "amenity": "atm", "operator": "Банк ВТБ (ПАО)", "brand": "ВТБ", "cash_in": "no", "opening_hours": null }, "geometry": { "type": "Point", "coordinates": [ 4172293.621469009667635, 7519989.240031257271767 ] } },
{ "type": "Feature", "properties": { "element": "node", "id": 10288133351, "amenity": "atm", "operator": "ПАО Сбербанк", "brand": "Сбербанк", "cash_in": "yes", "opening_hours": null }, "geometry": { "type": "Point", "coordinates": [ 4172291.105648517142981, 7519989.14099074807018 ] } },
{ "type": "Feature", "properties": { "element": "node", "id": 10309568720, "amenity": "atm", "operator": "АО «ТБанк»", "brand": "Т-Банк", "cash_in": "yes", "opening_hours": null }, "geometry": { "type": "Point", "coordinates": [ 4173536.793014392722398, 7530385.933296735398471 ] } },
{ "type": "Feature", "properties": { "element": "node", "id": 10554207348, "amenity": "atm", "operator": "АО «ТБанк»", "brand": "Т-Банк", "cash_in": "yes", "opening_hours": null }, "geometry": { "type": "Point", "coordinates": [ 4167690.17090648971498, 7527753.645726084709167 ] } },
{ "type": "Feature", "properties": { "element": "node", "id": 10572314648, "amenity": "atm", "operator": "Банк ВТБ (ПАО)", "brand": "ВТБ", "cash_in": "yes", "opening_hours": "08:00-20:00" }, "geometry": { "type": "Point", "coordinates": [ 4187055.699143105652183, 7501457.447570637799799 ] } },
{ "type": "Feature", "properties": { "element": "node", "id": 10582065531, "amenity": "atm", "operator": "АО \"Райффайзенбанк\"", "brand": "Райффайзен", "cash_in": null, "opening_hours": "Mo-Su 07:00-23:00" }, "geometry": { "type": "Point", "coordinates": [ 4153259.457960637751967, 7484928.883616304025054 ] } },
{ "type": "Feature", "properties": { "element": "node", "id": 10654187863, "amenity": "atm", "operator": "АО «ТБанк»", "brand": "Т-Банк", "cash_in": "yes", "opening_hours": null }, "geometry": { "type": "Point", "coordinates": [ 4192354.618224355857819, 7527735.225478854961693 ] } },
{ "type": "Feature", "properties": { "element": "node", "id": 10657387228, "amenity": "atm", "operator": "АО «ТБанк»", "brand": "Т-Банк", "cash_in": null, "opening_hours": null }, "geometry": { "type": "Point", "coordinates": [ 4162118.552468643058091, 7518478.703301655128598 ] } },
{ "type": "Feature", "properties": { "element": "node", "id": 10669825284, "amenity": "atm", "operator": "АО ЮниКредит Банк", "brand": "ЮниКредит Банк", "cash_in": "no", "opening_hours": "Mo-Su 07:30-21:00" }, "geometry": { "type": "Point", "coordinates": [ 4186154.245038609951735, 7488745.048096863552928 ] } },
{ "type": "Feature", "properties": { "element": "node", "id": 10697371893, "amenity": "atm", "operator": "ПАО СКБ Приморья \"Примсоцбанк\"", "brand": null, "cash_in": null, "opening_hours": "Mo-Su 09:00-22:00" }, "geometry": { "type": "Point", "coordinates": [ 4189592.347511759959161, 7503033.31712606176734 ] } },
{ "type": "Feature", "properties": { "element": "node", "id": 10711824086, "amenity": "atm", "operator": "ВТБ", "brand": "ВТБ", "cash_in": "no", "opening_hours": null }, "geometry": { "type": "Point", "coordinates": [ 4173058.364106860477477, 7519481.040311962366104 ] } },
{ "type": "Feature", "properties": { "element": "node", "id": 10752457315, "amenity": "atm", "operator": "ПАО РОСБАНК", "brand": "Росбанк", "cash_in": null, "opening_hours": "24/7" }, "geometry": { "type": "Point", "coordinates": [ 4191971.022391031030566, 7501004.33099050540477 ] } },
{ "type": "Feature", "properties": { "element": "node", "id": 10783331939, "amenity": "atm", "operator": "ПАО Сбербанк", "brand": "Сбербанк", "cash_in": null, "opening_hours": null }, "geometry": { "type": "Point", "coordinates": [ 4219596.022698493674397, 7503274.508494815789163 ] } },
{ "type": "Feature", "properties": { "element": "node", "id": 10811625618, "amenity": "atm", "operator": "АО «ТБанк»", "brand": "Т-Банк", "cash_in": null, "opening_hours": "24/7" }, "geometry": { "type": "Point", "coordinates": [ 4206149.763669472187757, 7502515.205124648287892 ] } },
{ "type": "Feature", "properties": { "element": "node", "id": 10841373799, "amenity": "atm", "operator": "АО «ТБанк»", "brand": "Т-Банк", "cash_in": null, "opening_hours": null }, "geometry": { "type": "Point", "coordinates": [ 4198271.160104425624013, 7513091.341602997854352 ] } },
{ "type": "Feature", "properties": { "element": "node", "id": 10841373800, "amenity": "atm", "operator": "ПАО Сбербанк", "brand": "Сбербанк", "cash_in": null, "opening_hours": null }, "geometry": { "type": "Point", "coordinates": [ 4198450.618255533277988, 7512915.921545189805329 ] } },
{ "type": "Feature", "properties": { "element": "node", "id": 10861661519, "amenity": "atm", "operator": "ПАО Сбербанк", "brand": "Сбербанк", "cash_in": null, "opening_hours": null }, "geometry": { "type": "Point", "coordinates": [ 4189186.231745448429137, 7499072.852113033644855 ] } },
{ "type": "Feature", "properties": { "element": "node", "id": 10871536105, "amenity": "atm", "operator": "ПАО Сбербанк", "brand": "Сбербанк", "cash_in": null, "opening_hours": "Mo-Su 10:00-22:00" }, "geometry": { "type": "Point", "coordinates": [ 4178506.184138996526599, 7480547.725221948698163 ] } },
{ "type": "Feature", "properties": { "element": "node", "id": 10871536205, "amenity": "atm", "operator": "ПАО Сбербанк", "brand": "Сбербанк", "cash_in": "yes", "opening_hours": "24/7" }, "geometry": { "type": "Point", "coordinates": [ 4180204.463158589787781, 7481240.226517813280225 ] } },
{ "type": "Feature", "properties": { "element": "node", "id": 10878038622, "amenity": "atm", "operator": "Сбербанк", "brand": "Сбербанк", "cash_in": null, "opening_hours": "09:00-23:00" }, "geometry": { "type": "Point", "coordinates": [ 4180983.621670499444008, 7536705.323903348296881 ] } },
{ "type": "Feature", "properties": { "element": "node", "id": 10886411305, "amenity": "atm", "operator": "АО «Ишбанк»", "brand": null, "cash_in": "yes", "opening_hours": "24/7" }, "geometry": { "type": "Point", "coordinates": [ 4180673.185006523970515, 7491491.625708791427314 ] } },
{ "type": "Feature", "properties": { "element": "node", "id": 10922438337, "amenity": "atm", "operator": "АО \"Альфа-Банк\"", "brand": "Альфа-Банк", "cash_in": null, "opening_hours": null }, "geometry": { "type": "Point", "coordinates": [ 4192702.079750968609005, 7513336.192243222147226 ] } },
{ "type": "Feature", "properties": { "element": "node", "id": 10922438338, "amenity": "atm", "operator": "Банк ГПБ (АО)", "brand": "Газпромбанк", "cash_in": null, "opening_hours": null }, "geometry": { "type": "Point", "coordinates": [ 4192696.703019563574344, 7513337.082839269191027 ] } },
{ "type": "Feature", "properties": { "element": "node", "id": 10922438339, "amenity": "atm", "operator": "АО «ТБанк»", "brand": "Т-Банк", "cash_in": null, "opening_hours": null }, "geometry": { "type": "Point", "coordinates": [ 4192691.927413408644497, 7513338.131763633340597 ] } },
{ "type": "Feature", "properties": { "element": "node", "id": 11011826850, "amenity": "atm", "operator": "АО \"Альфа-Банк\"", "brand": "Альфа-Банк", "cash_in": "yes", "opening_hours": null }, "geometry": { "type": "Point", "coordinates": [ 4184999.305321630556136, 7518744.183467429131269 ] } },
{ "type": "Feature", "properties": { "element": "node", "id": 11011826851, "amenity": "atm", "operator": "АО «ТБанк»", "brand": "Т-Банк", "cash_in": "yes", "opening_hours": null }, "geometry": { "type": "Point", "coordinates": [ 4184995.320083859376609, 7518743.708149753510952 ] } },
{ "type": "Feature", "properties": { "element": "node", "id": 11011826852, "amenity": "atm", "operator": "ПАО Сбербанк", "brand": "Сбербанк", "cash_in": "yes", "opening_hours": null }, "geometry": { "type": "Point", "coordinates": [ 4185020.533948524389416, 7518746.540251342579722 ] } },
{ "type": "Feature", "properties": { "element": "node", "id": 11011826853, "amenity": "atm", "operator": "ПАО Сбербанк", "brand": "Сбербанк", "cash_in": "yes", "opening_hours": null }, "geometry": { "type": "Point", "coordinates": [ 4185013.643272044602782, 7518746.381812065839767 ] } },
{ "type": "Feature", "properties": { "element": "node", "id": 11033189877, "amenity": "atm", "operator": "ПАО Сбербанк", "brand": "Сбербанк", "cash_in": null, "opening_hours": null }, "geometry": { "type": "Point", "coordinates": [ 4209999.614675169810653, 7519706.940132920630276 ] } },
{ "type": "Feature", "properties": { "element": "node", "id": 11049032553, "amenity": "atm", "operator": "ПАО Сбербанк", "brand": "Сбербанк", "cash_in": null, "opening_hours": null }, "geometry": { "type": "Point", "coordinates": [ 4172151.433083418756723, 7534383.193295324221253 ] } },
{ "type": "Feature", "properties": { "element": "node", "id": 11049032554, "amenity": "atm", "operator": "АО «ТБанк»", "brand": "Т-Банк", "cash_in": null, "opening_hours": null }, "geometry": { "type": "Point", "coordinates": [ 4172157.310752532910556, 7534388.333185033872724 ] } },
{ "type": "Feature", "properties": { "element": "node", "id": 11164790324, "amenity": "atm", "operator": "АО «ТБанк»", "brand": "Тинькофф Банк", "cash_in": null, "opening_hours": "Mo-Su 10:00-22:00" }, "geometry": { "type": "Point", "coordinates": [ 4188465.09295214060694, 7510829.552001145668328 ] } },
{ "type": "Feature", "properties": { "element": "node", "id": 11164798675, "amenity": "atm", "operator": "Сбербанк", "brand": "Сбербанк", "cash_in": null, "opening_hours": "Mo-Su 10:00-22:00" }, "geometry": { "type": "Point", "coordinates": [ 4188465.348986968863755, 7510824.388224166817963 ] } },
{ "type": "Feature", "properties": { "element": "node", "id": 11164804857, "amenity": "atm", "operator": "Альфа-Банк", "brand": "Альфа-Банк", "cash_in": null, "opening_hours": "Mo-Su 10:00-22:00" }, "geometry": { "type": "Point", "coordinates": [ 4188466.874063993338495, 7510836.634888598695397 ] } },
{ "type": "Feature", "properties": { "element": "node", "id": 11171038095, "amenity": "atm", "operator": "Банк ВТБ (ПАО)", "brand": "ВТБ", "cash_in": null, "opening_hours": null }, "geometry": { "type": "Point", "coordinates": [ 4185244.519895949866623, 7475921.513341254554689 ] } },
{ "type": "Feature", "properties": { "element": "node", "id": 11171038096, "amenity": "atm", "operator": "Банк ВТБ (ПАО)", "brand": "ВТБ", "cash_in": null, "opening_hours": null }, "geometry": { "type": "Point", "coordinates": [ 4185266.739266311284155, 7475918.007565754465759 ] } },
{ "type": "Feature", "properties": { "element": "node", "id": 11173518588, "amenity": "atm", "operator": "ПАО Сбербанк", "brand": "Сбербанк", "cash_in": "yes", "opening_hours": null }, "geometry": { "type": "Point", "coordinates": [ 4171184.845944860484451, 7506357.156306116841733 ] } },
{ "type": "Feature", "properties": { "element": "node", "id": 11173518589, "amenity": "atm", "operator": "АО \"Альфа-Банк\"", "brand": "Альфа-Банк", "cash_in": "yes", "opening_hours": null }, "geometry": { "type": "Point", "coordinates": [ 4171187.116862473543733, 7506357.334264277480543 ] } },
{ "type": "Feature", "properties": { "element": "node", "id": 11176622014, "amenity": "atm", "operator": "Банк ВТБ (ПАО)", "brand": "ВТБ", "cash_in": null, "opening_hours": "06:00-01:00" }, "geometry": { "type": "Point", "coordinates": [ 4183944.708993650972843, 7500269.928005460649729 ] } },
{ "type": "Feature", "properties": { "element": "node", "id": 11181695310, "amenity": "atm", "operator": "Банк ВТБ (ПАО)", "brand": "ВТБ", "cash_in": null, "opening_hours": null }, "geometry": { "type": "Point", "coordinates": [ 4172395.367483593989164, 7534056.866931540891528 ] } },
{ "type": "Feature", "properties": { "element": "node", "id": 11184160858, "amenity": "atm", "operator": "ВТБ", "brand": "ВТБ", "cash_in": null, "opening_hours": null }, "geometry": { "type": "Point", "coordinates": [ 4179481.498725632671267, 7538401.609354441985488 ] } },
{ "type": "Feature", "properties": { "element": "node", "id": 11186131435, "amenity": "atm", "operator": "ВТБ", "brand": "ВТБ", "cash_in": null, "opening_hours": null }, "geometry": { "type": "Point", "coordinates": [ 4179617.998685243073851, 7542638.127325583249331 ] } },
{ "type": "Feature", "properties": { "element": "node", "id": 11191207573, "amenity": "atm", "operator": "ПАО \"МОСКОВСКИЙ КРЕДИТНЫЙ БАНК\"", "brand": null, "cash_in": "no", "opening_hours": "24/7" }, "geometry": { "type": "Point", "coordinates": [ 4186160.957603904884309, 7488448.619668828323483 ] } },
{ "type": "Feature", "properties": { "element": "node", "id": 11197689058, "amenity": "atm", "operator": "АО «ТБанк»", "brand": "Тинькофф Банк", "cash_in": "yes", "opening_hours": null }, "geometry": { "type": "Point", "coordinates": [ 4198878.419058652594686, 7519941.02726237103343 ] } },
{ "type": "Feature", "properties": { "element": "node", "id": 11205087437, "amenity": "atm", "operator": "ПАО Сбербанк", "brand": "Сбербанк", "cash_in": null, "opening_hours": "24/7" }, "geometry": { "type": "Point", "coordinates": [ 4175952.258985370397568, 7498176.643456423655152 ] } },
{ "type": "Feature", "properties": { "element": "node", "id": 11215885509, "amenity": "atm", "operator": "АО \"Альфа-Банк\"", "brand": "Альфа-Банк", "cash_in": null, "opening_hours": "Mo-Su 10:00-22:00" }, "geometry": { "type": "Point", "coordinates": [ 4181791.845701454672962, 7507714.958095631562173 ] } },
{ "type": "Feature", "properties": { "element": "node", "id": 11221827340, "amenity": "atm", "operator": "Райффайзен", "brand": "Райффайзен", "cash_in": null, "opening_hours": "24/7" }, "geometry": { "type": "Point", "coordinates": [ 4186839.639143424108624, 7509411.265558660030365 ] } },
{ "type": "Feature", "properties": { "element": "node", "id": 11224311988, "amenity": "atm", "operator": "Банк ВТБ (ПАО)", "brand": "ВТБ", "cash_in": null, "opening_hours": null }, "geometry": { "type": "Point", "coordinates": [ 4180380.25889845052734, 7479514.133952477015555 ] } },
{ "type": "Feature", "properties": { "element": "node", "id": 11227517338, "amenity": "atm", "operator": "АО «ТБанк»", "brand": "Т-Банк", "cash_in": null, "opening_hours": null }, "geometry": { "type": "Point", "coordinates": [ 4176497.446191529743373, 7485448.144044265151024 ] } },
{ "type": "Feature", "properties": { "element": "node", "id": 11229736418, "amenity": "atm", "operator": "Банк ВТБ (ПАО)", "brand": "ВТБ", "cash_in": null, "opening_hours": null }, "geometry": { "type": "Point", "coordinates": [ 4186161.547597206197679, 7481813.442532596178353 ] } },
{ "type": "Feature", "properties": { "element": "node", "id": 11251836533, "amenity": "atm", "operator": "ПАО Сбербанк", "brand": "Сбербанк", "cash_in": null, "opening_hours": null }, "geometry": { "type": "Point", "coordinates": [ 4192500.691660175099969, 7494173.932872381061316 ] } },
{ "type": "Feature", "properties": { "element": "node", "id": 11288672948, "amenity": "atm", "operator": "ПАО \"Банк \"Санкт-Петербург\"", "brand": null, "cash_in": null, "opening_hours": "24/7" }, "geometry": { "type": "Point", "coordinates": [ 4188151.750849455595016, 7506114.64269120618701 ] } },
{ "type": "Feature", "properties": { "element": "node", "id": 11288672950, "amenity": "atm", "operator": "ПАО \"Банк \"Санкт-Петербург\"", "brand": null, "cash_in": null, "opening_hours": "Mo-Fr 10:00-18:00" }, "geometry": { "type": "Point", "coordinates": [ 4192539.230467887595296, 7509593.07446959707886 ] } },
{ "type": "Feature", "properties": { "element": "node", "id": 11289345386, "amenity": "atm", "operator": "АО «ТБанк»", "brand": "Т-Банк", "cash_in": "yes", "opening_hours": null }, "geometry": { "type": "Point", "coordinates": [ 4185678.231764029245824, 7537235.743974632583559 ] } },
{ "type": "Feature", "properties": { "element": "node", "id": 11295399327, "amenity": "atm", "operator": "АО «ТБанк»", "brand": "Т-Банк", "cash_in": null, "opening_hours": null }, "geometry": { "type": "Point", "coordinates": [ 4187734.269363133702427, 7505881.567892296239734 ] } },
{ "type": "Feature", "properties": { "element": "node", "id": 11296271221, "amenity": "atm", "operator": "АО «ТБанк»", "brand": "Тинькофф Банк", "cash_in": null, "opening_hours": "08:00-23:00" }, "geometry": { "type": "Point", "coordinates": [ 4201880.137995942495763, 7494337.338716591708362 ] } },
{ "type": "Feature", "properties": { "element": "node", "id": 11327690598, "amenity": "atm", "operator": "АО \"Альфа-Банк\"", "brand": "Альфа-Банк", "cash_in": "yes", "opening_hours": null }, "geometry": { "type": "Point", "coordinates": [ 4199303.125179926864803, 7495504.536434868350625 ] } },
{ "type": "Feature", "properties": { "element": "node", "id": 11327691761, "amenity": "atm", "operator": "ПАО Сбербанк", "brand": "Сбербанк", "cash_in": null, "opening_hours": null }, "geometry": { "type": "Point", "coordinates": [ 4199508.420584847219288, 7495429.010835750028491 ] } },
{ "type": "Feature", "properties": { "element": "node", "id": 11343828318, "amenity": "atm", "operator": "Банк ВТБ (ПАО)", "brand": "ВТБ", "cash_in": null, "opening_hours": null }, "geometry": { "type": "Point", "coordinates": [ 4167797.705534595996141, 7528517.282035923562944 ] } },
{ "type": "Feature", "properties": { "element": "node", "id": 11368909677, "amenity": "atm", "operator": "ПАО Сбербанк", "brand": "Сбербанк", "cash_in": "yes", "opening_hours": null }, "geometry": { "type": "Point", "coordinates": [ 4185086.71338580083102, 7496995.019887513481081 ] } },
{ "type": "Feature", "properties": { "element": "node", "id": 11407140380, "amenity": "atm", "operator": "ПАО Сбербанк", "brand": "Сбербанк", "cash_in": "yes", "opening_hours": null }, "geometry": { "type": "Point", "coordinates": [ 4174024.828793978318572, 7535132.800068016164005 ] } },
{ "type": "Feature", "properties": { "element": "node", "id": 11409835104, "amenity": "atm", "operator": "АО «ТБанк»", "brand": "Т-Банк", "cash_in": "yes", "opening_hours": null }, "geometry": { "type": "Point", "coordinates": [ 4163747.579633013345301, 7520889.78872908744961 ] } },
{ "type": "Feature", "properties": { "element": "node", "id": 11409835105, "amenity": "atm", "operator": "АО \"Альфа-Банк\"", "brand": "Альфа-Банк", "cash_in": "yes", "opening_hours": null }, "geometry": { "type": "Point", "coordinates": [ 4163763.58737578894943, 7520869.601942367851734 ] } },
{ "type": "Feature", "properties": { "element": "node", "id": 11409835106, "amenity": "atm", "operator": "ПАО Сбербанк", "brand": "Сбербанк", "cash_in": "yes", "opening_hours": null }, "geometry": { "type": "Point", "coordinates": [ 4163744.952493030577898, 7520859.934491092339158 ] } },
{ "type": "Feature", "properties": { "element": "node", "id": 11409835107, "amenity": "atm", "operator": "\"СДМ-Банк\" (ПАО)", "brand": null, "cash_in": "no", "opening_hours": null }, "geometry": { "type": "Point", "coordinates": [ 4163737.193524521775544, 7520869.245355835184455 ] } },
{ "type": "Feature", "properties": { "element": "node", "id": 11435104482, "amenity": "atm", "operator": "АО «ТБанк»", "brand": "Т-Банк", "cash_in": "yes", "opening_hours": null }, "geometry": { "type": "Point", "coordinates": [ 4157418.944129975512624, 7498080.312649828381836 ] } },
{ "type": "Feature", "properties": { "element": "node", "id": 11455415899, "amenity": "atm", "operator": "Банк ГПБ (АО)", "brand": "Газпромбанк", "cash_in": null, "opening_hours": null }, "geometry": { "type": "Point", "coordinates": [ 4157440.161624920554459, 7497791.998981645330787 ] } },
{ "type": "Feature", "properties": { "element": "node", "id": 11477263262, "amenity": "atm", "operator": "АО \"Альфа-Банк\"", "brand": "Альфа-Банк", "cash_in": null, "opening_hours": "Mo-Su 10:00-22:00" }, "geometry": { "type": "Point", "coordinates": [ 4186095.94702128181234, 7521410.146654409356415 ] } },
{ "type": "Feature", "properties": { "element": "node", "id": 11477279180, "amenity": "atm", "operator": "ПАО Сбербанк", "brand": "Сбербанк", "cash_in": null, "opening_hours": "Mo-Su 09:00-21:00" }, "geometry": { "type": "Point", "coordinates": [ 4186113.869459299370646, 7521446.422058102674782 ] } },
{ "type": "Feature", "properties": { "element": "node", "id": 11481235075, "amenity": "atm", "operator": "Банк ВТБ (ПАО)", "brand": "ВТБ", "cash_in": null, "opening_hours": null }, "geometry": { "type": "Point", "coordinates": [ 4192905.260085564572364, 7513106.738544888794422 ] } },
{ "type": "Feature", "properties": { "element": "node", "id": 11481235076, "amenity": "atm", "operator": "ПАО РОСБАНК", "brand": "Росбанк", "cash_in": null, "opening_hours": null }, "geometry": { "type": "Point", "coordinates": [ 4192896.309998505283147, 7513108.519684109836817 ] } },
{ "type": "Feature", "properties": { "element": "node", "id": 11487140663, "amenity": "atm", "operator": "ПАО \"МОСКОВСКИЙ КРЕДИТНЫЙ БАНК\"", "brand": "МКБ", "cash_in": null, "opening_hours": "Mo-Su 09:00-21:00" }, "geometry": { "type": "Point", "coordinates": [ 4182770.344025527127087, 7517139.974879113025963 ] } },
{ "type": "Feature", "properties": { "element": "node", "id": 11503408639, "amenity": "atm", "operator": "ВТБ", "brand": "ВТБ", "cash_in": null, "opening_hours": null }, "geometry": { "type": "Point", "coordinates": [ 4177407.09341054642573, 7487815.615564373321831 ] } },
{ "type": "Feature", "properties": { "element": "node", "id": 11526519008, "amenity": "atm", "operator": "ПАО Сбербанк", "brand": "Сбербанк", "cash_in": null, "opening_hours": null }, "geometry": { "type": "Point", "coordinates": [ 4189460.667686101049185, 7515940.120873425155878 ] } },
{ "type": "Feature", "properties": { "element": "node", "id": 11536657949, "amenity": "atm", "operator": "ПАО Сбербанк", "brand": "Сбербанк", "cash_in": null, "opening_hours": null }, "geometry": { "type": "Point", "coordinates": [ 4157489.465027392841876, 7497192.731287241913378 ] } },
{ "type": "Feature", "properties": { "element": "node", "id": 11617079709, "amenity": "atm", "operator": "АО \"Райффайзенбанк\"", "brand": "Райффайзен", "cash_in": null, "opening_hours": null }, "geometry": { "type": "Point", "coordinates": [ 4184435.08248254423961, 7523192.538646807894111 ] } },
{ "type": "Feature", "properties": { "element": "node", "id": 11617079711, "amenity": "atm", "operator": "ПАО Сбербанк", "brand": "Сбербанк", "cash_in": null, "opening_hours": null }, "geometry": { "type": "Point", "coordinates": [ 4184445.980660693254322, 7523198.800610534846783 ] } },
{ "type": "Feature", "properties": { "element": "node", "id": 11617079712, "amenity": "atm", "operator": "АО \"Альфа-Банк\"", "brand": "Альфа-Банк", "cash_in": null, "opening_hours": null }, "geometry": { "type": "Point", "coordinates": [ 4184440.615061237011105, 7523195.372382925823331 ] } },
{ "type": "Feature", "properties": { "element": "node", "id": 11617079713, "amenity": "atm", "operator": "АО «ТБанк»", "brand": "Т-Банк", "cash_in": null, "opening_hours": null }, "geometry": { "type": "Point", "coordinates": [ 4184451.513239385560155, 7523202.248656022362411 ] } },
{ "type": "Feature", "properties": { "element": "node", "id": 11619507158, "amenity": "atm", "operator": "Банк ВТБ (ПАО)", "brand": "ВТБ", "cash_in": null, "opening_hours": null }, "geometry": { "type": "Point", "coordinates": [ 4192041.665739888325334, 7514032.471825406886637 ] } },
{ "type": "Feature", "properties": { "element": "node", "id": 11623725790, "amenity": "atm", "operator": "Банк ВТБ (ПАО)", "brand": "ВТБ", "cash_in": null, "opening_hours": "Mo-Su 08:00-20:00" }, "geometry": { "type": "Point", "coordinates": [ 4183416.620461276732385, 7524346.113868303596973 ] } },
{ "type": "Feature", "properties": { "element": "node", "id": 11678038358, "amenity": "atm", "operator": "ПАО Сбербанк", "brand": "Сбербанк", "cash_in": null, "opening_hours": "24/7" }, "geometry": { "type": "Point", "coordinates": [ 4214566.663764198310673, 7507010.250840086489916 ] } },
{ "type": "Feature", "properties": { "element": "node", "id": 11699000905, "amenity": "atm", "operator": "ПАО Сбербанк", "brand": "Сбербанк", "cash_in": null, "opening_hours": "Mo-Su 08:30-23:00" }, "geometry": { "type": "Point", "coordinates": [ 4182179.749599073082209, 7527020.51818766631186 ] } },
{ "type": "Feature", "properties": { "element": "node", "id": 11699186376, "amenity": "atm", "operator": "ПАО Сбербанк", "brand": "Сбербанк", "cash_in": null, "opening_hours": "Mo-Su 09:00-23:00" }, "geometry": { "type": "Point", "coordinates": [ 4182128.086223395075649, 7528012.406273794360459 ] } },
{ "type": "Feature", "properties": { "element": "node", "id": 11717137969, "amenity": "atm", "operator": "АО «ТБанк»", "brand": "Т-Банк", "cash_in": null, "opening_hours": "Mo-Su 08:00-23:59" }, "geometry": { "type": "Point", "coordinates": [ 4200516.118011355400085, 7480596.067042638547719 ] } },
{ "type": "Feature", "properties": { "element": "node", "id": 11718405531, "amenity": "atm", "operator": "ПАО Сбербанк", "brand": "Сбербанк", "cash_in": null, "opening_hours": "Mo-Su 08:00-23:00" }, "geometry": { "type": "Point", "coordinates": [ 4199252.675186698324978, 7480808.356839677318931 ] } },
{ "type": "Feature", "properties": { "element": "node", "id": 11758187843, "amenity": "atm", "operator": "АО «ТБанк»", "brand": "Т-Банк", "cash_in": null, "opening_hours": null }, "geometry": { "type": "Point", "coordinates": [ 4185801.685079319402575, 7497042.339026517234743 ] } },
{ "type": "Feature", "properties": { "element": "node", "id": 11758187844, "amenity": "atm", "operator": "АО \"Райффайзенбанк\"", "brand": "Райффайзен", "cash_in": null, "opening_hours": null }, "geometry": { "type": "Point", "coordinates": [ 4185797.343619178049266, 7497045.439664696343243 ] } },
{ "type": "Feature", "properties": { "element": "node", "id": 11822889767, "amenity": "atm", "operator": "ПАО \"Промсвязьбанк\"", "brand": "Промсвязьбанк", "cash_in": null, "opening_hours": null }, "geometry": { "type": "Point", "coordinates": [ 4190606.991274494212121, 7508445.955934729427099 ] } },
{ "type": "Feature", "properties": { "element": "node", "id": 11841159841, "amenity": "atm", "operator": "ПАО Сбербанк", "brand": "Сбербанк", "cash_in": "yes", "opening_hours": null }, "geometry": { "type": "Point", "coordinates": [ 4192702.135410713497549, 7513323.427044493146241 ] } },
{ "type": "Feature", "properties": { "element": "node", "id": 11925839668, "amenity": "atm", "operator": "АО «ТБанк»", "brand": "Т-Банк", "cash_in": "yes", "opening_hours": null }, "geometry": { "type": "Point", "coordinates": [ 4172592.99297559959814, 7472575.895003309473395 ] } },
{ "type": "Feature", "properties": { "element": "node", "id": 11925901527, "amenity": "atm", "operator": "ПАО Сбербанк", "brand": "Сбербанк", "cash_in": "yes", "opening_hours": null }, "geometry": { "type": "Point", "coordinates": [ 4172007.129627502989024, 7472860.217754202894866 ] } },
{ "type": "Feature", "properties": { "element": "node", "id": 11925914369, "amenity": "atm", "operator": "АО \"Альфа-Банк\"", "brand": "Альфа-Банк", "cash_in": null, "opening_hours": null }, "geometry": { "type": "Point", "coordinates": [ 4172584.877784720622003, 7472576.524982616305351 ] } },
{ "type": "Feature", "properties": { "element": "node", "id": 11999386240, "amenity": "atm", "operator": "ПАО Сбербанк", "brand": "Сбербанк", "cash_in": null, "opening_hours": null }, "geometry": { "type": "Point", "coordinates": [ 4182269.985178309027106, 7490324.244937806390226 ] } },
{ "type": "Feature", "properties": { "element": "node", "id": 12000692198, "amenity": "atm", "operator": "АО «ТБанк»", "brand": "Т-Банк", "cash_in": null, "opening_hours": null }, "geometry": { "type": "Point", "coordinates": [ 4177980.155017202254385, 7487250.494761689566076 ] } },
{ "type": "Feature", "properties": { "element": "node", "id": 12000692199, "amenity": "atm", "operator": "Сбербанк", "brand": "Сбербанк", "cash_in": null, "opening_hours": null }, "geometry": { "type": "Point", "coordinates": [ 4177984.374025903176516, 7487247.812262386083603 ] } },
{ "type": "Feature", "properties": { "element": "node", "id": 12000767597, "amenity": "atm", "operator": "Банк ВТБ (ПАО)", "brand": "ВТБ", "cash_in": "yes", "opening_hours": null }, "geometry": { "type": "Point", "coordinates": [ 4184698.364210219588131, 7500204.313489459455013 ] } },
{ "type": "Feature", "properties": { "element": "node", "id": 12000797488, "amenity": "atm", "operator": "АО «ТБанк»", "brand": "Т-Банк", "cash_in": null, "opening_hours": null }, "geometry": { "type": "Point", "coordinates": [ 4184800.366259633563459, 7500148.67692634742707 ] } },
{ "type": "Feature", "properties": { "element": "node", "id": 12026306247, "amenity": "atm", "operator": "Банк ВТБ (ПАО)", "brand": "ВТБ", "cash_in": "yes", "opening_hours": null }, "geometry": { "type": "Point", "coordinates": [ 4198937.117826147004962, 7509454.388163805007935 ] } },
{ "type": "Feature", "properties": { "element": "node", "id": 12048027167, "amenity": "atm", "operator": "Банк ВТБ (ПАО)", "brand": "ВТБ", "cash_in": null, "opening_hours": null }, "geometry": { "type": "Point", "coordinates": [ 4186349.521689360029995, 7512308.59207199793309 ] } },
{ "type": "Feature", "properties": { "element": "node", "id": 12052800011, "amenity": "atm", "operator": "АО «ТБанк»", "brand": "Т-Банк", "cash_in": "yes", "opening_hours": null }, "geometry": { "type": "Point", "coordinates": [ 4182495.830161231104285, 7490191.152987094596028 ] } },
{ "type": "Feature", "properties": { "element": "node", "id": 12059173927, "amenity": "atm", "operator": "ПАО \"АК БАРС\" БАНК", "brand": "Ак Барс Банк", "cash_in": null, "opening_hours": "Mo-Su 07:30-21:00" }, "geometry": { "type": "Point", "coordinates": [ 4188001.85915510263294, 7525656.796204132027924 ] } },
{ "type": "Feature", "properties": { "element": "node", "id": 12059173935, "amenity": "atm", "operator": "ПАО \"АК БАРС\" БАНК", "brand": "Ак Барс Банк", "cash_in": null, "opening_hours": "24/7" }, "geometry": { "type": "Point", "coordinates": [ 4192719.612570768687874, 7506247.89076959900558 ] } },
{ "type": "Feature", "properties": { "element": "node", "id": 12059173981, "amenity": "atm", "operator": "ПАО \"АК БАРС\" БАНК", "brand": "Ак Барс Банк", "cash_in": null, "opening_hours": "24/7" }, "geometry": { "type": "Point", "coordinates": [ 4186114.103230230044574, 7531016.925068100914359 ] } },
{ "type": "Feature", "properties": { "element": "node", "id": 12087798225, "amenity": "atm", "operator": "ПАО \"МОСКОВСКИЙ КРЕДИТНЫЙ БАНК\"", "brand": "МКБ", "cash_in": null, "opening_hours": null }, "geometry": { "type": "Point", "coordinates": [ 4183650.168752960395068, 7511022.691612961702049 ] } },
{ "type": "Feature", "properties": { "element": "node", "id": 12091583615, "amenity": "atm", "operator": "АО «ТБанк»", "brand": "Т-Банк", "cash_in": null, "opening_hours": "24/7" }, "geometry": { "type": "Point", "coordinates": [ 4190188.94205876858905, 7504832.897471419535577 ] } },
{ "type": "Feature", "properties": { "element": "node", "id": 12092080396, "amenity": "atm", "operator": "АО «ТБанк»", "brand": "Т-Банк", "cash_in": null, "opening_hours": null }, "geometry": { "type": "Point", "coordinates": [ 4185690.911054030526429, 7512306.15810089930892 ] } },
{ "type": "Feature", "properties": { "element": "node", "id": 12109702701, "amenity": "atm", "operator": "АО «ТБанк»", "brand": "Т-Банк", "cash_in": null, "opening_hours": "Mo-Su 08:00-22:00" }, "geometry": { "type": "Point", "coordinates": [ 4173376.860301969572902, 7519590.909393897280097 ] } },
{ "type": "Feature", "properties": { "element": "node", "id": 12110020093, "amenity": "atm", "operator": null, "brand": "Criptamat", "cash_in": "yes", "opening_hours": null }, "geometry": { "type": "Point", "coordinates": [ 4178187.287193721160293, 7516591.453252082690597 ] } },
{ "type": "Feature", "properties": { "element": "node", "id": 12110042007, "amenity": "atm", "operator": "Открытие", "brand": "Открытие", "cash_in": "yes", "opening_hours": null }, "geometry": { "type": "Point", "coordinates": [ 4178183.61365052498877, 7516590.384085836820304 ] } },
{ "type": "Feature", "properties": { "element": "node", "id": 12110042008, "amenity": "atm", "operator": "Уралсиб", "brand": "Уралсиб", "cash_in": "yes", "opening_hours": null }, "geometry": { "type": "Point", "coordinates": [ 4178184.537602297961712, 7516591.492850835435092 ] } },
{ "type": "Feature", "properties": { "element": "node", "id": 12120726261, "amenity": "atm", "operator": "АО «ТБанк»", "brand": "Т-Банк", "cash_in": null, "opening_hours": null }, "geometry": { "type": "Point", "coordinates": [ 4157943.837792964186519, 7529228.518745355308056 ] } },
{ "type": "Feature", "properties": { "element": "node", "id": 12159545258, "amenity": "atm", "operator": "Банк ГПБ (АО)", "brand": "Газпромбанк", "cash_in": null, "opening_hours": null }, "geometry": { "type": "Point", "coordinates": [ 4190137.111703855916858, 7513623.424695225432515 ] } },
{ "type": "Feature", "properties": { "element": "node", "id": 12159545259, "amenity": "atm", "operator": "Банк ГПБ (АО)", "brand": "Газпромбанк", "cash_in": null, "opening_hours": null }, "geometry": { "type": "Point", "coordinates": [ 4187887.444982465356588, 7512958.628362485207617 ] } },
{ "type": "Feature", "properties": { "element": "node", "id": 12159545260, "amenity": "atm", "operator": "Банк ГПБ (АО)", "brand": "Газпромбанк", "cash_in": null, "opening_hours": null }, "geometry": { "type": "Point", "coordinates": [ 4186216.272258880548179, 7512550.033948233351111 ] } },
{ "type": "Feature", "properties": { "element": "node", "id": 12159545261, "amenity": "atm", "operator": "Банк ГПБ (АО)", "brand": "Газпромбанк", "cash_in": null, "opening_hours": null }, "geometry": { "type": "Point", "coordinates": [ 4189487.840773803181946, 7503622.423965205438435 ] } },
{ "type": "Feature", "properties": { "element": "node", "id": 12160555349, "amenity": "atm", "operator": "ПАО \"Промсвязьбанк\"", "brand": "Промсвязьбанк", "cash_in": null, "opening_hours": null }, "geometry": { "type": "Point", "coordinates": [ 4192823.217620849609375, 7494617.942078604362905 ] } },
{ "type": "Feature", "properties": { "element": "node", "id": 12188595915, "amenity": "atm", "operator": "ПАО Сбербанк", "brand": "Сбербанк", "cash_in": "yes", "opening_hours": null }, "geometry": { "type": "Point", "coordinates": [ 4192171.931808014865965, 7485264.95055026281625 ] } },
{ "type": "Feature", "properties": { "element": "node", "id": 12219008731, "amenity": "atm", "operator": "АО \"Райффайзенбанк\"", "brand": "Райффайзен", "cash_in": null, "opening_hours": "Mo-Su 09:00-21:00" }, "geometry": { "type": "Point", "coordinates": [ 4174392.171981647610664, 7507451.913913047872484 ] } },
{ "type": "Feature", "properties": { "element": "node", "id": 12219274617, "amenity": "atm", "operator": "ПАО Сбербанк", "brand": "Сбербанк", "cash_in": null, "opening_hours": null }, "geometry": { "type": "Point", "coordinates": [ 4188767.447821084409952, 7514205.66084504313767 ] } },
{ "type": "Feature", "properties": { "element": "node", "id": 12247899613, "amenity": "atm", "operator": "Газпромбанк", "brand": "Газпромбанк", "cash_in": null, "opening_hours": null }, "geometry": { "type": "Point", "coordinates": [ 4190287.292828884441406, 7512517.698781227692962 ] } },
{ "type": "Feature", "properties": { "element": "node", "id": 12247899614, "amenity": "atm", "operator": "Банк ГПБ (АО)", "brand": "Газпромбанк", "cash_in": null, "opening_hours": null }, "geometry": { "type": "Point", "coordinates": [ 4182040.900798205751926, 7507240.927356491796672 ] } },
{ "type": "Feature", "properties": { "element": "node", "id": 12247899616, "amenity": "atm", "operator": "Банк ГПБ (АО)", "brand": "Газпромбанк", "cash_in": null, "opening_hours": null }, "geometry": { "type": "Point", "coordinates": [ 4183438.86209553712979, 7508057.476774885319173 ] } },
{ "type": "Feature", "properties": { "element": "node", "id": 12247899617, "amenity": "atm", "operator": "Газпромбанк", "brand": "Газпромбанк", "cash_in": null, "opening_hours": null }, "geometry": { "type": "Point", "coordinates": [ 4183599.407065159175545, 7508305.648660681210458 ] } },
{ "type": "Feature", "properties": { "element": "node", "id": 12247899618, "amenity": "atm", "operator": "Банк ГПБ (АО)", "brand": "Газпромбанк", "cash_in": null, "opening_hours": null }, "geometry": { "type": "Point", "coordinates": [ 4183713.186716699041426, 7510347.159357123076916 ] } },
{ "type": "Feature", "properties": { "element": "node", "id": 12249069355, "amenity": "atm", "operator": "Банк ГПБ (АО)", "brand": "Газпромбанк", "cash_in": null, "opening_hours": "24/7" }, "geometry": { "type": "Point", "coordinates": [ 4188016.430876447819173, 7499027.614490638487041 ] } },
{ "type": "Feature", "properties": { "element": "node", "id": 12249069356, "amenity": "atm", "operator": "Банк ГПБ (АО)", "brand": "Газпромбанк", "cash_in": null, "opening_hours": null }, "geometry": { "type": "Point", "coordinates": [ 4190454.728474986273795, 7504627.082824466750026 ] } },
{ "type": "Feature", "properties": { "element": "node", "id": 12254725438, "amenity": "atm", "operator": "ПАО Сбербанк", "brand": "Сбербанк", "cash_in": "yes", "opening_hours": null }, "geometry": { "type": "Point", "coordinates": [ 4177931.196705150883645, 7507287.597426068037748 ] } },
{ "type": "Feature", "properties": { "element": "node", "id": 12297325201, "amenity": "atm", "operator": "АО \"Альфа-Банк\"", "brand": "Альфа-Банк", "cash_in": "no", "opening_hours": null }, "geometry": { "type": "Point", "coordinates": [ 4173478.806691637728363, 7527293.866519224829972 ] } },
{ "type": "Feature", "properties": { "element": "node", "id": 12320154149, "amenity": "atm", "operator": "Банк ВТБ (ПАО)", "brand": null, "cash_in": null, "opening_hours": "06:00-01:00" }, "geometry": { "type": "Point", "coordinates": [ 4203676.010813115164638, 7494352.875975170172751 ] } },
{ "type": "Feature", "properties": { "element": "node", "id": 12364450005, "amenity": "atm", "operator": "Альфа-Банк", "brand": "Альфа-Банк", "cash_in": "yes", "opening_hours": null }, "geometry": { "type": "Point", "coordinates": [ 4173209.112961293198168, 7534917.660959201864898 ] } },
{ "type": "Feature", "properties": { "element": "node", "id": 12374189882, "amenity": "atm", "operator": null, "brand": null, "cash_in": null, "opening_hours": null }, "geometry": { "type": "Point", "coordinates": [ 4175466.126769075635821, 7484204.189822232350707 ] } },
{ "type": "Feature", "properties": { "element": "node", "id": 12384774903, "amenity": "atm", "operator": null, "brand": "Райффайзен", "cash_in": null, "opening_hours": null }, "geometry": { "type": "Point", "coordinates": [ 4183960.883715663570911, 7531206.425093491561711 ] } },
{ "type": "Feature", "properties": { "element": "node", "id": 12384774904, "amenity": "atm", "operator": null, "brand": "Т-Банк", "cash_in": null, "opening_hours": null }, "geometry": { "type": "Point", "coordinates": [ 4183960.905979561153799, 7531204.937322605401278 ] } },
{ "type": "Feature", "properties": { "element": "node", "id": 12384774905, "amenity": "atm", "operator": null, "brand": "Сбербанк", "cash_in": null, "opening_hours": null }, "geometry": { "type": "Point", "coordinates": [ 4183960.917111509945244, 7531203.469388943165541 ] } },
{ "type": "Feature", "properties": { "element": "node", "id": 12384774906, "amenity": "atm", "operator": "Уралсиб", "brand": "Уралсиб", "cash_in": null, "opening_hours": null }, "geometry": { "type": "Point", "coordinates": [ 4183960.8614517650567, 7531207.893027716316283 ] } },
{ "type": "Feature", "properties": { "element": "node", "id": 12416547458, "amenity": "atm", "operator": "Сбербанк", "brand": "Сбербанк", "cash_in": null, "opening_hours": null }, "geometry": { "type": "Point", "coordinates": [ 4175219.676548407878727, 7494512.71215521171689 ] } },
{ "type": "Feature", "properties": { "element": "node", "id": 12423028257, "amenity": "atm", "operator": "Т-Банк", "brand": null, "cash_in": null, "opening_hours": null }, "geometry": { "type": "Point", "coordinates": [ 4175695.545107651036233, 7484504.77353351842612 ] } },
{ "type": "Feature", "properties": { "element": "node", "id": 12427081421, "amenity": "atm", "operator": "Банк ВТБ (ПАО)", "brand": "ВТБ", "cash_in": null, "opening_hours": null }, "geometry": { "type": "Point", "coordinates": [ 4190114.636298664379865, 7522623.791240054182708 ] } },
{ "type": "Feature", "properties": { "element": "node", "id": 12427081585, "amenity": "atm", "operator": null, "brand": null, "cash_in": null, "opening_hours": null }, "geometry": { "type": "Point", "coordinates": [ 4190102.157383746001869, 7522575.046811351552606 ] } },
{ "type": "Feature", "properties": { "element": "node", "id": 12455820062, "amenity": "atm", "operator": "БКС Премьер", "brand": null, "cash_in": null, "opening_hours": null }, "geometry": { "type": "Point", "coordinates": [ 4187944.807916071265936, 7500863.783508512191474 ] } },
{ "type": "Feature", "properties": { "element": "node", "id": 12476017156, "amenity": "atm", "operator": "ВТБ", "brand": "ВТБ", "cash_in": null, "opening_hours": null }, "geometry": { "type": "Point", "coordinates": [ 4173810.160287933424115, 7469881.431209028698504 ] } },
{ "type": "Feature", "properties": { "element": "node", "id": 12498003798, "amenity": "atm", "operator": "Цифра банк", "brand": null, "cash_in": null, "opening_hours": "Mo-Su 09:00-22:00" }, "geometry": { "type": "Point", "coordinates": [ 4178645.433690029662102, 7508480.64746973477304 ] } },
{ "type": "Feature", "properties": { "element": "node", "id": 12498003799, "amenity": "atm", "operator": "Цифра банк", "brand": null, "cash_in": null, "opening_hours": "Mo-Su 06:00-23:00" }, "geometry": { "type": "Point", "coordinates": [ 4178874.429014540743083, 7508853.581432000733912 ] } },
{ "type": "Feature", "properties": { "element": "node", "id": 12498003800, "amenity": "atm", "operator": "Цифра банк", "brand": null, "cash_in": null, "opening_hours": "24/7" }, "geometry": { "type": "Point", "coordinates": [ 4186562.642854482866824, 7513314.699223102070391 ] } },
{ "type": "Feature", "properties": { "element": "node", "id": 12507307194, "amenity": "atm", "operator": null, "brand": null, "cash_in": null, "opening_hours": null }, "geometry": { "type": "Point", "coordinates": [ 4187910.822075531817973, 7509829.189139605499804 ] } },
{ "type": "Feature", "properties": { "element": "node", "id": 12640673053, "amenity": "atm", "operator": "Сбербанк", "brand": "Сбербанк", "cash_in": "yes", "opening_hours": null }, "geometry": { "type": "Point", "coordinates": [ 4172253.813619101885706, 7488585.15367123670876 ] } },
{ "type": "Feature", "properties": { "element": "node", "id": 12640673054, "amenity": "atm", "operator": "Райффайзен", "brand": "Райффайзен", "cash_in": "yes", "opening_hours": null }, "geometry": { "type": "Point", "coordinates": [ 4172265.891783851664513, 7488595.668526872992516 ] } },
{ "type": "Feature", "properties": { "element": "node", "id": 12640673055, "amenity": "atm", "operator": null, "brand": "Тинькофф Банк", "cash_in": "yes", "opening_hours": null }, "geometry": { "type": "Point", "coordinates": [ 4172286.307778464164585, 7488603.086144711822271 ] } },
{ "type": "Feature", "properties": { "element": "node", "id": 12640673056, "amenity": "atm", "operator": "ВТБ", "brand": "ВТБ", "cash_in": "yes", "opening_hours": null }, "geometry": { "type": "Point", "coordinates": [ 4172381.875561309978366, 7488574.323187615722418 ] } },
{ "type": "Feature", "properties": { "element": "node", "id": 12640673057, "amenity": "atm", "operator": "ВТБ", "brand": "ВТБ", "cash_in": "yes", "opening_hours": null }, "geometry": { "type": "Point", "coordinates": [ 4172387.441535850055516, 7488617.94112950656563 ] } },
{ "type": "Feature", "properties": { "element": "node", "id": 12655232198, "amenity": "atm", "operator": null, "brand": null, "cash_in": null, "opening_hours": "24/7" }, "geometry": { "type": "Point", "coordinates": [ 4188744.148651661351323, 7506685.041294070892036 ] } },
{ "type": "Feature", "properties": { "element": "node", "id": 12691191267, "amenity": "atm", "operator": "Т-Банк", "brand": "Тинькофф Банк", "cash_in": null, "opening_hours": "Mo-Su 08:00-23:00" }, "geometry": { "type": "Point", "coordinates": [ 4170755.731571750715375, 7499466.786211208440363 ] } },
{ "type": "Feature", "properties": { "element": "node", "id": 12691191268, "amenity": "atm", "operator": "Сбербанк", "brand": "Сбербанк", "cash_in": null, "opening_hours": null }, "geometry": { "type": "Point", "coordinates": [ 4170753.616501425858587, 7499462.420250015333295 ] } },
{ "type": "Feature", "properties": { "element": "node", "id": 12769314364, "amenity": "atm", "operator": null, "brand": "Тинькофф Банк", "cash_in": null, "opening_hours": null }, "geometry": { "type": "Point", "coordinates": [ 4187866.272015315946192, 7501366.272789212875068 ] } },
{ "type": "Feature", "properties": { "element": "node", "id": 12778632548, "amenity": "atm", "operator": "ПАО Сбербанк", "brand": "Сбербанк", "cash_in": null, "opening_hours": "24/7" }, "geometry": { "type": "Point", "coordinates": [ 4186224.487637300975621, 7513428.59707910567522 ] } },
{ "type": "Feature", "properties": { "element": "node", "id": 12778632549, "amenity": "atm", "operator": "ПАО Сбербанк", "brand": "Сбербанк", "cash_in": null, "opening_hours": "24/7" }, "geometry": { "type": "Point", "coordinates": [ 4186227.927409566007555, 7513429.052278080955148 ] } },
{ "type": "Feature", "properties": { "element": "node", "id": 12791643535, "amenity": "atm", "operator": "Сбербанк", "brand": "Сбербанк", "cash_in": null, "opening_hours": null }, "geometry": { "type": "Point", "coordinates": [ 4134211.524231255520135, 7423576.93323929887265 ] } },
{ "type": "Feature", "properties": { "element": "node", "id": 12836648479, "amenity": "atm", "operator": "Т-Банк", "brand": null, "cash_in": null, "opening_hours": null }, "geometry": { "type": "Point", "coordinates": [ 4183186.723448889795691, 7513621.267393785528839 ] } },
{ "type": "Feature", "properties": { "element": "node", "id": 12890486402, "amenity": "atm", "operator": "Т-Банк", "brand": null, "cash_in": null, "opening_hours": null }, "geometry": { "type": "Point", "coordinates": [ 4195470.573223100043833, 7532859.416809697635472 ] } },
{ "type": "Feature", "properties": { "element": "node", "id": 12890524302, "amenity": "atm", "operator": "МТС-Банк", "brand": null, "cash_in": null, "opening_hours": null }, "geometry": { "type": "Point", "coordinates": [ 4194906.628682740032673, 7531520.371013202704489 ] } },
{ "type": "Feature", "properties": { "element": "node", "id": 12890607201, "amenity": "atm", "operator": "Т-Банк", "brand": null, "cash_in": null, "opening_hours": null }, "geometry": { "type": "Point", "coordinates": [ 4195139.008119771257043, 7535057.103759263642132 ] } },
{ "type": "Feature", "properties": { "element": "node", "id": 12901955205, "amenity": "atm", "operator": "Сбербанк", "brand": "Сбербанк", "cash_in": "yes", "opening_hours": null }, "geometry": { "type": "Point", "coordinates": [ 4197706.581042969599366, 7490553.29869291651994 ] } },
{ "type": "Feature", "properties": { "element": "node", "id": 12902114581, "amenity": "atm", "operator": "Сбербанк", "brand": "Сбербанк", "cash_in": "yes", "opening_hours": "06:00-23:00" }, "geometry": { "type": "Point", "coordinates": [ 4177324.327369142323732, 7506531.814329678192735 ] } },
{ "type": "Feature", "properties": { "element": "node", "id": 12924840539, "amenity": "atm", "operator": "Сбербанк", "brand": "Сбербанк", "cash_in": null, "opening_hours": null }, "geometry": { "type": "Point", "coordinates": [ 4209149.656967114657164, 7521830.50406030099839 ] } },
{ "type": "Feature", "properties": { "element": "node", "id": 12949311222, "amenity": "atm", "operator": "Альфа-Банк", "brand": null, "cash_in": "yes", "opening_hours": "Mo-Su 08:00-23:00" }, "geometry": { "type": "Point", "coordinates": [ 4187804.389510384295136, 7512421.742893171496689 ] } },
{ "type": "Feature", "properties": { "element": "node", "id": 12959236972, "amenity": "atm", "operator": null, "brand": "Т-Банк", "cash_in": null, "opening_hours": "Mo-Su 08:00-23:00" }, "geometry": { "type": "Point", "coordinates": [ 4164338.162927518598735, 7508169.517046801745892 ] } },
{ "type": "Feature", "properties": { "element": "node", "id": 12992192185, "amenity": "atm", "operator": "RusBit", "brand": null, "cash_in": null, "opening_hours": null }, "geometry": { "type": "Point", "coordinates": [ 4183747.640099099837244, 7508237.809999943710864 ] } },
{ "type": "Feature", "properties": { "element": "node", "id": 13004057160, "amenity": "atm", "operator": "Сбербанк", "brand": "Сбербанк", "cash_in": null, "opening_hours": null }, "geometry": { "type": "Point", "coordinates": [ 4174334.842443889006972, 7479607.84925302863121 ] } },
{ "type": "Feature", "properties": { "element": "node", "id": 13005982407, "amenity": "atm", "operator": "Альфа-Банк", "brand": "Альфа-Банк", "cash_in": null, "opening_hours": null }, "geometry": { "type": "Point", "coordinates": [ 4183011.372986992821097, 7526275.149499707855284 ] } },
{ "type": "Feature", "properties": { "element": "node", "id": 13005983703, "amenity": "atm", "operator": "Т-банк", "brand": "Т-Банк", "cash_in": null, "opening_hours": null }, "geometry": { "type": "Point", "coordinates": [ 4183013.476925368886441, 7526276.616494983434677 ] } },
{ "type": "Feature", "properties": { "element": "node", "id": 13030358995, "amenity": "atm", "operator": null, "brand": "Т-Банк", "cash_in": null, "opening_hours": null }, "geometry": { "type": "Point", "coordinates": [ 4209339.022552902810276, 7521628.792252278886735 ] } },
{ "type": "Feature", "properties": { "element": "node", "id": 13034028933, "amenity": "atm", "operator": null, "brand": "Т-Банк", "cash_in": null, "opening_hours": null }, "geometry": { "type": "Point", "coordinates": [ 4189977.223519229330122, 7527634.836896593682468 ] } },
{ "type": "Feature", "properties": { "element": "node", "id": 13038970716, "amenity": "atm", "operator": "Сбербанк", "brand": "Сбербанк", "cash_in": null, "opening_hours": null }, "geometry": { "type": "Point", "coordinates": [ 4200974.832237067632377, 7521177.461135317571461 ] } },
{ "type": "Feature", "properties": { "element": "node", "id": 13039636460, "amenity": "atm", "operator": "Сбербанк", "brand": "Сбербанк", "cash_in": null, "opening_hours": null }, "geometry": { "type": "Point", "coordinates": [ 4190034.040987330488861, 7527729.296904881484807 ] } },
{ "type": "Feature", "properties": { "element": "node", "id": 13051902227, "amenity": "atm", "operator": "ВТБ", "brand": "ВТБ", "cash_in": null, "opening_hours": null }, "geometry": { "type": "Point", "coordinates": [ 4150609.753517133183777, 7480410.525174577720463 ] } },
{ "type": "Feature", "properties": { "element": "node", "id": 13051902236, "amenity": "atm", "operator": "ВБРР", "brand": null, "cash_in": null, "opening_hours": null }, "geometry": { "type": "Point", "coordinates": [ 4150623.390154755208641, 7480514.479310376569629 ] } },
{ "type": "Feature", "properties": { "element": "node", "id": 13051902239, "amenity": "atm", "operator": null, "brand": "Т-Банк", "cash_in": null, "opening_hours": null }, "geometry": { "type": "Point", "coordinates": [ 4150612.01330279558897, 7480507.246816243976355 ] } },
{ "type": "Feature", "properties": { "element": "node", "id": 13051902240, "amenity": "atm", "operator": "Кредит ЕвропаБанк", "brand": null, "cash_in": null, "opening_hours": null }, "geometry": { "type": "Point", "coordinates": [ 4150608.67371807154268, 7480505.926443385891616 ] } },
{ "type": "Feature", "properties": { "element": "node", "id": 13051902241, "amenity": "atm", "operator": "ВТБ", "brand": "ВТБ", "cash_in": null, "opening_hours": null }, "geometry": { "type": "Point", "coordinates": [ 4150605.222813857253641, 7480504.88196949660778 ] } },
{ "type": "Feature", "properties": { "element": "node", "id": 13051902244, "amenity": "atm", "operator": "Сбербанк", "brand": "Сбербанк", "cash_in": null, "opening_hours": null }, "geometry": { "type": "Point", "coordinates": [ 4150607.070717404596508, 7480412.830872000195086 ] } },
{ "type": "Feature", "properties": { "element": "node", "id": 13084893962, "amenity": "atm", "operator": "Сбербанк", "brand": "Сбербанк", "cash_in": null, "opening_hours": null }, "geometry": { "type": "Point", "coordinates": [ 4191722.624079275410622, 7506117.252662637270987 ] } },
{ "type": "Feature", "properties": { "element": "node", "id": 13084893967, "amenity": "atm", "operator": null, "brand": "Т-Банк", "cash_in": null, "opening_hours": null }, "geometry": { "type": "Point", "coordinates": [ 4191719.618453023023903, 7506115.1172313997522 ] } },
{ "type": "Feature", "properties": { "element": "node", "id": 13092684339, "amenity": "atm", "operator": "Россельхозбанк", "brand": "Россельхозбанк", "cash_in": null, "opening_hours": null }, "geometry": { "type": "Point", "coordinates": [ 4192095.277206654194742, 7506889.50684189144522 ] } },
{ "type": "Feature", "properties": { "element": "node", "id": 13092684366, "amenity": "atm", "operator": "Московский кредитный банк", "brand": "Московский кредитный банк", "cash_in": null, "opening_hours": null }, "geometry": { "type": "Point", "coordinates": [ 4191638.132585762534291, 7506920.730829334817827 ] } },
{ "type": "Feature", "properties": { "element": "node", "id": 13114777141, "amenity": "atm", "operator": "ВТБ", "brand": null, "cash_in": "yes", "opening_hours": null }, "geometry": { "type": "Point", "coordinates": [ 4213745.983082222752273, 7496916.616109327413142 ] } },
{ "type": "Feature", "properties": { "element": "node", "id": 13136785399, "amenity": "atm", "operator": "Сбербанк", "brand": "Сбербанк", "cash_in": null, "opening_hours": null }, "geometry": { "type": "Point", "coordinates": [ 4193494.886032449547201, 7499994.512791711837053 ] } },
{ "type": "Feature", "properties": { "element": "node", "id": 13157529301, "amenity": "atm", "operator": "Сбербанк", "brand": null, "cash_in": null, "opening_hours": "24/7" }, "geometry": { "type": "Point", "coordinates": [ 4193544.06698348140344, 7504379.642012567259371 ] } },
{ "type": "Feature", "properties": { "element": "node", "id": 13158969717, "amenity": "atm", "operator": "Ozon банк", "brand": "Ozon банк", "cash_in": "yes", "opening_hours": "Mo-Su 10:00-22:00" }, "geometry": { "type": "Point", "coordinates": [ 4183012.430522155482322, 7526275.962294354103506 ] } },
{ "type": "Feature", "properties": { "element": "node", "id": 13158969718, "amenity": "atm", "operator": "Ozon банк", "brand": "Ozon банк", "cash_in": "yes", "opening_hours": "Mo-Sa 10:00-21:00; Su 09:00-21:00" }, "geometry": { "type": "Point", "coordinates": [ 4183205.091164871118963, 7522580.43642408773303 ] } },
{ "type": "Feature", "properties": { "element": "node", "id": 13158969719, "amenity": "atm", "operator": "Ozon банк", "brand": "Ozon банк", "cash_in": "yes", "opening_hours": "Mo-Su 09:00-21:00" }, "geometry": { "type": "Point", "coordinates": [ 4178542.318445707205683, 7508208.083800964057446 ] } }
]
}
