element,id,amenity,operator,brand,cash_in,opening_hours,target,cafe_300,restaurant_300,pharmacy_300,shop_300,bus_stop_300,cafe_500,restaurant_500,pharmacy_500,shop_500,bus_stop_500,poi_sum_300,poi_sum_500
node,408385048.0,atm,ПАО Сбербанк,Сбербанк,,24/7,1,0,0,1,1,1,2,0,1,4,3,3,10
node,432502063.0,atm,Банк ВТБ (ПАО),ВТБ,,,1,11,2,6,5,2,29,4,11,6,4,26,54
node,444776906.0,atm,Альфа-Банк,Альфа-Банк,,,1,0,0,0,0,0,11,3,1,2,2,0,19
node,444776911.0,atm,"ПАО ""МОСКОВСКИЙ КРЕДИТНЫЙ БАНК""",,,Mo-Su 09:00-23:00,1,1,0,2,1,4,2,0,2,6,4,8,14
node,444776938.0,atm,"АО ""Альфа-Банк""",Альфа-Банк,,,1,6,1,1,0,0,13,2,1,1,3,8,20
node,444776945.0,atm,"АО ""Альфа-Банк""",Альфа-Банк,,,1,1,0,1,1,1,2,2,5,5,6,4,20
node,444776962.0,atm,"АО ""Альфа-Банк""",Альфа-Банк,,,1,1,1,3,5,5,3,6,7,10,12,15,38
node,482846851.0,atm,ПАО Сбербанк,Сбербанк,yes,,1,0,0,0,2,2,0,0,2,4,5,4,11
node,514169772.0,atm,Райффайзен,Райффайзен,,,1,0,0,1,0,2,0,0,1,2,5,3,8
node,583279749.0,atm,ПАО Сбербанк,Сбербанк,yes,,1,4,0,1,3,2,4,0,1,3,4,10,12
node,583279788.0,atm,ПАО Сбербанк,Сбербанк,,,1,3,0,1,2,1,4,0,1,3,4,7,12
node,583279861.0,atm,Банк ВТБ (ПАО),ВТБ,,,1,4,1,2,7,3,13,3,5,9,8,17,38
node,588069762.0,atm,Банк ВТБ (ПАО),ВТБ,,,1,6,3,0,1,2,15,7,4,4,6,12,36
node,614958544.0,atm,ПАО Сбербанк,Сбербанк,yes,24/7,1,1,0,2,1,5,5,3,4,7,7,9,26
node,614980357.0,atm,ПАО Сбербанк,Сбербанк,yes,24/7,1,1,0,2,1,5,5,3,5,7,7,9,27
node,618112479.0,atm,Сбербанк,Сбербанк,yes,,1,2,0,4,4,2,2,0,5,6,3,12,16
node,618112491.0,atm,,,,,1,0,1,2,2,3,1,1,5,6,4,8,17
node,619491827.0,atm,"АО ""Райффайзенбанк""",Райффайзен,,,1,0,1,0,1,3,0,1,2,1,3,5,7
node,619491828.0,atm,ПАО Сбербанк,Сбербанк,,,1,0,1,0,1,2,0,1,2,1,3,4,7
node,627937161.0,atm,"АО ""Райффайзенбанк""",Райффайзен,,,1,7,1,0,1,0,11,5,1,6,0,9,23
node,630992218.0,atm,"АО ""Альфа-Банк""",Альфа-Банк,,,1,3,0,0,0,0,4,2,1,2,3,3,12
node,634805752.0,atm,"ПАО ""МТС-Банк""",,,,1,1,0,1,3,2,1,1,2,6,6,7,16
node,649013485.0,atm,,,,,1,1,3,2,2,3,1,3,3,4,3,11,14
node,656132952.0,atm,Банк ВТБ (ПАО),ВТБ,,,1,7,2,2,2,1,14,7,3,4,2,14,30
node,661998601.0,atm,ПАО Сбербанк,Сбербанк,,,1,0,0,0,2,2,0,1,0,4,5,4,10
node,678293647.0,atm,"""СДМ-Банк"" (ПАО)",,,24/7,1,1,1,2,3,2,1,1,3,7,2,9,14
node,678295632.0,atm,"АО ""Райффайзенбанк""",Райффайзен,,24/7,1,0,0,3,4,2,1,1,3,7,3,9,15
node,679133230.0,atm,Банк ВТБ (ПАО),ВТБ,,,1,1,1,1,2,3,2,1,2,3,6,8,14
node,679134375.0,atm,Банк ВТБ (ПАО),ВТБ,yes,,1,3,2,4,3,2,6,3,7,8,11,14,35
node,691744699.0,atm,АО ЮниКредит Банк,ЮниКредит Банк,,,1,1,0,1,3,0,2,0,1,4,2,5,9
node,700872444.0,atm,ПАО Сбербанк,Сбербанк,,,1,1,1,2,3,2,2,1,3,8,5,9,19
node,701246437.0,atm,ПАО Сбербанк,Сбербанк,,,1,1,2,2,2,1,1,2,2,2,2,8,9
node,707954587.0,atm,ПАО Сбербанк,Сбербанк,,,1,2,1,0,0,2,2,1,0,1,6,5,10
node,708412766.0,atm,"АО ""Банк Русский Стандарт""",Русский Стандарт,,,1,4,0,3,3,4,10,2,11,6,8,14,37
node,717340926.0,atm,"АО ""Альфа-Банк""",Альфа-Банк,,,1,0,0,2,2,4,0,0,5,5,8,8,18
node,724124486.0,atm,ВТБ,ВТБ,,,1,0,0,0,0,2,0,0,0,0,3,2,3
node,751993249.0,atm,"ПАО ""Промсвязьбанк""",Промсвязьбанк,,Mo-Su 09:00-22:00,1,1,0,6,5,11,2,0,6,7,14,23,29
node,751993253.0,atm,"ПАО ""Промсвязьбанк""",Промсвязьбанк,,,1,3,1,5,3,2,6,1,7,4,4,14,22
node,771802403.0,atm,Сбербанк,Сбербанк,,,1,1,0,3,5,6,2,1,9,13,11,15,36
node,791443260.0,atm,ПАО Сбербанк,Сбербанк,,,1,1,0,1,3,0,3,1,3,5,2,5,14
node,793284721.0,atm,"АО ""Райффайзенбанк""",Райффайзен,,,1,1,3,2,2,3,1,3,3,4,4,11,15
node,804015046.0,atm,ПАО Сбербанк,Сбербанк,,,1,7,0,0,1,2,7,3,0,1,4,10,15
node,858167955.0,atm,ПАО Сбербанк,Сбербанк,,Mo-Su 08:00-22:00,1,0,0,0,0,1,1,0,0,0,2,1,3
node,884420360.0,atm,ПАО Сбербанк,Сбербанк,,,1,0,0,0,0,1,0,0,0,0,3,1,3
node,884420443.0,atm,ПАО Сбербанк,Сбербанк,yes,,1,4,0,1,3,2,4,0,1,3,4,10,12
node,911552538.0,atm,"АО ""Райффайзенбанк""",Райффайзен,,,1,1,0,2,2,1,8,1,6,9,2,6,26
node,912959835.0,atm,"АО ""Райффайзенбанк""",Райффайзен,yes,,1,6,3,0,2,0,12,9,1,6,3,11,31
node,918690001.0,atm,"ПАО ""Совкомбанк""",,,24/7,1,1,0,2,4,6,2,1,6,11,12,13,32
node,924267480.0,atm,,,,,1,1,3,2,2,0,2,3,2,2,0,8,9
node,934548772.0,atm,"ПАО ""Промсвязьбанк""",Промсвязьбанк,,24/7,1,0,2,2,1,4,2,4,2,2,4,9,14
node,937713832.0,atm,ПАО Сбербанк,Сбербанк,,,1,0,0,2,1,0,1,1,3,2,0,3,7
node,938070061.0,atm,ВТБ,ВТБ,,,1,3,11,1,0,1,15,25,4,2,4,16,50
node,938070063.0,atm,Банк ВТБ (ПАО),ВТБ,,,1,9,6,6,5,3,21,15,9,7,7,29,59
node,938070071.0,atm,ВТБ,ВТБ,,24/7,1,13,4,3,4,0,20,19,5,6,4,24,54
node,938070079.0,atm,Банк ВТБ (ПАО),ВТБ,,,1,2,1,0,0,0,2,3,2,6,1,3,14
node,938070086.0,atm,Банк ВТБ (ПАО),ВТБ,,,1,4,6,1,2,2,14,13,2,7,6,15,42
node,938070089.0,atm,Банк ВТБ (ПАО),ВТБ,,,1,1,0,0,1,0,8,0,3,5,0,2,16
node,938070104.0,atm,ВТБ,ВТБ,,,1,7,7,2,4,5,18,14,6,8,7,25,53
node,938070111.0,atm,Банк ВТБ (ПАО),ВТБ,,,1,3,6,2,2,1,11,15,5,4,3,14,38
node,938070115.0,atm,Банк ВТБ (ПАО),ВТБ,,,1,2,7,2,2,0,9,25,4,2,0,13,40
node,938070122.0,atm,ВТБ,ВТБ,,,1,3,8,1,0,2,8,31,4,3,4,14,50
node,938253562.0,atm,Банк ВТБ (ПАО),ВТБ,,,1,9,6,5,1,2,12,11,5,4,5,23,37
node,938253566.0,atm,Банк ВТБ (ПАО),ВТБ,,,1,1,0,2,2,2,1,1,5,7,9,7,23
node,938253572.0,atm,Банк ВТБ (ПАО),ВТБ,,,1,0,0,0,0,0,1,1,0,0,2,0,4
node,938253576.0,atm,Банк ВТБ (ПАО),ВТБ,,,1,5,1,1,4,3,6,1,1,7,4,14,19
node,938253582.0,atm,Банк ВТБ (ПАО),ВТБ,,,1,0,0,0,0,3,0,0,0,0,7,3,7
node,938253588.0,atm,Банк ВТБ (ПАО),ВТБ,,,1,9,3,2,2,2,13,3,10,6,4,18,36
node,938253590.0,atm,ВТБ,ВТБ,,,1,4,14,2,2,2,8,18,6,5,6,24,43
node,938253594.0,atm,Банк ВТБ (ПАО),ВТБ,,,1,1,0,0,3,1,2,0,0,3,3,5,8
node,938253601.0,atm,Банк ВТБ (ПАО),ВТБ,,,1,0,0,0,1,2,1,0,0,2,6,3,9
node,938253604.0,atm,Банк ВТБ (ПАО),ВТБ,yes,,1,8,8,4,5,2,9,15,5,9,4,27,42
node,938253610.0,atm,Банк ВТБ (ПАО),ВТБ,,,1,1,2,3,2,3,7,5,4,5,5,11,26
node,939214602.0,atm,АО ЮниКредит Банк,,yes,24/7,1,0,3,0,0,4,0,4,0,0,4,7,8
node,939217288.0,atm,АО ЮниКредит Банк,,,,1,0,0,0,0,2,1,1,0,0,6,2,8
node,939222214.0,atm,АО ЮниКредит Банк,,,Mo-Su 08:00-18:00,1,0,0,0,0,3,0,0,0,2,5,3,7
node,941731733.0,atm,ПАО РОСБАНК,,,,1,1,1,5,2,6,1,1,6,8,9,15,25
node,941731749.0,atm,ПАО Сбербанк,Сбербанк,,,1,1,1,5,2,6,1,1,6,8,9,15,25
node,941731758.0,atm,"ПАО ""Промсвязьбанк""",Промсвязьбанк,,24/7,1,1,1,4,2,7,1,1,7,8,9,15,26
node,941766735.0,atm,ПАО Сбербанк,Сбербанк,,,1,4,1,8,6,3,7,6,10,8,3,22,34
node,961866438.0,atm,ПАО Сбербанк,Сбербанк,yes,,1,0,1,1,1,3,0,1,2,4,4,6,11
node,961867956.0,atm,Банк ВТБ (ПАО),ВТБ,,,1,1,0,1,1,1,1,0,1,1,3,4,6
node,982315284.0,atm,Банк ВТБ (ПАО),ВТБ,,24/7,1,1,0,0,0,2,1,0,1,1,2,3,5
node,993021874.0,atm,Банк ГПБ (АО),Газпромбанк,,,1,1,1,3,5,3,1,1,4,5,8,13,19
node,993021882.0,atm,Банк ВТБ (ПАО),ВТБ,,,1,0,0,0,1,2,0,0,0,1,5,3,6
node,993021885.0,atm,"АО ""Кредит Европа Банк (Россия)""",,,,1,0,0,0,1,2,0,0,0,1,5,3,6
node,994999983.0,atm,ПАО Сбербанк,Сбербанк,,,1,1,0,1,2,2,1,0,1,3,3,6,8
node,996053915.0,atm,Банк ВТБ (ПАО),ВТБ,,Mo-Su 12:00-21:00,1,0,0,0,0,0,5,1,0,2,2,0,10
node,1000744216.0,atm,"ПАО ""Промсвязьбанк""",Промсвязьбанк,,24/7,1,5,1,2,2,1,12,1,3,4,3,11,23
node,1000785708.0,atm,ВТБ,ВТБ,,,1,6,3,5,1,2,15,9,6,4,6,17,40
node,1009221077.0,atm,ПАО Сбербанк,Сбербанк,,24/7,1,0,0,1,2,2,2,0,2,6,6,5,16
node,1012800748.0,atm,,,,,1,1,0,0,0,0,1,0,0,0,2,1,3
node,1036332157.0,atm,"АО ""Кредит Европа Банк (Россия)""",,,,1,1,0,2,2,1,3,4,6,6,5,6,24
node,1037207433.0,atm,ПАО Сбербанк,Сбербанк,,,1,2,1,0,0,0,4,4,2,4,4,3,18
node,1080662672.0,atm,"АО ""Альфа-Банк""",Альфа-Банк,,,1,1,0,1,2,3,1,2,3,3,7,7,16
node,1082239969.0,atm,ПАО Сбербанк,Сбербанк,,24/7,1,0,0,1,1,4,1,1,2,5,7,6,16
node,1082826589.0,atm,ПАО Сбербанк,Сбербанк,yes,,1,0,0,2,1,3,0,0,3,5,5,6,13
node,1086716549.0,atm,"ПАО ""МТС-Банк""",,,24/7,1,1,0,3,4,2,2,2,10,9,8,10,31
node,1095382764.0,atm,Альфа-Банк,Альфа-Банк,,,1,7,5,6,13,8,10,6,10,22,11,39,59
node,1095382797.0,atm,"АО ""Альфа-Банк""",Альфа-Банк,,,1,0,1,1,1,2,0,1,1,4,4,5,10
node,1118924970.0,atm,"АО ""Альфа-Банк""",Альфа-Банк,,,1,10,17,3,4,4,17,29,4,7,7,38,64
node,1119408974.0,atm,"АО ""Альфа-Банк""",Альфа-Банк,,,1,1,1,3,5,3,1,1,4,5,8,13,19
node,1119434041.0,atm,"АО ""Альфа-Банк""",Альфа-Банк,,,1,1,3,1,1,2,2,4,2,2,2,8,12
node,1123344229.0,atm,Росбанк,Росбанк,,,1,17,9,5,4,0,20,21,5,7,4,35,57
node,1131047060.0,atm,,,,,1,1,0,2,3,3,2,0,2,6,5,9,15
node,1163263308.0,atm,ПАО Сбербанк,Сбербанк,,Mo-Su 10:00-22:00,1,5,6,2,3,3,7,10,5,8,5,19,35
node,1172054320.0,atm,"АО ""Кредит Европа Банк (Россия)""",,,,1,14,7,2,3,1,24,22,3,4,1,27,54
node,1172063290.0,atm,Райффайзен,Райффайзен,,,1,14,7,2,3,1,24,22,3,4,1,27,54
node,1172065741.0,atm,ВТБ,ВТБ,,,1,14,7,2,3,1,24,22,3,4,1,27,54
node,1181133430.0,atm,ПАО Сбербанк,Сбербанк,,,1,2,0,1,0,1,3,0,1,0,3,4,7
node,1185150642.0,atm,"АО ""Альфа-Банк""",Альфа-Банк,,,1,3,7,1,2,8,4,9,6,8,19,21,46
node,1189909337.0,atm,Сбербанк,Сбербанк,,,1,1,0,1,0,2,1,0,2,1,3,4,7
node,1201360133.0,atm,Банк ВТБ (ПАО),ВТБ,,,1,5,4,6,4,5,9,8,9,9,8,24,43
node,1201457599.0,atm,,,,,1,5,5,6,2,7,5,8,8,6,11,25,38
node,1201457609.0,atm,,,,,1,5,6,5,3,7,5,7,7,5,11,26,35
node,1201461570.0,atm,,,,,1,2,4,4,3,5,3,5,9,9,10,18,36
node,1201461576.0,atm,,,,,1,0,5,3,3,3,2,6,5,8,12,14,33
node,1201461579.0,atm,Сбербанк,Сбербанк,,,1,0,3,3,3,3,3,6,4,5,12,12,30
node,1201461584.0,atm,,,,,1,0,0,0,0,0,3,1,4,1,3,0,12
node,1202220890.0,atm,Росбанк,Росбанк,,,1,9,1,5,9,5,12,3,13,19,6,29,53
node,1203193430.0,atm,"АО ""Альфа-Банк""",Альфа-Банк,,Mo-Sa 10:00-21:00; Su 10:00-20:00,1,6,2,0,0,4,18,4,4,3,8,12,37
node,1204691868.0,atm,ПАО Сбербанк,Сбербанк,,,1,0,0,0,0,0,2,1,0,0,2,0,5
node,1217706633.0,atm,Райффайзен,Райффайзен,,,1,0,0,1,2,6,2,0,5,6,11,9,24
node,1229461501.0,atm,"АКБ ""ПЕРЕСВЕТ"" (ПАО)",,,,1,0,0,0,0,2,4,1,3,1,2,2,11
node,1229461506.0,atm,"АКБ ""ПЕРЕСВЕТ"" (ПАО)",,,,1,3,0,2,1,2,6,1,3,1,4,8,15
node,1233308052.0,atm,Росбанк,Росбанк,,,1,8,5,0,1,1,19,12,3,2,4,15,40
node,1235549083.0,atm,ПАО Сбербанк,Сбербанк,,,1,6,0,1,3,4,17,5,5,5,9,14,41
node,1241572423.0,atm,ПАО Сбербанк,Сбербанк,,,1,0,0,0,0,1,0,0,1,1,5,1,7
node,1268422130.0,atm,Альфа-Банк,Альфа-Банк,,,1,0,0,1,2,5,2,0,4,6,12,8,24
node,1272543254.0,atm,Банк ВТБ (ПАО),ВТБ,yes,,1,5,2,4,3,1,16,9,5,8,7,15,45
node,1272830760.0,atm,ПАО РОСБАНК,Росбанк,,,1,7,0,4,4,2,13,1,5,9,2,17,30
node,1274623215.0,atm,АО ЮниКредит Банк,,,24/7,1,1,3,4,4,5,4,4,7,9,5,17,29
node,1285714437.0,atm,ПАО Сбербанк,Сбербанк,,,1,1,0,1,1,3,1,0,1,1,5,6,8
node,1285714441.0,atm,"АО ""Альфа-Банк""",Альфа-Банк,,,1,1,0,1,1,3,1,0,1,1,5,6,8
node,1286586784.0,atm,"ПАО ""Промсвязьбанк""",Промсвязьбанк,,,1,8,5,2,2,2,15,11,2,4,3,19,35
node,1286586860.0,atm,"ПАО ""Промсвязьбанк""",Промсвязьбанк,,,1,1,1,1,1,0,4,6,5,2,3,4,20
node,1286586863.0,atm,"ПАО ""Промсвязьбанк""",Промсвязьбанк,,,1,6,3,7,2,5,11,4,8,6,9,23,38
node,1286586888.0,atm,"ПАО ""Промсвязьбанк""",Промсвязьбанк,,,1,2,0,3,1,2,9,2,7,2,5,8,25
node,1286586921.0,atm,"ПАО ""Промсвязьбанк""",Промсвязьбанк,,,1,1,1,1,1,2,3,1,2,3,6,6,15
node,1286586934.0,atm,"ПАО ""Промсвязьбанк""",Промсвязьбанк,,,1,0,0,0,0,0,0,0,0,0,0,0,0
node,1286587031.0,atm,"ПАО ""Промсвязьбанк""",Промсвязьбанк,,,1,1,0,0,0,2,2,0,0,5,4,3,11
node,1286587044.0,atm,Промсвязьбанк,Промсвязьбанк,,,1,7,5,6,11,10,11,6,10,22,11,39,60
node,1286587049.0,atm,"ПАО ""Промсвязьбанк""",Промсвязьбанк,,,1,11,10,3,2,2,18,14,3,4,2,28,41
node,1286587078.0,atm,Промсвязьбанк,Промсвязьбанк,,,1,2,0,2,3,2,2,0,3,4,3,9,12
node,1286587095.0,atm,"ПАО ""Промсвязьбанк""",Промсвязьбанк,,,1,0,0,0,1,2,1,0,1,1,4,3,7
node,1286587107.0,atm,"ПАО ""Промсвязьбанк""",Промсвязьбанк,,24/7,1,0,2,0,1,2,1,2,0,2,2,5,7
node,1286587171.0,atm,"ПАО ""Промсвязьбанк""",Промсвязьбанк,,,1,1,2,1,0,0,5,2,1,1,0,4,9
node,1286587186.0,atm,"ПАО ""Промсвязьбанк""",Промсвязьбанк,,,1,0,0,0,0,0,0,0,0,1,1,0,2
node,1286587197.0,atm,"ПАО ""Промсвязьбанк""",Промсвязьбанк,,,1,0,0,1,5,2,0,0,3,6,4,8,13
node,1286587203.0,atm,"ПАО ""Промсвязьбанк""",Промсвязьбанк,,,1,9,4,4,3,3,14,4,11,12,7,23,48
node,1286587211.0,atm,"ПАО ""Промсвязьбанк""",Промсвязьбанк,,,1,0,1,0,0,0,1,1,0,0,0,1,2
node,1286587222.0,atm,"ПАО ""Промсвязьбанк""",Промсвязьбанк,,,1,1,0,0,1,2,1,0,1,1,4,4,7
node,1286587225.0,atm,"ПАО ""Промсвязьбанк""",Промсвязьбанк,,,1,0,0,0,0,0,0,0,1,0,2,0,3
node,1286587228.0,atm,"ПАО ""Промсвязьбанк""",Промсвязьбанк,,,1,0,0,0,2,0,0,0,2,4,2,2,8
node,1286587231.0,atm,"ПАО ""Промсвязьбанк""",Промсвязьбанк,,,1,3,1,6,3,2,10,1,9,4,8,15,32
node,1286587240.0,atm,"ПАО ""Промсвязьбанк""",Промсвязьбанк,,,1,0,0,0,0,0,6,7,0,3,1,0,17
node,1286587254.0,atm,"ПАО ""Промсвязьбанк""",Промсвязьбанк,,,1,1,2,0,0,0,4,4,0,0,0,3,8
node,1286587257.0,atm,"ПАО ""Промсвязьбанк""",Промсвязьбанк,,,1,1,0,3,3,4,3,3,8,9,4,11,27
node,1286587267.0,atm,"ПАО ""Промсвязьбанк""",Промсвязьбанк,,,1,1,1,1,2,2,2,1,1,4,4,7,12
node,1286587270.0,atm,"ПАО ""Промсвязьбанк""",Промсвязьбанк,,,1,6,0,6,7,8,6,0,8,16,17,27,47
node,1286587282.0,atm,"ПАО ""Промсвязьбанк""",Промсвязьбанк,,,1,1,0,1,1,2,4,0,1,1,4,5,10
node,1286587293.0,atm,"ПАО ""Промсвязьбанк""",Промсвязьбанк,,,1,5,0,3,4,1,7,1,6,10,9,13,33
node,1286587306.0,atm,"ПАО ""Промсвязьбанк""",Промсвязьбанк,,,1,0,0,0,1,4,0,0,0,1,6,5,7
node,1286587308.0,atm,"ПАО ""Промсвязьбанк""",Промсвязьбанк,,,1,0,0,0,0,1,0,0,0,0,3,1,3
node,1286587328.0,atm,"ПАО ""Промсвязьбанк""",Промсвязьбанк,,,1,0,0,0,0,2,1,0,1,2,3,2,7
node,1286587351.0,atm,"ПАО ""Промсвязьбанк""",Промсвязьбанк,,,1,1,1,0,0,2,2,1,0,1,3,4,7
node,1286587352.0,atm,"ПАО ""Промсвязьбанк""",Промсвязьбанк,,,1,1,0,1,1,1,2,2,1,1,3,4,9
node,1286587353.0,atm,"ПАО ""Промсвязьбанк""",Промсвязьбанк,,,1,0,0,0,0,1,0,1,1,1,2,1,5
node,1286587356.0,atm,"ПАО ""Промсвязьбанк""",Промсвязьбанк,,,1,0,0,0,2,1,0,0,0,2,3,3,5
node,1286587358.0,atm,"ПАО ""Промсвязьбанк""",Промсвязьбанк,,,1,3,2,1,2,2,3,3,1,4,4,10,15
node,1286587361.0,atm,"ПАО ""Промсвязьбанк""",Промсвязьбанк,,,1,0,0,0,1,0,0,0,0,1,0,1,1
node,1286587368.0,atm,"ПАО ""Промсвязьбанк""",Промсвязьбанк,,,1,2,0,4,2,3,2,0,5,3,3,11,13
node,1286587373.0,atm,"ПАО ""Промсвязьбанк""",Промсвязьбанк,,,1,1,0,0,0,1,2,0,0,0,4,2,6
node,1286587379.0,atm,Промсвязьбанк,Промсвязьбанк,,,1,0,1,1,0,2,0,1,5,3,4,4,13
node,1286587382.0,atm,"ПАО ""Промсвязьбанк""",Промсвязьбанк,,,1,0,0,1,0,2,3,0,2,1,3,3,9
node,1286587390.0,atm,Промсвязьбанк,Промсвязьбанк,,,1,2,1,1,3,2,2,1,1,4,2,9,10
node,1286587391.0,atm,Промсвязьбанк,Промсвязьбанк,yes,24/7,1,0,1,0,0,0,0,1,2,2,3,1,8
node,1288270257.0,atm,ПАО Сбербанк,Сбербанк,,,1,3,2,5,3,2,4,2,7,7,9,15,29
node,1296939902.0,atm,,,,,1,0,2,1,2,0,3,2,2,3,3,5,13
node,1307235451.0,atm,АО ЮниКредит Банк,,,,1,1,0,0,0,0,1,1,0,1,1,1,4
node,1308868211.0,atm,Банк ВТБ (ПАО),ВТБ,,,1,0,1,1,3,2,3,1,4,7,4,7,19
node,1308906260.0,atm,Банк ВТБ (ПАО),ВТБ,,,1,2,0,0,2,1,2,0,3,4,8,5,17
node,1320050774.0,atm,ПАО Сбербанк,Сбербанк,,24/7,1,0,0,0,2,1,0,1,0,3,1,3,5
node,1324794217.0,atm,"ПАО ""Промсвязьбанк""",Промсвязьбанк,no,Mo-Fr 10:00-18:00,1,3,0,0,1,0,5,0,0,1,3,4,9
node,1324794223.0,atm,АО ЮниКредит Банк,ЮниКредит Банк,,,1,3,0,0,1,0,5,0,0,1,3,4,9
node,1329350034.0,atm,ПАО Сбербанк,Сбербанк,,24/7,1,0,0,0,4,2,3,4,2,8,3,6,20
node,1329350038.0,atm,Райффайзен,Райффайзен,,Mo-Su 10:00-21:00,1,4,4,1,3,3,6,7,3,9,6,15,31
node,1329350040.0,atm,"АО ""Альфа-Банк""",Альфа-Банк,,Mo-Su 10:00-21:00,1,4,4,1,4,3,7,7,3,13,6,16,36
node,1329350052.0,atm,ВТБ,ВТБ,yes,,1,3,4,1,4,3,7,7,3,12,6,15,35
node,1329350055.0,atm,Уралсиб,Уралсиб,,Mo-Fr 09:30-20:00; Sa 09:30-18:00,1,4,4,4,8,5,6,5,4,13,9,25,37
node,1331208713.0,atm,ПАО Сбербанк,Сбербанк,,,1,0,0,0,1,1,0,0,1,3,2,2,6
node,1332146851.0,atm,Райффайзен,Райффайзен,,,1,5,12,0,0,0,17,25,3,0,2,17,47
node,1351526948.0,atm,"ПАО ""МТС-Банк""",,,,1,3,0,4,3,0,10,1,8,7,2,10,28
node,1351565031.0,atm,"АО ""Райффайзенбанк""",Райффайзен,,,1,1,1,1,1,3,1,1,2,2,5,7,11
node,1374552908.0,atm,ПАО Сбербанк,Сбербанк,yes,,1,2,0,2,2,2,2,0,3,3,4,8,12
node,1389186868.0,atm,Сбербанк,Сбербанк,,,1,0,0,1,2,2,0,0,1,4,2,5,7
node,1396687183.0,atm,ПАО Сбербанк,Сбербанк,,,1,0,0,2,3,2,0,0,4,5,4,7,13
node,1399520150.0,atm,,,,,1,2,0,1,1,3,5,0,2,2,3,7,12
node,1399520153.0,atm,ПАО Сбербанк,Сбербанк,,,1,2,0,1,1,2,3,0,1,2,3,6,9
node,1424886799.0,atm,ПАО Сбербанк,Сбербанк,yes,,1,0,0,1,3,2,0,0,2,6,2,6,10
node,1494166617.0,atm,Сбербанк,Сбербанк,,,1,0,0,2,1,4,0,0,7,4,7,7,18
node,1502986079.0,atm,"АО ""Альфа-Банк""",Альфа-Банк,,Mo-Su 08:00-23:00,1,3,2,4,4,1,3,2,6,6,4,14,21
node,1507817306.0,atm,,,,,1,1,1,4,7,3,2,1,8,12,9,16,32
node,1529308055.0,atm,ПАО Сбербанк,Сбербанк,yes,,1,2,0,2,1,2,4,2,5,3,5,7,19
node,1531266598.0,atm,ПАО Сбербанк,Сбербанк,,24/7,1,4,6,1,2,2,7,16,4,5,2,15,34
node,1540431659.0,atm,Банк ИПБ (АО),,,,1,4,4,6,3,6,8,8,7,5,9,23,37
node,1550428913.0,atm,Банк ВТБ (ПАО),ВТБ,no,,1,9,1,1,1,0,16,5,2,4,2,12,29
node,1579582736.0,atm,Банк ВТБ (ПАО),ВТБ,,,1,2,1,2,5,2,4,1,4,8,5,12,22
node,1579582737.0,atm,ПАО РОСБАНК,,,,1,2,1,2,5,2,5,1,4,8,5,12,23
node,1611748605.0,atm,ПАО Сбербанк,Сбербанк,,05:45-01:00,1,12,5,3,3,3,23,8,8,8,4,26,51
node,1611748611.0,atm,ПАО Сбербанк,Сбербанк,,05:45-01:00,1,5,4,3,0,1,19,13,5,2,4,13,43
node,1619076901.0,atm,,,,,1,0,0,0,0,0,1,0,0,0,2,0,3
node,1619081354.0,atm,,,,,1,0,0,0,0,0,0,0,0,2,2,0,4
node,1625449558.0,atm,АО ЮниКредит Банк,,,,1,4,1,1,0,0,9,2,1,3,4,6,19
node,1625449565.0,atm,АО ЮниКредит Банк,,,24/7,1,4,0,1,1,0,9,0,2,2,2,6,15
node,1628954787.0,atm,ПАО Сбербанк,Сбербанк,,24/7,1,6,0,7,8,10,7,0,8,16,16,31,47
node,1653071981.0,atm,ПАО Сбербанк,Сбербанк,,24/7,1,0,0,0,6,6,1,2,7,14,10,12,34
node,1655792062.0,atm,ПАО Сбербанк,Сбербанк,,,1,0,0,1,4,2,0,0,2,5,3,7,10
node,1667728175.0,atm,,,,,1,2,4,0,0,2,4,5,3,2,3,8,17
node,1669762914.0,atm,Банк ВТБ (ПАО),ВТБ,,,1,3,2,1,3,1,3,2,2,5,2,10,14
node,1674783445.0,atm,ПАО Сбербанк,Сбербанк,,,1,1,0,0,0,0,5,0,2,7,3,1,17
node,1681997274.0,atm,ПАО Сбербанк,Сбербанк,,24/7,1,2,0,5,7,17,3,0,12,10,25,31,50
node,1688117100.0,atm,"ПАО ""Промсвязьбанк""",Промсвязьбанк,,,1,2,0,3,3,5,3,0,6,7,6,13,22
node,1693654699.0,atm,ПАО Сбербанк,Сбербанк,,,1,1,0,3,5,4,3,2,8,8,5,13,26
node,1701701915.0,atm,ПАО Сбербанк,Сбербанк,,,1,2,0,1,1,0,2,0,2,1,2,4,7
node,1704597848.0,atm,ПАО Сбербанк,Сбербанк,,,1,0,0,1,0,1,0,0,1,0,3,2,4
node,1722830585.0,atm,ПАО Сбербанк,Сбербанк,,24/7,1,0,0,0,1,0,0,0,0,2,0,1,2
node,1728779782.0,atm,Банк ВТБ (ПАО),ВТБ,,,1,0,0,1,1,4,1,1,1,5,8,6,16
node,1734117142.0,atm,Банк ВТБ (ПАО),ВТБ,yes,,1,1,0,0,0,2,1,0,1,2,3,3,7
node,1736116445.0,atm,ПАО Сбербанк,Сбербанк,,,1,0,0,1,4,2,0,0,1,5,3,7,9
node,1744047883.0,atm,ПАО Сбербанк,Сбербанк,,,1,2,1,1,0,3,10,1,2,3,5,7,21
node,1751373247.0,atm,ПАО Сбербанк,Сбербанк,,,1,5,2,1,2,2,13,3,6,7,3,12,32
node,1754270616.0,atm,"АО ""Почта Банк""",,,,1,2,0,0,3,2,2,0,1,3,3,7,9
node,1758067322.0,atm,ПАО Сбербанк,Сбербанк,,,1,15,8,4,5,3,21,10,8,11,5,35,55
node,1758067323.0,atm,"ПАО ""МОСКОВСКИЙ КРЕДИТНЫЙ БАНК""",Московский кредитный банк,,,1,15,8,4,5,3,21,10,8,11,5,35,55
node,1768842454.0,atm,ПАО Сбербанк,Сбербанк,,,1,3,0,3,2,0,5,0,5,5,4,8,19
node,1772488524.0,atm,ПАО Сбербанк,Сбербанк,,,1,1,0,3,3,2,1,0,3,6,4,9,14
node,1774013771.0,atm,,,,,1,0,0,0,1,2,0,0,0,3,4,3,7
node,1775090511.0,atm,ПАО Сбербанк,Сбербанк,,,1,1,0,0,0,0,14,1,3,4,0,1,22
node,1783514247.0,atm,"ПАО ""Промсвязьбанк""",Промсвязьбанк,,Mo-Su 10:00-22:00,1,5,9,2,3,3,7,10,5,8,5,22,35
node,1817510197.0,atm,"АО ""Райффайзенбанк""",Райффайзен,,,1,4,1,0,1,1,15,3,2,3,4,7,27
node,1817510198.0,atm,ПАО Сбербанк,Сбербанк,,,1,8,2,0,1,0,32,5,1,2,2,11,42
node,1818266062.0,atm,ПАО Сбербанк,Сбербанк,,,1,4,0,3,4,1,7,1,6,10,9,12,33
node,1827648502.0,atm,"АО ""Альфа-Банк""",Альфа-Банк,,,1,7,1,0,1,1,21,5,2,4,4,10,36
node,1842900806.0,atm,Сбербанк,Сбербанк,,,1,0,0,0,1,1,0,0,0,2,3,2,5
node,1853060183.0,atm,"ПАО Банк ""ФК Открытие""",Открытие,yes,24/7,1,1,0,1,1,2,1,0,2,2,7,5,12
node,1866280923.0,atm,"ПАО ""МОСКОВСКИЙ КРЕДИТНЫЙ БАНК""",,,,1,4,0,3,3,4,10,3,11,6,8,14,38
node,1866280966.0,atm,"АО ""Альфа-Банк""",Альфа-Банк,,,1,4,0,3,4,4,10,2,11,6,8,15,37
node,1868510873.0,atm,,,,,1,0,0,2,3,0,0,0,3,4,3,5,10
node,1869062144.0,atm,ПАО Сбербанк,Сбербанк,,,1,2,2,2,5,2,3,2,6,11,8,13,30
node,1869062145.0,atm,ПАО Сбербанк,Сбербанк,,,1,0,1,0,0,0,5,1,3,4,0,1,13
node,1870260491.0,atm,АО ЮниКредит Банк,,,,1,1,0,0,2,4,1,0,1,3,8,7,13
node,1883783144.0,atm,"ООО ""ХКФ Банк""",,,,1,0,2,0,0,2,2,4,1,1,3,4,11
node,1883783145.0,atm,"АО ""Райффайзенбанк""",Райффайзен,,24/7,1,1,3,1,0,2,2,4,1,2,3,7,12
node,1885193738.0,atm,"""СДМ-Банк"" (ПАО)",,,,1,2,0,0,2,2,3,0,0,3,5,6,11
node,1896753233.0,atm,Банк ВТБ (ПАО),ВТБ,,,1,0,0,1,0,7,2,1,2,0,11,8,16
node,1903646830.0,atm,ПАО Сбербанк,Сбербанк,,,1,4,3,3,2,2,11,3,3,5,3,14,25
node,1907227494.0,atm,АО «ТБанк»,Т-Банк,,,1,0,0,2,1,1,0,0,2,1,5,4,8
node,1929099935.0,atm,ПАО Сбербанк,Сбербанк,yes,,1,0,0,4,7,2,0,1,4,8,4,13,17
node,1951643940.0,atm,"АО ""Альфа-Банк""",Альфа-Банк,,,1,7,6,3,2,7,18,13,5,3,10,25,49
node,1952629418.0,atm,Банк ВТБ (ПАО),ВТБ,,24/7,1,2,0,6,0,7,2,1,11,6,11,15,31
node,1955393561.0,atm,ПАО Сбербанк,Сбербанк,,24/7,1,0,0,1,1,1,0,0,1,1,4,3,6
node,1963480933.0,atm,"ПАО ""Промсвязьбанк""",Промсвязьбанк,,,1,1,0,1,4,3,3,0,5,8,9,9,25
node,1976909718.0,atm,ПАО Сбербанк,Сбербанк,,24/7,1,0,0,3,4,1,0,0,3,6,2,8,11
node,1986978832.0,atm,"АО ""Альфа-Банк""",Альфа-Банк,,,1,1,0,1,3,5,1,0,1,4,7,10,13
node,1986978833.0,atm,"АО ""Альфа-Банк""",Альфа-Банк,,,1,1,0,0,1,2,1,0,0,1,2,4,4
node,1986978835.0,atm,"АО ""Альфа-Банк""",Альфа-Банк,,,1,0,0,1,1,1,0,2,1,3,3,3,9
node,1988390151.0,atm,"АО ""Банк Русский Стандарт""",Русский Стандарт,,24/7,1,2,0,4,11,9,7,2,9,18,16,26,52
node,2007250839.0,atm,Росбанк,Росбанк,yes,24/7,1,1,1,1,1,3,3,2,1,2,6,7,14
node,2016386743.0,atm,"АО ""Альфа-Банк""",Альфа-Банк,,,1,2,0,3,4,1,2,0,5,5,4,10,16
node,2016386878.0,atm,"ПАО ""МОСКОВСКИЙ КРЕДИТНЫЙ БАНК""",Московский кредитный банк,,,1,2,0,3,4,1,2,0,5,5,4,10,16
node,2017583575.0,atm,Банк ГПБ (АО),Газпромбанк,,,1,4,4,1,2,0,8,9,4,5,6,11,32
node,2017583578.0,atm,Банк ВТБ (ПАО),ВТБ,,,1,4,4,0,2,0,5,7,1,2,1,10,16
node,2047708313.0,atm,"ПАО ""Промсвязьбанк""",Промсвязьбанк,,Mo-Su 09:00-22:00,1,1,0,3,4,4,2,0,4,7,4,12,17
node,2049412467.0,atm,Банк ГПБ (АО),Газпромбанк,,,1,5,1,3,8,5,8,1,5,9,6,22,29
node,2059700851.0,atm,"АО ""Альфа-Банк""",Альфа-Банк,,,1,14,7,4,7,3,23,10,10,12,5,35,60
node,2092870514.0,atm,,,,,1,7,5,3,3,2,19,12,5,5,2,20,43
node,2100459507.0,atm,ПАО Сбербанк,Сбербанк,,,1,0,1,5,2,4,0,1,9,5,7,12,22
node,2103478331.0,atm,ПАО РОСБАНК,Росбанк,,,1,0,1,7,4,8,0,1,12,8,9,20,30
node,2108747232.0,atm,Сбербанк,Сбербанк,,24/7,1,8,3,1,1,1,13,9,2,3,2,14,29
node,2110382413.0,atm,Сбербанк,Сбербанк,,,1,3,1,0,1,2,8,4,3,6,7,7,28
node,2110382414.0,atm,ПАО Сбербанк,Сбербанк,,,1,2,0,0,2,0,4,4,0,3,3,4,14
node,2110382417.0,atm,,,,,1,3,1,0,1,1,8,4,3,6,6,6,27
node,2112691667.0,atm,"ПАО Банк ""ФК Открытие""",,,,1,9,5,0,2,0,12,12,0,7,0,16,31
node,2112691672.0,atm,"АО ""Райффайзенбанк""",Райффайзен,,,1,9,5,0,2,0,12,12,0,6,0,16,30
node,2113515418.0,atm,"""СДМ-Банк"" (ПАО)",,,,1,2,0,0,2,0,5,4,0,3,3,4,15
node,2119440249.0,atm,Банк ГПБ (АО),Газпромбанк,,,1,0,0,1,0,3,0,0,1,1,4,4,6
node,2134694753.0,atm,,,,,1,17,4,3,2,2,22,12,4,3,3,28,44
node,2140237416.0,atm,ПАО Сбербанк,Сбербанк,,24/7,1,9,4,4,3,2,14,5,5,5,4,22,33
node,2140395707.0,atm,ПАО Сбербанк,Сбербанк,,,1,0,0,0,1,1,0,0,0,2,5,2,7
node,2154222707.0,atm,"АО ""Альфа-Банк""",Альфа-Банк,,,1,1,0,2,3,4,1,1,2,3,5,10,12
node,2167788752.0,atm,ПАО Сбербанк,Сбербанк,,24/7,1,6,6,0,3,1,18,16,4,8,4,16,50
node,2181319243.0,atm,"АО ""Райффайзенбанк""",Райффайзен,,,1,2,1,3,8,4,3,2,6,11,9,18,31
node,2181347854.0,atm,ПАО Сбербанк,Сбербанк,,,1,2,1,3,7,4,3,2,6,11,9,17,31
node,2186629303.0,atm,Банк ВТБ (ПАО),ВТБ,,,1,0,0,0,1,3,0,0,0,2,7,4,9
node,2239554866.0,atm,"АО ""Альфа-Банк""",Альфа-Банк,,,1,0,0,1,0,2,0,0,1,0,3,3,4
node,2268611061.0,atm,"ПАО ""МТС-Банк""",,,,1,0,0,1,0,3,1,3,1,4,4,4,13
node,2280266048.0,atm,,,,24/7,1,0,0,2,1,2,5,4,4,4,4,5,21
node,2284308657.0,atm,Сбербанк,Сбербанк,,,1,0,1,0,1,0,0,2,0,3,2,2,7
node,2284308668.0,atm,Альфа-Банк,Альфа-Банк,,,1,0,1,0,1,0,0,2,0,4,3,2,9
node,2321688535.0,atm,ПАО Сбербанк,Сбербанк,,,1,0,0,1,2,0,1,0,2,6,0,3,9
node,2321688538.0,atm,"ПАО ""МОСКОВСКИЙ КРЕДИТНЫЙ БАНК""",,,,1,0,0,1,2,0,0,0,1,5,0,3,6
node,2324592940.0,atm,Банк ВТБ (ПАО),ВТБ,,,1,1,1,1,2,2,1,1,1,3,4,7,10
node,2335274369.0,atm,"АО ""Райффайзенбанк""",Райффайзен,,,1,8,1,1,2,0,15,1,3,5,0,12,24
node,2352525828.0,atm,АО ЮниКредит Банк,,,,1,2,0,1,1,3,2,1,2,2,4,7,11
node,2378295784.0,atm,"ПАО ""МОСКОВСКИЙ КРЕДИТНЫЙ БАНК""",,,24/7,1,1,0,2,6,2,1,0,3,7,2,11,13
node,2396188815.0,atm,"АО ""Райффайзенбанк""",Райффайзен,,,1,2,1,1,0,1,9,1,2,3,6,5,21
node,2406981978.0,atm,ПАО РОСБАНК,,,,1,0,0,1,0,1,0,0,1,0,2,2,3
node,2407091341.0,atm,"АО ""Альфа-Банк""",Альфа-Банк,,,1,0,0,1,0,1,0,0,1,0,2,2,3
node,2407091342.0,atm,"ПАО ""Промсвязьбанк""",Промсвязьбанк,,,1,0,0,1,0,1,0,0,1,0,3,2,4
node,2407091343.0,atm,"АО ""Райффайзенбанк""",Райффайзен,,,1,0,0,1,0,1,0,0,1,0,2,2,3
node,2407091344.0,atm,ПАО Сбербанк,Сбербанк,,,1,0,0,1,0,1,0,0,1,0,2,2,3
node,2432112617.0,atm,,,,,1,2,1,0,0,0,4,1,0,0,1,3,6
node,2447156903.0,atm,Альфа-Банк,Альфа-Банк,yes,24/7,1,0,1,4,6,1,2,2,5,13,6,12,28
node,2452280762.0,atm,ПАО Сбербанк,Сбербанк,,,1,0,0,1,2,3,0,0,1,3,4,6,8
node,2455480483.0,atm,Альфа-Банк,Альфа-Банк,,Mo-Th 09:00-18:00; Fr 09:00-16:45,1,4,2,0,4,2,7,4,1,6,3,12,21
node,2478697274.0,atm,ПАО Сбербанк,Сбербанк,,,1,1,0,1,0,2,3,0,7,2,2,4,14
node,2491327342.0,atm,"ПАО АКБ ""АВАНГАРД""",Авангард,,24/7,1,4,2,1,2,2,6,2,3,3,2,11,16
node,2499279512.0,atm,Сбербанк,Сбербанк,,,1,4,3,9,9,1,4,3,11,16,3,26,37
node,2500443061.0,atm,"ПАО ""Промсвязьбанк""",Промсвязьбанк,,,1,0,0,0,0,0,1,0,0,0,1,0,2
node,2555299245.0,atm,"АО ""Банк Финсервис""",Финсервис,,,1,2,1,0,1,0,4,2,0,2,7,4,15
node,2560452107.0,atm,ПАО Сбербанк,Сбербанк,,24/7,1,1,0,3,0,3,1,0,6,6,5,7,18
node,2564046956.0,atm,ПАО Сбербанк,Сбербанк,,,1,0,0,1,1,1,0,0,2,3,9,3,14
node,2564047682.0,atm,ПАО Сбербанк,Сбербанк,,,1,0,0,2,1,5,0,0,2,3,8,8,13
node,2575626696.0,atm,Банк ВТБ (ПАО),ВТБ,,,1,6,4,1,2,4,11,5,2,5,7,17,30
node,2590816084.0,atm,Сбербанк,Сбербанк,,24/7,1,5,7,2,4,0,12,17,3,5,1,18,38
node,2594504921.0,atm,ПАО Сбербанк,Сбербанк,,,1,6,0,5,9,9,7,0,9,15,17,29,48
node,2596320761.0,atm,ПАО Сбербанк,Сбербанк,,,1,2,0,1,0,1,2,0,1,2,2,4,7
node,2611668641.0,atm,ТКБ БАНК ПАО,,,Mo-Fr 09:00-21:00; Sa 10:00-15:00,1,2,0,3,3,4,2,0,5,5,4,12,16
node,2611668642.0,atm,ТКБ БАНК ПАО,,,Mo-Su 09:00-18:00,1,2,0,0,0,0,3,0,0,0,0,2,3
node,2611672577.0,atm,ТКБ БАНК ПАО,,,24/7,1,0,0,0,0,0,0,0,0,3,2,0,5
node,2611672579.0,atm,ТКБ БАНК ПАО,,,24/7,1,0,0,0,2,1,3,0,4,8,4,3,19
node,2611708768.0,atm,ТКБ БАНК ПАО,,,Mo-Sa 09:00-21:00; Su 09:00-18:00,1,3,5,0,1,1,6,9,2,3,4,10,24
node,2611708769.0,atm,ТКБ БАНК ПАО,,,"Mo-Fr 09:00-21:00; Sa,Su 10:00-19:00",1,1,0,0,1,2,4,5,0,2,4,4,15
node,2611708770.0,atm,ТКБ БАНК ПАО,,,Mo-Su 09:00-21:00,1,1,0,0,0,1,1,0,0,1,3,2,5
node,2611726627.0,atm,ТКБ БАНК ПАО,,,24/7,1,2,0,3,2,2,2,0,3,3,2,9,10
node,2611726628.0,atm,ТКБ БАНК ПАО,,,24/7,1,2,3,1,0,1,4,3,3,6,4,7,20
node,2611726630.0,atm,ТКБ БАНК ПАО,,,Mo-Su 10:00-21:00,1,0,0,0,0,1,0,0,0,0,4,1,4
node,2611760886.0,atm,ТКБ БАНК ПАО,,,Mo-Fr 10:00-17:00; Sa 10:00-15:00,1,2,0,1,3,1,6,1,3,3,3,7,16
node,2611760888.0,atm,ТКБ БАНК ПАО,,,Mo-Su 09:00-21:00,1,3,2,1,3,1,10,3,2,4,5,10,24
node,2611760889.0,atm,ТКБ БАНК ПАО,,,Mo-Fr 10:00-20:00; Sa 10:00-19:00; Su 10:00-17:00,1,0,0,0,1,4,1,0,0,1,8,5,10
node,2611760890.0,atm,ТКБ БАНК ПАО,,,24/7,1,1,4,0,2,1,5,7,1,4,7,8,24
node,2611760893.0,atm,ТКБ БАНК ПАО,,,Mo-Su 10:00-21:00,1,11,10,3,2,2,16,15,3,4,2,28,40
node,2611760895.0,atm,ТКБ БАНК ПАО,,,Mo-Su 08:00-22:00,1,2,1,1,4,4,6,3,5,15,9,12,38
node,2611760898.0,atm,ТКБ БАНК ПАО,,,Mo-Fr 09:00-18:00,1,0,0,0,0,0,0,0,1,2,2,0,5
node,2611760899.0,atm,ТКБ БАНК ПАО,,,Mo-Su 08:00-22:00,1,1,0,0,1,2,1,1,1,4,3,4,10
node,2611760900.0,atm,ТКБ БАНК ПАО,,,24/7,1,4,0,0,1,1,9,0,1,6,4,6,20
node,2611760901.0,atm,ТКБ БАНК ПАО,,,Mo-Sa 09:00-21:00; Su 09:00-20:00,1,0,0,2,3,4,0,0,2,4,4,9,10
node,2611760902.0,atm,ТКБ БАНК ПАО,,,Mo-Su 09:00-22:00,1,4,0,6,5,5,6,0,11,9,9,20,35
node,2611760903.0,atm,ТКБ БАНК ПАО,,yes,Mo-Fr 10:00-17:00; Sa 10:00-15:00,1,2,0,1,1,2,2,0,3,3,5,6,13
node,2611760905.0,atm,ТКБ БАНК ПАО,,,Mo-Su 12:00-24:00,1,0,1,3,2,2,0,1,9,6,10,8,26
node,2611760906.0,atm,ТКБ БАНК ПАО,,,Mo-Su 10:00-21:00,1,0,0,0,1,2,0,0,0,1,4,3,5
node,2612124024.0,atm,Уралсиб,Уралсиб,,Mo-Su 10:00-23:00,1,1,1,1,2,0,5,1,3,4,14,5,27
node,2612128375.0,atm,Уралсиб,Уралсиб,,24/7,1,4,3,8,9,2,4,3,12,16,3,26,38
node,2612128380.0,atm,Уралсиб,Уралсиб,,Mo-Su 09:00-21:30,1,2,1,1,2,3,4,2,5,3,6,9,20
node,2612128384.0,atm,Уралсиб,Уралсиб,,Mo-Su 09:00-21:00,1,0,1,0,0,2,0,1,0,0,2,3,3
node,2612242253.0,atm,ТКБ БАНК ПАО,,,Mo-Sa 09:00-18:00,1,2,0,0,1,0,3,0,0,2,3,3,8
node,2615442256.0,atm,ПАО Сбербанк,Сбербанк,,,1,0,0,2,1,2,4,5,2,6,3,5,20
node,2625460126.0,atm,ТКБ БАНК ПАО,,,Mo-Su 08:00-23:00,1,0,1,1,2,3,0,1,2,6,5,7,14
node,2625463217.0,atm,ТКБ БАНК ПАО,,,Mo-Su 09:00-21:00,1,0,0,0,0,0,0,0,0,0,0,0,0
node,2625463220.0,atm,ТКБ БАНК ПАО,,,Mo-Su 10:00-21:00,1,2,0,1,1,0,6,3,1,3,2,4,15
node,2625463222.0,atm,ТКБ БАНК ПАО,,yes,24/7,1,14,7,1,3,2,29,16,3,8,3,27,59
node,2625463223.0,atm,ТКБ БАНК ПАО,,,Mo-Th 09:00-18:00; Fr 09:00-16:45,1,4,0,0,1,0,14,5,2,5,2,5,28
node,2625463230.0,atm,ТКБ БАНК ПАО,,,Mo-Su 09:00-21:00,1,1,0,0,0,3,1,0,1,1,6,4,9
node,2625463244.0,atm,ТКБ БАНК ПАО,,,24/7,1,1,2,1,3,1,3,2,2,4,4,8,15
node,2626013720.0,atm,Банк ГПБ (АО),Газпромбанк,,,1,3,6,2,1,3,7,9,2,4,8,15,30
node,2626472048.0,atm,Уралсиб,Уралсиб,,Mo-Sa 10:00-22:00; Su 11:00-22:00,1,0,13,0,2,2,11,28,3,3,5,17,50
node,2626487196.0,atm,Уралсиб,Уралсиб,,Mo-Su 10:00-22:00,1,3,2,6,3,5,6,3,13,8,9,19,39
node,2626487199.0,atm,Уралсиб,Уралсиб,,24/7,1,1,0,0,0,0,4,0,2,7,2,1,15
node,2626629798.0,atm,Уралсиб,Уралсиб,,Mo-Su 08:00-22:00,1,3,12,3,3,0,15,29,6,4,5,21,59
node,2626629800.0,atm,Уралсиб,Уралсиб,,Mo-Sa 10:00-21:00; Su 10:00-20:00,1,5,1,4,6,5,12,3,9,9,6,21,39
node,2626638969.0,atm,Уралсиб,Уралсиб,,Mo-Su 10:00-22:00,1,3,1,3,1,6,4,1,6,6,15,14,32
node,2626638974.0,atm,Уралсиб,Уралсиб,,Mo-Fr 09:30-20:00,1,0,0,0,0,2,0,0,0,3,2,2,5
node,2626638978.0,atm,Уралсиб,Уралсиб,,Mo-Su 10:00-23:00,1,4,13,3,8,2,7,14,5,11,3,30,40
node,2626651486.0,atm,Уралсиб,Уралсиб,,Mo-Su 10:00-22:00,1,1,1,1,1,2,2,1,2,2,5,6,12
node,2626651487.0,atm,Уралсиб,Уралсиб,,Mo-Su 10:00-22:00,1,1,1,1,3,3,2,2,2,3,5,9,14
node,2626651489.0,atm,Уралсиб,Уралсиб,,Mo-Su 08:00-21:00,1,1,0,1,4,3,4,0,2,5,5,9,16
node,2626653665.0,atm,Уралсиб,Уралсиб,,Mo-Su 10:00-22:00,1,0,0,1,1,2,2,0,2,3,2,4,9
node,2626653667.0,atm,Уралсиб,Уралсиб,,Mo-Su 09:00-22:00,1,0,1,4,2,7,1,1,6,8,9,14,25
node,2626653668.0,atm,Уралсиб,Уралсиб,,24/7,1,1,4,0,0,4,5,14,1,2,6,9,28
node,2626653669.0,atm,Уралсиб,Уралсиб,,Mo-Su 09:00-22:00,1,5,1,2,2,2,25,3,8,5,5,12,46
node,2626653670.0,atm,Уралсиб,Уралсиб,,Mo-Su 09:00-22:00,1,7,3,3,2,1,10,3,5,5,3,16,26
node,2626849743.0,atm,Уралсиб,Уралсиб,,Mo-Su 10:00-22:00,1,0,2,0,2,2,4,7,5,8,5,6,29
node,2626849744.0,atm,Уралсиб,Уралсиб,,24/7,1,5,0,4,6,1,9,1,8,11,4,16,33
node,2626849745.0,atm,Уралсиб,Уралсиб,,Mo-Su 10:00-22:00,1,20,7,0,3,2,30,12,3,6,6,32,57
node,2626849747.0,atm,Уралсиб,Уралсиб,,24/7,1,3,4,1,2,2,6,16,1,3,9,12,35
node,2626849748.0,atm,Уралсиб,Уралсиб,,Mo-Su 09:00-23:00,1,16,6,2,1,1,22,14,4,3,3,26,46
node,2626849749.0,atm,Уралсиб,Уралсиб,,24/7,1,0,0,1,0,2,5,0,3,1,3,3,12
node,2626849750.0,atm,Уралсиб,Уралсиб,,24/7,1,0,0,0,4,2,0,0,0,5,6,6,11
node,2626907982.0,atm,Уралсиб,Уралсиб,,Mo-Su 10:00-22:00,1,2,2,1,1,6,4,4,1,1,9,12,19
node,2626907992.0,atm,Уралсиб,Уралсиб,,24/7,1,9,8,0,6,10,17,20,3,7,12,33,59
node,2626907995.0,atm,Уралсиб,Уралсиб,,Mo-Su 09:00-21:00,1,3,0,5,3,1,8,1,9,4,7,12,29
node,2626942692.0,atm,Уралсиб,Уралсиб,,24/7,1,2,0,2,7,2,2,3,4,8,4,13,21
node,2626942693.0,atm,Уралсиб,Уралсиб,,Mo-Su 10:00-20:00,1,0,1,0,0,3,2,2,1,2,7,4,14
node,2626942694.0,atm,Уралсиб,Уралсиб,,24/7,1,1,0,1,2,2,3,2,3,3,6,6,17
node,2626942696.0,atm,Уралсиб,Уралсиб,,Mo-Fr 08:00-20:00,1,0,0,0,0,0,0,0,1,0,0,0,1
node,2626942697.0,atm,Уралсиб,Уралсиб,,Mo-Fr 10:00-18:00,1,0,0,0,1,0,1,0,1,2,2,1,6
node,2626942699.0,atm,Уралсиб,Уралсиб,,24/7,1,0,2,2,5,5,1,2,3,9,6,14,21
node,2626942700.0,atm,Уралсиб,Уралсиб,,Mo-Su 10:00-21:00,1,0,0,5,4,5,0,1,11,8,9,14,29
node,2627597733.0,atm,Уралсиб,Уралсиб,,Mo-Su 10:00-21:00,1,2,0,8,5,3,2,0,8,5,10,18,25
node,2627597734.0,atm,Уралсиб,Уралсиб,,Mo-Fr 09:00-23:00,1,6,4,0,2,0,13,5,0,4,2,12,24
node,2627597735.0,atm,Уралсиб,Уралсиб,,Mo-Sa 08:00-18:00,1,1,2,0,1,0,7,9,0,2,3,4,21
node,2627597736.0,atm,Уралсиб,Уралсиб,,Mo-Su 09:00-23:00,1,5,0,6,5,7,7,0,8,14,15,23,44
node,2627597737.0,atm,Уралсиб,Уралсиб,,24/7,1,5,7,1,2,2,20,12,4,4,4,17,44
node,2627597739.0,atm,Уралсиб,Уралсиб,,Mo-Fr 09:00-20:00; Sa 10:00-16:00,1,1,1,2,4,3,1,1,3,8,5,11,18
node,2627628628.0,atm,Уралсиб,Уралсиб,,24/7,1,0,0,2,5,4,0,0,4,5,9,11,18
node,2627628629.0,atm,Уралсиб,Уралсиб,,24/7,1,2,2,3,6,3,3,2,6,11,10,16,32
node,2627628630.0,atm,Уралсиб,Уралсиб,,Mo-Su 10:00-21:00,1,2,0,1,5,3,2,0,1,5,7,11,15
node,2627628632.0,atm,Уралсиб,Уралсиб,,Mo-Su 09:00-21:30,1,0,0,0,1,2,1,1,0,2,5,3,9
node,2627628636.0,atm,Уралсиб,Уралсиб,,Mo-Su 10:00-20:00,1,0,0,0,0,2,0,0,0,1,3,2,4
node,2627628642.0,atm,Уралсиб,Уралсиб,,24/7,1,3,2,4,7,5,5,3,5,8,8,21,29
node,2627628649.0,atm,Уралсиб,Уралсиб,,Mo-Fr 09:00-18:00,1,0,1,1,1,1,0,2,1,3,2,4,8
node,2627628664.0,atm,Уралсиб,Уралсиб,,Mo-Fr 09:00-20:00; Sa 10:00-16:00,1,0,0,0,0,1,0,0,1,4,4,1,9
node,2627628670.0,atm,Уралсиб,Уралсиб,yes,24/7,1,2,2,2,0,0,7,11,5,3,3,6,29
node,2627628680.0,atm,Уралсиб,Уралсиб,,Mo-Su 08:00-20:00,1,0,0,2,0,1,0,0,2,1,2,3,5
node,2627628687.0,atm,Уралсиб,Уралсиб,,24/7,1,0,0,1,3,3,1,0,1,3,8,7,13
node,2627628693.0,atm,Уралсиб,Уралсиб,,Mo-Su 09:00-23:00,1,0,0,1,3,3,1,0,1,4,4,7,10
node,2627662763.0,atm,Уралсиб,Уралсиб,,24/7,1,1,0,2,5,1,1,0,3,7,4,9,15
node,2627662764.0,atm,Уралсиб,Уралсиб,,24/7,1,5,3,1,2,2,9,3,3,5,8,13,28
node,2627667994.0,atm,Уралсиб,Уралсиб,,24/7,1,0,0,2,3,1,0,0,3,6,5,6,14
node,2627671487.0,atm,"ПАО Банк ""ФК Открытие""",,,24/7,1,5,4,5,3,3,8,7,8,9,4,20,36
node,2627741509.0,atm,Уралсиб,Уралсиб,,Mo-Su 10:00-22:00,1,2,1,1,1,7,4,1,7,6,15,12,33
node,2627783583.0,atm,Уралсиб,Уралсиб,,Mo-Su 07:30-22:00,1,0,3,0,2,2,0,3,0,2,4,7,9
node,2627783584.0,atm,Уралсиб,Уралсиб,,24/7,1,1,0,2,1,4,2,1,3,8,5,8,19
node,2627783585.0,atm,Уралсиб,Уралсиб,,Mo-Su 10:00-22:00,1,6,4,4,7,4,24,9,11,13,5,25,62
node,2627783586.0,atm,Уралсиб,Уралсиб,,Mo-Su 10:00-22:00,1,9,11,2,1,2,17,20,3,3,4,25,47
node,2627783587.0,atm,Уралсиб,Уралсиб,,Mo-Fr 09:00-20:00; Sa 10:00-16:00,1,0,1,3,5,1,0,1,6,6,6,10,19
node,2627783589.0,atm,Уралсиб,Уралсиб,,Mo-Su 10:00-22:00,1,0,0,3,4,10,3,0,7,8,15,17,33
node,2627783590.0,atm,Уралсиб,Уралсиб,,Mo-Su 10:00-21:00,1,4,0,6,5,5,6,0,11,9,9,20,35
node,2627783591.0,atm,Уралсиб,Уралсиб,,Mo-Su 10:00-21:00,1,0,0,1,1,1,0,0,4,4,3,3,11
node,2627806009.0,atm,Уралсиб,Уралсиб,,24/7,1,0,0,2,3,4,3,0,6,8,7,9,24
node,2628200322.0,atm,Уралсиб,Уралсиб,,24/7,1,0,0,0,0,0,0,0,0,0,1,0,1
node,2628200325.0,atm,Уралсиб,Уралсиб,,24/7,1,1,0,2,2,2,3,0,3,6,4,7,16
node,2651730806.0,atm,Райффайзен,Райффайзен,,,1,1,1,3,4,5,3,6,7,10,12,14,38
node,2656349124.0,atm,ВТБ,ВТБ,,,1,5,1,4,5,2,5,1,5,5,4,17,20
node,2656349128.0,atm,Райффайзен,Райффайзен,,,1,5,1,4,5,2,5,1,5,5,4,17,20
node,2668254704.0,atm,Сбербанк,Сбербанк,,,1,0,0,0,0,1,0,0,0,0,4,1,4
node,2726545299.0,atm,Сбербанк,Сбербанк,,,1,1,3,0,5,0,8,13,4,11,3,9,39
node,2738945228.0,atm,Банк ВТБ (ПАО),ВТБ,,,1,1,0,0,0,4,1,0,0,0,14,5,15
node,2748288141.0,atm,"АО ""Альфа-Банк""",Альфа-Банк,,,1,4,0,0,0,2,6,3,0,1,8,6,18
node,2788217118.0,atm,"АО ""ГУТА-БАНК""",,,24/7,1,11,7,0,1,0,17,11,0,2,0,19,30
node,2808972049.0,atm,ПАО Сбербанк,Сбербанк,,,1,3,2,0,0,2,15,8,0,2,6,7,31
node,2840190384.0,atm,АО «ТБанк»,Т-Банк,yes,,1,0,0,0,1,2,1,1,0,3,7,3,12
node,2851581007.0,atm,ПАО Сбербанк,Сбербанк,,,1,2,0,3,1,3,2,0,3,2,9,9,16
node,2858384601.0,atm,"АО ""Райффайзенбанк""",Райффайзен,,,1,1,0,1,1,1,1,1,2,1,4,4,9
node,2865071631.0,atm,"АО ""Альфа-Банк""",Альфа-Банк,,,1,3,2,0,0,1,7,5,1,0,4,6,17
node,2870319823.0,atm,"АО ""Райффайзенбанк""",Райффайзен,yes,,1,6,8,0,3,0,12,12,0,5,0,17,29
node,2876845174.0,atm,,,,,1,0,0,1,2,2,1,0,1,3,4,5,9
node,2898527938.0,atm,ПАО Сбербанк,Сбербанк,,24/7,1,5,1,1,1,0,13,5,1,2,0,8,21
node,2940982952.0,atm,ПАО Сбербанк,Сбербанк,,,1,6,1,1,0,0,9,2,1,4,2,8,18
node,2940986237.0,atm,"Банк ""ВБРР"" (АО)",ВБРР,,,1,1,2,1,1,0,11,7,1,3,2,5,24
node,2948222054.0,atm,"АО ""Райффайзенбанк""",Райффайзен,,,1,3,0,1,0,1,3,0,1,0,3,5,7
node,2953468321.0,atm,Сбербанк,Сбербанк,,,1,17,4,2,2,2,25,12,4,4,3,27,48
node,2953468322.0,atm,Банк ВТБ (ПАО),ВТБ,,,1,19,4,2,2,2,26,8,5,4,5,29,48
node,2954365700.0,atm,Банк ВТБ (ПАО),ВТБ,,,1,0,0,2,3,0,0,0,4,4,4,5,12
node,2964580833.0,atm,"АО ""Кредит Европа Банк (Россия)""",,,,1,1,0,1,1,0,1,0,1,1,3,3,6
node,2969901034.0,atm,Банк ВТБ (ПАО),ВТБ,,24/7,1,4,5,5,4,2,7,6,10,9,5,20,37
node,2979638464.0,atm,ПАО Сбербанк,Сбербанк,,,1,23,8,1,5,3,29,12,2,6,6,40,55
node,3006586609.0,atm,"АО ""Райффайзенбанк""",Райффайзен,,,1,0,0,0,0,0,1,1,1,0,0,0,3
node,3007434081.0,atm,"АО ""НС Банк""",,,24/7,1,0,1,0,0,0,1,4,1,0,2,1,8
node,3007434083.0,atm,"АО ""НС Банк""",,,24/7,1,1,1,0,0,1,1,5,0,1,4,3,11
node,3027297190.0,atm,"АО ""Банк Русский Стандарт""",Русский Стандарт,,24/7,1,1,2,2,8,0,1,3,6,9,5,13,24
node,3043881936.0,atm,"ПАО ""Промсвязьбанк""",Промсвязьбанк,,,1,0,0,1,1,1,1,7,1,1,4,3,14
node,3053223974.0,atm,ПАО Сбербанк,Сбербанк,,24/7,1,5,1,1,1,3,5,2,3,3,3,11,16
node,3071819224.0,atm,ПАО Сбербанк,Сбербанк,,,1,1,1,5,2,4,3,4,7,4,7,13,25
node,3071821064.0,atm,Банк ВТБ (ПАО),ВТБ,,,1,2,2,4,3,4,5,3,7,6,9,15,30
node,3072553204.0,atm,ПАО Сбербанк,Сбербанк,yes,24/7,1,2,1,0,0,2,8,1,2,6,2,5,19
node,3076430202.0,atm,"АО ""Райффайзенбанк""",Райффайзен,,24/7,1,4,0,1,4,3,19,5,9,10,9,12,52
node,3094540596.0,atm,Уралсиб,Уралсиб,,24/7,1,5,1,4,7,2,11,4,10,12,6,19,43
node,3114745424.0,atm,Банк ВТБ (ПАО),ВТБ,,,1,3,4,0,2,1,6,9,1,2,2,10,20
node,3145147169.0,atm,ПАО Сбербанк,Сбербанк,,,1,2,0,3,4,4,2,0,4,7,4,13,17
node,3153898584.0,atm,ПАО Сбербанк,Сбербанк,,,1,0,0,1,5,3,1,1,3,8,5,9,18
node,3161147395.0,atm,ПАО Сбербанк,Сбербанк,,,1,0,0,0,0,4,2,1,0,0,7,4,10
node,3161147396.0,atm,"АО ""Россельхозбанк""",Россельхозбанк,,,1,0,0,0,0,4,2,1,0,0,7,4,10
node,3179833730.0,atm,"АО ""Райффайзенбанк""",Райффайзен,no,,1,6,1,5,5,2,8,2,8,8,3,19,29
node,3194244152.0,atm,"АО ""Альфа-Банк""",Альфа-Банк,,,1,0,1,3,5,0,0,1,4,6,3,9,14
node,3194244154.0,atm,ПАО Сбербанк,Сбербанк,,,1,0,1,3,5,1,0,1,3,6,2,10,12
node,3211452786.0,atm,Банк ВТБ (ПАО),ВТБ,no,,1,6,1,2,3,2,10,5,2,7,7,14,31
node,3211452795.0,atm,ПАО Сбербанк,Сбербанк,yes,,1,10,2,2,5,7,15,3,2,6,11,26,37
node,3211452796.0,atm,ПАО Сбербанк,Сбербанк,no,,1,10,2,2,5,7,14,3,2,6,11,26,36
node,3211452797.0,atm,ПАО Сбербанк,Сбербанк,no,,1,10,2,2,5,7,14,3,2,6,11,26,36
node,3211452798.0,atm,"АО ""Альфа-Банк""",Альфа-Банк,no,,1,9,2,2,5,7,14,3,2,6,11,25,36
node,3211452799.0,atm,Уралсиб,Уралсиб,no,,1,9,2,2,5,7,14,3,2,6,11,25,36
node,3211452800.0,atm,,,no,,1,9,2,2,5,7,14,3,2,6,11,25,36
node,3212676150.0,atm,ПАО Сбербанк,Сбербанк,,,1,4,6,0,3,10,16,18,2,6,12,23,54
node,3212676152.0,atm,ПАО Сбербанк,Сбербанк,,,1,4,6,0,3,10,16,18,2,6,12,23,54
node,3212678062.0,atm,"ПАО Банк ""ФК Открытие""",,,,1,10,12,1,6,10,17,19,3,6,12,39,57
node,3212678064.0,atm,Банк ВТБ (ПАО),ВТБ,,,1,10,12,1,6,10,17,19,3,6,12,39,57
node,3213704161.0,atm,ПАО Сбербанк,Сбербанк,,,1,0,2,4,4,3,3,2,5,12,5,13,27
node,3218390301.0,atm,АО ЮниКредит Банк,,,,1,12,11,2,1,2,23,16,7,8,6,28,60
node,3249138872.0,atm,ПАО Сбербанк,Сбербанк,,,1,0,0,4,6,2,1,0,4,7,3,12,15
node,3252650533.0,atm,Банк ВТБ (ПАО),ВТБ,,24/7,1,3,1,3,6,5,6,5,5,11,10,18,37
node,3298948765.0,atm,"АО ""БМ-Банк""",,,,1,3,8,3,1,1,9,21,6,5,4,16,45
node,3300333799.0,atm,Райффайзен,Райффайзен,,,1,17,4,2,2,2,25,11,4,4,3,27,47
node,3301034061.0,atm,Банк ВТБ (ПАО),ВТБ,,,1,1,0,1,1,1,1,0,1,1,3,4,6
node,3301034062.0,atm,ПАО Сбербанк,Сбербанк,,,1,1,0,1,0,0,1,0,1,1,3,2,6
node,3303828096.0,atm,ПАО Сбербанк,Сбербанк,,,1,0,0,0,0,0,0,0,0,0,0,0,0
node,3326157053.0,atm,Банк ВТБ (ПАО),ВТБ,,,1,8,7,1,2,2,18,10,4,5,7,20,44
node,3329224116.0,atm,"АО ""Альфа-Банк""",Альфа-Банк,,24/7,1,3,0,1,4,3,26,5,4,6,5,11,46
node,3341683386.0,atm,"АО ""Банк Русский Стандарт""",Русский Стандарт,,24/7,1,4,0,5,6,6,9,1,11,7,9,21,37
node,3396803236.0,atm,Банк ВТБ (ПАО),ВТБ,yes,24/7,1,2,0,2,2,3,4,2,8,5,6,9,25
node,3397009556.0,atm,ПАО Сбербанк,Сбербанк,yes,,1,6,1,1,1,0,13,2,3,3,0,9,21
node,3398360838.0,atm,ПАО Сбербанк,Сбербанк,,,1,1,1,0,2,2,1,1,0,2,4,6,8
node,3405256534.0,atm,Азиатско-Тихоокеанский Банк,Азиатско-Тихоокеанский Банк,,Mo-Fr 09:00-19:00;Sa 10:00-17:00,1,0,4,0,2,0,11,21,0,3,2,6,37
node,3410453576.0,atm,"АКБ ""Абсолют Банк"" (ПАО)",,yes,24/7,1,8,5,2,1,1,28,23,5,3,3,17,62
node,3414576715.0,atm,"АКБ ""Абсолют Банк"" (ПАО)",,yes,24/7,1,2,1,3,1,2,5,2,4,1,3,9,15
node,3417165859.0,atm,"АО ""Альфа-Банк""",Альфа-Банк,,,1,1,0,1,1,1,1,0,2,1,5,4,9
node,3437734151.0,atm,"АО ""Райффайзенбанк""",Райффайзен,,,1,5,1,0,1,2,7,2,2,2,3,9,16
node,3441536248.0,atm,ВТБ,ВТБ,,Mo-Su 10:00-22:00,1,12,8,4,3,3,23,24,8,7,5,30,67
node,3447562631.0,atm,ПАО РОСБАНК,,,Tu-Su 12:00-21:00,1,1,3,1,2,2,4,6,2,4,5,9,21
node,3478996674.0,atm,,,,,1,2,3,0,0,2,9,5,2,4,7,7,27
node,3486439308.0,atm,"АО ""Альфа-Банк""",Альфа-Банк,,08:00-23:00,1,0,0,0,1,0,3,2,1,2,3,1,11
node,3500455285.0,atm,ПАО Сбербанк,Сбербанк,,,1,14,6,3,3,1,16,7,4,6,6,27,39
node,3506676182.0,atm,"ПАО ""МОСКОВСКИЙ КРЕДИТНЫЙ БАНК""",,,24/7,1,1,2,1,0,0,5,2,1,1,1,4,10
node,3507397025.0,atm,Альфа-Банк,Альфа-Банк,,,1,0,0,3,5,2,0,0,6,7,4,10,17
node,3512452649.0,atm,"АО ""Альфа-Банк""",Альфа-Банк,,Mo-Sa 09:30-21:00,1,0,2,0,0,1,10,9,1,2,1,3,23
node,3526824258.0,atm,"АО ""Альфа-Банк""",Альфа-Банк,,24/7,1,1,2,0,2,4,7,8,1,4,4,9,24
node,3541486188.0,atm,Банк ВТБ (ПАО),ВТБ,,24/7,1,2,0,0,0,1,5,2,0,4,10,3,21
node,3541832209.0,atm,"АО ""Райффайзенбанк""",Райффайзен,,,1,2,0,1,1,0,2,0,2,1,2,4,7
node,3556400896.0,atm,"ПАО ""МОСКОВСКИЙ КРЕДИТНЫЙ БАНК""",,,,1,1,2,3,4,0,4,9,7,8,4,10,32
node,3558465029.0,atm,АО ЮниКредит Банк,,,24/7,1,0,0,0,1,2,0,3,1,1,2,3,7
node,3583952359.0,atm,"АО ""Кредит Европа Банк (Россия)""",,,,1,7,2,5,5,5,11,4,8,8,9,24,40
node,3613464464.0,atm,Банк ВТБ (ПАО),ВТБ,,24/7,1,2,1,4,1,4,8,3,7,3,8,12,29
node,3631729777.0,atm,"ПАО Банк ""ФК Открытие""",,,,1,2,0,1,1,0,6,3,1,3,2,4,15
node,3640349617.0,atm,"АО ""Райффайзенбанк""",Райффайзен,,,1,8,7,7,4,2,20,18,11,9,7,28,65
node,3642483381.0,atm,ПАО Сбербанк,Сбербанк,,,1,4,1,5,3,3,7,1,7,4,4,16,23
node,3646541597.0,atm,ПАО Сбербанк,Сбербанк,,24/7,1,5,6,3,3,3,9,7,7,9,3,20,35
node,3650549481.0,atm,Банк ВТБ (ПАО),ВТБ,,24/7,1,2,4,0,1,0,10,7,0,1,0,7,18
node,3657565818.0,atm,"АО ""Альфа-Банк""",Альфа-Банк,,24/7,1,2,2,2,1,2,9,4,3,5,4,9,25
node,3659068622.0,atm,ИНВЕСТТОРГБАНК АО,,,24/7,1,11,9,2,4,2,14,12,3,8,6,28,43
node,3660580227.0,atm,Банк ВТБ (ПАО),ВТБ,,,1,3,3,6,3,4,5,7,7,4,9,19,32
node,3672326247.0,atm,"АО ""Альфа-Банк""",Альфа-Банк,,,1,0,2,1,2,1,2,2,10,9,7,6,30
node,3677737830.0,atm,ВТБ,ВТБ,,,1,1,2,1,1,2,3,4,4,1,3,7,15
node,3683499632.0,atm,Банк ИПБ (АО),,,,1,2,0,10,8,24,3,0,11,10,25,44,49
node,3683874533.0,atm,Банк ВТБ (ПАО),ВТБ,,,1,5,0,4,6,1,9,1,8,11,4,16,33
node,3685929576.0,atm,ПАО Сбербанк,Сбербанк,,,1,0,1,0,0,0,1,2,0,0,2,1,5
node,3700986285.0,atm,Райффайзен,Райффайзен,,24/7,1,1,0,3,3,2,2,1,5,6,6,9,20
node,3716041760.0,atm,"АО ""Райффайзенбанк""",Райффайзен,,24/7,1,0,1,0,0,3,0,2,0,1,5,4,8
node,3717916471.0,atm,ПАО Сбербанк,Сбербанк,yes,,1,1,0,1,2,3,1,0,3,5,4,7,13
node,3718109899.0,atm,Газпромбанк,Газпромбанк,,09:00-21:00,1,0,0,0,1,3,0,0,0,3,3,4,6
node,3718109901.0,atm,Газпромбанк,Газпромбанк,no,10:00-22:00,1,0,1,1,3,2,0,1,1,6,6,7,14
node,3719237225.0,atm,"АО ""Альфа-Банк""",Альфа-Банк,,,1,4,0,5,6,2,10,1,7,10,5,17,33
node,3720509245.0,atm,Банк ВТБ (ПАО),ВТБ,yes,,1,21,8,0,4,3,30,12,2,6,5,36,55
node,3725026903.0,atm,"АО ""Райффайзенбанк""",Райффайзен,,,1,6,4,0,2,0,12,10,1,6,0,12,29
node,3733213053.0,atm,"ПАО ""МТС-Банк""",МТС Банк,,24/7,1,7,0,1,0,2,11,5,5,3,4,10,28
node,3735078080.0,atm,ВТБ,ВТБ,,,1,1,0,3,2,2,2,0,5,5,4,8,16
node,3740110019.0,atm,"АО ""Райффайзенбанк""",Райффайзен,,24/7,1,0,0,0,1,3,0,1,0,2,4,4,7
node,3749360999.0,atm,"""Азиатско-Тихоокеанский Банк"" (АО)",,,24/7,1,0,3,1,2,3,3,10,3,7,7,9,30
node,3749361000.0,atm,"АО ""Райффайзенбанк""",Райффайзен,,24/7,1,0,3,1,2,3,3,10,3,7,7,9,30
node,3749361001.0,atm,"АО ""Альфа-Банк""",Альфа-Банк,,24/7,1,0,3,1,2,3,4,10,3,7,7,9,31
node,3756053512.0,atm,Банк ВТБ (ПАО),ВТБ,,24/7,1,15,3,1,4,1,27,11,4,7,4,24,53
node,3768556410.0,atm,ПАО Сбербанк,Сбербанк,,,1,3,5,0,1,4,9,5,3,3,8,13,28
node,3768556411.0,atm,ПАО Сбербанк,Сбербанк,no,,1,2,0,3,3,2,4,0,4,4,3,10,15
node,3783312674.0,atm,"АО АКБ ""НОВИКОМБАНК""",,,24/7,1,5,2,0,0,0,19,11,1,1,3,7,35
node,3806834364.0,atm,Банк ГПБ (АО),Газпромбанк,,24/7,1,2,2,1,1,2,3,3,3,2,4,8,15
node,3812446745.0,atm,ПАО Сбербанк,Сбербанк,,,1,2,2,1,1,8,8,6,2,3,13,14,32
node,3834400133.0,atm,Банк ВТБ (ПАО),ВТБ,,,1,1,0,0,1,0,2,0,2,3,1,2,8
node,3842373556.0,atm,Банк ВТБ (ПАО),ВТБ,,,1,0,0,3,3,1,0,0,3,6,2,7,11
node,3872466339.0,atm,"АО ""Райффайзенбанк""",Райффайзен,yes,24/7,1,3,0,1,1,3,4,1,2,3,3,8,13
node,3893425804.0,atm,"ПАО Банк ""ФК Открытие""",,,,1,4,2,0,0,0,8,2,2,6,1,6,19
node,3893618245.0,atm,"АО ""Райффайзенбанк""",Райффайзен,,24/7,1,8,4,3,1,2,13,7,5,7,4,18,36
node,3908290071.0,atm,"""СДМ-Банк"" (ПАО)",,,,1,6,8,0,3,0,12,12,0,5,0,17,29
node,3929528682.0,atm,Банк ГПБ (АО),Газпромбанк,,,1,1,0,0,0,0,2,0,0,0,1,1,3
node,3953402572.0,atm,Открытие,Открытие,yes,24/7,1,7,4,4,2,1,14,6,9,9,7,18,45
node,3974043085.0,atm,"ПАО ""Промсвязьбанк""",Промсвязьбанк,,Mo-Su 9:00-23:00,1,1,0,0,0,0,1,0,0,0,2,1,3
node,3978581025.0,atm,ПАО Сбербанк,Сбербанк,,,1,0,0,0,0,2,0,0,1,4,7,2,12
node,3980376856.0,atm,"ПАО ""МОСКОВСКИЙ КРЕДИТНЫЙ БАНК""",МКБ,,,1,1,0,1,1,2,1,0,1,1,2,5,5
node,3982273520.0,atm,ПАО Сбербанк,Сбербанк,,Mo-Su 08:30-20:00,1,1,0,1,3,5,1,0,1,3,7,10,12
node,4019689197.0,atm,"ПАО Банк ""ФК Открытие""",,,24/7,1,1,0,1,2,2,3,0,1,5,7,6,16
node,4023618520.0,atm,ПАО Сбербанк,Сбербанк,,,1,0,0,0,1,2,0,1,3,3,2,3,9
node,4027401020.0,atm,Банк ВТБ (ПАО),ВТБ,,,1,4,0,3,8,5,7,1,4,10,9,20,31
node,4027401021.0,atm,ПАО Сбербанк,Сбербанк,,,1,4,0,3,8,5,7,1,4,10,9,20,31
node,4027401022.0,atm,ПАО Сбербанк,Сбербанк,,,1,4,0,3,8,5,7,1,4,10,9,20,31
node,4035589936.0,atm,ВТБ,ВТБ,,24/7,1,0,1,3,0,5,2,1,6,4,9,9,22
node,4037292824.0,atm,"АО ""НС Банк""",,,24/7,1,3,8,2,4,1,10,15,6,12,6,18,49
node,4053202882.0,atm,"""СДМ-Банк"" (ПАО)",,,,1,1,0,1,1,2,1,0,2,3,2,5,8
node,4059999289.0,atm,ПАО Сбербанк,Сбербанк,,,1,1,0,0,1,2,1,0,0,1,3,4,5
node,4065376859.0,atm,ПАО Сбербанк,Сбербанк,,09:00-22:00,1,2,2,0,1,2,5,2,0,1,3,7,11
node,4068258278.0,atm,Банк ВТБ (ПАО),ВТБ,,,1,5,2,0,0,4,7,2,1,2,4,11,16
node,4069944094.0,atm,,,,,1,1,0,0,2,3,7,2,4,6,10,6,29
node,4070021191.0,atm,,,,24/7,1,1,0,0,2,3,7,2,4,6,10,6,29
node,4070035289.0,atm,,,,24/7,1,1,0,0,2,3,7,2,4,6,9,6,28
node,4070321309.0,atm,"ПАО ""Промсвязьбанк""",Промсвязьбанк,,,1,1,1,1,2,1,1,1,1,2,2,6,7
node,4073297424.0,atm,Банк ГПБ (АО),Газпромбанк,,24/7,1,0,2,0,1,0,1,2,0,4,0,3,7
node,4073611389.0,atm,,,,Mo-Su 10:00-22:00,1,3,0,2,1,2,3,0,3,2,8,8,16
node,4075394562.0,atm,ПАО Сбербанк,Сбербанк,,,1,8,8,2,6,2,18,8,6,8,4,26,44
node,4075402375.0,atm,Банк ВТБ (ПАО),ВТБ,no,24/7,1,6,2,3,6,2,18,12,4,8,4,19,46
node,4075402376.0,atm,"АО ""Альфа-Банк""",Альфа-Банк,,,1,8,6,2,6,1,18,8,6,8,4,23,44
node,4076702860.0,atm,Банк ВТБ (ПАО),ВТБ,,,1,3,2,1,1,9,8,6,2,4,14,16,34
node,4078444714.0,atm,ПАО Сбербанк,Сбербанк,,24/7,1,8,12,2,3,1,14,27,4,4,4,26,53
node,4078511999.0,atm,,,,Mo-Su 10:00-22:00,1,1,2,1,2,2,1,4,2,3,3,8,13
node,4080209289.0,atm,,,,,1,1,0,2,0,3,2,0,3,5,4,6,14
node,4082439990.0,atm,,,,,1,0,0,1,3,2,5,6,4,8,5,6,28
node,4083152789.0,atm,,,,24/7,1,6,2,3,3,2,7,2,3,4,4,16,20
node,4100031692.0,atm,,,,,1,1,1,1,1,1,1,1,2,2,5,5,11
node,4100398140.0,atm,ПАО Сбербанк,Сбербанк,yes,24/7,1,1,0,2,2,3,1,0,3,4,6,8,14
node,4100514134.0,atm,ПАО Сбербанк,Сбербанк,,,1,0,0,0,0,2,0,0,1,0,4,2,5
node,4102826189.0,atm,,,,Mo-Su 10:00-21:00,1,1,0,3,1,1,2,0,4,3,3,6,12
node,4103678289.0,atm,,,,,1,0,0,1,4,2,0,0,2,5,2,7,9
node,4107107690.0,atm,,,,24/7,1,1,10,1,1,3,9,23,3,4,5,16,44
node,4114907679.0,atm,"АО ""Россельхозбанк""",Россельхозбанк,,24/7,1,4,2,2,1,1,4,4,3,2,8,10,21
node,4117098594.0,atm,ПАО Сбербанк,Сбербанк,,24/7,1,1,0,1,3,3,3,0,4,8,3,8,18
node,4120902789.0,atm,,,,,1,6,4,2,4,0,9,8,4,5,5,16,31
node,4124346492.0,atm,,,,,1,6,0,1,1,2,8,1,2,2,5,10,18
node,4126073933.0,atm,"АО ""Райффайзенбанк""",Райффайзен,,Mo-Su 06:00-24:00,1,5,0,1,1,0,11,2,2,2,1,7,18
node,4127528689.0,atm,"ПАО ""Промсвязьбанк""",Промсвязьбанк,,Mo-Fr 08:00-20:00; Sa 09:00-18:00; Su 09:00-14:00,1,0,0,1,0,2,0,0,2,2,2,3,6
node,4127700589.0,atm,"АО ""Альфа-Банк""",Альфа-Банк,,24/7,1,5,1,1,1,3,5,2,3,3,3,11,16
node,4127700689.0,atm,"ПАО ""Промсвязьбанк""",Промсвязьбанк,,24/7,1,5,1,1,1,3,5,2,3,3,3,11,16
node,4130650329.0,atm,ПАО Сбербанк,Сбербанк,,Mo-Su 09:00-23:00,1,1,0,2,3,3,1,1,3,5,6,9,16
node,4144794763.0,atm,ПАО Сбербанк,Сбербанк,yes,24/7,1,2,4,0,1,3,8,10,1,3,5,10,27
node,4144794768.0,atm,ПАО Сбербанк,Сбербанк,yes,24/7,1,2,4,0,1,3,8,10,1,3,5,10,27
node,4151982905.0,atm,ПАО Сбербанк,Сбербанк,yes,24/7,1,0,0,3,2,5,0,0,4,4,8,10,16
node,4161702708.0,atm,"ПАО ""Промсвязьбанк""",Промсвязьбанк,,24/7,1,7,6,2,5,2,19,8,5,9,4,22,45
node,4166480833.0,atm,Банк ВТБ (ПАО),ВТБ,,24/7,1,6,4,3,3,2,18,7,5,5,3,18,38
node,4178857534.0,atm,"ПАО ""АК БАРС"" БАНК",Ак Барс Банк,,24/7,1,0,0,1,1,1,1,0,3,1,5,3,10
node,4180956936.0,atm,"ПАО ""Совкомбанк""",,,,1,4,2,1,0,3,11,3,4,4,3,10,25
node,4187602462.0,atm,Альфа-Банк,Альфа-Банк,,,1,10,8,1,1,1,13,17,2,2,5,21,39
node,4187602463.0,atm,"ПАО Банк ""ФК Открытие""",,,,1,10,8,1,1,1,13,17,2,2,5,21,39
node,4191912157.0,atm,ПАО Сбербанк,Сбербанк,no,,1,1,2,0,0,0,6,5,1,0,2,3,14
node,4195249089.0,atm,,,,Mo-Su 10:00-22:00,1,0,0,0,0,0,0,0,0,0,1,0,1
node,4199061890.0,atm,,,,,1,1,0,0,2,3,6,2,4,6,10,6,28
node,4199200424.0,atm,,,,,1,1,0,1,1,1,1,0,2,1,2,4,6
node,4207446791.0,atm,ПАО Сбербанк,Сбербанк,,Mo-Fr 09:30-18:00,1,2,1,1,1,2,3,4,6,2,4,7,19
node,4207577782.0,atm,"ПАО Банк ""ФК Открытие""",,,,1,1,1,0,1,2,3,1,1,3,3,5,11
node,4207884489.0,atm,Сбербанк,Сбербанк,,,1,8,1,5,9,5,12,2,13,19,6,28,52
node,4221693762.0,atm,ПАО Сбербанк,Сбербанк,,24/7,1,3,1,5,3,4,7,2,10,7,6,16,32
node,4224611689.0,atm,Банк ВТБ (ПАО),ВТБ,no,24/7,1,0,0,0,1,0,0,1,0,3,3,1,7
node,4226622397.0,atm,"АО ""Райффайзенбанк""",Райффайзен,,24/7,1,4,0,2,4,3,20,5,9,11,9,13,54
node,4226665115.0,atm,ПАО Сбербанк,Сбербанк,,,1,4,0,0,0,0,5,0,0,0,0,4,5
node,4228842202.0,atm,Сбербанк,Сбербанк,,Mo-Su 08:00-23:00,1,0,1,1,2,2,4,2,2,2,7,6,17
node,4228863290.0,atm,Альфа-Банк,Альфа-Банк,,Mo-Su 08:00-23:00,1,1,1,1,2,2,4,2,2,2,7,7,17
node,4229617593.0,atm,ПАО Сбербанк,Сбербанк,,,1,2,3,1,1,6,4,4,1,1,10,13,20
node,4235065499.0,atm,ПАО Сбербанк,Сбербанк,,,1,1,1,0,1,3,1,1,0,2,4,6,8
node,4245257589.0,atm,"ПАО ""МТС-Банк""",МТС Банк,yes,Mo-Fr 07:00-21:00; Sa 09:00-20:00; Su 09:00-18:00,1,1,0,3,2,1,5,8,6,4,6,7,29
node,4246293522.0,atm,Банк ВТБ (ПАО),ВТБ,,,1,2,0,0,0,2,2,0,0,0,4,4,6
node,4250489696.0,atm,ПАО Сбербанк,Сбербанк,,,1,2,0,3,4,0,4,0,4,7,1,9,16
node,4250621605.0,atm,ПАО Сбербанк,Сбербанк,,24/7,1,2,0,2,8,2,2,3,5,8,5,14,23
node,4259313892.0,atm,ПАО Сбербанк,Сбербанк,,Mo-Fr 08:30-19:30; Sa 09:00-14:00,1,0,0,0,2,0,2,0,3,5,0,2,10
node,4262574823.0,atm,ПАО Сбербанк,Сбербанк,,,1,0,1,1,1,2,0,1,3,1,4,5,9
node,4275558290.0,atm,Банк ВТБ (ПАО),ВТБ,,Mo-Fr 09:00-20:00; Sa 10:00-19:00,1,2,0,3,2,2,3,0,4,3,2,9,12
node,4285863691.0,atm,"АО ""Альфа-Банк""",Альфа-Банк,,24/7,1,2,1,8,5,3,4,1,8,6,7,19,26
node,4285874992.0,atm,ПАО РОСБАНК,Росбанк,,24/7,1,1,1,8,5,4,4,1,8,6,6,19,25
node,4294686299.0,atm,ПАО Сбербанк,Сбербанк,,,1,1,0,1,2,5,1,1,2,4,6,9,14
node,4298747698.0,atm,"ПАО ""Промсвязьбанк""",Промсвязьбанк,,24/7,1,3,2,1,2,2,3,3,1,4,4,10,15
node,4298816691.0,atm,Банк ГПБ (АО),,,24/7,1,1,2,1,0,0,3,2,1,1,6,4,13
node,4303381008.0,atm,ПАО Сбербанк,Сбербанк,,,1,0,0,2,4,2,0,0,3,8,4,8,15
node,4303395892.0,atm,ПАО Сбербанк,Сбербанк,,24/7,1,0,1,3,1,0,1,1,3,3,6,5,14
node,4310019889.0,atm,Банк ВТБ (ПАО),ВТБ,,Mo-Su 09:00-22:00,1,0,0,0,2,4,0,0,0,4,6,6,10
node,4315677892.0,atm,АО ЮниКредит Банк,ЮниКредит Банк,,,1,3,1,0,1,3,6,2,1,2,6,8,17
node,4315683889.0,atm,Банк ГПБ (АО),Газпромбанк,,,1,3,1,0,1,3,6,2,1,2,6,8,17
node,4318697439.0,atm,"ООО ""ХКФ Банк""",,,Mo-Fr 10:00-20:00; Sa 10:00-17:00,1,1,0,2,5,3,2,2,7,14,12,11,37
node,4318697440.0,atm,Банк ВТБ (ПАО),ВТБ,,24/7,1,1,0,3,9,7,5,2,9,18,16,20,50
node,4318697441.0,atm,"АО ""Альфа-Банк""",Альфа-Банк,,,1,3,0,2,6,6,6,0,7,12,10,17,35
node,4318697442.0,atm,"ПАО АКБ ""АВАНГАРД""",Авангард,,24/7,1,5,0,3,7,7,7,0,8,16,12,22,43
node,4318697443.0,atm,ПАО Сбербанк,Сбербанк,,24/7,1,5,0,3,8,7,7,0,9,16,13,23,45
node,4318697444.0,atm,ПАО Сбербанк,Сбербанк,,24/7,1,0,2,1,2,4,1,2,2,6,7,9,18
node,4318697446.0,atm,"ПАО Банк ""ФК Открытие""",,,09:00-22:00,1,5,0,6,5,7,7,0,8,14,15,23,44
node,4318697447.0,atm,"АО ""Альфа-Банк""",Альфа-Банк,,24/7,1,6,0,7,7,10,7,0,8,16,16,30,47
node,4318697448.0,atm,Альфа-Банк,Альфа-Банк,,24/7,1,0,0,1,1,3,2,0,3,7,11,5,23
node,4321067437.0,atm,Банк ВТБ (ПАО),ВТБ,,24/7,1,2,0,4,1,7,3,0,9,8,25,14,45
node,4324874281.0,atm,,,,,1,1,0,1,3,2,2,0,2,5,3,7,12
node,4325187293.0,atm,ПАО Сбербанк,Сбербанк,,,1,0,1,1,2,3,0,1,1,3,5,7,10
node,4327588190.0,atm,ПАО Сбербанк,Сбербанк,,24/7,1,0,0,2,3,2,0,1,5,4,3,7,13
node,4327593691.0,atm,ПАО Сбербанк,Сбербанк,,24/7,1,0,0,3,3,2,0,1,5,4,3,8,13
node,4330095089.0,atm,Банк ВТБ (ПАО),ВТБ,,,1,0,0,2,0,0,0,0,2,1,2,2,5
node,4333459103.0,atm,Банк ВТБ (ПАО),ВТБ,,,1,0,0,0,0,1,0,0,1,1,5,1,7
node,4336633490.0,atm,ВТБ,ВТБ,,,1,2,1,1,2,0,7,1,7,3,1,6,19
node,4337419790.0,atm,,,,,1,0,0,1,4,0,0,0,2,4,4,5,10
node,4338825089.0,atm,,,,24/7,1,0,0,0,1,2,0,0,0,1,2,3,3
node,4343523535.0,atm,Банк ВТБ (ПАО),ВТБ,,24/7,1,1,0,4,3,1,1,0,9,8,4,9,22
node,4343523536.0,atm,"АО ""Альфа-Банк""",Альфа-Банк,,24/7,1,1,0,5,5,1,1,0,9,8,6,12,24
node,4343899491.0,atm,"АО ""Райффайзенбанк""",Райффайзен,yes,,1,0,1,2,3,2,0,1,2,4,6,8,13
node,4343917490.0,atm,"АО ""Альфа-Банк""",Альфа-Банк,yes,24/7,1,1,0,3,2,1,1,0,4,2,5,7,12
node,4347697153.0,atm,"ПАО КБ ""УБРиР""",,,,1,2,1,2,3,2,7,1,2,4,8,10,22
node,4348262591.0,atm,ПАО Сбербанк,Сбербанк,,,1,1,1,1,1,5,1,1,1,2,7,9,12
node,4348267691.0,atm,ПАО Сбербанк,Сбербанк,,,1,0,0,0,0,0,2,0,0,1,2,0,5
node,4349721892.0,atm,Банк ГПБ (АО),Газпромбанк,,,1,1,1,1,1,1,1,1,1,2,4,5,9
node,4349721893.0,atm,"ПАО ""МОСКОВСКИЙ КРЕДИТНЫЙ БАНК""",,,,1,1,1,1,1,1,1,1,1,2,4,5,9
node,4364555975.0,atm,"ПАО ""Промсвязьбанк""",Промсвязьбанк,,24/7,1,1,2,2,4,9,4,11,4,9,18,18,46
node,4364555978.0,atm,Сбербанк,Сбербанк,,24/7,1,1,4,1,4,6,1,5,5,10,13,16,34
node,4366482901.0,atm,Сбербанк,Сбербанк,,"Mo-Su 00:00-01:00,05:45-24:00",1,3,1,0,0,4,15,17,3,4,7,8,46
node,4371181690.0,atm,"АО ""Райффайзенбанк""",Райффайзен,,Mo-Su 10:00-22:00,1,4,2,5,4,3,5,2,6,9,4,18,26
node,4382023466.0,atm,Банк ВТБ (ПАО),ВТБ,,24/7,1,2,4,2,3,3,7,8,3,3,6,14,27
node,4384764023.0,atm,ПАО Сбербанк,Сбербанк,yes,,1,0,0,2,4,1,2,1,2,4,2,7,11
node,4384769700.0,atm,"АО ""Альфа-Банк""",Альфа-Банк,,,1,4,2,1,1,2,4,6,1,3,7,10,21
node,4384769701.0,atm,"АО ""Альфа-Банк""",Альфа-Банк,yes,,1,3,3,2,2,0,4,3,2,2,0,10,11
node,4400788099.0,atm,ПАО Сбербанк,Сбербанк,yes,,1,3,3,0,1,1,3,5,0,1,4,8,13
node,4400788116.0,atm,Банк ГПБ (АО),Газпромбанк,yes,,1,3,3,0,1,1,3,5,0,1,5,8,14
node,4400960921.0,atm,"АО ""Райффайзенбанк""",Райффайзен,,,1,3,3,0,1,1,3,5,0,1,4,8,13
node,4408185294.0,atm,"АО ""Райффайзенбанк""",Райффайзен,,24/7,1,2,0,0,0,2,2,1,1,2,3,4,9
node,4412901196.0,atm,"АО ""Райффайзенбанк""",Райффайзен,,,1,2,0,2,3,0,2,0,2,3,2,7,9
node,4413683361.0,atm,Банк ВТБ (ПАО),ВТБ,,,1,1,0,3,3,0,3,0,6,7,15,7,31
node,4420922468.0,atm,Банк ВТБ (ПАО),ВТБ,,10:00-22:00,1,1,0,3,5,3,1,1,6,8,6,12,22
node,4421649691.0,atm,ПАО Сбербанк,Сбербанк,,24/7,1,1,2,1,0,0,3,2,1,1,6,4,13
node,4422442486.0,atm,ПАО Сбербанк,Сбербанк,,,1,2,0,4,2,2,2,1,6,5,4,10,18
node,4423683390.0,atm,ПАО Сбербанк,Сбербанк,,,1,2,1,2,3,3,3,1,2,5,4,11,15
node,4429331400.0,atm,ПАО Сбербанк,Сбербанк,,Mo-Su 10:00-22:00,1,19,3,9,5,1,36,7,12,8,5,37,68
node,4438972103.0,atm,"ПАО ""МОСКОВСКИЙ КРЕДИТНЫЙ БАНК""",Московский кредитный банк,,Mo-Su 09:00-23:00,1,0,0,2,1,1,0,0,3,2,2,4,7
node,4450367661.0,atm,Сбербанк,Сбербанк,,,1,0,0,1,0,0,1,0,1,2,0,1,4
node,4455480572.0,atm,"ПАО Банк ""ФК Открытие""",,,,1,0,0,2,1,1,1,0,2,4,3,4,10
node,4463321545.0,atm,"АО ""Кредит Европа Банк (Россия)""",КредитЕвропаБанк,,,1,4,6,0,0,2,4,6,0,1,4,12,15
node,4466264595.0,atm,ПАО Сбербанк,Сбербанк,,Mo-Fr 09:00-18:00,1,0,0,0,0,0,0,0,0,0,0,0,0
node,4473880830.0,atm,"ПАО Банк ""ФК Открытие""",,,,1,1,1,1,0,0,3,4,2,0,0,3,9
node,4487458826.0,atm,ПАО Сбербанк,Сбербанк,yes,24/7,1,11,5,1,0,3,17,11,1,4,8,20,41
node,4488554709.0,atm,"АО ""Альфа-Банк""",Альфа-Банк,,,1,5,0,2,2,11,6,1,4,4,17,20,32
node,4493314590.0,atm,Сбербанк,Сбербанк,,,1,1,0,1,4,3,1,0,4,8,10,9,23
node,4504211974.0,atm,ПАО Сбербанк,Сбербанк,,,1,2,0,0,0,0,5,12,1,1,0,2,19
node,4504211975.0,atm,,,,,1,2,0,0,0,0,5,11,1,1,0,2,18
node,4508937689.0,atm,Банк ВТБ (ПАО),ВТБ,,,1,2,0,3,9,4,2,0,5,11,5,18,23
node,4512562985.0,atm,ПАО РОСБАНК,,,24/7,1,0,0,6,4,2,0,0,10,6,7,12,23
node,4512760793.0,atm,"ПАО Банк ""ФК Открытие""",,,24/7,1,0,0,0,0,2,0,0,0,0,4,2,4
node,4517733089.0,atm,ПАО Сбербанк,Сбербанк,,,1,0,0,0,2,2,1,0,0,2,3,4,6
node,4518758489.0,atm,"АО ""Райффайзенбанк""",Райффайзен,,,1,20,19,3,2,0,43,32,6,9,2,44,92
node,4519265389.0,atm,ПАО Сбербанк,Сбербанк,,24/7,1,2,1,1,2,0,4,2,4,5,1,6,16
node,4520378790.0,atm,Сбербанк,Сбербанк,yes,24/7,1,3,0,5,4,5,3,0,8,6,8,17,25
node,4527746190.0,atm,ПАО Сбербанк,Сбербанк,,,1,3,1,2,2,6,3,1,8,5,7,14,24
node,4527751489.0,atm,ПАО Сбербанк,Сбербанк,,,1,1,0,4,1,5,2,0,8,5,8,11,23
node,4527751490.0,atm,Банк ВТБ (ПАО),ВТБ,,,1,1,0,4,1,5,2,0,8,5,8,11,23
node,4527751491.0,atm,ПАО Сбербанк,Сбербанк,,,1,0,0,0,0,1,0,0,0,0,3,1,3
node,4528816201.0,atm,Банк ВТБ (ПАО),ВТБ,,,1,2,0,9,8,23,4,0,12,12,25,42,53
node,4537516554.0,atm,Банк ВТБ (ПАО),ВТБ,yes,24/7,1,0,1,4,7,2,2,1,4,7,6,14,20
node,4543190101.0,atm,ПАО Сбербанк,Сбербанк,,,1,1,0,1,2,7,1,0,1,3,10,11,15
node,4546702990.0,atm,"ПАО Банк ""ФК Открытие""",,,,1,0,0,3,3,4,1,0,5,6,10,10,22
node,4546739690.0,atm,Уралсиб,Уралсиб,,,1,0,0,2,5,4,1,0,5,6,11,11,23
node,4546758189.0,atm,ПАО Сбербанк,Сбербанк,,,1,0,0,2,3,4,1,0,5,6,11,9,23
node,4547803893.0,atm,ПАО Сбербанк,Сбербанк,,,1,0,0,0,0,2,0,0,0,0,4,2,4
node,4547838290.0,atm,Банк ВТБ (ПАО),ВТБ,,,1,0,0,0,0,2,0,0,0,0,4,2,4
node,4551158390.0,atm,ПАО Сбербанк,Сбербанк,,,1,2,0,1,3,3,3,4,9,13,8,9,37
node,4551171089.0,atm,ПАО Сбербанк,Сбербанк,,,1,2,0,1,3,3,3,4,10,12,10,9,39
node,4551174889.0,atm,"ПАО ""Промсвязьбанк""",Промсвязьбанк,,,1,2,0,1,3,3,3,4,9,13,8,9,37
node,4558524492.0,atm,ПАО Сбербанк,Сбербанк,,24/7,1,0,0,1,6,1,0,0,1,8,4,8,13
node,4558862297.0,atm,Банк ВТБ (ПАО),ВТБ,,Mo-Su 10:00-23:00,1,1,1,1,2,3,1,3,1,3,6,8,14
node,4558966089.0,atm,Сбербанк,Сбербанк,,24/7,1,4,1,0,2,5,4,1,0,2,6,12,13
node,4559790741.0,atm,ПАО Сбербанк,Сбербанк,yes,24/7,1,0,0,1,6,1,0,0,1,8,4,8,13
node,4560019783.0,atm,"ПАО Банк ""ФК Открытие""",,,,1,0,0,0,0,2,0,0,0,0,5,2,5
node,4564116643.0,atm,ПАО Сбербанк,Сбербанк,,,1,0,3,1,0,0,0,4,2,1,1,4,8
node,4567244989.0,atm,ПАО Сбербанк,Сбербанк,,Mo-Su 10:00-22:00,1,0,1,0,1,3,1,3,3,2,5,5,14
node,4570685394.0,atm,"АО ""Альфа-Банк""",Альфа-Банк,,,1,4,0,1,0,2,7,2,1,2,3,7,15
node,4570759990.0,atm,"ПАО ""МТС-Банк""",,,,1,4,2,0,0,2,7,2,1,2,4,8,16
node,4570761489.0,atm,АО ЮниКредит Банк,ЮниКредит Банк,,,1,4,0,0,0,2,7,2,1,2,4,6,16
node,4573749743.0,atm,Сбербанк,Сбербанк,,24/7,1,1,0,0,1,2,1,0,1,2,3,4,7
node,4574490292.0,atm,ПАО Сбербанк,Сбербанк,,,1,5,0,1,1,1,9,1,1,1,6,8,18
node,4574503389.0,atm,"АО ""Райффайзенбанк""",Райффайзен,,,1,4,0,0,1,1,6,2,1,1,4,6,14
node,4576758488.0,atm,Банк ВТБ (ПАО),ВТБ,,24/7,1,13,6,2,1,1,19,15,9,6,6,23,55
node,4580648693.0,atm,ПАО Сбербанк,Сбербанк,,,1,10,1,1,4,0,13,5,1,6,0,16,25
node,4582621692.0,atm,Сбербанк,Сбербанк,,,1,0,0,1,1,2,1,0,2,6,8,4,17
node,4585074391.0,atm,"АО ""Альфа-Банк""",Альфа-Банк,,Mo-Su 10:00-22:00,1,0,1,2,1,0,3,2,2,3,2,4,12
node,4602411107.0,atm,ПАО Сбербанк,Сбербанк,,,1,0,0,1,0,0,1,3,2,4,0,1,10
node,4604812938.0,atm,ПАО Сбербанк,Сбербанк,,We-Su 12:00-20:00; Th 12:00-21:00,1,7,1,0,1,2,7,2,0,1,6,11,16
node,4608155911.0,atm,"АО ""Альфа-Банк""",Альфа-Банк,,,1,3,0,1,0,2,7,2,1,2,3,6,15
node,4608163400.0,atm,"ПАО ""МТС-Банк""",,,,1,4,2,0,0,2,7,2,1,2,4,8,16
node,4608163401.0,atm,АО ЮниКредит Банк,ЮниКредит Банк,,,1,4,0,0,0,2,7,2,1,2,4,6,16
node,4635310448.0,atm,ПАО Сбербанк,Сбербанк,,,1,0,0,1,1,2,0,0,1,1,6,4,8
node,4642744244.0,atm,ПАО Сбербанк,Сбербанк,,,1,2,2,4,7,5,3,2,7,14,10,20,36
node,4643949174.0,atm,ВТБ,ВТБ,yes,,1,1,0,5,5,3,1,0,6,6,8,14,21
node,4648878581.0,atm,ПАО Сбербанк,Сбербанк,,,1,2,2,2,3,0,3,3,3,4,3,9,16
node,4657493989.0,atm,Альфа-Банк,Альфа-Банк,,,1,1,0,1,4,3,1,0,4,9,10,9,24
node,4663401395.0,atm,ПАО Сбербанк,Сбербанк,,,1,0,0,1,1,1,0,1,3,4,3,3,11
node,4677177989.0,atm,ПАО Сбербанк,Сбербанк,,,1,2,2,3,7,4,5,3,8,12,8,18,36
node,4680948493.0,atm,Райффайзен,Райффайзен,,,1,5,3,1,1,2,6,3,1,1,6,12,17
node,4682436791.0,atm,,,,Mo-Su 10:00-22:00,1,2,2,3,6,4,3,2,7,11,11,17,34
node,4682475490.0,atm,ПАО Сбербанк,Сбербанк,yes,24/7,1,2,2,4,7,4,3,2,7,11,10,19,33
node,4683881474.0,atm,ПАО Сбербанк,Сбербанк,,,1,0,1,0,0,3,1,1,1,2,7,4,12
node,4685691365.0,atm,ПАО Сбербанк,Сбербанк,,24/7,1,1,0,0,1,4,3,2,4,5,5,6,19
node,4686934585.0,atm,Банк ВТБ (ПАО),ВТБ,no,Sa-Su 05:30-00:30,1,2,0,7,5,5,3,0,11,10,6,19,30
node,4687261465.0,atm,ПАО Сбербанк,Сбербанк,,24/7,1,1,1,3,1,3,2,1,4,5,9,9,21
node,4690943836.0,atm,ПАО Сбербанк,Сбербанк,,Mo-Fr 08:00-20:00; Sa 09:00-18:00; Su 09:00-16:00,1,0,0,0,0,2,0,0,2,3,4,2,9
node,4690945932.0,atm,"АО ""Райффайзенбанк""",Райффайзен,,,1,3,0,2,0,2,4,0,2,3,6,7,15
node,4693414392.0,atm,ПАО Сбербанк,Сбербанк,yes,,1,4,2,4,4,13,6,2,8,7,18,27,41
node,4693433695.0,atm,ПАО Сбербанк,Сбербанк,,,1,4,0,4,2,11,6,2,7,5,14,21,34
node,4693441291.0,atm,ПАО Сбербанк,Сбербанк,,,1,3,2,4,4,12,6,2,7,7,18,25,40
node,4693450591.0,atm,ПАО Сбербанк,Сбербанк,,24/7,1,0,0,0,0,1,0,0,1,1,2,1,4
node,4693450894.0,atm,ПАО Сбербанк,Сбербанк,,Mo-Su 06:00-01:00,1,3,2,4,7,5,3,2,7,14,11,21,37
node,4693451289.0,atm,ПАО Сбербанк,Сбербанк,,,1,4,2,6,5,12,6,2,8,5,17,29,38
node,4693451389.0,atm,ПАО Сбербанк,Сбербанк,,,1,4,2,6,5,13,6,2,8,5,18,30,39
node,4697743561.0,atm,ПАО Сбербанк,Сбербанк,,24/7,1,0,0,0,3,3,1,0,1,3,5,6,10
node,4701733243.0,atm,Банк ИПБ (АО),,,,1,2,3,2,3,2,3,3,3,4,9,12,22
node,4703278106.0,atm,ПАО Сбербанк,Сбербанк,,,1,2,0,5,6,4,3,0,10,8,6,17,27
node,4703278107.0,atm,ПАО Сбербанк,Сбербанк,,,1,2,0,5,6,4,3,0,10,8,6,17,27
node,4703535202.0,atm,"АО ""Банк Русский Стандарт""",Русский Стандарт,,24/7,1,2,1,8,5,9,3,1,11,8,10,25,33
node,4703535203.0,atm,ПАО Сбербанк,Сбербанк,,24/7,1,1,1,5,4,4,3,1,13,10,13,15,40
node,4703535204.0,atm,"ПАО ""МТС-Банк""",,,Mo-Fr 10:00-19:00; Sa 10:00-18:00; PH off,1,1,1,3,5,4,1,1,7,8,8,14,25
node,4710578143.0,atm,ПАО Сбербанк,Сбербанк,,24/7,1,4,2,2,3,2,7,6,8,9,4,13,34
node,4711754089.0,atm,ПАО Сбербанк,Сбербанк,,,1,2,1,0,0,3,4,4,0,1,6,6,15
node,4716997992.0,atm,"ПАО ""МОСКОВСКИЙ КРЕДИТНЫЙ БАНК""",,,24/7,1,2,1,7,3,8,2,1,12,6,10,21,31
node,4716997993.0,atm,"ООО ""ХКФ Банк""",,,Mo-Fr 10:00-20:00; Sa 10:00-17:00; Su 10:00-16:00,1,0,1,6,3,6,2,1,12,6,11,16,32
node,4717871885.0,atm,Банк ВТБ (ПАО),ВТБ,,,1,0,0,1,1,2,0,1,1,2,5,4,9
node,4720776389.0,atm,ПАО Сбербанк,Сбербанк,,24/7,1,0,0,2,2,2,0,0,4,5,8,6,17
node,4723790186.0,atm,АО ЮниКредит Банк,,,24/7,1,5,6,4,4,4,6,6,6,6,7,23,31
node,4728928790.0,atm,Сбербанк,Сбербанк,,24/7,1,1,0,1,3,3,3,0,3,4,6,8,16
node,4728957727.0,atm,ПАО Сбербанк,Сбербанк,,,1,1,3,0,0,1,1,5,0,1,8,5,15
node,4730757809.0,atm,ПАО Сбербанк,Сбербанк,,24/7,1,0,0,1,1,2,0,2,2,2,3,4,9
node,4736660060.0,atm,ПАО Сбербанк,Сбербанк,,24/7,1,2,1,3,5,3,6,2,6,10,5,14,29
node,4737821685.0,atm,ПАО Сбербанк,Сбербанк,,,1,1,1,1,0,0,3,4,2,0,0,3,9
node,4739936440.0,atm,ПАО Сбербанк,Сбербанк,,Mo-Su 08:00-22:00,1,2,0,2,1,2,2,0,3,3,7,7,15
node,4762783080.0,atm,ПАО Сбербанк,Сбербанк,,,1,0,0,3,4,2,0,2,5,6,3,9,16
node,4771892327.0,atm,Сбербанк,Сбербанк,,"Mo-Su 00:00-01:00,05:45-24:00",1,4,6,1,1,4,9,25,2,2,5,16,43
node,4773108123.0,atm,Банк ВТБ (ПАО),ВТБ,,,1,1,0,2,4,3,1,0,7,10,5,10,23
node,4786769355.0,atm,ПАО Сбербанк,Сбербанк,,,1,2,0,2,3,4,10,3,7,12,8,11,40
node,4789434221.0,atm,"АО ""Райффайзенбанк""",Райффайзен,,,1,1,0,4,3,1,2,0,7,3,4,9,16
node,4797476421.0,atm,Банк ВТБ (ПАО),ВТБ,,Mo-Fr 09:00-18:00,1,0,0,1,1,2,2,0,1,2,4,4,9
node,4809411208.0,atm,Альфа-Банк,Альфа-Банк,,10:00-21:00,1,1,1,3,6,2,1,1,3,9,4,13,18
node,4809717113.0,atm,ПАО Сбербанк,Сбербанк,yes,,1,1,0,1,2,6,1,2,2,3,13,10,21
node,4813938133.0,atm,Банк ГПБ (АО),Газпромбанк,,,1,0,0,7,4,6,0,0,13,9,9,17,31
node,4813938134.0,atm,Банк ИПБ (АО),,,,1,0,0,6,4,6,0,0,13,9,9,16,31
node,4813938135.0,atm,"АО ""Альфа-Банк""",Альфа-Банк,,,1,0,0,6,4,6,0,0,13,8,9,16,30
node,4813938136.0,atm,ПАО Сбербанк,Сбербанк,,,1,0,0,8,4,6,0,0,13,9,10,18,32
node,4815330910.0,atm,"АО ""Альфа-Банк""",Альфа-Банк,,,1,5,0,2,1,11,7,1,4,3,16,19,31
node,4844411022.0,atm,,,,,1,1,1,2,2,0,1,1,3,3,2,6,10
node,4852619945.0,atm,ВТБ,ВТБ,yes,Mo-Fr 10:00-20:00; Sa 10:00-17:00,1,5,6,2,2,2,12,9,2,4,4,17,31
node,4852619946.0,atm,ВТБ,ВТБ,,24/7,1,5,6,2,2,2,12,9,2,4,4,17,31
node,4852619947.0,atm,Банк ВТБ (ПАО),ВТБ,yes,24/7,1,6,1,3,2,2,25,11,8,9,6,14,59
node,4860079584.0,atm,"ПАО ""МОСКОВСКИЙ КРЕДИТНЫЙ БАНК""",Московский кредитный банк,,,1,2,0,7,3,1,2,0,8,4,3,13,17
node,4861374222.0,atm,"ПАО ""МОСКОВСКИЙ КРЕДИТНЫЙ БАНК""",,,Mo-Su 08:00-22:00,1,1,0,1,0,0,1,0,3,0,4,2,8
node,4870352361.0,atm,ПАО Сбербанк,Сбербанк,,09:00-22:00,1,0,1,7,6,6,3,1,11,7,11,20,33
node,4871521422.0,atm,"АО ""Почта Банк""",,,,1,0,0,0,2,1,1,0,1,4,6,3,12
node,4872597421.0,atm,Банк ВТБ (ПАО),ВТБ,,,1,0,0,0,2,1,1,0,1,4,6,3,12
node,4873314666.0,atm,"ПАО ""Совкомбанк""",Совкомбанк,,24/7,1,7,0,1,7,4,14,8,1,8,11,19,42
node,4874716017.0,atm,"АО Банк ""Развитие-Столица""",,yes,24/7,1,1,0,0,0,0,11,2,0,4,0,1,17
node,4876318858.0,atm,ПАО Сбербанк,Сбербанк,,,1,0,0,1,1,1,0,0,2,3,3,3,8
node,4889619935.0,atm,"КБ ""Ренессанс Кредит"" (ООО)",Ренессанс Кредит,,24/7,1,8,6,3,2,2,18,12,9,6,7,21,52
node,4892524322.0,atm,"АО ""Альфа-Банк""",Альфа-Банк,,,1,6,8,1,3,2,6,9,2,3,6,20,26
node,4892524422.0,atm,Банк ГПБ (АО),Газпромбанк,,,1,6,8,1,3,2,6,9,2,3,6,20,26
node,4892531721.0,atm,ПАО Сбербанк,Сбербанк,,,1,6,6,0,2,0,6,10,2,4,5,14,27
node,4892536423.0,atm,"АО ""Райффайзенбанк""",Райффайзен,,,1,5,6,0,2,0,6,9,2,3,6,13,26
node,4894986822.0,atm,Банк ГПБ (АО),Газпромбанк,,,1,5,7,1,2,1,6,10,5,10,7,16,38
node,4897208706.0,atm,"ПАО Банк ""ФК Открытие""",,,,1,10,1,1,4,0,13,5,1,8,0,16,27
node,4897208707.0,atm,,,,,1,10,1,1,4,0,12,5,1,8,0,16,26
node,4904558526.0,atm,"ПАО Банк ""ФК Открытие""",,,,1,6,5,0,0,0,16,9,0,1,2,11,28
node,4904836626.0,atm,Банк ВТБ (ПАО),ВТБ,,,1,0,0,0,0,1,0,0,0,1,2,1,3
node,4909261742.0,atm,"АО ""Россельхозбанк""",Россельхозбанк,,24/7,1,5,1,2,1,3,9,2,3,5,5,12,24
node,4909411063.0,atm,ПАО Сбербанк,Сбербанк,,24/7,1,3,3,6,3,2,3,4,8,3,4,17,22
node,4909411066.0,atm,"ПАО ""Промсвязьбанк""",Промсвязьбанк,,,1,3,3,4,2,2,3,4,8,3,4,14,22
node,4909411067.0,atm,"АО ""Альфа-Банк""",Альфа-Банк,yes,,1,3,3,4,2,2,3,4,8,3,4,14,22
node,4916258317.0,atm,Сбербанк,Сбербанк,,24/7,1,0,0,1,4,4,1,1,3,9,6,9,20
node,4916259217.0,atm,Сбербанк,Сбербанк,,,1,0,0,1,1,2,0,0,1,4,2,4,7
node,4920185722.0,atm,ПАО Сбербанк,Сбербанк,,24/7,1,16,1,2,2,5,34,9,3,6,7,26,59
node,4920186121.0,atm,"АО ""Альфа-Банк""",Альфа-Банк,,,1,16,3,2,3,5,36,12,3,7,7,29,65
node,4921153437.0,atm,Банк ВТБ (ПАО),ВТБ,,24/7,1,0,0,2,5,2,4,1,6,9,4,9,24
node,4926705542.0,atm,"АО ""Альфа-Банк""",Альфа-Банк,,,1,2,0,0,0,0,6,1,2,1,3,2,13
node,4930362421.0,atm,ПАО Сбербанк,Сбербанк,,Mo-Fr 09:00-19:00,1,0,1,0,0,2,0,3,0,0,7,3,10
node,4931308421.0,atm,ПАО Сбербанк,Сбербанк,,,1,5,2,3,6,4,15,7,5,8,7,20,42
node,4933319851.0,atm,ПАО Сбербанк,Сбербанк,,24/7,1,4,1,1,1,2,5,1,1,2,4,9,13
node,4951556069.0,atm,Альфа-Банк,Альфа-Банк,no,,1,0,0,1,2,3,0,0,1,3,3,6,7
node,4960088737.0,atm,Банк ВТБ (ПАО),ВТБ,yes,24/7,1,3,1,1,0,1,6,7,5,2,5,6,25
node,4960088739.0,atm,"АО ""Райффайзенбанк""",Райффайзен,,06:00-23:00,1,2,2,1,0,2,7,5,6,3,3,7,24
node,4960088740.0,atm,Банк ГПБ (АО),Газпромбанк,,24/7,1,2,2,1,0,1,7,5,6,3,3,6,24
node,4960088743.0,atm,Банк ВТБ (ПАО),ВТБ,yes,24/7,1,3,5,3,4,2,6,9,7,10,5,17,37
node,4960141096.0,atm,ПАО Сбербанк,Сбербанк,,24/7,1,2,0,1,1,0,8,3,3,2,3,4,19
node,4960141097.0,atm,"ПАО ""Промсвязьбанк""",Промсвязьбанк,,24/7,1,2,0,1,1,0,8,1,2,2,1,4,14
node,4960169315.0,atm,"АО ""Райффайзенбанк""",Райффайзен,,,1,4,5,1,1,0,5,5,1,1,1,11,13
node,4960169316.0,atm,"АО ""Альфа-Банк""",Альфа-Банк,,,1,4,5,1,1,0,5,5,1,1,1,11,13
node,4960169319.0,atm,ПАО Сбербанк,Сбербанк,,08:00-23:00,1,3,5,1,1,0,5,5,1,1,1,10,13
node,4960169320.0,atm,"АО ""Альфа-Банк""",Альфа-Банк,,08:00-23:00,1,3,5,1,1,0,5,5,1,1,1,10,13
node,4960170521.0,atm,ПАО РОСБАНК,,,08:00-23:00,1,3,5,1,1,0,5,5,1,1,1,10,13
node,4960497813.0,atm,Райффайзен,Райффайзен,,,1,8,3,0,0,0,10,5,5,4,3,11,27
node,4964043423.0,atm,"ПАО ""МОСКОВСКИЙ КРЕДИТНЫЙ БАНК""",,,Mo-Su 10:00-22:00,1,0,0,3,3,3,0,0,4,6,5,9,15
node,4966643001.0,atm,ПАО Сбербанк,Сбербанк,,10:00-22:00,1,1,2,0,4,4,1,2,3,7,8,11,21
node,4966656276.0,atm,"АО ""Альфа-Банк""",Альфа-Банк,,,1,2,0,6,0,8,2,1,12,6,10,16,31
node,4966656277.0,atm,ПАО Сбербанк,Сбербанк,,,1,2,0,6,0,8,2,1,12,6,10,16,31
node,4977568541.0,atm,Банк ВТБ (ПАО),ВТБ,,24/7,1,3,2,1,1,1,12,4,1,3,6,8,26
node,4983944978.0,atm,"АО АКБ ""ЦентроКредит""",,,Mo-Su 09:00-18:00,1,10,1,1,1,1,19,15,6,7,1,14,48
node,4991372320.0,atm,"АКБ ""Ланта-Банк"" (АО)",,,24/7,1,9,3,2,2,1,17,8,6,8,1,17,40
node,4991374251.0,atm,"АО ""Райффайзенбанк""",Райффайзен,,24/7,1,5,0,2,1,0,20,8,3,7,3,8,41
node,4991943889.0,atm,ПАО Сбербанк,Сбербанк,,Mo-Su 05:35-01:00,1,0,1,4,5,6,3,2,6,11,8,16,30
node,4994501821.0,atm,"АО ""ГУТА-БАНК""",,,,1,3,0,1,0,0,6,2,2,1,2,4,13
node,4998573629.0,atm,"КБ ""ЛОКО-Банк"" (АО)",,,24/7,1,2,2,2,3,2,8,8,2,5,9,11,32
node,4998573630.0,atm,ПАО Сбербанк,Сбербанк,,24/7,1,2,2,1,3,3,7,8,2,5,9,11,31
node,4998573636.0,atm,Банк ВТБ (ПАО),ВТБ,,,1,3,4,1,1,3,7,6,8,7,7,12,35
node,4998573637.0,atm,ПАО Сбербанк,Сбербанк,,,1,3,4,1,1,3,7,6,8,7,6,12,34
node,4999610758.0,atm,Сбербанк,Сбербанк,,,1,4,4,6,3,8,7,8,7,3,9,25,34
node,5001935623.0,atm,"ПАО Банк ""ФК Открытие""",,,,1,0,0,1,0,2,0,0,4,3,5,3,12
node,5001935624.0,atm,ПАО Сбербанк,Сбербанк,,,1,0,0,1,0,2,0,0,4,3,6,3,13
node,5001965421.0,atm,"АО ""Альфа-Банк""",Альфа-Банк,,,1,0,0,1,1,0,0,0,1,1,3,2,5
node,5013271899.0,atm,ВТБ,ВТБ,,24/7,1,3,10,1,4,0,6,14,6,12,4,18,42
node,5013271900.0,atm,Сбербанк,Сбербанк,,24/7,1,3,10,1,5,0,6,14,6,12,4,19,42
node,5013271901.0,atm,"""СДМ-Банк"" (ПАО)",,,24/7,1,3,12,1,4,0,6,13,6,12,5,20,42
node,5013271902.0,atm,Россельхозбанк,Россельхозбанк,,24/7,1,3,12,1,4,0,5,13,6,12,5,20,41
node,5013271903.0,atm,Альфа-Банк,Альфа-Банк,,24/7,1,3,11,1,4,0,5,13,6,12,5,19,41
node,5013271904.0,atm,Газпромбанк,Газпромбанк,,24/7,1,4,12,1,4,0,6,14,7,12,4,21,43
node,5013271905.0,atm,Промсвязьбанк,Промсвязьбанк,,24/7,1,4,12,3,7,0,7,14,4,10,3,26,38
node,5013271906.0,atm,Сбербанк,Сбербанк,,24/7,1,4,12,3,7,0,7,14,4,10,3,26,38
node,5013271907.0,atm,ВТБ,ВТБ,,24/7,1,4,12,3,7,0,7,14,4,10,3,26,38
node,5016401921.0,atm,ПАО Сбербанк,Сбербанк,,24/7,1,0,0,0,0,2,1,0,0,2,2,2,5
node,5022331923.0,atm,"АО ""Райффайзенбанк""",Райффайзен,,Mo-Su 10:00-22:00,1,0,0,2,3,2,0,0,3,3,3,7,9
node,5027243524.0,atm,,,,,1,0,0,0,0,0,0,0,0,0,2,0,2
node,5034498542.0,atm,Сбербанк,Сбербанк,,,1,4,0,1,2,2,7,1,2,2,2,9,14
node,5040869281.0,atm,ПАО Сбербанк,Сбербанк,,,1,1,1,0,3,3,1,1,0,3,4,8,9
node,5068427922.0,atm,ПАО Сбербанк,Сбербанк,,,1,9,8,1,1,1,17,16,7,4,3,20,47
node,5071321855.0,atm,"ПАО ""МТС-Банк""",,,,1,1,0,1,0,0,1,1,3,0,3,2,8
node,5072905558.0,atm,ПАО Сбербанк,Сбербанк,,,1,0,0,4,3,2,1,1,6,5,3,9,16
node,5087499921.0,atm,,,,,1,6,17,1,0,0,14,36,5,7,0,24,62
node,5088305792.0,atm,Банк ВТБ (ПАО),ВТБ,,,1,0,1,2,1,4,1,4,2,4,8,8,19
node,5089140022.0,atm,Банк ВТБ (ПАО),ВТБ,,,1,10,6,4,3,7,20,10,6,6,9,30,51
node,5108309425.0,atm,ПАО Сбербанк,Сбербанк,,,1,0,0,2,2,1,0,0,2,4,3,5,9
node,5108910290.0,atm,Банк ВТБ (ПАО),ВТБ,,,1,1,1,1,1,2,1,1,4,4,3,6,13
node,5121432567.0,atm,ПАО Сбербанк,Сбербанк,,,1,0,2,0,0,1,1,3,0,0,3,3,7
node,5123492092.0,atm,"АО ""Альфа-Банк""",Альфа-Банк,,08:00-24:00,1,5,1,2,1,3,8,3,5,10,6,12,32
node,5123783100.0,atm,АО «ТБанк»,Т-Банк,,08:00-24:00,1,5,1,3,2,0,8,4,8,9,7,11,36
node,5123783101.0,atm,"АО ""Райффайзенбанк""",Райффайзен,,08:00-24:00,1,5,1,3,2,0,8,4,8,9,7,11,36
node,5123783102.0,atm,Банк ГПБ (АО),Газпромбанк,,08:00-24:00,1,5,1,3,2,0,8,4,8,9,7,11,36
node,5130449524.0,atm,ПАО РОСБАНК,Росбанк,,Mo-Su 07:00-19:00,1,4,0,0,1,1,8,3,1,2,3,6,17
node,5130480322.0,atm,ПАО Сбербанк,Сбербанк,,Mo-Su 07:00-19:00,1,4,0,0,1,0,7,3,1,2,3,5,16
node,5154817852.0,atm,ПАО Сбербанк,Сбербанк,,,1,6,0,1,1,2,8,1,2,4,5,10,20
node,5160313330.0,atm,ПАО Сбербанк,Сбербанк,,,1,6,3,2,1,1,10,3,5,5,4,13,27
node,5164414192.0,atm,Банк ВТБ (ПАО),ВТБ,no,Sa-Su 05:30-00:30,1,1,0,1,2,2,2,0,9,3,5,6,19
node,5170950022.0,atm,АО «ТБанк»,Т-Банк,,Mo-Su 09:00-23:00,1,6,1,4,6,5,12,3,9,9,6,22,39
node,5186059820.0,atm,Сбербанк,Сбербанк,,24/7,1,1,1,3,6,2,1,1,5,11,3,13,21
node,5199976045.0,atm,"АО АКБ ""НОВИКОМБАНК""",,,24/7,1,3,1,0,2,2,5,3,2,4,5,8,19
node,5208111822.0,atm,"АО ""Райффайзенбанк""",Райффайзен,,Mo-Su 08:00-22:00,1,1,0,2,4,2,1,0,2,5,2,9,10
node,5218747940.0,atm,Банк ВТБ (ПАО),ВТБ,,,1,4,2,2,2,1,15,5,8,7,6,11,41
node,5218747941.0,atm,"АО ""Россельхозбанк""",Россельхозбанк,,,1,4,2,2,2,1,15,5,8,7,7,11,42
node,5218747942.0,atm,"АО ""Альфа-Банк""",Альфа-Банк,,,1,5,2,2,2,1,14,5,8,9,7,12,43
node,5218747943.0,atm,АО «ТБанк»,Т-Банк,,,1,5,2,2,2,1,14,5,8,9,7,12,43
node,5218747944.0,atm,ПАО Сбербанк,Сбербанк,,,1,5,2,2,2,1,15,5,8,8,6,12,42
node,5218798143.0,atm,АО ЮниКредит Банк,,,,1,3,3,0,0,0,5,4,0,0,0,6,9
node,5218798144.0,atm,АО ЮниКредит Банк,,,,1,3,3,0,0,0,3,4,0,0,0,6,7
node,5221239121.0,atm,ПАО Сбербанк,Сбербанк,,Mo-Th 08:00-20:00; Fr 08:00-18:45,1,2,0,0,1,2,2,0,0,1,6,5,9
node,5222913532.0,atm,"Банк ""ВБРР"" (АО)",,,Mo-Su 10:00-22:00,1,7,3,4,3,1,10,3,7,4,5,18,29
node,5223109022.0,atm,Банк ВТБ (ПАО),ВТБ,,,1,7,1,1,0,0,15,2,4,3,2,9,26
node,5226130695.0,atm,"АО ""Кредит Европа Банк (Россия)""",,,24/7,1,7,6,0,2,2,23,8,1,3,5,17,40
node,5226857790.0,atm,"АО ""Почта Банк""",,,,1,2,1,0,0,3,4,1,0,2,4,6,11
node,5240047814.0,atm,Русский Стандарт,Русский Стандарт,,24/7,1,9,4,3,3,0,14,6,9,14,6,19,49
node,5242833080.0,atm,ПАО Сбербанк,Сбербанк,,10:00-22:00,1,8,2,3,2,4,13,3,11,12,11,19,50
node,5248724851.0,atm,ПАО Сбербанк,Сбербанк,,24/7,1,0,0,2,4,2,0,0,3,6,3,8,12
node,5248724871.0,atm,АО ЮниКредит Банк,ЮниКредит Банк,,,1,1,0,5,5,2,2,1,6,7,2,13,18
node,5250351421.0,atm,"ПАО ""Промсвязьбанк""",Промсвязьбанк,,Mo-Fr 10:00-20:30;Sa 10:00-16:30,1,3,2,3,4,1,3,2,6,6,4,13,21
node,5250605458.0,atm,Альфа-Банк,Альфа-Банк,,24/7,1,6,1,7,7,5,17,6,14,16,6,26,59
node,5256653634.0,atm,ПАО Сбербанк,Сбербанк,,,1,0,0,0,0,2,0,0,0,0,3,2,3
node,5260639421.0,atm,"ПАО Банк ""ФК Открытие""",Открытие,,,1,2,1,0,0,0,8,2,0,0,1,3,11
node,5263173122.0,atm,ПАО Сбербанк,Сбербанк,,,1,0,0,0,0,1,1,0,0,0,5,1,6
node,5263903566.0,atm,Сбербанк,Сбербанк,yes,24/7,1,0,0,0,1,1,0,0,1,2,3,2,6
node,5264704509.0,atm,ПАО Сбербанк,Сбербанк,,,1,4,1,4,7,5,5,5,5,10,9,21,34
node,5264704513.0,atm,ПАО Сбербанк,Сбербанк,,,1,4,2,4,7,5,5,4,5,10,9,22,33
node,5264704514.0,atm,ПАО Сбербанк,Сбербанк,,24/7,1,0,2,2,2,3,4,2,4,5,7,9,22
node,5264704515.0,atm,"АО ""Альфа-Банк""",Альфа-Банк,,24/7,1,0,2,2,2,3,4,2,4,5,8,9,23
node,5265370419.0,atm,ПАО Сбербанк,Сбербанк,,,1,0,0,1,2,3,1,1,1,2,4,6,9
node,5267440622.0,atm,ПАО Сбербанк,Сбербанк,,24/7,1,1,0,2,3,1,2,0,2,3,6,7,13
node,5273639600.0,atm,Банк ВТБ (ПАО),ВТБ,,,1,6,0,6,2,5,13,1,8,6,7,19,35
node,5275706953.0,atm,ВТБ,ВТБ,,,1,9,11,3,1,5,15,19,6,5,6,29,51
node,5286213655.0,atm,"ПАО Банк ""ФК Открытие""",,,24/7,1,0,0,0,2,2,0,1,0,4,4,4,9
node,5296129137.0,atm,Банк ВТБ (ПАО),ВТБ,,,1,3,1,2,2,6,3,1,8,4,7,14,23
node,5296134221.0,atm,ПАО Сбербанк,Сбербанк,yes,,1,3,1,2,2,6,3,1,8,5,7,14,24
node,5305103123.0,atm,ПАО Сбербанк,Сбербанк,,,1,0,0,1,3,2,5,6,4,8,6,6,29
node,5337092956.0,atm,Банк ВТБ (ПАО),ВТБ,,,1,0,0,0,0,2,0,0,2,3,4,2,9
node,5337105817.0,atm,Банк ВТБ (ПАО),ВТБ,,,1,0,1,7,6,5,3,1,10,7,11,19,32
node,5337288910.0,atm,ПАО Сбербанк,Сбербанк,,24/7,1,1,1,1,3,3,1,1,2,5,7,9,16
node,5337288912.0,atm,"АО ""Банк Русский Стандарт""",Русский Стандарт,,24/7,1,1,0,2,2,4,7,2,3,7,6,9,25
node,5338285691.0,atm,ПАО Сбербанк,Сбербанк,,,1,0,0,2,1,4,0,0,2,2,6,7,10
node,5338972139.0,atm,ПАО Сбербанк,Сбербанк,,Mo-Su 10:00-20:00; Sa 09:00-20:00,1,1,0,0,0,2,1,0,1,1,3,3,6
node,5339901687.0,atm,"""Банк ""МБА-МОСКВА"" ООО",,,24/7,1,2,4,0,3,2,7,9,0,5,12,11,33
node,5341356351.0,atm,Сбербанк,Сбербанк,,24/7,1,1,1,2,4,2,1,2,3,5,2,10,13
node,5341564518.0,atm,ПАО Банк ЗЕНИТ,,,,1,9,2,2,3,4,13,3,10,10,10,20,46
node,5341564519.0,atm,АО «ТБанк»,Т-Банк,,,1,7,2,4,4,4,13,2,10,6,8,21,39
node,5341564520.0,atm,Уралсиб,Уралсиб,,,1,7,2,4,4,4,13,2,10,6,9,21,40
node,5341569687.0,atm,"АО ""Райффайзенбанк""",Райффайзен,,,1,10,8,1,2,2,23,13,5,5,4,23,50
node,5343376857.0,atm,Банк ВТБ (ПАО),ВТБ,yes,Mo-Sa 08:00-20:00,1,0,0,0,1,0,1,1,2,3,2,1,9
node,5351709656.0,atm,ПАО Сбербанк,Сбербанк,,07:00-23:30,1,1,0,1,3,4,1,0,2,3,5,9,11
node,5351716219.0,atm,"АКБ ""Абсолют Банк"" (ПАО)",,,24/7,1,11,1,4,4,2,20,8,5,6,5,22,44
node,5351716220.0,atm,"ПАО Банк ""ФК Открытие""",,,24/7,1,0,3,2,3,2,11,8,2,5,3,10,29
node,5365744823.0,atm,ПАО Сбербанк,Сбербанк,,,1,0,0,0,0,0,1,0,0,0,5,0,6
node,5382888465.0,atm,ПАО Сбербанк,Сбербанк,,Mo-Su 10:00-23:00,1,3,1,1,3,1,5,1,3,4,13,9,26
node,5382888466.0,atm,"АО ""Альфа-Банк""",Альфа-Банк,,Mo-Su 10:00-23:00,1,3,1,1,3,0,7,1,4,4,14,8,30
node,5382891227.0,atm,ПАО Сбербанк,Сбербанк,,24/7,1,0,0,1,3,2,0,0,3,5,2,6,10
node,5382891423.0,atm,"АО ""Альфа-Банк""",Альфа-Банк,,,1,0,0,4,3,2,0,0,4,3,4,9,11
node,5387438122.0,atm,"ПАО ""МОСКОВСКИЙ КРЕДИТНЫЙ БАНК""",,,24/7,1,6,1,5,4,4,7,2,9,8,8,20,34
node,5394375149.0,atm,Банк ВТБ (ПАО),ВТБ,yes,,1,8,6,2,6,1,17,8,5,9,5,23,44
node,5400998399.0,atm,Банк ВТБ (ПАО),ВТБ,,,1,9,3,1,3,0,11,5,2,4,2,16,24
node,5407468148.0,atm,Банк ВТБ (ПАО),ВТБ,yes,,1,2,0,6,10,7,4,4,8,14,11,25,41
node,5423481552.0,atm,"АО ""Альфа-Банк""",Альфа-Банк,,,1,1,0,4,2,2,2,0,6,5,4,9,17
node,5426372721.0,atm,АО «ТБанк»,Т-Банк,,,1,21,7,0,3,2,32,12,3,6,6,33,59
node,5435796627.0,atm,"ПАО ""МОСКОВСКИЙ КРЕДИТНЫЙ БАНК""",,,Mo-Su 08:00-23:00,1,1,0,2,3,2,2,0,3,4,4,8,13
node,5435796628.0,atm,Московский кредитный банк,Московский кредитный банк,,24/7,1,1,0,3,3,2,2,2,5,5,2,9,16
node,5443883620.0,atm,ПАО Сбербанк,Сбербанк,,,1,5,1,0,0,0,13,4,1,3,1,6,22
node,5446041188.0,atm,Банк ВТБ (ПАО),ВТБ,,,1,4,0,5,3,2,11,2,8,13,9,14,43
node,5446064868.0,atm,"ПАО ""Совкомбанк""",Совкомбанк,,"Mo-Fr 09:00-21:00, Sa 10:00-17:00",1,3,1,4,5,3,4,3,8,11,7,16,33
node,5450658421.0,atm,"АО ""Альфа-Банк""",Альфа-Банк,,,1,1,1,2,2,4,1,1,7,4,10,10,23
node,5452276356.0,atm,ПАО Сбербанк,Сбербанк,,,1,3,1,0,0,0,7,7,1,4,6,4,25
node,5478694486.0,atm,АО «ТБанк»,Т-Банк,,,1,7,3,4,3,1,10,3,8,7,5,18,33
node,5478694487.0,atm,Банк ГПБ (АО),Газпромбанк,,,1,7,3,4,3,1,10,3,8,7,5,18,33
node,5478755199.0,atm,АО «ТБанк»,Т-Банк,,,1,6,0,7,8,9,7,0,8,16,16,30,47
node,5478755200.0,atm,Банк ВТБ (ПАО),ВТБ,,,1,7,0,7,11,10,7,0,9,17,18,35,51
node,5481463449.0,atm,"ПАО ""МОСКОВСКИЙ КРЕДИТНЫЙ БАНК""",,,,1,1,1,0,1,2,1,2,0,2,4,5,9
node,5483387260.0,atm,ВТБ,ВТБ,,,1,1,13,1,1,3,10,23,3,3,4,19,43
node,5498494824.0,atm,"АО ""Райффайзенбанк""",Райффайзен,,24/7,1,0,0,0,3,1,3,4,5,4,2,4,18
node,5498673121.0,atm,ПАО Сбербанк,Сбербанк,,24/7,1,1,1,2,2,1,7,3,2,4,2,7,18
node,5498673221.0,atm,"ПАО ""МТС-Банк""",МТС Банк,,24/7,1,1,1,2,2,1,7,3,2,4,2,7,18
node,5500476986.0,atm,Райффайзен,Райффайзен,,,1,6,17,0,0,1,7,26,4,4,4,24,45
node,5500477902.0,atm,"АО ""Альфа-Банк""",Альфа-Банк,,,1,6,17,0,0,1,7,26,4,4,4,24,45
node,5502237111.0,atm,Банк ВТБ (ПАО),ВТБ,,,1,4,0,0,2,1,10,1,2,5,4,7,22
node,5507944306.0,atm,ВТБ,ВТБ,,"Mo-Su 00:00-01:00,05:30-24:00",1,1,0,0,0,5,1,0,2,4,6,6,13
node,5507944307.0,atm,Сбербанк,Сбербанк,,,1,2,2,1,1,3,3,2,2,6,9,9,22
node,5507944308.0,atm,"ПАО ""МОСКОВСКИЙ КРЕДИТНЫЙ БАНК""",,,,1,2,2,1,1,3,3,2,2,6,8,9,21
node,5507944309.0,atm,Московский кредитный банк,Московский кредитный банк,,,1,2,2,1,1,4,3,2,2,5,9,10,21
node,5518594822.0,atm,"""СДМ-Банк"" (ПАО)",,,,1,2,0,1,1,1,2,0,3,3,3,5,11
node,5525203626.0,atm,Банк ВТБ (ПАО),ВТБ,,,1,2,3,3,3,8,4,3,4,6,11,19,28
node,5533146721.0,atm,ПАО Сбербанк,Сбербанк,yes,24/7,1,1,0,0,0,2,1,0,1,2,3,3,7
node,5538199616.0,atm,"КБ ""ЛОКО-Банк"" (АО)",,,24/7,1,0,0,7,3,6,0,1,15,10,9,16,35
node,5538199618.0,atm,ПАО Сбербанк,Сбербанк,,24/7,1,0,0,7,3,6,0,0,13,9,9,16,31
node,5538325042.0,atm,ПАО Сбербанк,Сбербанк,,24/7,1,5,7,2,3,2,18,13,3,5,3,19,42
node,5538325043.0,atm,АО «ТБанк»,Тинькофф Банк,,,1,5,7,2,3,2,19,16,3,6,4,19,48
node,5538325049.0,atm,Альфа-Банк,Альфа-Банк,,,1,6,5,3,0,2,20,11,5,5,3,16,44
node,5538327219.0,atm,"ПАО ""МОСКОВСКИЙ КРЕДИТНЫЙ БАНК""",,,,1,0,0,0,0,0,2,0,0,2,1,0,5
node,5538327522.0,atm,ПАО Сбербанк,Сбербанк,,,1,0,1,1,1,3,0,1,1,2,6,6,10
node,5540586822.0,atm,ПАО Сбербанк,Сбербанк,,,1,1,0,1,1,3,2,2,2,3,5,6,14
node,5544862821.0,atm,"АО ""Райффайзенбанк""",Райффайзен,,,1,6,3,1,0,1,6,3,1,2,2,11,14
node,5545606622.0,atm,Банк ВТБ (ПАО),ВТБ,yes,,1,0,0,0,1,1,3,1,1,3,4,2,12
node,5545622121.0,atm,Банк ВТБ (ПАО),ВТБ,,,1,3,1,0,2,2,6,2,6,9,6,8,29
node,5546399021.0,atm,"АО ""Райффайзенбанк""",Райффайзен,,Mo-Su 08:00-22:00,1,2,0,2,1,2,2,0,3,3,7,7,15
node,5551583498.0,atm,,,,,1,0,1,0,0,1,2,3,1,3,1,2,10
node,5582720126.0,atm,ПАО Сбербанк,Сбербанк,,,1,2,0,0,1,1,3,0,0,3,5,4,11
node,5593073830.0,atm,"АО ""Альфа-Банк""",Альфа-Банк,,,1,0,0,1,1,1,0,0,2,1,3,3,6
node,5597337971.0,atm,Сбербанк,Сбербанк,,,1,3,0,2,3,4,4,0,2,4,6,12,16
node,5599714449.0,atm,ПАО Сбербанк,Сбербанк,,,1,2,1,3,2,2,2,1,5,7,3,10,18
node,5601187521.0,atm,Сбербанк,Сбербанк,,,1,2,1,5,10,2,7,4,12,13,6,20,42
node,5627552471.0,atm,Банк ВТБ (ПАО),ВТБ,yes,Mo-Su 05:30-01:00,1,0,0,2,2,7,0,0,3,4,10,11,17
node,5643792691.0,atm,ПАО Сбербанк,Сбербанк,,,1,1,0,3,2,1,1,0,4,4,3,7,12
node,5643792692.0,atm,ПАО Сбербанк,Сбербанк,,,1,0,0,3,2,2,1,0,3,4,2,7,10
node,5643792693.0,atm,ПАО Сбербанк,Сбербанк,,,1,0,0,3,2,2,1,0,4,4,2,7,11
node,5650283143.0,atm,ПАО Сбербанк,Сбербанк,,,1,0,0,2,3,3,0,1,2,3,6,8,12
node,5667330835.0,atm,АО ЮниКредит Банк,,,,1,5,1,0,1,2,7,2,2,2,3,9,16
node,5694380126.0,atm,Сбербанк,Сбербанк,yes,24/7,1,0,2,1,3,5,0,3,1,4,7,11,15
node,5694380127.0,atm,ПАО Сбербанк,Сбербанк,,24/7,1,0,0,2,3,2,0,0,2,3,3,7,8
node,5702925535.0,atm,ПАО Сбербанк,Сбербанк,,24/7,1,2,0,0,2,1,7,0,6,3,7,5,23
node,5711462570.0,atm,Банк ВТБ (ПАО),ВТБ,yes,,1,7,3,6,0,4,10,4,8,6,7,20,35
node,5719859526.0,atm,ПАО Сбербанк,Сбербанк,,24/7,1,3,3,3,4,5,3,3,3,5,11,18,25
node,5719859527.0,atm,Банк ВТБ (ПАО),ВТБ,,24/7,1,3,3,3,3,5,3,3,3,5,11,17,25
node,5741214355.0,atm,"АО ""Райффайзенбанк""",Райффайзен,yes,,1,4,6,0,0,3,4,6,0,1,4,13,15
node,5741214356.0,atm,АО «ТБанк»,Т-Банк,yes,,1,4,6,0,1,3,4,6,0,1,4,14,15
node,5764435044.0,atm,ПАО РОСБАНК,Росбанк,,Mo-Su 00:00-23:59,1,0,1,2,2,2,1,1,2,2,2,7,8
node,5770731156.0,atm,,,,,1,1,1,0,1,0,2,1,1,3,2,3,9
node,5770747056.0,atm,,,,,1,2,1,1,2,0,2,1,1,3,3,6,10
node,5771727438.0,atm,"АО ""Райффайзенбанк""",Райффайзен,,24/7,1,3,6,1,2,1,9,16,3,5,4,13,37
node,5801480654.0,atm,Сбербанк,Сбербанк,,,1,0,0,0,0,3,0,0,0,0,6,3,6
node,5810791379.0,atm,ПАО Сбербанк,Сбербанк,,24/7,1,4,6,1,3,0,11,6,1,7,0,14,25
node,5835632787.0,atm,,,,Mo-Su 08:00-02:00,1,1,0,1,2,0,1,0,1,2,4,4,8
node,5845716838.0,atm,"ПАО ""Промсвязьбанк""",Промсвязьбанк,,,1,1,0,0,1,2,4,2,0,2,2,4,10
node,5845716839.0,atm,Банк ГПБ (АО),Газпромбанк,,,1,1,0,0,1,2,4,2,0,2,2,4,10
node,5849125995.0,atm,Банк ВТБ (ПАО),ВТБ,,,1,0,0,0,1,0,1,0,1,1,0,1,3
node,5870770125.0,atm,"АО ""Альфа-Банк""",Альфа-Банк,yes,,1,1,1,4,7,2,2,1,4,7,18,15,32
node,5870770991.0,atm,"АО ""Альфа-Банк""",Альфа-Банк,no,,1,2,0,4,1,2,2,0,8,2,3,9,15
node,5894578757.0,atm,"АО ""Почта Банк""",Почта Банк,yes,,1,0,0,1,2,2,1,0,2,6,4,5,13
node,5903243985.0,atm,Банк ВТБ (ПАО),ВТБ,,,1,0,0,0,0,2,2,1,0,0,5,2,8
node,5914101359.0,atm,ПАО Сбербанк,Сбербанк,,,1,4,0,2,1,2,6,1,3,1,3,9,14
node,5914101363.0,atm,ПАО Сбербанк,Сбербанк,,,1,3,1,2,0,2,6,1,3,1,3,8,14
node,5961444194.0,atm,ПАО Сбербанк,Сбербанк,yes,,1,11,2,1,1,0,13,2,1,2,2,15,20
node,5963748121.0,atm,ПАО Сбербанк,Сбербанк,,,1,4,2,4,7,5,5,4,5,9,8,22,31
node,5963748943.0,atm,"АО ""Альфа-Банк""",Альфа-Банк,,,1,4,2,4,7,5,5,4,5,9,8,22,31
node,5980120471.0,atm,АО «ТБанк»,Т-Банк,,,1,3,2,6,3,5,6,3,13,8,9,19,39
node,6037866266.0,atm,Сбербанк,Сбербанк,,,1,0,0,2,1,1,0,0,3,5,6,4,14
node,6042786735.0,atm,"АО ""Россельхозбанк""",Россельхозбанк,yes,24/7,1,4,1,6,5,4,6,3,10,11,7,20,37
node,6046142494.0,atm,,,,,1,0,0,3,0,2,0,0,3,2,5,5,10
node,6047084287.0,atm,Банк ВТБ (ПАО),ВТБ,,24/7,1,0,0,1,1,0,2,1,4,4,0,2,11
node,6049987208.0,atm,ПАО Сбербанк,Сбербанк,,24/7,1,2,0,3,8,3,2,0,7,10,5,16,24
node,6050519688.0,atm,ПАО Сбербанк,Сбербанк,,,1,0,0,0,0,3,0,0,1,1,5,3,7
node,6071309998.0,atm,ПАО Сбербанк,Сбербанк,yes,,1,0,0,1,2,2,0,0,1,2,4,5,7
node,6074176385.0,atm,ПАО Банк ЗЕНИТ,Зенит,,,1,1,1,2,2,4,1,2,5,3,10,10,21
node,6080330192.0,atm,"АО ""Райффайзенбанк""",Райффайзен,,Mo-Su 08:00-23:00,1,1,1,1,2,4,1,2,5,4,10,9,22
node,6080330424.0,atm,"АО ""Банк Русский Стандарт""",Русский Стандарт,,Mo-Su 08:00-23:00,1,1,1,1,2,4,1,2,4,3,10,9,20
node,6080331020.0,atm,"ПАО ""Промсвязьбанк""",Промсвязьбанк,,Mo-Su 08:00-23:00,1,1,1,1,2,4,1,2,4,3,10,9,20
node,6104492089.0,atm,"ПАО ""МОСКОВСКИЙ КРЕДИТНЫЙ БАНК""",,,Mo-Su 10:00-21:00,1,7,2,3,2,2,13,10,5,5,5,16,38
node,6107008172.0,atm,Промсвязьбанк,Промсвязьбанк,,Mo-Su 10:00-22:00,1,2,2,1,1,4,3,2,2,5,9,10,21
node,6124719986.0,atm,ПАО Сбербанк,Сбербанк,,24/7,1,1,0,2,3,2,1,1,2,7,7,8,18
node,6124942585.0,atm,ПАО Сбербанк,Сбербанк,,,1,0,0,1,2,2,0,1,4,3,2,5,10
node,6124979486.0,atm,ПАО Сбербанк,Сбербанк,,,1,0,1,3,3,2,0,1,3,4,4,9,12
node,6125476285.0,atm,ПАО Сбербанк,Сбербанк,yes,Mo-Su 08:00-23:00,1,0,1,3,2,1,0,1,3,2,2,7,8
node,6140344622.0,atm,ПАО Сбербанк,Сбербанк,yes,24/7,1,0,0,1,0,2,0,1,2,6,4,3,13
node,6140344623.0,atm,ПАО Сбербанк,Сбербанк,yes,24/7,1,0,0,1,0,2,0,1,2,6,4,3,13
node,6153225178.0,atm,АО «ТБанк»,Т-Банк,,,1,2,0,10,6,24,3,0,11,11,25,42,50
node,6171249281.0,atm,ПАО Сбербанк,Сбербанк,yes,24/7,1,0,0,1,0,2,0,1,2,6,4,3,13
node,6206469994.0,atm,АО «ТБанк»,Т-Банк,,,1,2,0,8,5,3,2,0,8,5,10,18,25
node,6207683286.0,atm,Банк ВТБ (ПАО),ВТБ,yes,24/7,1,1,1,2,4,2,3,1,3,4,2,10,13
node,6207683287.0,atm,ПАО Сбербанк,Сбербанк,yes,,1,1,0,2,0,2,1,1,5,5,4,5,16
node,6216728896.0,atm,ПАО Сбербанк,Сбербанк,,24/7,1,0,0,1,0,4,3,0,3,3,5,5,14
node,6231778025.0,atm,Банк ВТБ (ПАО),ВТБ,yes,,1,8,1,1,1,1,16,9,3,5,1,12,34
node,6260521067.0,atm,ПАО Сбербанк,Сбербанк,,24/7,1,1,0,2,3,2,2,0,4,7,5,8,18
node,6260521068.0,atm,ПАО РОСБАНК,Росбанк,,24/7,1,1,0,2,3,2,2,0,4,7,5,8,18
node,6262657451.0,atm,ПАО Сбербанк,Сбербанк,yes,24/7,1,0,0,2,1,3,4,1,3,8,11,6,27
node,6265827749.0,atm,Сбербанк,Сбербанк,,,1,10,12,5,3,3,14,23,6,5,6,33,54
node,6275105402.0,atm,ПАО Сбербанк,Сбербанк,yes,24/7,1,2,0,1,2,1,2,0,1,4,4,6,11
node,6277393382.0,atm,ПАО Сбербанк,Сбербанк,yes,24/7,1,0,2,3,3,1,1,2,4,4,2,9,13
node,6306728637.0,atm,ПАО Сбербанк,Сбербанк,,,1,5,1,2,2,3,7,1,3,3,5,13,19
node,6340159804.0,atm,ЮниКредит Банк,ЮниКредит Банк,yes,24/7,1,8,3,2,1,0,14,5,8,11,2,14,40
node,6357343214.0,atm,Банк ВТБ (ПАО),ВТБ,,,1,6,1,2,2,3,7,1,3,2,4,14,17
node,6361772615.0,atm,АО ЮниКредит Банк,ЮниКредит Банк,,24/7,1,18,5,2,2,2,23,12,4,3,3,29,45
node,6364178038.0,atm,"АО ""Райффайзенбанк""",Райффайзен,,,1,0,0,0,0,1,0,0,0,0,2,1,2
node,6364178041.0,atm,ПАО Сбербанк,Сбербанк,,,1,0,0,0,0,1,0,0,0,0,2,1,2
node,6364967723.0,atm,Банк ВТБ (ПАО),ВТБ,,,1,0,2,0,0,2,2,2,0,0,4,4,8
node,6393305916.0,atm,"АО ""Альфа-Банк""",Альфа-Банк,,,1,1,0,0,2,2,6,1,2,2,8,5,19
node,6398039983.0,atm,"ПАО ""Промсвязьбанк""",Промсвязьбанк,,24/7,1,7,4,1,1,4,15,10,4,4,6,17,39
node,6398564171.0,atm,"АО ""Россельхозбанк""",Россельхозбанк,yes,,1,0,0,4,3,3,2,0,7,6,4,10,19
node,6400217985.0,atm,"АО ""Почта Банк""",Почта Банк,,,1,1,0,2,3,2,1,0,2,4,6,8,13
node,6402526624.0,atm,АО ЮниКредит Банк,ЮниКредит Банк,,24/7,1,3,1,0,3,2,5,3,1,6,6,9,21
node,6423573035.0,atm,Почта Банк,Почта Банк,,Mo-Fr 08:00-20:00; Sa 09:00-18:00; Su off,1,6,3,1,2,6,14,8,2,7,6,18,37
node,6429641934.0,atm,"АО ""Почта Банк""",Почта Банк,,24/7,1,7,4,1,2,1,33,15,4,3,1,15,56
node,6438279129.0,atm,Сбербанк,Сбербанк,,Mo-Su 09:00-24:00,1,0,3,0,3,3,1,3,1,4,7,9,16
node,6488180932.0,atm,ПАО Сбербанк,Сбербанк,,,1,3,2,4,6,7,4,2,6,8,18,22,38
node,6501181788.0,atm,"АО ""Райффайзенбанк""",Райффайзен,,,1,2,6,2,0,0,9,17,4,2,4,10,36
node,6501181789.0,atm,Таврический Банк (АО),,,,1,2,6,2,0,0,9,17,4,3,4,10,37
node,6501181790.0,atm,Росбанк,Росбанк,,,1,2,6,2,0,0,9,17,4,3,4,10,37
node,6503797885.0,atm,ПАО Сбербанк,Сбербанк,,,1,2,1,1,1,7,4,1,7,6,15,12,33
node,6503797886.0,atm,"АО ""Альфа-Банк""",Альфа-Банк,,,1,2,1,1,1,7,4,1,7,6,15,12,33
node,6516439175.0,atm,,,,,1,3,0,1,2,4,3,0,2,3,4,10,12
node,6574700111.0,atm,,,,,1,10,1,0,1,1,21,7,0,1,2,13,31
node,6618562386.0,atm,"АО БАНК ""МОСКВА-СИТИ""",,,,1,6,1,1,6,0,13,5,1,10,4,14,33
node,6618562387.0,atm,Банк ГПБ (АО),Газпромбанк,,,1,5,1,1,5,2,13,5,1,10,4,14,33
node,6618567285.0,atm,ПАО Сбербанк,Сбербанк,,,1,5,1,1,6,2,13,5,1,10,4,15,33
node,6618567286.0,atm,"АО ""Россельхозбанк""",Россельхозбанк,,,1,6,1,1,6,0,13,5,1,10,4,14,33
node,6618567287.0,atm,"АО ""Банк Русский Стандарт""",Русский Стандарт,,,1,5,1,1,5,1,13,5,1,10,4,13,33
node,6633733370.0,atm,"АО ""Райффайзенбанк""",Райффайзен,,07:00-24:00,1,0,1,7,6,7,3,1,12,8,10,21,34
node,6633733371.0,atm,АО «ТБанк»,Т-Банк,,07:00-24:00,1,0,1,6,6,7,3,1,12,8,10,20,34
node,6633733372.0,atm,АО «ТБанк»,Т-Банк,,,1,0,0,6,4,6,0,0,13,7,9,16,29
node,6633733375.0,atm,АО «ТБанк»,Т-Банк,,,1,0,1,1,1,1,0,1,1,2,2,4,6
node,6633733376.0,atm,Банк ГПБ (АО),Газпромбанк,,,1,0,1,1,1,1,0,1,1,2,2,4,6
node,6634144351.0,atm,Банк ВТБ (ПАО),ВТБ,,,1,0,2,2,6,3,1,2,3,9,6,13,21
node,6634144352.0,atm,АО «ТБанк»,Т-Банк,,,1,0,2,2,5,4,1,2,3,9,6,13,21
node,6634144353.0,atm,АО «ТБанк»,Т-Банк,,,1,1,1,1,2,0,3,1,3,4,5,5,16
node,6634172578.0,atm,АО «ТБанк»,Т-Банк,,,1,5,0,6,5,5,6,0,8,6,10,21,30
node,6634172580.0,atm,Газпромбанк,Газпромбанк,,,1,10,12,5,3,3,14,23,6,5,6,33,54
node,6635636774.0,atm,Сбербанк,Сбербанк,yes,,1,0,1,2,4,2,1,1,7,6,6,9,21
node,6635636775.0,atm,АО «ТБанк»,Тинькофф Банк,yes,,1,0,1,2,4,2,1,1,7,6,6,9,21
node,6645887671.0,atm,Банк ВТБ (ПАО),ВТБ,,,1,4,2,0,0,2,7,5,0,3,4,8,19
node,6646365237.0,atm,ПАО Сбербанк,Сбербанк,,,1,4,2,0,0,2,7,6,0,2,4,8,19
node,6647823333.0,atm,ПАО Сбербанк,Сбербанк,,,1,4,2,5,4,1,4,2,5,5,2,16,18
node,6658444459.0,atm,ПАО Сбербанк,Сбербанк,,,1,1,0,0,0,4,2,0,1,3,8,5,14
node,6658444460.0,atm,ПАО Сбербанк,Сбербанк,,,1,1,0,0,0,2,2,0,0,2,3,3,7
node,6673363699.0,atm,ПАО Сбербанк,Сбербанк,no,Mo-Su 08:00-23:00,1,9,4,6,5,4,11,5,6,7,8,28,37
node,6679888641.0,atm,Банк ВТБ (ПАО),ВТБ,yes,24/7,1,8,2,3,2,4,12,6,4,8,9,19,39
node,6680114934.0,atm,Сбербанк,Сбербанк,no,24/7,1,0,0,0,1,0,0,0,0,1,3,1,4
node,6680114938.0,atm,Сбербанк,Сбербанк,yes,24/7,1,0,0,0,2,3,1,0,0,6,6,5,13
node,6680114939.0,atm,ПАО Сбербанк,Сбербанк,yes,24/7,1,1,1,3,2,4,1,2,6,6,4,11,19
node,6681156485.0,atm,"ПАО Банк ""ФК Открытие""",,yes,24/7,1,4,2,2,3,2,12,6,4,5,3,13,30
node,6720466422.0,atm,Уралсиб,Уралсиб,yes,24/7,1,2,3,0,1,1,11,11,2,3,3,7,30
node,6720618611.0,atm,ПАО Сбербанк,Сбербанк,,24/7,1,6,3,0,2,6,14,7,1,7,12,17,41
node,6769102883.0,atm,"ПАО ""Промсвязьбанк""",Промсвязьбанк,,24/7,1,3,3,3,3,4,4,6,6,5,6,16,27
node,6769113486.0,atm,"ПАО ""Промсвязьбанк""",Промсвязьбанк,,24/7,1,1,1,5,4,5,2,2,6,8,8,16,26
node,6769113499.0,atm,"ПАО ""Промсвязьбанк""",Промсвязьбанк,,24/7,1,2,0,4,1,4,7,1,8,6,7,11,29
node,6769113501.0,atm,"ПАО ""Промсвязьбанк""",Промсвязьбанк,,24/7,1,4,0,3,8,6,6,1,4,10,13,21,34
node,6769113508.0,atm,"ПАО ""Промсвязьбанк""",Промсвязьбанк,,Mo-Fr 09:30-20:30;Sa 10:00-16:30,1,3,0,5,1,4,7,1,8,6,8,13,30
node,6769113546.0,atm,"ПАО ""Промсвязьбанк""",Промсвязьбанк,,24/7,1,6,6,4,4,4,8,7,10,6,5,24,36
node,6769113547.0,atm,"ПАО ""Промсвязьбанк""",Промсвязьбанк,,Mo-Su 08:00-21:00,1,5,0,1,2,1,10,1,3,3,5,9,22
node,6769113550.0,atm,"ПАО ""Промсвязьбанк""",Промсвязьбанк,,Mo-Fr 09:30-20:30;Sa 10:00-16:30,1,0,0,0,2,3,0,1,0,2,5,5,8
node,6769113595.0,atm,"ПАО ""Промсвязьбанк""",Промсвязьбанк,,24/7,1,1,1,4,4,5,2,2,6,8,8,15,26
node,6769113596.0,atm,"ПАО ""Промсвязьбанк""",Промсвязьбанк,,24/7,1,1,1,4,5,5,2,2,6,8,8,16,26
node,6770262166.0,atm,ПАО РОСБАНК,,,24/7,1,3,2,3,3,1,3,3,3,4,7,12,20
node,6776897993.0,atm,Банк ГПБ (АО),Газпромбанк,,24/7,1,4,2,3,5,2,7,5,6,8,6,16,32
node,6777010353.0,atm,Промсвязьбанк,Промсвязьбанк,,Mo-Su 10:00-21:00,1,1,0,1,4,3,1,0,4,8,10,9,23
node,6777019533.0,atm,"ПАО ""Промсвязьбанк""",Промсвязьбанк,,Mo-Fr 09:00-18:00,1,0,0,0,1,2,0,2,1,1,3,3,7
node,6777019575.0,atm,"ПАО ""Промсвязьбанк""",Промсвязьбанк,,Mo-Fr 10:00-19:00,1,2,2,1,1,0,13,12,5,6,3,6,39
node,6777019578.0,atm,"ПАО ""Промсвязьбанк""",Промсвязьбанк,,Mo-Fr 07:00-23:00,1,1,0,1,2,1,2,0,3,3,6,5,14
node,6777019579.0,atm,Промсвязьбанк,Промсвязьбанк,,Mo-Su 09:00-20:00,1,1,0,1,1,3,1,0,1,1,5,6,8
node,6777023286.0,atm,"ПАО ""Промсвязьбанк""",Промсвязьбанк,,Mo-Fr 09:30-17:30,1,5,4,2,4,2,16,14,4,6,5,17,45
node,6777023300.0,atm,"ПАО ""Промсвязьбанк""",Промсвязьбанк,,24/7,1,1,1,1,0,2,1,2,2,4,6,5,15
node,6777023304.0,atm,"ПАО ""Промсвязьбанк""",Промсвязьбанк,,Mo-Fr 09:00-20:30;Sa 10:00-16:30,1,0,0,1,0,2,2,0,3,5,8,3,18
node,6777023360.0,atm,"ПАО ""Промсвязьбанк""",Промсвязьбанк,,24/7,1,3,3,3,3,4,4,6,6,5,6,16,27
node,6777023370.0,atm,"ПАО ""Промсвязьбанк""",Промсвязьбанк,,24/7,1,0,0,1,0,1,1,0,3,5,8,2,17
node,6777023372.0,atm,"ПАО ""Промсвязьбанк""",Промсвязьбанк,,Mo-Fr 09:00-20:00;Sa 10:00-16:30,1,5,6,5,4,4,8,7,10,7,5,24,37
node,6777023377.0,atm,"ПАО ""Промсвязьбанк""",Промсвязьбанк,,24/7,1,2,2,1,0,7,18,10,3,2,7,12,40
node,6777023378.0,atm,"ПАО ""Промсвязьбанк""",Промсвязьбанк,,Mo-Fr 09:30-17:30,1,0,0,0,1,2,2,0,2,2,6,3,12
node,6777023379.0,atm,"ПАО ""Промсвязьбанк""",Промсвязьбанк,,24/7,1,3,2,2,2,1,8,3,5,6,4,10,26
node,6777023383.0,atm,Промсвязьбанк,Промсвязьбанк,,24/7,1,10,3,1,1,7,21,12,3,2,8,22,46
node,6777023385.0,atm,"ПАО ""Промсвязьбанк""",Промсвязьбанк,,24/7,1,10,3,1,1,7,22,12,3,2,8,22,47
node,6777023386.0,atm,"ПАО ""Промсвязьбанк""",Промсвязьбанк,,Mo-Su 08:00-21:00,1,5,0,1,2,1,10,1,3,3,5,9,22
node,6777023387.0,atm,Промсвязьбанк,Промсвязьбанк,,Mo-Fr 09:30-20:00,1,7,6,4,1,3,19,10,6,3,8,21,46
node,6777023390.0,atm,"ПАО ""Промсвязьбанк""",Промсвязьбанк,,24/7,1,3,3,3,5,3,3,3,6,11,6,17,29
node,6777023401.0,atm,"ПАО ""Промсвязьбанк""",Промсвязьбанк,,Mo-Fr 09:30-20:30;Sa 10:00-16:30,1,0,0,0,2,3,0,1,0,2,5,5,8
node,6777031285.0,atm,Промсвязьбанк,Промсвязьбанк,,Mo-Su 10:00-22:00,1,5,13,0,2,1,11,20,4,4,4,21,43
node,6777031290.0,atm,"ПАО ""Промсвязьбанк""",Промсвязьбанк,,Mo-Fr 08:00-22:00;Sa 10:00-17:00,1,6,1,2,2,0,11,1,3,4,3,11,22
node,6777031292.0,atm,Промсвязьбанк,Промсвязьбанк,,Mo-Su 08:00-22:00,1,9,9,1,0,2,10,10,1,1,3,21,25
node,6777031312.0,atm,"ПАО ""Промсвязьбанк""",Промсвязьбанк,,Mo-Fr 09:30-20:30;Sa-Su 10:30-20:00,1,0,0,0,0,0,2,2,0,1,0,0,5
node,6777031352.0,atm,"ПАО ""Промсвязьбанк""",Промсвязьбанк,,24/7,1,3,2,2,2,4,3,2,3,5,6,13,19
node,6777031356.0,atm,"ПАО ""Промсвязьбанк""",Промсвязьбанк,,24/7,1,3,4,3,3,4,4,6,6,5,7,17,28
node,6777031369.0,atm,"ПАО ""Промсвязьбанк""",Промсвязьбанк,,Mo-Su 08:00-22:00,1,0,0,0,1,0,0,0,0,3,2,1,5
node,6777031371.0,atm,"ПАО ""Промсвязьбанк""",Промсвязьбанк,,24/7,1,0,0,7,3,6,0,0,13,9,9,16,31
node,6777031372.0,atm,"ПАО ""Промсвязьбанк""",Промсвязьбанк,,24/7,1,0,0,7,3,6,0,1,15,11,10,16,37
node,6777031373.0,atm,"ПАО ""Промсвязьбанк""",Промсвязьбанк,,24/7,1,0,0,7,4,5,0,0,15,10,9,16,34
node,6777031375.0,atm,"ПАО ""Промсвязьбанк""",Промсвязьбанк,,Mo-Fr 09:00-20:00,1,16,3,2,2,4,32,13,3,6,5,27,59
node,6777031378.0,atm,"ПАО ""Промсвязьбанк""",Промсвязьбанк,,Mo-Fr 09:00-20:00,1,16,3,2,2,4,32,13,3,6,6,27,60
node,6777031388.0,atm,"ПАО ""Промсвязьбанк""",Промсвязьбанк,,Mo-Su 08:00-20:00,1,1,0,1,0,0,1,0,3,2,0,2,6
node,6777031396.0,atm,"ПАО ""Промсвязьбанк""",Промсвязьбанк,,Mo-Su 10:00-22:00,1,14,8,1,5,0,21,9,6,8,3,28,47
node,6777031408.0,atm,"ПАО ""Промсвязьбанк""",Промсвязьбанк,,Mo-Su 09:00-21:00,1,0,0,2,1,1,0,0,2,1,3,4,6
node,6777031411.0,atm,"ПАО ""Промсвязьбанк""",Промсвязьбанк,,Mo-Su 07:00-20:00,1,2,1,0,1,0,3,1,3,3,0,4,10
node,6777041899.0,atm,"ПАО ""Промсвязьбанк""",Промсвязьбанк,,Mo-Su 10:00-20:00,1,10,0,0,2,0,12,0,0,2,0,12,14
node,6777041900.0,atm,"ПАО ""Промсвязьбанк""",Промсвязьбанк,,Mo-Fr 09:30-17:30,1,4,0,1,2,1,10,1,3,3,4,8,21
node,6777041953.0,atm,Промсвязьбанк,Промсвязьбанк,,24/7,1,2,1,4,2,3,5,1,8,9,8,12,31
node,6777041956.0,atm,Промсвязьбанк,Промсвязьбанк,,Mo-Fr 09:30-20:00,1,7,7,2,2,2,12,13,2,4,3,20,34
node,6777041957.0,atm,Промсвязьбанк,Промсвязьбанк,yes,Mo-Su 10:00-21:00,1,3,4,1,4,3,7,7,3,12,6,15,35
node,6777059082.0,atm,"ПАО ""Промсвязьбанк""",Промсвязьбанк,yes,24/7,1,3,1,7,6,3,6,4,8,10,9,20,37
node,6777061125.0,atm,Промсвязьбанк,Промсвязьбанк,yes,Mo-Su 09:00-23:00,1,5,1,4,5,2,5,1,5,5,4,17,20
node,6777061137.0,atm,"ПАО ""Промсвязьбанк""",Промсвязьбанк,,Mo-Fr 09:00-20:30;Sa 10:00-16:30,1,5,6,5,4,3,8,7,9,7,5,23,36
node,6777061145.0,atm,"ПАО ""Промсвязьбанк""",Промсвязьбанк,,Mo-Su 10:00-22:00,1,0,0,0,0,2,0,1,0,1,3,2,5
node,6777061147.0,atm,"ПАО ""Промсвязьбанк""",Промсвязьбанк,,24/7,1,1,1,4,4,5,2,2,6,8,8,15,26
node,6777061155.0,atm,Промсвязьбанк,Промсвязьбанк,,24/7,1,7,4,6,8,7,10,6,10,19,11,32,56
node,6777061172.0,atm,"ПАО ""Промсвязьбанк""",Промсвязьбанк,,Mo-Fr 09:00-18:00,1,8,3,0,0,1,11,11,1,3,5,12,31
node,6777061198.0,atm,"ПАО ""Промсвязьбанк""",Промсвязьбанк,,Mo-Fr 08:30-19:00,1,1,0,0,1,1,1,1,1,2,2,3,7
node,6777070189.0,atm,"ПАО ""Промсвязьбанк""",Промсвязьбанк,,Mo-Su 10:00-22:00,1,0,0,1,1,4,1,3,3,3,7,6,17
node,6777070194.0,atm,"ПАО ""Промсвязьбанк""",Промсвязьбанк,,Mo-Su 08:00-21:00,1,1,0,1,2,0,1,2,2,5,5,4,15
node,6777070206.0,atm,Промсвязьбанк,Промсвязьбанк,,24/7,1,2,2,0,1,1,6,2,0,4,3,6,15
node,6777070207.0,atm,Промсвязьбанк,Промсвязьбанк,,24/7,1,3,2,0,1,1,6,2,0,5,3,7,16
node,6777070212.0,atm,Промсвязьбанк,Промсвязьбанк,,24/7,1,2,2,0,0,1,6,2,0,3,4,5,15
node,6777070272.0,atm,"ПАО ""Промсвязьбанк""",Промсвязьбанк,,Mo-Su 09:00-22:00,1,3,4,0,1,3,7,6,7,6,6,11,32
node,6777070284.0,atm,"ПАО ""Промсвязьбанк""",Промсвязьбанк,,Mo-Su 08:00-23:00,1,10,2,2,5,7,14,3,2,6,12,26,37
node,6777070297.0,atm,"ПАО ""Промсвязьбанк""",Промсвязьбанк,yes,Mo-Su 09:00-22:00,1,2,1,1,1,1,3,1,2,4,1,6,11
node,6777070306.0,atm,"ПАО ""Промсвязьбанк""",Промсвязьбанк,,Mo-Su 09:00-21:00,1,9,1,2,1,2,13,2,3,5,6,15,29
node,6777070308.0,atm,"ПАО ""Промсвязьбанк""",Промсвязьбанк,,24/7,1,3,1,2,2,3,10,5,3,4,7,11,29
node,6777070309.0,atm,"ПАО ""Промсвязьбанк""",Промсвязьбанк,,Mo-Fr 09:00-20:30;Sa 10:00-16:30,1,10,3,1,1,7,21,12,3,2,8,22,46
node,6777070311.0,atm,"ПАО ""Промсвязьбанк""",Промсвязьбанк,,24/7,1,3,2,2,1,1,8,3,5,6,3,9,25
node,6777070315.0,atm,Промсвязьбанк,Промсвязьбанк,,24/7,1,7,6,4,1,2,19,10,6,3,8,20,46
node,6777070316.0,atm,"ПАО ""Промсвязьбанк""",Промсвязьбанк,,Mo-Su 10:00-21:00,1,0,0,5,4,4,0,1,11,8,9,13,29
node,6777070320.0,atm,"ПАО ""Промсвязьбанк""",Промсвязьбанк,,24/7,1,0,0,0,2,3,0,1,0,2,5,5,8
node,6777070323.0,atm,"ПАО ""Промсвязьбанк""",Промсвязьбанк,,Mo-Su 10:00-22:00,1,1,0,1,1,2,5,1,1,1,2,5,10
node,6777070324.0,atm,"ПАО ""Промсвязьбанк""",Промсвязьбанк,,Mo-Su 09:00-23:00,1,1,0,1,1,1,2,0,1,1,3,4,7
node,6777070325.0,atm,"ПАО ""Промсвязьбанк""",Промсвязьбанк,,Mo-Su 09:00-21:00,1,0,0,0,0,2,0,0,0,0,5,2,5
node,6777070326.0,atm,"ПАО ""Промсвязьбанк""",Промсвязьбанк,,24/7,1,0,0,0,1,2,2,0,1,2,6,3,11
node,6777070327.0,atm,"ПАО ""Промсвязьбанк""",Промсвязьбанк,,24/7,1,2,3,3,5,3,3,3,7,12,7,16,32
node,6777070328.0,atm,"ПАО ""Промсвязьбанк""",Промсвязьбанк,,24/7,1,3,3,3,5,3,3,3,6,11,7,17,30
node,6777080750.0,atm,"ПАО ""Промсвязьбанк""",Промсвязьбанк,,24/7,1,1,0,0,0,2,1,2,2,4,6,3,15
node,6777080754.0,atm,"ПАО ""Промсвязьбанк""",Промсвязьбанк,,24/7,1,2,0,5,1,4,7,1,8,6,7,12,29
node,6777080759.0,atm,"ПАО ""Промсвязьбанк""",Промсвязьбанк,,24/7,1,0,0,1,0,2,2,0,3,5,8,3,18
node,6777080774.0,atm,"ПАО ""Промсвязьбанк""",Промсвязьбанк,,Mo-Su 09:00-23:00,1,0,0,2,4,2,0,0,3,6,3,8,12
node,6777080782.0,atm,Промсвязьбанк,Промсвязьбанк,,24/7,1,4,12,1,6,0,7,14,5,9,3,23,38
node,6777082535.0,atm,"ПАО ""Промсвязьбанк""",Промсвязьбанк,,Mo-Su 09:00-21:00,1,0,0,0,0,3,0,0,0,0,4,3,4
node,6777082536.0,atm,"ПАО ""Промсвязьбанк""",Промсвязьбанк,,24/7,1,1,0,1,3,2,4,2,4,6,4,7,20
node,6777082539.0,atm,"ПАО ""Промсвязьбанк""",Промсвязьбанк,,24/7,1,1,0,1,3,2,5,2,4,6,4,7,21
node,6777082542.0,atm,"ПАО ""Промсвязьбанк""",Промсвязьбанк,,Mo-Su 12:00-24:00,1,9,10,2,2,1,14,18,2,6,5,24,45
node,6777082624.0,atm,"ПАО ""Промсвязьбанк""",Промсвязьбанк,,Mo-Su 09:00-21:00,1,5,1,1,1,3,5,2,3,2,4,11,16
node,6777082640.0,atm,"ПАО ""Промсвязьбанк""",Промсвязьбанк,,24/7,1,3,4,1,1,2,7,6,5,4,4,11,26
node,6777084613.0,atm,"ПАО ""Промсвязьбанк""",Промсвязьбанк,,Mo-Su 09:00-22:00,1,0,1,3,3,2,0,1,3,4,2,9,10
node,6777084616.0,atm,"ПАО ""Промсвязьбанк""",Промсвязьбанк,,Mo-Su 10:00-22:00,1,0,0,4,4,4,0,0,6,5,5,12,16
node,6777084624.0,atm,"ПАО ""Промсвязьбанк""",Промсвязьбанк,,24/7,1,9,1,1,2,1,13,7,2,5,1,14,28
node,6777084691.0,atm,"ПАО ""Промсвязьбанк""",Промсвязьбанк,,Mo-Su 08:00-21:00,1,7,1,0,0,4,10,3,4,5,8,12,30
node,6780871127.0,atm,ПАО Сбербанк,Сбербанк,yes,,1,0,0,0,1,0,0,0,0,1,2,1,3
node,6793335323.0,atm,Банк ВТБ (ПАО),ВТБ,,,1,0,2,0,0,0,5,12,0,1,4,2,22
node,6808207585.0,atm,ПАО Сбербанк,Сбербанк,,,1,0,1,0,3,1,0,1,0,3,1,5,5
node,6814317081.0,atm,Банк ВТБ (ПАО),ВТБ,,,1,4,1,4,2,10,6,2,7,5,14,21,34
node,6876046118.0,atm,,,,,1,0,0,0,0,2,0,0,0,0,3,2,3
node,6879756654.0,atm,ПАО Сбербанк,Сбербанк,,,1,3,0,0,0,2,9,3,0,2,7,5,21
node,6879756655.0,atm,Банк ВТБ (ПАО),ВТБ,,,1,3,0,0,0,2,9,3,0,2,6,5,20
node,6883390580.0,atm,ПАО Сбербанк,Сбербанк,,,1,0,0,0,0,0,0,0,0,0,1,0,1
node,6901072020.0,atm,АО ЮниКредит Банк,,,24/7,1,0,0,0,1,2,0,0,2,1,2,3,5
node,6913504321.0,atm,Банк ВТБ (ПАО),ВТБ,yes,Mo-Su 07:00-20:30,1,7,5,0,1,2,14,8,2,5,2,15,31
node,6935895546.0,atm,ПАО Сбербанк,Сбербанк,yes,,1,4,0,2,1,0,8,0,3,2,1,7,14
node,6943361878.0,atm,АО «ТБанк»,Т-Банк,,,1,0,1,1,2,1,3,2,2,2,7,5,16
node,6943361882.0,atm,АО «ТБанк»,Т-Банк,,,1,1,0,1,3,3,1,0,1,4,8,8,14
node,6944280773.0,atm,ПАО Сбербанк,Сбербанк,,07:00-24:00,1,0,1,7,6,7,3,1,12,9,10,21,35
node,6949692902.0,atm,"АО ""АБ ""РОССИЯ""",,,,1,5,2,2,2,1,14,5,8,9,7,12,43
node,6949692903.0,atm,ПАО Сбербанк,Сбербанк,,,1,4,2,2,2,1,15,5,8,8,6,11,42
node,6949692904.0,atm,ПАО Сбербанк,Сбербанк,,,1,4,2,2,2,1,15,5,8,8,6,11,42
node,6949692905.0,atm,ПАО Сбербанк,Сбербанк,,,1,4,2,2,2,1,15,5,8,8,6,11,42
node,6956796850.0,atm,Сбербанк,Сбербанк,,,1,4,0,4,5,3,6,1,7,10,7,16,31
node,6957469696.0,atm,Банк ВТБ (ПАО),ВТБ,yes,,1,5,2,4,3,1,16,8,5,8,8,15,45
node,6962840377.0,atm,ПАО Сбербанк,Сбербанк,,Mo-Su 08:00-23:00,1,0,1,1,4,2,1,1,4,6,6,8,18
node,6967025610.0,atm,"АО ""Почта Банк""",Почта Банк,,,1,0,1,1,2,4,1,1,2,5,6,8,15
node,6974444101.0,atm,ПАО Сбербанк,Сбербанк,,,1,0,0,1,0,1,0,1,1,2,7,2,11
node,6974444102.0,atm,ПАО Сбербанк,Сбербанк,,,1,0,0,0,3,1,1,1,3,5,5,4,15
node,6974444103.0,atm,Банк ВТБ (ПАО),ВТБ,,,1,0,0,0,3,1,1,1,3,5,5,4,15
node,6984468091.0,atm,ПАО Сбербанк,Сбербанк,,,1,2,6,1,2,4,2,6,2,3,4,15,17
node,7001514236.0,atm,"ПАО ""Промсвязьбанк""",Промсвязьбанк,,Mo-Fr 09:30-20:30,1,4,0,4,1,1,5,1,6,3,2,10,17
node,7036905766.0,atm,"АО ""Райффайзенбанк""",Райффайзен,,,1,1,0,7,5,10,5,0,10,10,27,23,52
node,7047296617.0,atm,"ПАО ""МОСКОВСКИЙ КРЕДИТНЫЙ БАНК""",,,10:00-21:00,1,1,0,0,0,2,5,4,3,1,5,3,18
node,7048869821.0,atm,ПАО Сбербанк,Сбербанк,yes,,1,8,4,0,2,1,14,9,2,7,3,15,35
node,7074821819.0,atm,ПАО Сбербанк,Сбербанк,no,,1,0,0,1,3,2,0,0,2,5,3,6,10
node,7082257367.0,atm,"АО ""Райффайзенбанк""",Райффайзен,,,1,1,1,0,1,2,1,2,0,2,3,5,8
node,7082257368.0,atm,"АО ""Райффайзенбанк""",Райффайзен,,,1,1,1,0,1,2,1,2,0,2,3,5,8
node,7083930587.0,atm,Банк ВТБ (ПАО),ВТБ,,,1,1,0,0,0,0,1,1,1,1,1,1,5
node,7086856379.0,atm,Банк ВТБ (ПАО),ВТБ,,,1,4,4,0,0,2,4,7,0,2,4,10,17
node,7086868589.0,atm,АО «ТБанк»,Т-Банк,,,1,0,0,2,1,2,1,1,4,2,6,5,14
node,7121724685.0,atm,Банк ВТБ (ПАО),ВТБ,,,1,0,0,0,0,0,0,0,0,0,0,0,0
node,7121806090.0,atm,ВТБ,ВТБ,,24/7,1,0,0,1,2,4,0,0,1,2,5,7,8
node,7121962385.0,atm,ПАО Сбербанк,Сбербанк,,24/7,1,2,1,0,0,5,8,2,1,1,6,8,18
node,7121995585.0,atm,Банк ВТБ (ПАО),ВТБ,,,1,3,0,0,0,4,8,2,1,2,7,7,20
node,7126057125.0,atm,ПАО Сбербанк,Сбербанк,,,1,1,0,0,0,2,2,0,0,0,4,3,6
node,7126057126.0,atm,Банк ГПБ (АО),Газпромбанк,,,1,1,0,0,0,2,2,0,0,0,4,3,6
node,7150587405.0,atm,Альфа-Банк,Альфа-Банк,,,1,4,4,0,2,0,9,7,1,5,1,10,23
node,7150587591.0,atm,Райффайзен,Райффайзен,,,1,4,4,0,2,0,9,7,1,5,1,10,23
node,7159408620.0,atm,ПАО Сбербанк,Сбербанк,yes,24/7,1,0,0,1,1,0,0,0,1,3,1,2,5
node,7175455433.0,atm,"АО ""Райффайзенбанк""",Райффайзен,,,1,0,0,1,1,2,0,0,1,2,4,4,7
node,7182382749.0,atm,ПАО Сбербанк,Сбербанк,,24/7,1,0,0,4,4,4,0,0,6,6,5,12,17
node,7187072986.0,atm,Сбербанк,Сбербанк,yes,,1,1,0,1,0,1,1,0,1,0,1,3,3
node,7187072987.0,atm,ВТБ,ВТБ,no,,1,1,0,1,0,1,1,0,1,0,1,3,3
node,7248459055.0,atm,Банк ВТБ (ПАО),ВТБ,,,1,4,1,2,2,4,12,7,3,5,8,13,35
node,7263998989.0,atm,АО «ТБанк»,Т-Банк,yes,Mo-Su 08:00-23:00,1,1,0,1,1,2,3,0,1,2,4,5,10
node,7291538185.0,atm,"АО ""Райффайзенбанк""",Райффайзен,,Mo-Su 08:00-23:00,1,1,0,0,2,2,6,1,2,3,9,5,21
node,7341815471.0,atm,"ПАО ""МОСКОВСКИЙ КРЕДИТНЫЙ БАНК""",МКБ,,24/7,1,4,2,1,1,0,9,6,2,3,2,8,22
node,7350916060.0,atm,ПАО Сбербанк,Сбербанк,,24/7,1,0,0,4,4,2,0,0,5,6,4,10,15
node,7470185552.0,atm,"ПАО Банк ""ФК Открытие""",Банк «Открытие»,no,,1,0,3,4,3,3,0,4,4,4,3,13,15
node,7545652060.0,atm,Банк ВТБ (ПАО),ВТБ,,,1,2,8,1,6,2,8,13,6,14,6,19,47
node,7589687134.0,atm,Банк ВТБ (ПАО),ВТБ,,,1,6,2,1,2,4,12,8,4,5,6,15,35
node,7640415430.0,atm,Банк ГПБ (АО),Газпромбанк,,,1,2,1,1,1,0,2,1,1,5,1,5,10
node,7640415431.0,atm,АО «ТБанк»,Т-Банк,yes,,1,2,1,1,2,1,3,1,3,4,1,7,12
node,7640415432.0,atm,ПАО Сбербанк,Сбербанк,yes,,1,2,1,1,2,1,3,1,3,5,1,7,13
node,7644502793.0,atm,Банк ВТБ (ПАО),ВТБ,,,1,1,0,1,2,8,1,0,1,3,10,12,15
node,7655922576.0,atm,ВТБ,ВТБ,,,1,6,7,4,6,2,11,16,4,9,3,25,43
node,7669855530.0,atm,"""Азиатско-Тихоокеанский Банк"" (АО)",,,Mo-Su 09:00-20:00,1,3,1,0,4,6,6,1,0,6,8,14,21
node,7670717219.0,atm,"""Азиатско-Тихоокеанский Банк"" (АО)",,,Mo-Fr 09:00-19:00;Sa 10:00-17:00,1,2,1,0,0,0,9,2,4,6,2,3,23
node,7670717710.0,atm,"""Азиатско-Тихоокеанский Банк"" (АО)",,,Mo-Fr 09:00-18:00,1,5,3,0,2,1,11,4,0,3,2,11,20
node,7670717739.0,atm,"""Азиатско-Тихоокеанский Банк"" (АО)",,,Mo-Su 08:00-22:00,1,6,3,0,0,1,14,9,2,4,6,10,35
node,7670717742.0,atm,"""Азиатско-Тихоокеанский Банк"" (АО)",,,Mo-Fr 09:00-19:00,1,2,1,0,0,0,4,1,0,4,3,3,12
node,7670727094.0,atm,"""Азиатско-Тихоокеанский Банк"" (АО)",Азиатско-Тихоокеанский Банк,,24/7,1,6,3,3,2,1,8,4,5,4,5,15,26
node,7670727095.0,atm,"""Азиатско-Тихоокеанский Банк"" (АО)",,,24/7,1,4,0,3,2,3,12,0,6,4,9,12,31
node,7682430808.0,atm,ПАО Сбербанк,Сбербанк,,,1,0,0,1,2,1,1,1,2,5,3,4,12
node,7682430811.0,atm,"ПАО ""МОСКОВСКИЙ КРЕДИТНЫЙ БАНК""",,,,1,3,1,1,2,4,3,2,4,5,6,11,20
node,7682548802.0,atm,ПАО Сбербанк,Сбербанк,,,1,0,0,5,4,5,0,1,11,8,9,14,29
node,7682548803.0,atm,Банк ГПБ (АО),Газпромбанк,,,1,0,0,5,4,5,0,1,11,8,9,14,29
node,7746379165.0,atm,Банк ГПБ (АО),Газпромбанк,,,1,0,0,0,1,0,0,0,0,1,0,1,1
node,7762570402.0,atm,ПАО Сбербанк,Сбербанк,,,1,0,0,3,9,2,0,0,3,10,3,14,16
node,7826963969.0,atm,ПАО Сбербанк,Сбербанк,,24/7,1,0,0,1,1,1,0,0,3,7,4,3,14
node,7832507815.0,atm,"ПАО ""Банк ""Санкт-Петербург""",Санкт-Петербург,,Mo-Fr 09:30-19:00,1,1,1,0,0,1,6,3,1,1,5,3,16
node,7832507836.0,atm,"ПАО ""Банк ""Санкт-Петербург""",Банк Санкт-Петербург,,Mo-Fr 10:00-20:00; Sa-Su 10:00-18:00,1,1,0,0,0,2,2,3,0,0,4,3,9
node,7881464883.0,atm,ПАО Сбербанк,Сбербанк,,Mo-Fr 08:00-20:00; Sa 09:00-18:00; Su 09:00-16:00,1,11,5,3,3,0,18,9,6,5,6,22,44
node,7913065872.0,atm,Сбербанк,Сбербанк,,,1,0,0,2,3,0,1,1,4,6,4,5,16
node,7913838285.0,atm,Банк ВТБ (ПАО),ВТБ,,Mo-Su 08:00-20:00,1,0,0,1,1,0,1,3,2,4,0,2,10
node,7929466097.0,atm,ПАО Сбербанк,Сбербанк,,,1,2,2,0,0,0,6,2,0,0,1,4,9
node,7931930178.0,atm,ПАО Сбербанк,Сбербанк,yes,,1,6,3,2,1,2,13,9,2,4,3,14,31
node,7931930179.0,atm,"АО ""Альфа-Банк""",Альфа-Банк,,,1,6,3,2,1,2,13,9,2,4,3,14,31
node,8000844221.0,atm,"АО ""Альфа-Банк""",Альфа-Банк,,,1,7,0,0,1,0,13,4,1,6,0,8,24
node,8006896654.0,atm,ТКБ БАНК ПАО,,,24/7,1,3,2,0,1,0,4,2,1,4,0,6,11
node,8006896657.0,atm,ТКБ БАНК ПАО,,,Fr 9:30-16:00;Mo-Th 9:30-17:00,1,1,0,1,3,0,3,3,1,4,0,5,11
node,8006896664.0,atm,ПАО Банк ЗЕНИТ,,,24/7,1,0,1,0,0,2,1,1,0,0,5,3,7
node,8006896665.0,atm,ПАО Банк ЗЕНИТ,,,Mo-Su 09:00-21:00,1,0,0,2,3,2,2,1,2,5,4,7,14
node,8006896666.0,atm,ПАО Банк ЗЕНИТ,,,24/7,1,1,2,0,1,0,6,7,3,5,1,4,22
node,8006896667.0,atm,ПАО Банк ЗЕНИТ,,,24/7,1,4,1,0,1,0,7,2,0,2,0,6,11
node,8006896669.0,atm,Зенит,Зенит,,Mo-Fr 08:00-20:00;Sa-Su 10:00-17:00,1,0,0,0,0,0,0,0,0,0,3,0,3
node,8006902329.0,atm,ПАО Банк ЗЕНИТ,,,24/7,1,6,6,0,0,1,13,10,3,4,3,13,33
node,8006902330.0,atm,ПАО Сбербанк,Сбербанк,yes,,1,0,0,0,1,2,1,1,0,3,8,3,13
node,8006902331.0,atm,ПАО Банк ЗЕНИТ,,,24/7,1,0,0,5,4,2,1,1,6,5,4,11,17
node,8026203385.0,atm,АО «ТБанк»,Т-Банк,,Mo-Su 10:00-21:00,1,7,0,1,1,4,10,0,2,2,9,13,23
node,8026209385.0,atm,АО «ТБанк»,Т-Банк,,Mo-Su 08:00-22:00,1,1,0,2,1,1,1,0,4,4,4,5,13
node,8026218185.0,atm,АО «ТБанк»,Т-Банк,,24/7,1,0,2,0,1,4,2,2,0,6,12,7,22
node,8080451857.0,atm,ПАО Сбербанк,Сбербанк,yes,,1,2,4,2,2,2,6,8,3,7,3,12,27
node,8080451858.0,atm,Банк ВТБ (ПАО),ВТБ,yes,,1,1,2,2,4,2,6,8,3,7,3,11,27
node,8080478744.0,atm,ПАО Сбербанк,Сбербанк,yes,24/7,1,0,0,1,3,2,0,0,1,4,6,6,11
node,8091202799.0,atm,ПАО Сбербанк,Сбербанк,,,1,6,0,6,7,2,13,1,9,9,2,21,34
node,8115244390.0,atm,Банк ВТБ (ПАО),ВТБ,,,1,4,1,3,7,3,13,3,5,8,8,18,37
node,8154434483.0,atm,ПАО Банк ЗЕНИТ,,,Mo-Su 12:00-24:00,1,11,6,0,1,0,17,11,0,2,0,18,30
node,8154434484.0,atm,ПАО Банк ЗЕНИТ,,,24/7,1,0,0,1,2,1,0,1,2,3,2,4,8
node,8176359446.0,atm,АО «ТБанк»,Т-Банк,yes,,1,4,0,5,7,2,10,0,8,10,5,18,33
node,8198518793.0,atm,ВТБ,ВТБ,,,1,2,4,1,1,0,6,14,2,2,2,8,26
node,8212779243.0,atm,Банк ВТБ (ПАО),ВТБ,yes,Mo-Su 08:00-20:00,1,0,1,0,0,2,0,1,0,0,3,3,4
node,8214194026.0,atm,Банк ВТБ (ПАО),ВТБ,,,1,4,0,1,1,1,4,0,1,2,6,7,13
node,8234070634.0,atm,"АО ""Райффайзенбанк""",Райффайзен,,,1,15,3,1,2,0,30,4,2,6,2,21,44
node,8252410980.0,atm,ПАО Сбербанк,Сбербанк,,,1,1,0,0,2,2,3,0,2,5,2,5,12
node,8252412485.0,atm,"ПАО ""МТС-Банк""",,,,1,1,0,1,2,0,1,0,2,5,0,4,8
node,8269402424.0,atm,ПАО Сбербанк,Сбербанк,yes,Mo-Su 08:00-23:00,1,1,0,0,0,1,2,1,0,0,1,2,4
node,8269402426.0,atm,"АО ""Райффайзенбанк""",Райффайзен,no,Mo-Su 08:00-23:00,1,1,0,0,0,1,2,1,0,0,1,2,4
node,8282135345.0,atm,"ПАО ""МТС-Банк""",,,Mo-Su 09:00-20:00,1,5,2,2,1,1,15,8,3,4,5,11,35
node,8356963965.0,atm,ПАО Сбербанк,Сбербанк,,24/7,1,0,0,3,5,3,1,0,4,7,4,11,16
node,8362009363.0,atm,ПАО Сбербанк,Сбербанк,yes,,1,0,0,0,1,1,3,1,1,3,4,2,12
node,8370874232.0,atm,Ак Барс Банк,Ак Барс Банк,,Mo-Fr 09:00-18:00,1,2,0,2,1,1,23,14,5,5,2,6,49
node,8405792368.0,atm,ПАО Сбербанк,Сбербанк,,Mo-Fr 09:00-20:00,1,5,0,1,2,0,10,3,1,3,3,8,20
node,8412899969.0,atm,Альфа-Банк,Альфа-Банк,,,1,0,0,0,0,2,0,0,0,0,2,2,2
node,8416199622.0,atm,ПАО Сбербанк,Сбербанк,,,1,0,0,0,0,3,1,0,1,0,6,3,8
node,8477026987.0,atm,ПАО Сбербанк,Сбербанк,,,1,0,0,1,1,1,0,0,2,2,5,3,9
node,8482803642.0,atm,"ПАО Банк ""ФК Открытие""",,yes,,1,4,0,0,0,0,6,0,0,1,0,4,7
node,8484289148.0,atm,"ПАО ""Промсвязьбанк""",Промсвязьбанк,,Mo-Su 09:00-22:00,1,0,1,0,0,3,1,1,2,2,5,4,11
node,8486840003.0,atm,"АО АКБ ""НОВИКОМБАНК""",,,,1,0,0,0,0,2,0,0,0,1,5,2,6
node,8486840004.0,atm,Банк ВТБ (ПАО),ВТБ,,,1,0,0,0,0,3,0,0,0,1,5,3,6
node,8490916057.0,atm,АО «ТБанк»,Т-Банк,yes,,1,1,1,2,2,2,1,1,2,4,2,8,10
node,8507803830.0,atm,ПАО Сбербанк,Сбербанк,,,1,0,0,0,0,0,0,0,0,0,0,0,0
node,8507803831.0,atm,"ПАО ""Промсвязьбанк""",Промсвязьбанк,,,1,0,0,0,0,0,0,0,0,0,0,0,0
node,8529742062.0,atm,ПАО Сбербанк,Сбербанк,,,1,4,0,1,2,2,6,0,1,3,4,9,14
node,8529742063.0,atm,"ПАО ""МОСКОВСКИЙ КРЕДИТНЫЙ БАНК""",,,,1,4,0,1,2,2,6,0,1,3,4,9,14
node,8560855863.0,atm,ПАО Сбербанк,Сбербанк,,,1,0,0,0,0,1,1,0,0,0,6,1,7
node,8629907689.0,atm,Банк ВТБ (ПАО),ВТБ,,,1,5,1,2,2,2,7,1,3,3,5,12,19
node,8646662342.0,atm,ПАО Сбербанк,Сбербанк,yes,,1,0,0,0,0,1,0,0,0,0,2,1,2
node,8672487736.0,atm,Райффайзен,Райффайзен,yes,24/7,1,0,0,1,2,2,2,0,4,4,4,5,14
node,8676050665.0,atm,Банк ГПБ (АО),Газпромбанк,yes,,1,25,8,4,5,2,38,11,7,7,3,44,66
node,8676050666.0,atm,Банк ГПБ (АО),Газпромбанк,yes,,1,25,8,4,5,2,38,11,7,7,3,44,66
node,8676050667.0,atm,Банк ГПБ (АО),Газпромбанк,yes,,1,25,8,4,5,2,38,11,7,7,3,44,66
node,8677647446.0,atm,"ПАО ""Промсвязьбанк""",Промсвязьбанк,,,1,1,1,1,3,1,1,1,2,8,6,7,18
node,8677647447.0,atm,АО «ТБанк»,Т-Банк,,,1,1,1,1,3,1,1,1,2,8,6,7,18
node,8757802471.0,atm,Банк ГПБ (АО),Газпромбанк,,24/7,1,4,5,3,4,2,10,15,5,8,4,18,42
node,8758277937.0,atm,Уралсиб,Уралсиб,,,1,4,4,2,1,5,15,12,4,2,10,16,43
node,8758277940.0,atm,"АО КБ ""Модульбанк""",МодульБанк,,,1,4,3,1,1,3,13,10,5,3,9,12,40
node,8758277941.0,atm,ПАО Сбербанк,Сбербанк,,,1,5,6,3,1,6,18,14,4,4,10,21,50
node,8758277942.0,atm,"АО ""Райффайзенбанк""",Райффайзен,,,1,5,2,3,1,5,17,14,4,3,8,16,46
node,8758277943.0,atm,АО «ТБанк»,Т-Банк,,,1,4,3,2,1,3,14,11,4,3,9,13,41
node,8758277952.0,atm,"ПАО ""Промсвязьбанк""",Промсвязьбанк,,,1,4,3,2,1,4,14,11,4,2,9,14,40
node,8758277953.0,atm,ПАО Сбербанк,Сбербанк,,,1,4,6,3,1,5,18,15,4,4,9,19,50
node,8758277968.0,atm,АО «ТБанк»,Т-Банк,,,1,4,6,3,1,6,18,14,4,4,9,20,49
node,8772465452.0,atm,,,,,1,4,0,0,1,0,7,0,1,3,1,5,12
node,8779964004.0,atm,ПАО Сбербанк,Сбербанк,,,1,1,0,0,0,7,1,0,1,3,11,8,16
node,8810943067.0,atm,Газпромбанк,Газпромбанк,,,1,0,17,1,1,2,8,27,2,3,4,21,44
node,8818694934.0,atm,Банк ГПБ (АО),Газпромбанк,,,1,2,1,0,2,2,6,2,1,5,5,7,19
node,8818694936.0,atm,ПАО Сбербанк,Сбербанк,yes,,1,2,1,0,2,2,6,2,1,5,5,7,19
node,8867964994.0,atm,"ПАО ""Совкомбанк""",Совкомбанк,,,1,0,0,0,1,1,0,0,0,1,1,2,2
node,8909993993.0,atm,ПАО Сбербанк,Сбербанк,no,,1,0,0,3,2,2,1,0,6,2,3,7,12
node,8916027506.0,atm,ПАО Сбербанк,Сбербанк,,,1,1,1,0,0,0,1,1,1,1,2,2,6
node,8938817991.0,atm,"ПАО ""АК БАРС"" БАНК",,,Mo-Fr 09:00-19:30;Sa 10:00-16:00,1,0,0,1,1,1,1,0,3,1,4,3,9
node,8951075223.0,atm,Банк ГПБ (АО),Газпромбанк,yes,24/7,1,0,2,1,4,2,2,2,3,5,7,9,19
node,8951075224.0,atm,Банк ГПБ (АО),Газпромбанк,yes,24/7,1,0,2,1,4,2,2,2,3,5,7,9,19
node,8951075225.0,atm,Банк ГПБ (АО),Газпромбанк,yes,24/7,1,0,2,1,4,2,2,2,3,4,7,9,18
node,8956969827.0,atm,АО «ТБанк»,Тинькофф Банк,yes,,1,2,0,4,4,2,2,0,5,6,3,12,16
node,8959844958.0,atm,"АО ""Райффайзенбанк""",Райффайзен,,,1,1,0,0,0,2,1,0,0,0,3,3,4
node,8963762293.0,atm,ВТБ,ВТБ,,Mo-Su 05:30-01:00,1,7,13,2,1,6,23,13,7,6,14,29,63
node,8976522305.0,atm,АО «ТБанк»,Т-Банк,,,1,1,0,2,1,0,1,0,2,2,5,4,10
node,9033006900.0,atm,ПАО Сбербанк,Сбербанк,,Mo-Su 08:00-23:00,1,2,0,2,1,2,2,0,2,3,6,7,13
node,9046328283.0,atm,Газпромбанк,Газпромбанк,yes,24/7,1,6,1,3,1,4,14,12,3,2,10,15,41
node,9046328284.0,atm,Газпромбанк,Газпромбанк,yes,,1,6,1,3,1,4,14,12,3,2,10,15,41
node,9046328285.0,atm,ЮниКредит Банк,ЮниКредит Банк,yes,,1,6,1,3,1,4,17,13,3,3,10,15,46
node,9062105931.0,atm,АО «ТБанк»,Т-Банк,,,1,0,0,1,1,3,0,0,1,2,4,5,7
node,9097160500.0,atm,"АО ""Райффайзенбанк""",Райффайзен,yes,,1,3,0,0,3,1,6,0,0,4,2,7,12
node,9097160501.0,atm,Сбербанк,Сбербанк,,Mo-Su 08:00-23:00,1,1,0,0,2,1,4,0,0,3,2,4,9
node,9109966533.0,atm,АО «ТБанк»,Т-Банк,,,1,0,0,3,5,6,1,0,7,7,10,14,25
node,9113816156.0,atm,"АО ""Россельхозбанк""",Россельхозбанк,yes,24/7,1,0,0,1,2,2,3,2,4,5,8,5,22
node,9118543561.0,atm,"АО ""Альфа-Банк""",Альфа-Банк,,,1,4,0,2,5,2,7,1,3,6,4,13,21
node,9127352186.0,atm,ЮниКредит Банк,ЮниКредит Банк,yes,,1,6,1,3,1,4,17,13,3,3,9,15,45
node,9221089931.0,atm,"Банк ""ВБРР"" (АО)",ВБРР,,9:00-20:00,1,0,0,0,0,1,2,0,0,0,2,1,4
node,9221089949.0,atm,"Банк ""ВБРР"" (АО)",ВБРР,,Mo-Fr 08:00-19:00,1,1,0,3,3,2,3,1,5,5,4,9,18
node,9221090007.0,atm,"Банк ""ВБРР"" (АО)",ВБРР,,09:00-19:00,1,0,0,0,1,1,0,0,0,3,4,2,7
node,9221096729.0,atm,"Банк ""ВБРР"" (АО)",ВБРР,,00:00-24:00,1,0,1,2,0,1,2,1,2,2,2,4,9
node,9221096730.0,atm,"Банк ""ВБРР"" (АО)",ВБРР,,07:00-22:00,1,0,0,0,0,0,0,0,0,0,0,0,0
node,9221096763.0,atm,"Банк ""ВБРР"" (АО)",ВБРР,,Mo-Fr 08:00-22:00,1,6,0,1,1,2,6,1,1,1,2,10,11
node,9221096768.0,atm,"Банк ""ВБРР"" (АО)",ВБРР,,09:00-18:00,1,0,0,0,0,0,0,1,0,0,1,0,2
node,9221096785.0,atm,"Банк ""ВБРР"" (АО)",ВБРР,,09:00-18:00,1,11,1,2,2,5,18,7,4,5,9,21,43
node,9221096812.0,atm,"Банк ""ВБРР"" (АО)",ВБРР,,09:00-18:00,1,1,1,0,0,2,4,1,1,1,2,4,9
node,9221096825.0,atm,"Банк ""ВБРР"" (АО)",ВБРР,,24/7,1,1,0,0,1,0,1,0,0,1,2,2,4
node,9221096837.0,atm,"Банк ""ВБРР"" (АО)",ВБРР,,09:00-18:00,1,1,0,0,0,2,1,0,0,1,3,3,5
node,9221096840.0,atm,"Банк ""ВБРР"" (АО)",ВБРР,,24/7,1,0,0,0,0,2,3,0,0,0,5,2,8
node,9221096842.0,atm,"Банк ""ВБРР"" (АО)",ВБРР,,09:00-18:00,1,1,3,1,1,1,11,7,2,4,2,7,26
node,9221096910.0,atm,"Банк ""ВБРР"" (АО)",ВБРР,,24/7,1,1,0,2,1,6,2,2,6,3,10,10,23
node,9221096919.0,atm,"Банк ""ВБРР"" (АО)",ВБРР,,24/7,1,1,0,1,0,2,1,0,2,7,6,4,16
node,9221096922.0,atm,"Банк ""ВБРР"" (АО)",ВБРР,,24/7,1,0,1,0,0,0,1,1,0,1,1,1,4
node,9221096926.0,atm,"Банк ""ВБРР"" (АО)",ВБРР,,24/7,1,0,0,1,1,0,0,0,2,3,4,2,9
node,9221096927.0,atm,"Банк ""ВБРР"" (АО)",ВБРР,,24/7,1,0,0,0,0,2,1,1,1,2,7,2,12
node,9221096928.0,atm,"Банк ""ВБРР"" (АО)",ВБРР,,24/7,1,0,0,0,0,1,0,0,0,0,2,1,2
node,9221096929.0,atm,"Банк ""ВБРР"" (АО)",ВБРР,,24/7,1,1,0,0,0,2,2,1,0,0,5,3,8
node,9221096930.0,atm,"Банк ""ВБРР"" (АО)",ВБРР,,24/7,1,0,0,1,3,4,4,3,6,10,10,8,33
node,9221096932.0,atm,"Банк ""ВБРР"" (АО)",ВБРР,,24/7,1,0,0,1,1,2,0,0,2,1,2,4,5
node,9221096934.0,atm,"Банк ""ВБРР"" (АО)",ВБРР,,24/7,1,1,0,0,1,1,2,0,0,1,6,3,9
node,9221096938.0,atm,"Банк ""ВБРР"" (АО)",ВБРР,,24/7,1,0,0,0,0,1,0,0,1,0,5,1,6
node,9221096940.0,atm,"Банк ""ВБРР"" (АО)",ВБРР,,24/7,1,1,0,1,2,0,1,0,1,2,4,4,8
node,9221096941.0,atm,"Банк ""ВБРР"" (АО)",ВБРР,,24/7,1,2,0,0,2,3,3,0,3,4,5,7,15
node,9221096942.0,atm,"Банк ""ВБРР"" (АО)",ВБРР,,24/7,1,0,0,2,3,0,2,1,5,9,3,5,20
node,9221096945.0,atm,"Банк ""ВБРР"" (АО)",ВБРР,,24/7,1,2,0,2,0,2,2,0,3,1,4,6,10
node,9221096948.0,atm,"Банк ""ВБРР"" (АО)",ВБРР,,24/7,1,1,1,0,2,3,1,1,0,2,4,7,8
node,9221096952.0,atm,"Банк ""ВБРР"" (АО)",ВБРР,,24/7,1,1,0,0,3,1,2,0,2,6,3,5,13
node,9221096954.0,atm,"Банк ""ВБРР"" (АО)",ВБРР,,24/7,1,2,0,2,0,2,5,4,3,5,5,6,22
node,9221096958.0,atm,"Банк ""ВБРР"" (АО)",ВБРР,,24/7,1,0,0,0,0,2,4,1,3,2,6,2,16
node,9221096960.0,atm,"Банк ""ВБРР"" (АО)",ВБРР,,24/7,1,1,0,0,0,3,1,0,1,1,5,4,8
node,9221096966.0,atm,"Банк ""ВБРР"" (АО)",ВБРР,,24/7,1,0,0,1,0,0,0,0,2,0,0,1,2
node,9221096971.0,atm,"Банк ""ВБРР"" (АО)",ВБРР,,24/7,1,1,1,2,1,1,5,1,4,4,6,6,20
node,9221096977.0,atm,"Банк ""ВБРР"" (АО)",ВБРР,,24/7,1,0,2,1,1,2,1,3,2,2,4,6,12
node,9221096979.0,atm,"Банк ""ВБРР"" (АО)",ВБРР,,24/7,1,2,0,0,1,3,2,0,0,2,7,6,11
node,9221096982.0,atm,"Банк ""ВБРР"" (АО)",ВБРР,,24/7,1,0,0,0,0,1,3,5,0,2,5,1,15
node,9221096983.0,atm,"Банк ""ВБРР"" (АО)",ВБРР,,24/7,1,2,0,1,2,4,10,2,2,4,7,9,25
node,9221096985.0,atm,"Банк ""ВБРР"" (АО)",ВБРР,,24/7,1,1,0,1,3,4,3,0,7,6,8,9,24
node,9221096986.0,atm,"Банк ""ВБРР"" (АО)",ВБРР,,24/7,1,1,1,0,0,2,2,1,0,2,4,4,9
node,9221096990.0,atm,"Банк ""ВБРР"" (АО)",ВБРР,,24/7,1,0,0,0,0,2,1,0,0,0,5,2,6
node,9221097009.0,atm,"Банк ""ВБРР"" (АО)",ВБРР,,24/7,1,7,4,1,1,1,11,8,2,6,3,14,30
node,9221097017.0,atm,"Банк ""ВБРР"" (АО)",ВБРР,,09:00-19:00,1,0,0,0,0,2,0,0,0,3,2,2,5
node,9221097021.0,atm,"Банк ""ВБРР"" (АО)",ВБРР,,24/7,1,4,6,1,3,0,12,6,1,7,0,14,26
node,9221097023.0,atm,"Банк ""ВБРР"" (АО)",ВБРР,,Mo-Fr 09:00-18:00,1,1,1,0,0,1,1,2,0,2,2,3,7
node,9221097046.0,atm,"Банк ""ВБРР"" (АО)",ВБРР,,24/7,1,0,1,0,2,1,1,1,0,2,3,4,7
node,9221097054.0,atm,"Банк ""ВБРР"" (АО)",ВБРР,,08:00-23:00,1,4,6,1,3,0,14,6,1,9,0,14,30
node,9221097060.0,atm,"Банк ""ВБРР"" (АО)",ВБРР,,24/7,1,0,0,0,0,1,0,0,0,0,2,1,2
node,9221097082.0,atm,"Банк ""ВБРР"" (АО)",ВБРР,,09:00-18:00,1,2,1,2,0,0,4,3,3,2,1,5,13
node,9221097083.0,atm,"Банк ""ВБРР"" (АО)",ВБРР,,24/7,1,1,0,0,0,3,1,0,2,1,4,4,8
node,9221097085.0,atm,"Банк ""ВБРР"" (АО)",ВБРР,,09:00-18:00,1,1,2,0,1,0,10,10,1,3,3,4,27
node,9221097090.0,atm,"Банк ""ВБРР"" (АО)",ВБРР,,09:00-18:00,1,0,0,2,3,2,2,1,2,5,4,7,14
node,9221097194.0,atm,"Банк ""ВБРР"" (АО)",ВБРР,,24/7,1,0,0,0,0,2,2,0,2,2,4,2,10
node,9221097196.0,atm,"Банк ""ВБРР"" (АО)",ВБРР,,24/7,1,0,0,0,0,2,5,0,0,1,3,2,9
node,9221097198.0,atm,"Банк ""ВБРР"" (АО)",ВБРР,,24/7,1,0,0,1,1,1,1,0,2,2,4,3,9
node,9221097199.0,atm,"Банк ""ВБРР"" (АО)",ВБРР,,24/7,1,0,0,0,0,0,0,0,0,0,2,0,2
node,9221097201.0,atm,"Банк ""ВБРР"" (АО)",ВБРР,,24/7,1,0,0,0,0,3,0,0,0,0,3,3,3
node,9221097211.0,atm,"Банк ""ВБРР"" (АО)",ВБРР,,24/7,1,1,0,0,0,3,1,0,3,2,5,4,11
node,9221097212.0,atm,"Банк ""ВБРР"" (АО)",ВБРР,,24/7,1,1,0,0,0,2,1,0,0,1,4,3,6
node,9221097221.0,atm,"Банк ""ВБРР"" (АО)",ВБРР,,24/7,1,0,0,0,1,1,0,0,1,2,4,2,7
node,9221097231.0,atm,"Банк ""ВБРР"" (АО)",ВБРР,,24/7,1,1,1,0,2,2,1,1,3,4,10,6,19
node,9221097238.0,atm,"Банк ""ВБРР"" (АО)",ВБРР,,24/7,1,0,0,0,1,1,0,0,0,1,3,2,4
node,9221097343.0,atm,"Банк ""ВБРР"" (АО)",ВБРР,,24/7,1,0,1,0,1,0,0,2,1,3,7,2,13
node,9221097349.0,atm,"Банк ""ВБРР"" (АО)",ВБРР,,24/7,1,1,1,0,1,1,1,1,0,2,3,4,7
node,9221097422.0,atm,"Банк ""ВБРР"" (АО)",ВБРР,,09:00-18:00,1,0,0,0,1,0,0,0,0,1,0,1,1
node,9221097446.0,atm,"Банк ""ВБРР"" (АО)",ВБРР,,24/7,1,0,0,1,2,2,0,0,1,2,5,5,8
node,9221097473.0,atm,"Банк ""ВБРР"" (АО)",ВБРР,,09:00-18:00,1,0,0,0,0,0,0,1,0,1,1,0,3
node,9221097476.0,atm,"Банк ""ВБРР"" (АО)",ВБРР,,09:00 -18:00,1,0,0,2,1,2,1,0,4,8,5,5,18
node,9221097477.0,atm,"Банк ""ВБРР"" (АО)",ВБРР,,09:00-18:00,1,0,1,0,1,1,0,1,0,2,2,3,5
node,9221097479.0,atm,"Банк ""ВБРР"" (АО)",ВБРР,,08:00-20:00,1,3,0,0,0,0,3,2,0,1,0,3,6
node,9221097480.0,atm,"Банк ""ВБРР"" (АО)",ВБРР,,24/7,1,0,0,0,1,4,0,1,0,2,5,5,8
node,9221097481.0,atm,"Банк ""ВБРР"" (АО)",ВБРР,,24/7,1,0,0,0,2,4,0,0,1,2,4,6,7
node,9221097483.0,atm,"Банк ""ВБРР"" (АО)",ВБРР,,24/7,1,0,0,0,1,1,0,0,0,1,2,2,3
node,9221097484.0,atm,"Банк ""ВБРР"" (АО)",ВБРР,,24/7,1,0,0,0,1,0,0,0,0,1,4,1,5
node,9221097485.0,atm,"Банк ""ВБРР"" (АО)",ВБРР,,24/7,1,1,0,1,3,2,2,0,2,4,6,7,14
node,9221097486.0,atm,"Банк ""ВБРР"" (АО)",ВБРР,,24/7,1,4,0,1,1,2,5,0,3,2,4,8,14
node,9221097487.0,atm,"Банк ""ВБРР"" (АО)",ВБРР,,24/7,1,0,1,2,2,3,0,1,2,2,4,8,9
node,9221097490.0,atm,"Банк ""ВБРР"" (АО)",ВБРР,,24/7,1,0,0,0,1,3,0,0,0,1,3,4,4
node,9221097491.0,atm,"Банк ""ВБРР"" (АО)",ВБРР,,24/7,1,0,0,0,1,2,0,0,0,1,4,3,5
node,9221097492.0,atm,"Банк ""ВБРР"" (АО)",ВБРР,,24/7,1,0,0,0,1,0,2,1,1,2,5,1,11
node,9221097495.0,atm,"Банк ""ВБРР"" (АО)",ВБРР,,24/7,1,0,0,0,1,4,0,2,0,1,6,5,9
node,9221097497.0,atm,"Банк ""ВБРР"" (АО)",ВБРР,,24/7,1,0,0,0,1,2,0,0,0,2,3,3,5
node,9221097498.0,atm,"Банк ""ВБРР"" (АО)",ВБРР,,24/7,1,1,1,0,0,4,1,1,1,0,8,6,11
node,9221097499.0,atm,"Банк ""ВБРР"" (АО)",ВБРР,,24/7,1,0,0,0,0,3,1,0,0,1,8,3,10
node,9233445190.0,atm,АО «ТБанк»,Тинькофф Банк,,08:00-23:00,1,0,1,0,3,1,0,1,3,6,8,5,18
node,9246049840.0,atm,ПАО Сбербанк,Сбербанк,no,,1,0,0,2,2,1,0,0,4,4,7,5,15
node,9246130982.0,atm,ПАО Сбербанк,Сбербанк,yes,,1,0,0,1,3,2,0,0,3,5,4,6,12
node,9248426817.0,atm,АО «ТБанк»,Т-Банк,yes,,1,3,4,1,4,3,7,7,3,12,6,15,35
node,9251425041.0,atm,Банк ВТБ (ПАО),ВТБ,no,,1,0,0,0,0,0,0,0,2,0,2,0,4
node,9254359674.0,atm,АО «ТБанк»,Т-Банк,,,1,0,0,1,1,1,0,0,2,3,6,3,11
node,9254359675.0,atm,"ПАО Банк ""ФК Открытие""",Открытие,,,1,0,0,1,1,1,0,0,2,3,6,3,11
node,9263040699.0,atm,ПАО Сбербанк,Сбербанк,,,1,1,0,0,0,0,1,0,1,1,1,1,4
node,9264806785.0,atm,"АО ""Банк Русский Стандарт""",Русский Стандарт,,,1,7,6,2,6,1,17,8,6,9,5,22,45
node,9264806786.0,atm,"ПАО Банк ""ФК Открытие""",,,,1,10,6,2,7,2,20,9,6,9,5,27,49
node,9264806787.0,atm,ПАО Сбербанк,Сбербанк,,,1,10,6,2,7,1,20,9,6,10,5,26,50
node,9264806789.0,atm,Банк ВТБ (ПАО),ВТБ,no,24/7,1,9,6,3,6,1,17,8,5,9,5,25,44
node,9264806790.0,atm,"АО ""АБ ""РОССИЯ""",,,,1,8,8,2,6,2,19,8,6,9,4,26,46
node,9264806791.0,atm,ПАО Сбербанк,Сбербанк,,24/7,1,7,2,3,6,2,19,12,4,8,4,20,47
node,9264806797.0,atm,ПАО Сбербанк,Сбербанк,yes,24/7,1,7,3,2,5,2,19,9,5,9,4,19,46
node,9264806803.0,atm,Уралсиб,Уралсиб,,,1,8,7,2,6,2,18,8,6,8,4,25,44
node,9284947151.0,atm,ПАО Сбербанк,Сбербанк,,,1,0,1,2,3,1,0,1,2,3,3,7,9
node,9287103034.0,atm,ПАО Сбербанк,Сбербанк,,,1,2,0,1,1,2,2,1,1,2,3,6,9
node,9287137636.0,atm,,RusBit,yes,,1,5,0,3,2,4,8,0,5,6,7,14,26
node,9297620547.0,atm,АО «ТБанк»,Т-Банк,,,1,0,0,1,2,2,0,0,1,4,3,5,8
node,9297620552.0,atm,ПАО Сбербанк,Сбербанк,,,1,0,0,1,2,2,0,0,1,4,3,5,8
node,9318132160.0,atm,Сбербанк,Сбербанк,no,,1,4,2,1,0,2,18,10,5,4,3,9,40
node,9326552063.0,atm,АО «ТБанк»,Т-Банк,,,1,1,0,0,0,6,1,0,1,3,11,7,16
node,9341937034.0,atm,Банк ВТБ (ПАО),ВТБ,,,1,0,0,1,1,2,3,1,3,1,4,4,12
node,9360745802.0,atm,АО «ТБанк»,Т-Банк,yes,24/7,1,1,0,1,2,3,1,2,3,3,7,7,16
node,9365408179.0,atm,"АО ""Альфа-Банк""",Альфа-Банк,,,1,0,0,2,4,2,0,0,3,8,7,8,18
node,9379350935.0,atm,ПАО Сбербанк,Сбербанк,,24/7,1,1,0,2,3,2,1,0,3,6,2,8,12
node,9396692409.0,atm,ПАО РОСБАНК,,,Mo-Su 10:00-23:00,1,1,0,1,1,1,1,1,1,2,6,4,11
node,9396692410.0,atm,АО «ТБанк»,Т-Банк,,Mo-Su 10:00-23:00,1,1,1,1,2,3,1,3,1,3,6,8,14
node,9436476935.0,atm,АО «ТБанк»,Т-Банк,,,1,1,0,1,1,3,2,0,3,5,6,6,16
node,9446929633.0,atm,"КБ ""Кубань Кредит"" ООО",,,24/7,1,2,8,1,2,2,5,16,1,3,5,15,30
node,9480875899.0,atm,"ПАО ""МОСКОВСКИЙ КРЕДИТНЫЙ БАНК""",,,,1,0,0,2,1,1,0,0,2,1,5,4,8
node,9493125451.0,atm,АО «ТБанк»,Т-Банк,,,1,3,1,1,3,1,5,1,3,4,13,9,26
node,9494695518.0,atm,Альфа-Банк,Альфа-Банк,,Mo-Su 09:00-22:00,1,0,2,2,3,6,5,6,6,3,8,13,28
node,9503353761.0,atm,ПАО Сбербанк,Сбербанк,,,1,1,1,1,1,0,5,8,5,2,3,4,23
node,9507030086.0,atm,Банк ГПБ (АО),Газпромбанк,,,1,5,0,0,0,0,13,2,2,2,0,5,19
node,9510617338.0,atm,ПАО Сбербанк,Сбербанк,,,1,0,1,2,4,0,0,2,4,4,1,7,11
node,9537436756.0,atm,ПАО Сбербанк,Сбербанк,,24/7,1,1,0,2,0,1,5,2,4,4,2,4,17
node,9573108452.0,atm,ПАО Сбербанк,Сбербанк,,24/7,1,6,1,0,0,4,9,2,4,5,8,11,28
node,9580996554.0,atm,ПАО Сбербанк,Сбербанк,,,1,1,0,2,3,4,1,1,2,3,5,10,12
node,9609043448.0,atm,АО «ТБанк»,Тинькофф Банк,,,1,2,0,1,4,2,2,0,1,5,3,9,11
node,9610759341.0,atm,Сбербанк,Сбербанк,yes,,1,8,3,1,1,6,12,3,4,7,8,19,34
node,9646160424.0,atm,ПАО Сбербанк,Сбербанк,,24/7,1,4,0,2,5,2,7,2,3,6,4,13,22
node,9675107311.0,atm,ПАО Сбербанк,Сбербанк,,24/7,1,0,1,1,0,2,0,2,2,1,4,4,9
node,9712375987.0,atm,ПАО Сбербанк,Сбербанк,yes,,1,3,3,1,1,8,4,9,5,6,13,16,37
node,9714366903.0,atm,АО «ТБанк»,Т-Банк,,,1,16,3,2,2,5,34,9,3,6,7,28,59
node,9718275885.0,atm,"ПАО ""МОСКОВСКИЙ КРЕДИТНЫЙ БАНК""",Московский кредитный банк,,24/7,1,0,0,0,1,2,0,0,2,6,9,3,17
node,9718275888.0,atm,"ПАО ""МОСКОВСКИЙ КРЕДИТНЫЙ БАНК""",Московский кредитный банк,,Mo-Fr 11:00-19:00,1,0,0,0,1,3,0,0,2,6,9,4,17
node,9718275891.0,atm,"ПАО ""МОСКОВСКИЙ КРЕДИТНЫЙ БАНК""",,,Mo-Su 10:00-21:45,1,1,1,3,5,2,1,1,4,6,7,12,19
node,9718275908.0,atm,"ПАО ""МОСКОВСКИЙ КРЕДИТНЫЙ БАНК""",,,Mo-Su 09:00-21:00,1,2,0,5,5,5,3,5,9,8,10,17,35
node,9718275916.0,atm,"ПАО ""МОСКОВСКИЙ КРЕДИТНЫЙ БАНК""",,,Mo-Su 09:00-24:00,1,3,3,0,1,3,5,9,0,2,5,10,21
node,9718286418.0,atm,"ПАО ""МОСКОВСКИЙ КРЕДИТНЫЙ БАНК""",,,Mo-Fr 08:00-21:00;Sa-Su 10:00-20:00,1,15,7,2,2,2,18,12,2,2,4,28,38
node,9718286429.0,atm,"ПАО ""МОСКОВСКИЙ КРЕДИТНЫЙ БАНК""",,,Mo-Su 08:00-23:00,1,4,12,0,0,1,9,19,2,2,2,17,34
node,9718286433.0,atm,"ПАО ""МОСКОВСКИЙ КРЕДИТНЫЙ БАНК""",,,24/7,1,0,0,0,1,2,0,0,0,2,5,3,7
node,9718286435.0,atm,"ПАО ""МОСКОВСКИЙ КРЕДИТНЫЙ БАНК""",,,Mo-Su 08:00-23:00,1,1,1,2,0,0,3,1,2,0,1,4,7
node,9718286452.0,atm,"ПАО ""МОСКОВСКИЙ КРЕДИТНЫЙ БАНК""",,,Mo-Su 10:00-22:00,1,2,0,1,4,2,2,1,4,5,4,9,16
node,9718286453.0,atm,"ПАО ""МОСКОВСКИЙ КРЕДИТНЫЙ БАНК""",,yes,Mo-Su 09:00-21:00,1,3,1,2,2,6,3,1,8,5,7,14,24
node,9718286470.0,atm,"ПАО ""МОСКОВСКИЙ КРЕДИТНЫЙ БАНК""",,,Mo-Su 09:00-21:00,1,1,0,0,0,1,1,0,0,0,7,2,8
node,9718286477.0,atm,"ПАО ""МОСКОВСКИЙ КРЕДИТНЫЙ БАНК""",,,Mo-Su 10:00-22:00,1,1,0,2,2,3,2,1,2,3,7,8,15
node,9718286494.0,atm,Московский кредитный банк,Московский кредитный банк,,Mo-Su 10:00-21:00,1,0,1,3,6,2,0,2,3,6,3,12,14
node,9718286502.0,atm,Московский кредитный банк,Московский кредитный банк,,24/7,1,1,2,3,4,5,5,4,6,6,8,15,29
node,9718286504.0,atm,"ПАО ""МОСКОВСКИЙ КРЕДИТНЫЙ БАНК""",,,Mo-Su 10:00-22:00,1,9,10,1,0,1,11,10,1,1,3,21,26
node,9718286515.0,atm,"ПАО ""МОСКОВСКИЙ КРЕДИТНЫЙ БАНК""",,,Mo-Su 08:00-22:00,1,2,4,1,1,1,2,4,1,2,3,9,12
node,9718286518.0,atm,"ПАО ""МОСКОВСКИЙ КРЕДИТНЫЙ БАНК""",,,Mo-Su 10:00-21:00,1,0,0,1,5,3,7,2,3,9,7,9,28
node,9718286519.0,atm,"ПАО ""МОСКОВСКИЙ КРЕДИТНЫЙ БАНК""",,no,24/7,1,0,0,2,7,2,4,1,6,9,5,11,25
node,9718286523.0,atm,"ПАО ""МОСКОВСКИЙ КРЕДИТНЫЙ БАНК""",,,Mo-Su 09:00-22:00,1,0,1,1,1,0,2,1,1,2,3,3,9
node,9718286540.0,atm,"ПАО ""МОСКОВСКИЙ КРЕДИТНЫЙ БАНК""",Московский кредитный банк,,Mo-Su 07:00-00:00,1,0,0,1,1,1,1,0,3,6,4,3,14
node,9718286541.0,atm,"ПАО ""МОСКОВСКИЙ КРЕДИТНЫЙ БАНК""",Московский кредитный банк,,24/7,1,0,0,0,0,3,0,0,0,1,5,3,6
node,9718286565.0,atm,"ПАО ""МОСКОВСКИЙ КРЕДИТНЫЙ БАНК""",,,24/7,1,1,0,1,3,3,4,0,5,8,10,8,27
node,9718286607.0,atm,"ПАО ""МОСКОВСКИЙ КРЕДИТНЫЙ БАНК""",Московский кредитный банк,,24/7,1,13,6,2,1,1,19,14,9,6,7,23,55
node,9718286614.0,atm,"ПАО ""МОСКОВСКИЙ КРЕДИТНЫЙ БАНК""",,,Mo-Su 09:00-21:00,1,2,0,0,1,3,6,0,3,3,10,6,22
node,9718286642.0,atm,"ПАО ""МОСКОВСКИЙ КРЕДИТНЫЙ БАНК""",,no,Mo-Fr 11:00-19:00,1,4,2,6,5,6,10,5,10,12,7,23,44
node,9718286647.0,atm,"ПАО ""МОСКОВСКИЙ КРЕДИТНЫЙ БАНК""",,,Fr 11:00-24:00; Mo-Th 12:00-23:00; Sa-Su 11:00-23:00,1,0,0,2,1,4,1,0,6,5,7,7,19
node,9718286648.0,atm,"ПАО ""МОСКОВСКИЙ КРЕДИТНЫЙ БАНК""",,,Mo-Su 09:00-18:00,1,0,0,0,0,0,0,0,0,1,2,0,3
node,9718286684.0,atm,"ПАО ""МОСКОВСКИЙ КРЕДИТНЫЙ БАНК""",,,Mo-Su 10:00-22:00,1,3,2,1,2,2,12,10,5,4,9,10,40
node,9718286688.0,atm,"ПАО ""МОСКОВСКИЙ КРЕДИТНЫЙ БАНК""",,,Mo-Su 10:00-22:00,1,0,1,3,3,2,0,1,4,4,2,9,11
node,9718286690.0,atm,"ПАО ""МОСКОВСКИЙ КРЕДИТНЫЙ БАНК""",,,Mo-Su 09:00-22:00,1,1,0,3,3,3,2,0,3,5,3,10,13
node,9718286695.0,atm,"ПАО ""МОСКОВСКИЙ КРЕДИТНЫЙ БАНК""",,,24/7,1,0,1,0,3,1,0,1,0,3,1,5,5
node,9718286707.0,atm,"ПАО ""МОСКОВСКИЙ КРЕДИТНЫЙ БАНК""",Московский кредитный банк,,24/7,1,4,0,2,3,7,10,1,5,11,7,16,34
node,9718286729.0,atm,"ПАО ""МОСКОВСКИЙ КРЕДИТНЫЙ БАНК""",,,Mo-Su 10:00-22:00,1,10,9,1,1,1,14,17,3,2,6,22,42
node,9718286738.0,atm,"ПАО ""МОСКОВСКИЙ КРЕДИТНЫЙ БАНК""",,,Mo-Su 10:00-21:00,1,0,0,2,2,3,0,0,2,3,5,7,10
node,9718286780.0,atm,"ПАО ""МОСКОВСКИЙ КРЕДИТНЫЙ БАНК""",,,Mo-Su 10:00-22:00,1,3,3,2,2,1,4,5,6,7,6,11,28
node,9718286784.0,atm,"ПАО ""МОСКОВСКИЙ КРЕДИТНЫЙ БАНК""",,,24/7,1,2,0,4,3,4,2,0,5,5,4,13,16
node,9718286785.0,atm,"ПАО ""МОСКОВСКИЙ КРЕДИТНЫЙ БАНК""",,,Mo-Fr 09:00-21:00,1,2,3,1,0,2,6,9,1,1,5,8,22
node,9718286798.0,atm,"ПАО ""МОСКОВСКИЙ КРЕДИТНЫЙ БАНК""",,,Mo-Su 09:00-19:00,1,2,1,1,0,0,3,1,1,1,0,4,6
node,9718286809.0,atm,"ПАО ""МОСКОВСКИЙ КРЕДИТНЫЙ БАНК""",,,Mo-Su 09:00-22:00,1,2,6,2,3,2,2,7,2,4,5,15,20
node,9718286814.0,atm,"ПАО ""МОСКОВСКИЙ КРЕДИТНЫЙ БАНК""",,,24/7,1,0,0,2,2,3,0,0,2,3,7,7,12
node,9718286831.0,atm,"ПАО ""МОСКОВСКИЙ КРЕДИТНЫЙ БАНК""",,,Mo-Su 09:00-21:00,1,0,0,1,4,2,3,2,3,8,3,7,19
node,9718286849.0,atm,"ПАО ""МОСКОВСКИЙ КРЕДИТНЫЙ БАНК""",,,24/7,1,0,1,1,0,2,3,2,7,2,5,4,19
node,9718286855.0,atm,"ПАО ""МОСКОВСКИЙ КРЕДИТНЫЙ БАНК""",Московский кредитный банк,,Mo-Su 08:00-24:00,1,0,1,1,1,0,0,1,1,1,3,3,6
node,9718286879.0,atm,"ПАО ""МОСКОВСКИЙ КРЕДИТНЫЙ БАНК""",,,24/7,1,0,1,2,1,1,1,5,4,4,5,5,19
node,9718286915.0,atm,"ПАО ""МОСКОВСКИЙ КРЕДИТНЫЙ БАНК""",,,Mo-Fr 11:00-19:00,1,6,4,3,4,2,7,5,4,5,10,19,31
node,9718286917.0,atm,"ПАО ""МОСКОВСКИЙ КРЕДИТНЫЙ БАНК""",,,24/7,1,2,0,8,5,5,4,1,8,6,6,20,25
node,9718286918.0,atm,"ПАО ""МОСКОВСКИЙ КРЕДИТНЫЙ БАНК""",,,24/7,1,2,1,3,2,6,5,2,4,8,8,14,27
node,9718286942.0,atm,"ПАО ""МОСКОВСКИЙ КРЕДИТНЫЙ БАНК""",Московский кредитный банк,,Mo-Su 09:00-22:00,1,2,2,0,4,0,9,5,1,8,3,8,26
node,9718286951.0,atm,"ПАО ""МОСКОВСКИЙ КРЕДИТНЫЙ БАНК""",Московский кредитный банк,,24/7,1,1,0,1,2,4,3,0,1,4,10,8,18
node,9732470917.0,atm,АО «ТБанк»,Т-Банк,,,1,0,0,0,0,2,2,1,0,2,5,2,10
node,9750312015.0,atm,Банк ВТБ (ПАО),ВТБ,,Mo-Fr 09:00-17:00,1,0,0,0,1,2,0,1,1,3,3,3,8
node,9757676912.0,atm,АО «ТБанк»,Т-Банк,,,1,3,0,3,1,4,5,0,4,2,5,11,16
node,9769555911.0,atm,"АО ""Райффайзенбанк""",Райффайзен,,,1,3,0,1,5,2,7,1,1,7,9,11,25
node,9828857417.0,atm,АО «ТБанк»,Т-Банк,,,1,3,6,1,1,0,6,7,1,2,2,11,18
node,9933988559.0,atm,Банк ВТБ (ПАО),ВТБ,,,1,1,2,2,2,4,7,7,5,5,5,11,29
node,9937432818.0,atm,ПАО Сбербанк,Сбербанк,,,1,6,11,3,3,2,20,14,7,7,4,25,52
node,9955033815.0,atm,"ПАО АКБ ""АВАНГАРД""",,,24/7,1,2,3,1,1,2,2,4,2,2,2,9,12
node,9959933817.0,atm,"АО ""Райффайзенбанк""",Райффайзен,yes,Mo-Su 08:00-23:00,1,1,0,1,1,2,3,0,1,2,4,5,10
node,9963476916.0,atm,Банк ВТБ (ПАО),ВТБ,,,1,1,1,0,0,3,4,2,0,0,5,5,11
node,9963490717.0,atm,ПАО Сбербанк,Сбербанк,,,1,1,1,0,0,3,4,2,0,0,5,5,11
node,9973372472.0,atm,"АО ""Райффайзенбанк""",Райффайзен,,,1,1,3,1,1,2,2,4,2,2,2,8,12
node,9985138767.0,atm,Банк ВТБ (ПАО),ВТБ,yes,05:30-01:00,1,4,0,4,4,6,10,2,11,12,9,18,44
node,9996849881.0,atm,"АО ""Альфа-Банк""",Альфа-Банк,,,1,0,0,0,0,2,0,0,0,1,4,2,5
node,9996849882.0,atm,"АО ""Райффайзенбанк""",Райффайзен,,,1,0,0,0,0,2,0,0,0,1,4,2,5
node,9996849883.0,atm,АО «ТБанк»,Т-Банк,,,1,0,0,0,0,2,0,1,0,1,3,2,5
node,9996849884.0,atm,ПАО Сбербанк,Сбербанк,,,1,0,0,0,0,2,0,1,0,1,3,2,5
node,9996849885.0,atm,"ПАО ""Промсвязьбанк""",Промсвязьбанк,,,1,0,0,0,0,2,0,1,0,1,3,2,5
node,9996849889.0,atm,ПАО Сбербанк,Сбербанк,,,1,0,0,5,4,5,0,1,12,8,9,14,30
node,9996849890.0,atm,"АО ""Райффайзенбанк""",Райффайзен,,,1,0,0,5,4,5,0,1,11,8,9,14,29
node,10001921935.0,atm,АО «ТБанк»,Т-Банк,,,1,0,0,1,3,6,1,0,1,3,9,10,14
node,10047578258.0,atm,"АО ""Россельхозбанк""",Россельхозбанк,yes,,1,13,2,2,3,4,31,7,3,6,9,24,56
node,10055843663.0,atm,Банк ВТБ (ПАО),ВТБ,yes,,1,5,0,2,1,0,8,0,3,2,1,8,14
node,10085664451.0,atm,"АО ""Почта Банк""",Почта Банк,,,1,0,0,4,7,2,1,0,4,7,3,13,15
node,10119667789.0,atm,АО «ТБанк»,Тинькофф Банк,yes,,1,0,0,2,5,2,0,0,3,6,5,9,14
node,10209861432.0,atm,"""Азиатско-Тихоокеанский Банк"" (АО)",,,Mo-Fr 09:00-19:00,1,1,3,0,0,2,11,7,4,4,8,6,34
node,10238025893.0,atm,ПАО Сбербанк,Сбербанк,yes,24/7,1,2,0,4,4,2,6,0,9,11,8,12,34
node,10265925449.0,atm,ПАО Сбербанк,Сбербанк,,,1,21,5,2,4,4,32,13,2,7,5,36,59
node,10265925450.0,atm,ПАО Сбербанк,Сбербанк,,,1,21,6,2,4,4,31,13,2,7,5,37,58
node,10267864011.0,atm,Банк ГПБ (АО),Газпромбанк,,,1,4,3,1,1,2,13,8,5,4,9,11,39
node,10279191947.0,atm,"ПАО Банк ""ФК Открытие""",Открытие,,,1,0,0,0,0,2,2,1,0,2,5,2,10
node,10279191948.0,atm,Уралсиб,Уралсиб,,,1,0,0,0,0,2,2,1,0,2,5,2,10
node,10279565906.0,atm,Сбербанк,Сбербанк,yes,,1,3,0,0,1,1,3,0,0,2,5,5,10
node,10288133349.0,atm,Банк ВТБ (ПАО),ВТБ,no,,1,0,0,0,0,2,0,0,1,1,6,2,8
node,10288133351.0,atm,ПАО Сбербанк,Сбербанк,yes,,1,0,0,0,0,2,0,0,1,1,6,2,8
node,10309568720.0,atm,АО «ТБанк»,Т-Банк,yes,,1,0,0,3,2,2,0,2,3,3,5,7,13
node,10554207348.0,atm,АО «ТБанк»,Т-Банк,yes,,1,3,1,3,5,2,4,1,5,6,6,14,22
node,10572314648.0,atm,Банк ВТБ (ПАО),ВТБ,yes,08:00-20:00,1,1,1,0,0,1,3,2,3,7,2,3,17
node,10654187863.0,atm,АО «ТБанк»,Т-Банк,yes,,1,6,5,0,2,0,8,5,0,2,0,13,15
node,10657387228.0,atm,АО «ТБанк»,Т-Банк,,,1,0,0,1,2,4,0,0,1,2,5,7,8
node,10669825284.0,atm,АО ЮниКредит Банк,ЮниКредит Банк,no,Mo-Su 07:30-21:00,1,0,1,3,5,2,0,2,4,5,3,11,14
node,10697371893.0,atm,"ПАО СКБ Приморья ""Примсоцбанк""",,,Mo-Su 09:00-22:00,1,2,1,0,1,0,4,1,1,1,0,4,7
node,10711824086.0,atm,ВТБ,ВТБ,no,,1,1,0,0,0,3,4,0,1,2,6,4,13
node,10752457315.0,atm,ПАО РОСБАНК,Росбанк,,24/7,1,5,3,0,4,1,12,10,6,8,5,13,41
node,10811625618.0,atm,АО «ТБанк»,Т-Банк,,24/7,1,5,1,1,1,3,5,2,3,3,4,11,17
node,10841373799.0,atm,АО «ТБанк»,Т-Банк,,,1,3,0,0,2,0,3,0,2,8,2,5,15
node,10841373800.0,atm,ПАО Сбербанк,Сбербанк,,,1,2,0,1,4,0,3,0,1,4,2,7,10
node,10861661519.0,atm,ПАО Сбербанк,Сбербанк,,,1,1,3,0,1,3,3,5,2,2,5,8,17
node,10871536105.0,atm,ПАО Сбербанк,Сбербанк,,Mo-Su 10:00-22:00,1,2,0,0,1,3,3,1,3,4,5,6,16
node,10871536205.0,atm,ПАО Сбербанк,Сбербанк,yes,24/7,1,0,0,2,1,0,0,0,2,1,2,3,5
node,10878038622.0,atm,Сбербанк,Сбербанк,,09:00-23:00,1,0,0,1,1,1,1,0,1,2,2,3,6
node,10886411305.0,atm,АО «Ишбанк»,,yes,24/7,1,0,4,1,1,2,0,4,2,3,3,8,12
node,10922438337.0,atm,"АО ""Альфа-Банк""",Альфа-Банк,,,1,7,3,1,1,2,7,4,1,3,2,14,17
node,10922438338.0,atm,Банк ГПБ (АО),Газпромбанк,,,1,7,3,1,1,2,7,4,1,3,2,14,17
node,10922438339.0,atm,АО «ТБанк»,Т-Банк,,,1,7,3,1,1,2,7,4,1,3,2,14,17
node,11011826850.0,atm,"АО ""Альфа-Банк""",Альфа-Банк,yes,,1,5,0,2,1,0,8,0,3,2,1,8,14
node,11011826851.0,atm,АО «ТБанк»,Т-Банк,yes,,1,5,0,2,1,0,8,0,3,2,1,8,14
node,11011826852.0,atm,ПАО Сбербанк,Сбербанк,yes,,1,4,0,2,1,0,8,0,3,2,1,7,14
node,11011826853.0,atm,ПАО Сбербанк,Сбербанк,yes,,1,4,0,2,1,0,8,0,3,2,1,7,14
node,11033189877.0,atm,ПАО Сбербанк,Сбербанк,,,1,0,0,1,1,1,0,0,3,6,4,3,13
node,11049032553.0,atm,ПАО Сбербанк,Сбербанк,,,1,2,0,0,2,7,3,0,0,4,8,11,15
node,11049032554.0,atm,АО «ТБанк»,Т-Банк,,,1,2,0,0,2,7,3,0,0,4,8,11,15
node,11164790324.0,atm,АО «ТБанк»,Тинькофф Банк,,Mo-Su 10:00-22:00,1,9,7,3,3,3,22,27,8,8,5,25,70
node,11164798675.0,atm,Сбербанк,Сбербанк,,Mo-Su 10:00-22:00,1,9,7,3,3,3,22,27,8,8,6,25,71
node,11164804857.0,atm,Альфа-Банк,Альфа-Банк,,Mo-Su 10:00-22:00,1,10,7,3,3,3,22,27,8,8,5,26,70
node,11171038095.0,atm,Банк ВТБ (ПАО),ВТБ,,,1,2,0,5,5,7,2,0,5,9,7,19,23
node,11171038096.0,atm,Банк ВТБ (ПАО),ВТБ,,,1,2,0,5,6,7,2,0,5,9,7,20,23
node,11173518588.0,atm,ПАО Сбербанк,Сбербанк,yes,,1,0,0,1,2,2,1,1,5,6,5,5,18
node,11173518589.0,atm,"АО ""Альфа-Банк""",Альфа-Банк,yes,,1,0,0,1,2,2,1,1,5,6,5,5,18
node,11176622014.0,atm,Банк ВТБ (ПАО),ВТБ,,06:00-01:00,1,0,0,0,1,3,2,0,4,2,5,4,13
node,11181695310.0,atm,Банк ВТБ (ПАО),ВТБ,,,1,1,0,1,3,5,2,0,2,3,10,10,17
node,11184160858.0,atm,ВТБ,ВТБ,,,1,0,0,0,0,1,2,0,0,2,6,1,10
node,11191207573.0,atm,"ПАО ""МОСКОВСКИЙ КРЕДИТНЫЙ БАНК""",,no,24/7,1,0,3,1,5,1,0,3,3,6,4,10,16
node,11197689058.0,atm,АО «ТБанк»,Тинькофф Банк,yes,,1,0,0,0,3,4,0,0,4,8,4,7,16
node,11205087437.0,atm,ПАО Сбербанк,Сбербанк,,24/7,1,0,0,0,0,2,0,0,0,1,4,2,5
node,11215885509.0,atm,"АО ""Альфа-Банк""",Альфа-Банк,,Mo-Su 10:00-22:00,1,14,14,3,1,9,18,17,5,7,14,41,61
node,11221827340.0,atm,Райффайзен,Райффайзен,,24/7,1,2,3,0,0,3,5,11,0,1,7,8,24
node,11224311988.0,atm,Банк ВТБ (ПАО),ВТБ,,,1,0,0,1,1,2,0,0,1,1,5,4,7
node,11227517338.0,atm,АО «ТБанк»,Т-Банк,,,1,2,2,5,10,1,6,4,15,15,4,20,44
node,11229736418.0,atm,Банк ВТБ (ПАО),ВТБ,,,1,2,3,1,4,1,6,8,4,8,3,11,29
node,11251836533.0,atm,ПАО Сбербанк,Сбербанк,,,1,1,0,2,3,1,7,1,6,8,1,7,23
node,11288672948.0,atm,"ПАО ""Банк ""Санкт-Петербург""",,,24/7,1,1,1,0,0,1,7,3,1,1,5,3,17
node,11288672950.0,atm,"ПАО ""Банк ""Санкт-Петербург""",,,Mo-Fr 10:00-18:00,1,4,0,2,3,3,6,1,2,4,4,12,17
node,11289345386.0,atm,АО «ТБанк»,Т-Банк,yes,,1,0,0,1,3,2,0,0,2,6,2,6,10
node,11295399327.0,atm,АО «ТБанк»,Т-Банк,,,1,4,0,2,5,2,7,1,3,6,4,13,21
node,11296271221.0,atm,АО «ТБанк»,Тинькофф Банк,,08:00-23:00,1,0,0,3,2,4,0,0,3,5,11,9,19
node,11327690598.0,atm,"АО ""Альфа-Банк""",Альфа-Банк,yes,,1,2,0,1,7,1,2,0,1,7,3,11,13
node,11327691761.0,atm,ПАО Сбербанк,Сбербанк,,,1,2,0,1,4,2,2,0,2,8,2,9,14
node,11343828318.0,atm,Банк ВТБ (ПАО),ВТБ,,,1,1,0,5,6,5,11,3,12,9,9,17,44
node,11368909677.0,atm,ПАО Сбербанк,Сбербанк,yes,,1,0,0,1,2,2,2,0,3,3,5,5,13
node,11407140380.0,atm,ПАО Сбербанк,Сбербанк,yes,,1,0,0,0,2,2,0,0,1,3,3,4,7
node,11409835104.0,atm,АО «ТБанк»,Т-Банк,yes,,1,3,0,2,4,2,6,0,3,4,3,11,16
node,11409835105.0,atm,"АО ""Альфа-Банк""",Альфа-Банк,yes,,1,3,0,2,4,2,6,0,3,4,3,11,16
node,11409835106.0,atm,ПАО Сбербанк,Сбербанк,yes,,1,4,0,2,4,2,6,0,3,4,3,12,16
node,11409835107.0,atm,"""СДМ-Банк"" (ПАО)",,no,,1,3,0,2,4,2,6,0,3,4,3,11,16
node,11477263262.0,atm,"АО ""Альфа-Банк""",Альфа-Банк,,Mo-Su 10:00-22:00,1,5,0,1,1,2,8,0,1,1,3,9,13
node,11477279180.0,atm,ПАО Сбербанк,Сбербанк,,Mo-Su 09:00-21:00,1,5,0,1,1,2,8,0,1,1,3,9,13
node,11481235075.0,atm,Банк ВТБ (ПАО),ВТБ,,,1,2,0,1,1,1,9,2,1,5,6,5,23
node,11481235076.0,atm,ПАО РОСБАНК,Росбанк,,,1,2,0,1,1,1,9,2,1,5,6,5,23
node,11487140663.0,atm,"ПАО ""МОСКОВСКИЙ КРЕДИТНЫЙ БАНК""",МКБ,,Mo-Su 09:00-21:00,1,0,0,0,1,0,2,0,1,6,7,1,16
node,11503408639.0,atm,ВТБ,ВТБ,,,1,6,0,4,3,4,6,2,8,8,7,17,31
node,11526519008.0,atm,ПАО Сбербанк,Сбербанк,,,1,4,2,2,3,3,9,4,7,7,4,14,31
node,11617079709.0,atm,"АО ""Райффайзенбанк""",Райффайзен,,,1,1,0,1,2,3,1,1,1,3,6,7,12
node,11617079711.0,atm,ПАО Сбербанк,Сбербанк,,,1,1,0,1,2,3,1,1,1,3,6,7,12
node,11617079712.0,atm,"АО ""Альфа-Банк""",Альфа-Банк,,,1,1,0,1,2,3,1,1,1,3,6,7,12
node,11617079713.0,atm,АО «ТБанк»,Т-Банк,,,1,1,0,1,2,2,1,1,1,3,6,6,12
node,11619507158.0,atm,Банк ВТБ (ПАО),ВТБ,,,1,7,1,1,7,3,13,5,1,10,4,19,33
node,11623725790.0,atm,Банк ВТБ (ПАО),ВТБ,,Mo-Su 08:00-20:00,1,1,0,2,2,3,1,0,3,4,5,8,13
node,11699000905.0,atm,ПАО Сбербанк,Сбербанк,,Mo-Su 08:30-23:00,1,0,1,3,3,3,1,1,4,6,4,10,16
node,11699186376.0,atm,ПАО Сбербанк,Сбербанк,,Mo-Su 09:00-23:00,1,0,0,2,4,3,4,0,5,5,11,9,25
node,11717137969.0,atm,АО «ТБанк»,Т-Банк,,Mo-Su 08:00-23:59,1,1,0,3,2,2,1,0,3,3,2,8,9
node,11718405531.0,atm,ПАО Сбербанк,Сбербанк,,Mo-Su 08:00-23:00,1,1,0,0,3,3,3,1,4,5,7,7,20
node,11758187843.0,atm,АО «ТБанк»,Т-Банк,,,1,5,2,2,3,3,7,3,4,6,9,15,29
node,11758187844.0,atm,"АО ""Райффайзенбанк""",Райффайзен,,,1,5,2,2,3,3,7,3,4,6,9,15,29
node,11822889767.0,atm,"ПАО ""Промсвязьбанк""",Промсвязьбанк,,,1,1,3,0,0,4,1,5,0,0,8,8,14
node,11841159841.0,atm,ПАО Сбербанк,Сбербанк,yes,,1,7,3,1,1,2,7,4,1,3,2,14,17
node,11999386240.0,atm,ПАО Сбербанк,Сбербанк,,,1,3,2,2,2,3,5,2,4,8,5,12,24
node,12000692198.0,atm,АО «ТБанк»,Т-Банк,,,1,5,1,4,5,2,5,1,5,5,4,17,20
node,12000692199.0,atm,Сбербанк,Сбербанк,,,1,5,1,4,5,2,5,1,5,5,4,17,20
node,12000767597.0,atm,Банк ВТБ (ПАО),ВТБ,yes,,1,8,0,0,1,0,10,1,1,3,0,9,15
node,12000797488.0,atm,АО «ТБанк»,Т-Банк,,,1,6,0,0,1,0,10,1,0,3,0,7,14
node,12026306247.0,atm,Банк ВТБ (ПАО),ВТБ,yes,,1,0,0,0,1,0,5,1,2,4,3,1,15
node,12048027167.0,atm,Банк ВТБ (ПАО),ВТБ,,,1,7,11,0,0,2,12,18,3,5,5,20,43
node,12052800011.0,atm,АО «ТБанк»,Т-Банк,yes,,1,3,1,2,2,3,4,2,5,3,4,11,18
node,12059173927.0,atm,"ПАО ""АК БАРС"" БАНК",Ак Барс Банк,,Mo-Su 07:30-21:00,1,3,0,0,0,0,5,2,0,0,1,3,8
node,12059173935.0,atm,"ПАО ""АК БАРС"" БАНК",Ак Барс Банк,,24/7,1,2,1,0,2,2,6,1,0,3,6,7,16
node,12059173981.0,atm,"ПАО ""АК БАРС"" БАНК",Ак Барс Банк,,24/7,1,0,0,1,5,3,7,2,4,10,8,9,31
node,12087798225.0,atm,"ПАО ""МОСКОВСКИЙ КРЕДИТНЫЙ БАНК""",МКБ,,,1,2,1,0,0,2,10,6,1,6,7,5,30
node,12091583615.0,atm,АО «ТБанк»,Т-Банк,,24/7,1,7,2,3,6,2,18,12,4,8,4,20,46
node,12092080396.0,atm,АО «ТБанк»,Т-Банк,,,1,4,7,1,1,2,7,17,4,6,2,15,36
node,12109702701.0,atm,АО «ТБанк»,Т-Банк,,Mo-Su 08:00-22:00,1,3,0,0,2,2,3,0,0,2,4,7,9
node,12110020093.0,atm,,Criptamat,yes,,1,2,5,1,1,0,8,10,1,1,3,9,23
node,12110042007.0,atm,Открытие,Открытие,yes,,1,3,5,1,1,0,8,10,1,1,3,10,23
node,12110042008.0,atm,Уралсиб,Уралсиб,yes,,1,3,5,1,1,0,8,10,1,1,3,10,23
node,12159545258.0,atm,Банк ГПБ (АО),Газпромбанк,,,1,1,2,0,1,0,2,3,1,3,0,4,9
node,12159545259.0,atm,Банк ГПБ (АО),Газпромбанк,,,1,17,4,2,2,2,26,12,4,4,3,27,49
node,12159545260.0,atm,Банк ГПБ (АО),Газпромбанк,,,1,3,6,1,1,0,12,16,1,1,3,11,33
node,12159545261.0,atm,Банк ГПБ (АО),Газпромбанк,,,1,3,2,0,0,0,8,3,1,3,0,5,15
node,12160555349.0,atm,"ПАО ""Промсвязьбанк""",Промсвязьбанк,,,1,3,2,6,3,5,6,3,13,8,9,19,39
node,12188595915.0,atm,ПАО Сбербанк,Сбербанк,yes,,1,1,0,1,1,0,2,0,1,1,4,3,8
node,12219008731.0,atm,"АО ""Райффайзенбанк""",Райффайзен,,Mo-Su 09:00-21:00,1,9,1,1,0,4,14,3,3,5,6,15,31
node,12219274617.0,atm,ПАО Сбербанк,Сбербанк,,,1,7,0,2,3,0,9,1,5,6,1,12,22
node,12247899613.0,atm,Газпромбанк,Газпромбанк,,,1,3,4,0,0,1,7,12,0,1,4,8,24
node,12247899614.0,atm,Банк ГПБ (АО),Газпромбанк,,,1,2,4,0,3,2,7,11,0,5,11,11,34
node,12247899616.0,atm,Банк ГПБ (АО),Газпромбанк,,,1,3,11,0,0,4,5,19,4,5,5,18,38
node,12247899617.0,atm,Газпромбанк,Газпромбанк,,,1,7,12,4,3,3,9,18,7,6,5,29,45
node,12247899618.0,atm,Банк ГПБ (АО),Газпромбанк,,,1,1,4,0,1,3,3,16,1,4,7,9,31
node,12249069355.0,atm,Банк ГПБ (АО),Газпромбанк,,24/7,1,6,1,0,3,2,8,2,0,3,3,12,16
node,12249069356.0,atm,Банк ГПБ (АО),Газпромбанк,,,1,9,4,1,2,1,14,9,2,7,3,17,35
node,12254725438.0,atm,ПАО Сбербанк,Сбербанк,yes,,1,9,1,1,1,0,11,2,1,1,0,12,15
node,12297325201.0,atm,"АО ""Альфа-Банк""",Альфа-Банк,no,,1,1,0,3,3,2,1,1,4,5,3,9,14
node,12320154149.0,atm,Банк ВТБ (ПАО),,,06:00-01:00,1,0,0,3,3,6,1,1,6,10,10,12,28
node,12364450005.0,atm,Альфа-Банк,Альфа-Банк,yes,,1,1,0,2,1,2,1,0,3,4,6,6,14
node,12374189882.0,atm,,,,,1,0,1,1,3,0,1,1,3,5,1,5,11
node,12384774903.0,atm,,Райффайзен,,,1,2,0,2,2,2,2,0,2,4,3,8,11
node,12384774904.0,atm,,Т-Банк,,,1,2,0,2,2,2,2,0,2,4,4,8,12
node,12384774905.0,atm,,Сбербанк,,,1,2,0,2,2,2,2,0,2,4,4,8,12
node,12384774906.0,atm,Уралсиб,Уралсиб,,,1,2,0,2,2,2,2,0,2,4,3,8,11
node,12416547458.0,atm,Сбербанк,Сбербанк,,,1,2,2,2,2,3,4,3,6,6,9,11,28
node,12423028257.0,atm,Т-Банк,,,,1,1,0,2,2,0,1,1,3,5,3,5,13
node,12427081421.0,atm,Банк ВТБ (ПАО),ВТБ,,,1,0,0,1,0,7,2,1,2,0,11,8,16
node,12427081585.0,atm,,,,,1,0,0,1,0,7,2,1,2,0,10,8,15
node,12455820062.0,atm,БКС Премьер,,,,1,16,3,2,3,5,33,12,3,6,6,29,60
node,12498003798.0,atm,Цифра банк,,,Mo-Su 09:00-22:00,1,23,19,3,5,0,44,38,7,11,3,50,103
node,12498003799.0,atm,Цифра банк,,,Mo-Su 06:00-23:00,1,15,7,2,6,0,29,25,7,8,2,30,71
node,12498003800.0,atm,Цифра банк,,,24/7,1,7,2,0,1,6,11,5,0,1,11,16,28
node,12507307194.0,atm,,,,,1,4,5,1,1,0,9,13,1,3,0,11,26
node,12640673053.0,atm,Сбербанк,Сбербанк,yes,,1,0,1,0,1,3,0,2,2,3,4,5,11
node,12640673054.0,atm,Райффайзен,Райффайзен,yes,,1,0,1,0,1,2,0,2,2,3,4,4,11
node,12640673055.0,atm,,Тинькофф Банк,yes,,1,0,1,0,1,2,0,2,2,2,4,4,10
node,12640673056.0,atm,ВТБ,ВТБ,yes,,1,0,1,0,1,0,0,3,1,3,5,2,12
node,12640673057.0,atm,ВТБ,ВТБ,yes,,1,0,2,0,1,0,0,3,1,3,5,3,12
node,12655232198.0,atm,,,,24/7,1,6,3,0,1,1,17,15,4,4,2,11,42
node,12691191267.0,atm,Т-Банк,Тинькофф Банк,,Mo-Su 08:00-23:00,1,0,1,2,1,2,0,1,2,1,4,6,8
node,12691191268.0,atm,Сбербанк,Сбербанк,,,1,0,1,2,1,2,0,1,2,1,4,6,8
node,12769314364.0,atm,,Тинькофф Банк,,,1,7,2,0,1,5,9,2,4,3,8,15,26
node,12778632548.0,atm,ПАО Сбербанк,Сбербанк,,24/7,1,6,3,0,2,6,14,7,1,7,12,17,41
node,12778632549.0,atm,ПАО Сбербанк,Сбербанк,,24/7,1,6,3,0,2,6,14,7,1,7,12,17,41
node,12836648479.0,atm,Т-Банк,,,,1,3,8,3,1,4,6,8,7,5,4,19,30
node,12890486402.0,atm,Т-Банк,,,,1,4,1,4,3,2,4,1,5,5,3,14,18
node,12890524302.0,atm,МТС-Банк,,,,1,0,0,1,2,4,3,0,3,6,6,7,18
node,12890607201.0,atm,Т-Банк,,,,1,0,0,2,2,2,3,1,3,7,5,6,19
node,12901955205.0,atm,Сбербанк,Сбербанк,yes,,1,0,0,1,1,2,0,0,1,1,5,4,7
node,12902114581.0,atm,Сбербанк,Сбербанк,yes,06:00-23:00,1,2,2,1,2,2,6,2,3,5,3,9,19
node,12924840539.0,atm,Сбербанк,Сбербанк,,,1,0,0,2,5,3,0,0,3,6,4,10,13
node,12949311222.0,atm,Альфа-Банк,,yes,Mo-Su 08:00-23:00,1,1,5,1,1,3,5,22,2,3,5,11,37
node,12959236972.0,atm,,Т-Банк,,Mo-Su 08:00-23:00,1,0,0,1,1,0,0,0,3,1,2,2,6
node,12992192185.0,atm,RusBit,,,,1,5,10,5,3,2,10,19,6,7,4,25,46
node,13005982407.0,atm,Альфа-Банк,Альфа-Банк,,,1,1,0,1,1,6,1,0,2,3,7,9,13
node,13005983703.0,atm,Т-банк,Т-Банк,,,1,1,0,1,1,6,1,0,2,3,7,9,13
node,13030358995.0,atm,,Т-Банк,,,1,0,0,0,2,1,0,0,2,4,5,3,11
node,13034028933.0,atm,,Т-Банк,,,1,5,1,2,2,3,8,2,4,4,9,13,27
node,13038970716.0,atm,Сбербанк,Сбербанк,,,1,0,0,2,1,0,1,0,3,1,0,3,5
node,13039636460.0,atm,Сбербанк,Сбербанк,,,1,5,1,1,1,3,8,2,4,5,9,11,28
node,13084893962.0,atm,Сбербанк,Сбербанк,,,1,2,0,1,2,4,8,4,2,5,6,9,25
node,13084893967.0,atm,,Т-Банк,,,1,2,0,1,2,4,8,4,2,5,6,9,25
node,13092684339.0,atm,Россельхозбанк,Россельхозбанк,,,1,4,2,3,1,5,20,15,4,4,8,15,51
node,13092684366.0,atm,Московский кредитный банк,Московский кредитный банк,,,1,10,6,0,1,9,30,14,9,7,14,26,74
node,13136785399.0,atm,Сбербанк,Сбербанк,,,1,0,0,1,4,0,0,1,4,9,5,5,19
node,13157529301.0,atm,Сбербанк,,,24/7,1,3,0,1,2,3,3,0,3,5,4,9,15
node,13158969717.0,atm,Ozon банк,Ozon банк,yes,Mo-Su 10:00-22:00,1,1,0,1,1,6,1,0,2,3,7,9,13
node,13158969718.0,atm,Ozon банк,Ozon банк,yes,Mo-Sa 10:00-21:00; Su 09:00-21:00,1,1,0,1,4,3,1,0,4,8,10,9,23
node,13158969719.0,atm,Ozon банк,Ozon банк,yes,Mo-Su 09:00-21:00,1,18,10,3,3,1,31,24,4,7,2,35,68
,,,,,,,0,0,0,0,0,0,0,0,0,0,0,0,0
,,,,,,,0,0,0,0,0,0,0,0,0,0,0,0,0
,,,,,,,0,0,0,0,0,0,0,0,0,0,0,0,0
,,,,,,,0,0,0,0,0,0,0,0,0,0,0,0,0
,,,,,,,0,0,0,0,0,0,0,0,0,0,0,0,0
,,,,,,,0,0,0,0,0,1,0,0,0,0,1,1,1
,,,,,,,0,0,0,0,0,0,0,0,0,0,1,0,1
,,,,,,,0,0,0,0,0,0,0,0,0,0,0,0,0
,,,,,,,0,0,0,0,0,0,0,0,0,0,0,0,0
,,,,,,,0,0,0,0,0,1,0,0,0,0,2,1,2
,,,,,,,0,0,0,0,0,2,0,0,1,0,2,2,3
,,,,,,,0,0,0,0,0,0,0,0,1,2,0,0,3
,,,,,,,0,0,0,0,0,0,0,0,0,0,0,0,0
,,,,,,,0,0,0,0,0,0,0,0,0,0,0,0,0
,,,,,,,0,0,0,0,0,0,0,0,0,0,0,0,0
,,,,,,,0,0,0,0,0,0,0,0,0,0,0,0,0
,,,,,,,0,0,0,0,0,0,0,0,0,0,0,0,0
,,,,,,,0,0,0,0,0,0,0,0,0,0,0,0,0
,,,,,,,0,0,0,0,0,0,0,0,0,0,0,0,0
,,,,,,,0,0,0,0,0,0,0,0,0,0,0,0,0
,,,,,,,0,0,0,0,0,0,0,0,0,0,0,0,0
,,,,,,,0,0,0,0,0,0,0,0,0,0,0,0,0
,,,,,,,0,0,0,0,0,0,0,0,0,0,0,0,0
,,,,,,,0,0,0,0,0,0,0,0,0,0,0,0,0
,,,,,,,0,0,0,0,0,0,0,0,0,0,0,0,0
,,,,,,,0,0,0,0,0,0,0,0,0,0,0,0,0
,,,,,,,0,0,0,0,0,0,0,0,0,0,0,0,0
,,,,,,,0,0,0,0,0,0,0,0,0,0,1,0,1
,,,,,,,0,0,0,0,0,1,0,0,0,0,3,1,3
,,,,,,,0,0,0,0,0,2,0,0,0,0,4,2,4
,,,,,,,0,0,0,0,0,1,0,0,0,0,2,1,2
,,,,,,,0,0,0,0,0,1,1,0,1,2,2,1,6
,,,,,,,0,0,0,1,0,0,0,0,1,3,2,1,6
,,,,,,,0,0,0,0,2,0,0,0,1,2,0,2,3
,,,,,,,0,0,0,0,0,0,0,0,0,0,0,0,0
,,,,,,,0,0,0,0,0,0,0,0,0,0,0,0,0
,,,,,,,0,0,0,0,0,0,0,0,0,0,0,0,0
,,,,,,,0,0,0,0,0,0,0,0,0,0,0,0,0
,,,,,,,0,0,0,0,0,0,0,0,0,0,0,0,0
,,,,,,,0,0,0,0,0,0,0,0,0,0,2,0,2
,,,,,,,0,0,0,0,0,1,1,0,0,0,3,1,4
,,,,,,,0,0,0,0,0,0,1,0,0,0,1,0,2
,,,,,,,0,0,0,0,0,0,0,0,0,0,2,0,2
,,,,,,,0,0,0,0,0,0,0,0,0,0,0,0,0
,,,,,,,0,0,0,0,0,0,0,0,0,0,2,0,2
,,,,,,,0,0,0,0,0,2,0,0,0,0,3,2,3
,,,,,,,0,0,0,0,0,0,0,0,0,0,0,0,0
,,,,,,,0,0,0,0,0,0,0,0,0,0,0,0,0
,,,,,,,0,0,0,0,0,0,0,0,0,0,0,0,0
,,,,,,,0,0,0,0,0,0,0,0,0,0,0,0,0
,,,,,,,0,0,0,0,0,0,0,0,0,0,0,0,0
,,,,,,,0,0,0,0,0,0,0,0,0,0,0,0,0
,,,,,,,0,0,0,0,0,0,0,0,0,0,0,0,0
,,,,,,,0,0,0,0,0,0,0,0,0,0,0,0,0
,,,,,,,0,0,0,0,0,0,0,0,0,0,0,0,0
,,,,,,,0,0,0,0,0,0,0,0,0,0,1,0,1
,,,,,,,0,0,0,0,0,0,0,0,0,0,4,0,4
,,,,,,,0,0,0,0,0,2,0,0,0,0,4,2,4
,,,,,,,0,1,0,1,1,0,1,0,1,2,2,3,6
,,,,,,,0,0,0,0,0,0,1,0,1,2,0,0,4
,,,,,,,0,0,0,0,0,0,0,0,0,0,0,0,0
,,,,,,,0,0,0,0,0,0,0,0,0,0,0,0,0
,,,,,,,0,0,0,0,0,0,0,0,0,0,0,0,0
,,,,,,,0,0,0,0,0,0,0,0,0,0,0,0,0
,,,,,,,0,0,0,0,0,0,0,0,0,0,0,0,0
,,,,,,,0,0,0,0,0,0,0,0,0,0,0,0,0
,,,,,,,0,0,0,0,0,0,0,0,0,0,2,0,2
,,,,,,,0,1,0,0,0,3,2,0,0,0,4,4,6
,,,,,,,0,0,0,0,0,3,1,0,0,0,4,3,5
,,,,,,,0,0,0,0,0,3,0,0,0,0,4,3,4
,,,,,,,0,0,0,0,0,1,0,0,0,0,2,1,2
,,,,,,,0,0,0,1,0,1,0,0,1,1,3,2,5
,,,,,,,0,0,0,1,0,3,0,0,1,1,4,4,6
,,,,,,,0,0,0,0,0,2,0,0,1,2,6,2,9
,,,,,,,0,0,0,0,1,2,0,0,1,2,4,3,7
,,,,,,,0,0,0,0,0,0,0,0,0,0,0,0,0
,,,,,,,0,0,0,0,0,0,0,0,0,0,0,0,0
,,,,,,,0,0,0,0,0,0,0,0,0,0,2,0,2
,,,,,,,0,0,0,0,0,2,0,0,0,0,4,2,4
,,,,,,,0,0,0,0,0,0,0,0,0,0,0,0,0
,,,,,,,0,0,0,0,0,0,0,0,0,0,0,0,0
,,,,,,,0,0,0,0,0,0,0,0,0,0,0,0,0
,,,,,,,0,0,0,0,0,0,0,0,0,0,0,0,0
,,,,,,,0,0,0,0,0,0,0,0,0,0,0,0,0
,,,,,,,0,0,0,0,0,0,0,0,0,0,0,0,0
,,,,,,,0,0,0,0,0,0,0,0,0,0,0,0,0
,,,,,,,0,0,0,0,0,0,0,0,0,0,0,0,0
,,,,,,,0,0,0,0,0,0,0,0,0,0,0,0,0
,,,,,,,0,0,0,0,0,0,0,0,0,0,0,0,0
,,,,,,,0,0,0,0,0,0,0,0,0,0,0,0,0
,,,,,,,0,0,0,0,0,0,0,0,0,0,2,0,2
,,,,,,,0,0,0,0,0,0,0,0,0,0,0,0,0
,,,,,,,0,0,0,0,0,0,0,0,0,0,1,0,1
,,,,,,,0,0,0,0,0,1,0,0,0,0,1,1,1
,,,,,,,0,0,0,0,0,0,0,0,0,0,0,0,0
,,,,,,,0,0,0,0,0,0,0,0,0,0,0,0,0
,,,,,,,0,0,0,0,0,0,0,0,0,0,0,0,0
,,,,,,,0,0,0,0,0,0,0,0,0,0,0,0,0
,,,,,,,0,0,0,0,0,0,0,0,0,0,0,0,0
,,,,,,,0,0,0,0,0,0,0,0,0,0,0,0,0
,,,,,,,0,1,0,0,0,1,1,0,0,0,2,2,3
,,,,,,,0,0,0,0,0,0,0,0,0,1,2,0,3
,,,,,,,0,0,0,0,0,0,1,0,0,0,0,0,1
,,,,,,,0,0,0,0,0,0,0,0,1,0,0,0,1
,,,,,,,0,0,0,0,1,2,0,0,1,2,4,3,7
,,,,,,,0,0,0,0,0,0,0,1,0,0,1,0,2
,,,,,,,0,0,0,2,3,2,1,0,2,5,2,7,10
,,,,,,,0,0,0,0,0,0,0,0,0,2,4,0,6
,,,,,,,0,0,0,0,1,2,0,0,0,2,5,3,7
,,,,,,,0,0,0,0,0,0,0,0,0,1,2,0,3
,,,,,,,0,0,1,0,1,3,0,1,1,3,7,5,12
,,,,,,,0,0,0,0,0,0,0,1,1,3,5,0,10
,,,,,,,0,0,0,0,0,0,0,0,0,0,0,0,0
,,,,,,,0,0,0,0,0,0,0,0,0,0,0,0,0
,,,,,,,0,0,0,0,0,0,0,0,0,0,0,0,0
,,,,,,,0,0,0,0,0,1,0,0,0,0,3,1,3
,,,,,,,0,0,0,0,0,0,0,0,0,0,1,0,1
,,,,,,,0,0,0,0,0,0,0,0,0,0,2,0,2
,,,,,,,0,0,0,0,0,0,0,0,0,0,1,0,1
,,,,,,,0,0,0,0,0,0,0,0,1,0,0,0,1
,,,,,,,0,0,0,1,0,0,0,0,2,0,2,1,4
,,,,,,,0,0,0,0,0,0,0,0,1,0,0,0,1
,,,,,,,0,0,0,1,0,0,0,0,1,0,0,1,1
,,,,,,,0,0,0,0,0,0,0,0,0,0,0,0,0
,,,,,,,0,0,0,0,0,0,0,0,0,0,0,0,0
,,,,,,,0,0,0,0,0,0,0,0,0,0,1,0,1
,,,,,,,0,0,0,0,0,0,0,0,0,0,0,0,0
,,,,,,,0,0,0,0,0,0,0,0,0,0,0,0,0
,,,,,,,0,0,0,0,0,0,0,0,0,0,0,0,0
,,,,,,,0,0,0,0,0,0,0,0,0,0,0,0,0
,,,,,,,0,0,0,0,0,0,0,0,0,0,2,0,2
,,,,,,,0,0,0,0,0,0,0,0,0,0,0,0,0
,,,,,,,0,0,0,0,0,0,0,0,0,0,0,0,0
,,,,,,,0,0,0,0,0,0,0,0,0,0,0,0,0
,,,,,,,0,0,0,0,0,0,0,0,0,0,0,0,0
,,,,,,,0,0,0,0,0,0,0,0,0,0,0,0,0
,,,,,,,0,0,0,0,0,0,0,0,0,0,0,0,0
,,,,,,,0,0,0,0,0,2,0,0,0,0,2,2,2
,,,,,,,0,0,0,0,0,3,0,0,0,1,6,3,7
,,,,,,,0,1,0,0,0,1,1,0,0,1,5,2,7
,,,,,,,0,0,0,0,1,2,1,0,1,2,4,3,8
,,,,,,,0,0,0,1,2,4,0,0,1,2,8,7,11
,,,,,,,0,0,1,0,0,2,1,1,1,1,3,3,7
,,,,,,,0,1,1,1,1,2,1,1,2,1,4,6,9
,,,,,,,0,0,0,0,0,0,0,1,2,3,6,0,12
,,,,,,,0,0,0,0,0,4,0,0,0,1,5,4,6
,,,,,,,0,0,0,1,0,1,0,1,1,0,6,2,8
,,,,,,,0,1,0,0,3,2,2,0,1,3,4,6,10
,,,,,,,0,1,0,1,1,0,1,0,3,5,2,3,11
,,,,,,,0,0,0,1,2,2,0,0,2,3,3,5,8
,,,,,,,0,0,0,0,0,2,0,0,0,2,7,2,9
,,,,,,,0,0,0,0,0,3,0,0,0,0,6,3,6
,,,,,,,0,0,0,0,0,1,1,1,1,1,4,1,8
,,,,,,,0,2,0,1,1,2,2,0,2,3,7,6,14
,,,,,,,0,0,0,0,1,2,0,0,1,1,3,3,5
,,,,,,,0,0,0,0,0,0,0,0,0,0,0,0,0
,,,,,,,0,0,0,0,0,0,0,0,0,0,0,0,0
,,,,,,,0,0,0,0,0,1,0,0,0,0,2,1,2
,,,,,,,0,0,0,0,0,0,0,0,0,0,3,0,3
,,,,,,,0,0,0,0,0,1,0,0,0,2,3,1,5
,,,,,,,0,0,0,0,2,1,0,0,0,2,3,3,5
,,,,,,,0,0,0,1,1,1,0,0,2,3,5,3,10
,,,,,,,0,1,0,1,1,2,1,0,3,2,2,5,8
,,,,,,,0,0,0,0,0,0,1,0,1,0,0,0,2
,,,,,,,0,0,0,1,0,0,0,0,1,0,0,1,1
,,,,,,,0,0,0,0,0,0,0,0,0,0,0,0,0
,,,,,,,0,0,0,0,0,1,0,0,0,0,3,1,3
,,,,,,,0,0,0,0,0,1,0,0,0,0,3,1,3
,,,,,,,0,0,0,0,0,0,0,0,0,0,0,0,0
,,,,,,,0,0,0,0,0,0,0,0,0,0,0,0,0
,,,,,,,0,0,0,0,0,0,0,0,0,0,0,0,0
,,,,,,,0,0,0,0,0,0,0,0,0,0,1,0,1
,,,,,,,0,0,0,0,0,2,0,0,0,0,2,2,2
,,,,,,,0,0,0,0,0,0,0,0,0,0,0,0,0
,,,,,,,0,0,0,0,0,0,0,0,0,0,0,0,0
,,,,,,,0,0,0,0,0,0,0,0,0,0,0,0,0
,,,,,,,0,0,0,0,0,0,0,0,0,0,0,0,0
,,,,,,,0,0,0,0,0,0,0,0,0,0,0,0,0
,,,,,,,0,0,0,0,0,0,0,0,0,0,0,0,0
,,,,,,,0,0,0,0,0,1,0,0,0,0,1,1,1
,,,,,,,0,0,0,0,0,0,0,0,0,0,2,0,2
,,,,,,,0,0,0,1,1,2,0,0,1,1,3,4,5
,,,,,,,0,0,0,0,0,0,0,0,2,2,4,0,8
,,,,,,,0,0,0,2,1,1,0,0,2,1,2,4,5
,,,,,,,0,0,0,1,1,0,0,0,1,1,2,2,4
,,,,,,,0,0,0,1,1,3,1,0,5,5,5,5,16
,,,,,,,0,1,1,2,5,3,1,1,4,5,8,12,19
,,,,,,,0,0,0,0,1,2,1,1,0,3,6,3,11
,,,,,,,0,0,0,1,1,3,1,0,2,1,6,5,10
,,,,,,,0,0,0,0,0,1,0,1,2,4,7,1,14
,,,,,,,0,0,0,0,3,1,0,0,1,4,4,4,9
,,,,,,,0,0,0,0,1,1,0,0,1,3,3,2,7
,,,,,,,0,0,0,0,0,0,0,0,0,0,0,0,0
,,,,,,,0,0,0,0,0,0,0,0,0,0,0,0,0
,,,,,,,0,0,0,0,0,0,0,0,0,0,0,0,0
,,,,,,,0,0,0,0,0,0,0,0,0,0,0,0,0
,,,,,,,0,0,0,0,0,0,0,1,0,0,0,0,1
,,,,,,,0,0,1,0,0,0,0,1,0,0,2,1,3
,,,,,,,0,0,0,0,0,2,0,0,0,0,2,2,2
,,,,,,,0,0,0,0,0,2,0,0,0,0,3,2,3
,,,,,,,0,0,0,0,1,5,1,0,2,3,6,6,12
,,,,,,,0,0,0,0,2,0,1,0,2,7,2,2,12
,,,,,,,0,0,0,0,0,0,1,0,1,2,1,0,5
,,,,,,,0,0,0,1,1,0,0,1,3,3,5,2,12
,,,,,,,0,0,1,1,2,3,0,1,1,3,7,7,12
,,,,,,,0,0,0,2,3,2,0,0,3,3,6,7,12
,,,,,,,0,0,0,4,3,2,0,0,6,6,3,9,15
,,,,,,,0,1,0,3,1,4,2,0,5,5,8,9,20
,,,,,,,0,0,0,1,0,2,0,0,2,2,6,3,10
,,,,,,,0,0,0,0,0,0,0,0,1,0,0,0,1
,,,,,,,0,0,0,0,0,0,0,0,0,0,0,0,0
,,,,,,,0,0,0,0,0,2,0,0,0,0,2,2,2
,,,,,,,0,0,0,0,0,1,0,0,0,1,5,1,6
,,,,,,,0,0,0,0,1,1,0,0,0,1,2,2,3
,,,,,,,0,0,0,0,0,1,0,0,0,1,4,1,5
,,,,,,,0,0,0,0,0,4,0,0,1,1,4,4,6
,,,,,,,0,0,0,0,0,0,2,0,0,0,1,0,3
,,,,,,,0,0,0,0,0,2,0,0,0,0,2,2,2
,,,,,,,0,0,0,0,0,1,0,0,1,1,3,1,5
,,,,,,,0,0,0,0,0,0,0,1,0,1,1,0,3
,,,,,,,0,0,0,0,1,1,0,1,0,1,2,2,4
,,,,,,,0,0,0,0,0,0,0,0,0,0,3,0,3
,,,,,,,0,0,0,0,0,2,0,0,0,0,2,2,2
,,,,,,,0,0,0,0,0,0,0,0,0,0,0,0,0
,,,,,,,0,0,0,0,0,0,0,0,0,0,1,0,1
,,,,,,,0,0,0,0,0,0,0,0,0,0,0,0,0
,,,,,,,0,0,0,0,1,0,0,0,0,1,3,1,4
,,,,,,,0,0,0,0,0,0,0,0,0,0,0,0,0
,,,,,,,0,0,0,0,0,0,0,0,0,0,0,0,0
,,,,,,,0,0,0,0,0,0,0,0,0,0,0,0,0
,,,,,,,0,0,0,0,0,0,0,0,0,0,0,0,0
,,,,,,,0,0,0,0,0,0,0,0,0,0,0,0,0
,,,,,,,0,0,0,0,0,0,0,0,0,0,0,0,0
,,,,,,,0,0,0,0,0,2,0,0,0,1,2,2,3
,,,,,,,0,0,0,0,0,0,0,0,0,1,2,0,3
,,,,,,,0,0,0,0,0,1,1,0,0,1,3,1,5
,,,,,,,0,0,0,0,1,0,0,0,0,1,2,1,3
,,,,,,,0,0,0,0,1,2,0,0,2,4,2,3,8
,,,,,,,0,0,0,1,0,0,1,0,3,3,2,1,9
,,,,,,,0,1,0,5,2,2,1,0,5,3,3,10,12
,,,,,,,0,0,0,1,0,0,1,0,4,2,2,1,9
,,,,,,,0,1,0,0,0,0,5,0,1,2,2,1,10
,,,,,,,0,0,0,0,0,2,3,0,2,4,3,2,12
,,,,,,,0,0,0,0,0,0,0,0,0,0,2,0,2
,,,,,,,0,0,0,1,1,0,0,0,2,2,4,2,8
,,,,,,,0,0,0,0,1,2,0,0,1,2,2,3,5
,,,,,,,0,0,0,0,0,0,0,0,0,0,0,0,0
,,,,,,,0,0,0,0,0,0,0,0,0,0,0,0,0
,,,,,,,0,0,0,0,0,0,0,0,0,0,0,0,0
,,,,,,,0,0,0,0,0,0,0,0,1,1,1,0,3
,,,,,,,0,0,0,0,1,1,0,0,1,1,4,2,6
,,,,,,,0,0,0,0,0,2,0,0,0,1,2,2,3
,,,,,,,0,0,0,0,0,1,0,0,1,2,2,1,5
,,,,,,,0,0,0,0,1,2,0,0,1,2,3,3,6
,,,,,,,0,0,0,0,0,1,0,0,1,2,1,1,4
,,,,,,,0,0,0,0,1,0,0,0,1,2,1,1,4
,,,,,,,0,0,0,0,0,0,1,1,0,0,1,0,3
,,,,,,,0,0,0,0,0,3,1,1,0,0,8,3,10
,,,,,,,0,0,0,0,0,2,0,0,0,0,6,2,6
,,,,,,,0,0,0,0,0,0,0,0,0,0,0,0,0
,,,,,,,0,0,0,0,0,0,0,0,0,0,0,0,0
,,,,,,,0,0,0,0,0,0,0,0,0,0,0,0,0
,,,,,,,0,0,0,0,0,1,0,0,0,0,2,1,2
,,,,,,,0,0,0,0,0,0,0,0,0,0,2,0,2
,,,,,,,0,0,0,0,0,2,1,0,2,2,4,2,9
,,,,,,,0,0,0,1,1,0,1,0,2,3,2,2,8
,,,,,,,0,1,0,0,0,1,1,0,0,0,2,2,3
,,,,,,,0,0,0,1,0,3,0,0,1,0,7,4,8
,,,,,,,0,2,0,1,1,1,2,1,4,5,9,5,21
,,,,,,,0,0,0,0,0,1,2,0,3,6,5,1,16
,,,,,,,0,0,0,0,0,1,2,0,3,3,6,1,14
,,,,,,,0,2,0,0,0,1,2,0,2,2,4,3,10
,,,,,,,0,0,0,0,1,3,0,0,1,2,4,4,7
,,,,,,,0,0,0,0,0,0,0,0,0,0,1,0,1
,,,,,,,0,0,0,0,0,2,0,0,0,1,2,2,3
,,,,,,,0,0,0,0,0,4,0,0,0,0,10,4,10
,,,,,,,0,0,0,0,0,3,0,0,2,1,6,3,9
,,,,,,,0,0,0,0,0,0,1,0,0,0,4,0,5
,,,,,,,0,0,0,0,0,3,0,0,0,0,4,3,4
,,,,,,,0,1,0,0,0,2,2,0,1,0,2,3,5
,,,,,,,0,1,0,0,0,1,2,0,2,1,2,2,7
,,,,,,,0,0,0,0,0,2,0,0,2,0,5,2,7
,,,,,,,0,0,0,1,1,3,0,0,1,1,4,5,6
,,,,,,,0,0,2,0,0,1,0,3,1,2,6,3,12
,,,,,,,0,0,1,0,0,0,3,8,7,4,4,1,26
,,,,,,,0,1,4,5,3,1,3,5,9,5,4,14,26
,,,,,,,0,1,1,0,1,3,1,2,3,4,5,6,15
,,,,,,,0,1,2,0,1,3,1,2,2,1,8,7,14
,,,,,,,0,0,0,0,0,4,1,1,0,2,6,4,10
,,,,,,,0,1,0,0,0,2,1,0,1,1,3,3,6
,,,,,,,0,0,0,0,0,4,0,0,1,1,5,4,7
,,,,,,,0,0,0,0,0,0,0,0,0,0,3,0,3
,,,,,,,0,0,0,0,0,0,0,0,0,0,0,0,0
,,,,,,,0,1,0,0,0,1,1,2,0,0,2,2,5
,,,,,,,0,0,2,0,0,1,0,2,0,0,2,3,4
,,,,,,,0,0,0,0,0,0,0,0,0,0,0,0,0
,,,,,,,0,0,0,0,0,0,0,0,0,0,1,0,1
,,,,,,,0,0,0,0,1,1,1,0,0,1,3,2,5
,,,,,,,0,1,0,0,1,2,1,0,0,1,2,4,4
,,,,,,,0,1,0,0,1,2,1,0,0,1,4,4,6
,,,,,,,0,0,0,0,1,0,1,0,0,2,4,1,7
,,,,,,,0,0,0,1,0,1,1,0,2,6,4,2,13
,,,,,,,0,0,0,2,2,2,0,1,5,8,5,6,19
,,,,,,,0,0,1,1,3,2,1,1,6,5,3,7,16
,,,,,,,0,0,1,1,2,0,1,1,3,5,2,4,12
,,,,,,,0,3,0,2,2,2,6,0,4,7,3,9,20
,,,,,,,0,2,0,1,3,1,6,0,3,4,2,7,15
,,,,,,,0,0,0,0,0,1,0,0,0,1,2,1,3
,,,,,,,0,0,0,1,1,3,0,0,1,1,4,5,6
,,,,,,,0,0,0,0,0,0,0,0,0,0,2,0,2
,,,,,,,0,0,0,0,0,0,0,0,0,0,0,0,0
,,,,,,,0,0,0,0,0,0,0,0,0,0,0,0,0
,,,,,,,0,0,0,0,0,0,0,0,0,0,0,0,0
,,,,,,,0,0,0,0,0,0,0,0,1,1,2,0,4
,,,,,,,0,0,0,0,0,1,0,0,1,2,5,1,8
,,,,,,,0,0,0,0,0,3,1,0,0,0,5,3,6
,,,,,,,0,0,0,1,0,4,2,0,1,2,7,5,12
,,,,,,,0,1,0,0,0,1,1,0,1,3,5,2,10
,,,,,,,0,0,0,0,0,0,0,0,1,2,0,0,3
,,,,,,,0,0,0,0,1,1,0,0,1,2,2,2,5
,,,,,,,0,0,0,0,0,1,1,0,0,0,2,1,3
,,,,,,,0,0,0,0,0,6,1,0,0,0,7,6,8
,,,,,,,0,0,0,0,0,2,1,0,0,0,9,2,10
,,,,,,,0,1,0,0,0,0,1,0,0,0,2,1,3
,,,,,,,0,0,0,0,0,0,0,0,0,1,2,0,3
,,,,,,,0,0,0,0,0,1,0,0,0,0,2,1,2
,,,,,,,0,0,0,0,0,0,0,0,0,0,0,0,0
,,,,,,,0,0,0,0,0,0,0,0,0,0,0,0,0
,,,,,,,0,0,0,0,0,0,0,0,0,0,1,0,1
,,,,,,,0,0,0,0,0,2,0,0,0,0,2,2,2
,,,,,,,0,0,0,0,0,1,0,0,0,0,2,1,2
,,,,,,,0,0,0,0,0,0,0,0,0,0,0,0,0
,,,,,,,0,0,0,0,0,0,0,0,0,0,0,0,0
,,,,,,,0,0,0,0,0,0,0,0,0,0,1,0,1
,,,,,,,0,0,1,0,2,2,0,1,2,3,4,5,10
,,,,,,,0,0,1,1,2,0,2,1,4,7,5,4,19
,,,,,,,0,0,0,1,2,0,2,0,4,6,4,3,16
,,,,,,,0,0,0,0,1,0,0,0,0,1,2,1,3
,,,,,,,0,0,0,0,0,0,2,0,1,1,4,0,8
,,,,,,,0,1,0,1,0,2,1,0,1,1,3,4,6
,,,,,,,0,0,0,0,1,0,1,0,0,1,3,1,5
,,,,,,,0,0,0,0,1,0,0,0,0,2,5,1,7
,,,,,,,0,0,0,0,0,3,0,0,1,1,8,3,10
,,,,,,,0,0,0,3,1,2,1,1,3,3,7,6,15
,,,,,,,0,4,5,2,2,3,4,5,4,3,3,16,19
,,,,,,,0,0,0,0,0,0,2,2,1,1,1,0,7
,,,,,,,0,1,0,1,0,0,1,0,1,0,1,2,3
,,,,,,,0,0,0,1,1,0,1,0,2,1,1,2,5
,,,,,,,0,0,0,1,0,2,0,0,2,1,4,3,7
,,,,,,,0,0,0,0,0,4,0,2,2,1,8,4,13
,,,,,,,0,0,0,0,0,1,0,3,1,1,7,1,12
,,,,,,,0,2,2,2,1,2,4,4,6,3,2,9,19
,,,,,,,0,3,2,5,2,2,5,6,14,9,3,14,37
,,,,,,,0,0,1,2,2,1,2,2,7,4,2,6,17
,,,,,,,0,0,0,4,2,2,1,2,4,4,7,8,18
,,,,,,,0,0,0,1,2,0,0,0,2,4,5,3,11
,,,,,,,0,0,0,1,1,0,0,0,1,2,1,2,4
,,,,,,,0,0,0,0,0,1,0,0,1,0,4,1,5
,,,,,,,0,0,0,0,0,0,0,0,0,0,1,0,1
,,,,,,,0,0,0,0,0,0,0,0,0,0,0,0,0
,,,,,,,0,0,0,0,0,0,1,0,0,0,2,0,3
,,,,,,,0,0,0,0,0,0,0,1,0,0,3,0,4
,,,,,,,0,0,0,0,0,2,0,0,0,0,2,2,2
,,,,,,,0,0,0,0,0,0,0,0,0,0,0,0,0
,,,,,,,0,0,0,0,0,0,1,0,0,0,0,0,1
,,,,,,,0,1,0,0,0,0,2,0,0,0,2,1,4
,,,,,,,0,0,0,0,0,2,0,0,0,0,4,2,4
,,,,,,,0,0,0,0,0,2,0,0,0,0,2,2,2
,,,,,,,0,1,0,1,1,1,1,0,1,2,2,4,6
,,,,,,,0,0,0,0,1,3,1,0,3,6,4,4,14
,,,,,,,0,0,0,1,0,1,0,2,3,4,2,2,11
,,,,,,,0,1,1,0,1,2,1,2,3,5,2,5,13
,,,,,,,0,1,0,1,2,0,1,0,2,3,2,4,8
,,,,,,,0,1,0,0,0,1,1,0,0,1,3,2,5
,,,,,,,0,0,0,0,0,1,0,0,0,0,4,1,4
,,,,,,,0,0,0,0,0,0,0,0,0,0,2,0,2
,,,,,,,0,0,0,0,0,0,0,0,0,0,0,0,0
,,,,,,,0,0,0,0,0,0,0,0,0,0,0,0,0
,,,,,,,0,0,0,0,0,0,0,0,0,1,0,0,1
,,,,,,,0,0,0,0,0,0,0,0,0,1,0,0,1
,,,,,,,0,0,0,0,0,0,0,0,0,2,2,0,4
,,,,,,,0,0,0,0,0,0,0,0,0,1,0,0,1
,,,,,,,0,2,0,0,1,2,2,0,0,1,3,5,6
,,,,,,,0,1,0,0,0,0,2,0,0,2,7,1,11
,,,,,,,0,0,0,0,0,2,1,0,0,1,2,2,4
,,,,,,,0,0,0,0,0,0,0,0,0,0,0,0,0
,,,,,,,0,0,0,0,0,0,0,0,0,0,0,0,0
,,,,,,,0,0,0,0,0,0,0,0,0,0,0,0,0
,,,,,,,0,0,0,1,2,2,0,0,2,3,3,5,8
,,,,,,,0,0,0,0,1,3,0,0,3,3,4,4,10
,,,,,,,0,0,0,2,2,2,1,0,3,4,5,6,13
,,,,,,,0,0,0,0,2,3,0,0,1,4,6,5,11
,,,,,,,0,0,1,0,0,2,0,1,0,0,2,3,3
,,,,,,,0,0,1,0,0,0,0,1,0,0,2,1,3
,,,,,,,0,0,0,0,0,0,0,0,0,0,0,0,0
,,,,,,,0,0,0,0,0,0,0,0,0,0,0,0,0
,,,,,,,0,0,0,0,0,0,0,1,0,0,0,0,1
,,,,,,,0,0,0,0,0,0,0,0,0,0,0,0,0
,,,,,,,0,0,0,0,0,0,0,0,0,0,0,0,0
,,,,,,,0,0,0,0,0,0,0,0,0,0,0,0,0
,,,,,,,0,1,0,0,0,1,1,0,0,0,1,2,2
,,,,,,,0,0,0,0,0,0,1,0,0,0,0,0,1
,,,,,,,0,0,0,0,0,0,0,0,0,0,0,0,0
,,,,,,,0,0,0,0,0,0,1,0,0,0,0,0,1
,,,,,,,0,1,0,0,0,0,1,0,0,2,0,1,3
,,,,,,,0,0,0,0,0,0,0,0,2,4,1,0,7
,,,,,,,0,0,0,1,4,2,0,0,3,4,2,7,9
,,,,,,,0,0,0,0,0,0,0,0,0,0,1,0,1
,,,,,,,0,0,0,0,1,0,0,0,1,5,0,1,6
,,,,,,,0,0,0,0,2,0,0,0,0,3,3,2,6
,,,,,,,0,0,0,0,1,1,0,0,0,4,4,2,8
,,,,,,,0,0,0,0,1,1,0,0,1,3,5,2,9
,,,,,,,0,1,0,0,0,4,1,1,2,2,5,5,11
,,,,,,,0,1,0,0,1,2,1,0,2,2,4,4,9
,,,,,,,0,1,1,3,4,3,3,5,5,6,6,12,25
,,,,,,,0,0,1,1,0,7,2,2,6,5,8,9,23
,,,,,,,0,0,0,0,0,0,1,1,1,5,2,0,10
,,,,,,,0,0,0,0,0,0,0,0,0,0,0,0,0
,,,,,,,0,0,0,0,1,3,0,0,2,3,3,4,8
,,,,,,,0,0,2,2,4,1,0,2,2,4,8,9,16
,,,,,,,0,0,0,0,0,3,0,0,0,1,5,3,6
,,,,,,,0,0,0,0,0,2,0,0,0,3,2,2,5
,,,,,,,0,0,0,1,2,0,0,0,2,2,0,3,4
,,,,,,,0,0,0,0,0,1,0,0,1,0,2,1,3
,,,,,,,0,0,0,0,0,2,0,0,2,1,5,2,8
,,,,,,,0,0,0,0,0,0,0,0,1,0,2,0,3
,,,,,,,0,0,0,0,1,0,0,0,0,1,0,1,1
,,,,,,,0,0,0,0,0,2,0,0,0,1,2,2,3
,,,,,,,0,0,0,0,0,0,0,0,0,0,2,0,2
,,,,,,,0,0,0,0,0,0,0,0,0,0,0,0,0
,,,,,,,0,0,0,0,0,0,0,0,0,0,0,0,0
,,,,,,,0,0,0,0,0,0,0,0,0,0,0,0,0
,,,,,,,0,0,0,0,0,2,0,0,0,0,4,2,4
,,,,,,,0,0,0,0,0,0,0,0,0,0,2,0,2
,,,,,,,0,0,0,0,0,2,0,1,0,0,2,2,3
,,,,,,,0,0,1,0,0,0,1,1,0,0,2,1,4
,,,,,,,0,0,0,0,0,0,0,0,0,0,0,0,0
,,,,,,,0,0,0,0,0,0,0,0,0,0,0,0,0
,,,,,,,0,0,0,0,0,0,0,0,0,0,0,0,0
,,,,,,,0,0,0,0,0,0,0,0,0,0,0,0,0
,,,,,,,0,1,2,1,1,2,1,3,2,3,3,7,12
,,,,,,,0,0,3,2,2,1,1,3,3,3,4,8,14
,,,,,,,0,0,0,1,0,1,0,0,1,1,2,2,4
,,,,,,,0,0,0,0,1,1,0,0,0,1,3,2,4
,,,,,,,0,0,0,0,0,0,0,0,0,0,2,0,2
,,,,,,,0,0,0,0,0,0,0,0,0,0,0,0,0
,,,,,,,0,0,0,0,0,0,0,0,0,0,0,0,0
,,,,,,,0,0,0,0,0,0,0,0,0,0,0,0,0
,,,,,,,0,0,0,0,1,0,0,0,0,1,0,1,1
,,,,,,,0,0,0,0,0,0,1,0,0,2,4,0,7
,,,,,,,0,1,0,0,1,2,1,0,0,1,4,4,6
,,,,,,,0,0,0,0,0,0,0,0,0,0,0,0,0
,,,,,,,0,0,0,0,0,0,1,0,0,1,3,0,5
,,,,,,,0,1,0,0,1,2,1,0,0,2,4,4,7
,,,,,,,0,0,0,0,0,2,1,0,0,2,7,2,10
,,,,,,,0,0,0,0,0,0,0,0,0,0,2,0,2
,,,,,,,0,0,0,0,0,0,0,0,0,0,0,0,0
,,,,,,,0,0,0,0,0,0,0,0,0,1,1,0,2
,,,,,,,0,0,0,2,0,2,0,0,4,3,3,4,10
,,,,,,,0,0,0,2,1,0,0,0,3,2,2,3,7
,,,,,,,0,0,0,0,0,0,0,0,2,2,2,0,6
,,,,,,,0,0,0,0,0,2,0,0,1,1,2,2,4
,,,,,,,0,0,0,0,0,0,0,0,0,0,2,0,2
,,,,,,,0,0,0,0,0,2,0,0,0,0,2,2,2
,,,,,,,0,0,0,0,0,0,0,0,0,0,0,0,0
,,,,,,,0,0,0,0,0,0,0,0,0,0,0,0,0
,,,,,,,0,0,0,0,0,0,0,0,0,0,0,0,0
,,,,,,,0,0,0,0,0,0,0,0,0,0,0,0,0
,,,,,,,0,0,0,0,0,0,0,0,0,0,0,0,0
,,,,,,,0,0,0,0,0,0,0,0,0,0,0,0,0
,,,,,,,0,0,1,0,0,0,0,1,0,0,0,1,1
,,,,,,,0,0,0,0,0,0,0,1,0,0,0,0,1
,,,,,,,0,0,0,0,0,0,0,0,0,0,0,0,0
,,,,,,,0,0,0,0,0,0,0,0,0,0,2,0,2
,,,,,,,0,0,0,0,0,0,1,0,0,0,1,0,2
,,,,,,,0,0,0,0,0,0,1,0,0,0,3,0,4
,,,,,,,0,0,0,0,0,0,0,0,0,0,2,0,2
,,,,,,,0,0,0,0,0,0,0,0,0,1,2,0,3
,,,,,,,0,0,0,0,0,0,1,1,0,1,2,0,5
,,,,,,,0,1,0,0,0,0,1,0,0,0,0,1,1
,,,,,,,0,0,0,1,1,0,2,0,3,1,1,2,7
,,,,,,,0,2,0,2,2,0,2,0,5,6,2,6,15
,,,,,,,0,0,0,2,3,0,0,0,3,5,0,5,8
,,,,,,,0,0,0,0,0,2,0,0,0,4,5,2,9
,,,,,,,0,0,0,0,2,1,0,0,2,3,6,3,11
,,,,,,,0,0,0,2,1,1,0,0,2,3,1,4,6
,,,,,,,0,1,1,2,3,2,2,1,2,3,3,9,11
,,,,,,,0,1,0,0,0,0,3,1,2,2,2,1,10
,,,,,,,0,0,0,0,0,0,2,0,5,5,3,0,15
,,,,,,,0,1,0,4,4,3,1,1,6,8,7,12,23
,,,,,,,0,1,1,1,7,0,2,1,3,9,1,10,16
,,,,,,,0,0,0,0,1,3,2,2,2,5,3,4,14
,,,,,,,0,0,0,1,1,1,0,0,2,3,6,3,11
,,,,,,,0,0,0,1,0,0,0,0,1,3,3,1,7
,,,,,,,0,0,0,0,0,1,0,0,0,0,2,1,2
,,,,,,,0,0,0,0,1,0,1,0,0,1,3,1,5
,,,,,,,0,1,0,0,0,2,1,0,0,2,2,3,5
,,,,,,,0,0,0,0,1,1,0,0,0,1,2,2,3
,,,,,,,0,0,0,0,0,0,0,0,0,0,2,0,2
,,,,,,,0,0,0,0,0,0,0,0,0,0,0,0,0
,,,,,,,0,0,0,0,0,0,0,0,1,1,0,0,2
,,,,,,,0,0,0,0,0,2,1,0,1,0,3,2,5
,,,,,,,0,0,0,0,0,0,0,0,0,0,2,0,2
,,,,,,,0,0,0,0,0,0,0,0,0,0,0,0,0
,,,,,,,0,0,0,0,0,0,0,0,0,0,0,0,0
,,,,,,,0,0,0,0,0,0,0,0,0,0,0,0,0
,,,,,,,0,0,0,0,0,1,0,0,0,0,4,1,4
,,,,,,,0,0,0,0,0,3,0,0,0,0,5,3,5
,,,,,,,0,0,0,0,0,0,0,0,0,0,2,0,2
,,,,,,,0,0,0,0,0,0,0,0,0,0,0,0,0
,,,,,,,0,0,0,0,0,0,0,0,0,0,0,0,0
,,,,,,,0,0,0,0,0,0,0,0,0,0,0,0,0
,,,,,,,0,0,0,0,0,0,0,0,0,0,0,0,0
,,,,,,,0,0,0,0,0,0,1,0,0,0,0,0,1
,,,,,,,0,0,0,1,3,2,3,0,1,4,4,6,12
,,,,,,,0,0,0,1,3,3,0,1,2,5,5,7,13
,,,,,,,0,0,0,0,1,1,0,0,0,1,3,2,4
,,,,,,,0,0,0,0,0,0,0,0,0,0,0,0,0
,,,,,,,0,0,0,0,0,0,0,0,0,0,0,0,0
,,,,,,,0,0,0,0,0,0,0,0,0,0,0,0,0
,,,,,,,0,0,0,0,0,0,0,0,0,0,0,0,0
,,,,,,,0,0,0,0,0,0,0,0,0,0,1,0,1
,,,,,,,0,0,0,0,0,1,0,0,0,1,2,1,3
,,,,,,,0,0,0,0,1,0,0,0,0,1,3,1,4
,,,,,,,0,0,0,0,0,1,1,0,0,0,2,1,3
,,,,,,,0,0,0,0,0,0,0,0,0,0,0,0,0
,,,,,,,0,0,0,0,1,0,0,0,0,1,0,1,1
,,,,,,,0,0,0,0,0,2,1,0,0,2,6,2,9
,,,,,,,0,0,0,0,0,3,1,0,0,2,7,3,10
,,,,,,,0,0,0,0,0,0,0,0,0,0,5,0,5
,,,,,,,0,0,0,1,1,2,0,0,1,2,2,4,5
,,,,,,,0,0,0,1,2,2,0,0,1,3,3,5,7
,,,,,,,0,0,0,1,2,3,1,0,3,5,6,6,15
,,,,,,,0,0,0,0,0,0,1,0,3,5,3,0,12
,,,,,,,0,0,0,1,1,0,0,0,2,2,3,2,7
,,,,,,,0,1,0,1,1,4,1,0,3,2,7,7,13
,,,,,,,0,0,0,0,1,2,1,0,0,3,6,3,10
,,,,,,,0,0,0,0,0,0,2,0,0,1,3,0,6
,,,,,,,0,0,0,0,0,0,1,0,0,0,0,0,1
,,,,,,,0,0,0,0,0,0,0,0,0,0,0,0,0
,,,,,,,0,0,0,0,0,0,0,0,0,0,0,0,0
,,,,,,,0,0,0,0,0,0,0,0,0,0,0,0,0
,,,,,,,0,0,0,0,0,0,0,0,0,0,0,0,0
,,,,,,,0,0,0,0,0,0,0,0,0,0,0,0,0
,,,,,,,0,0,0,0,0,0,0,0,0,0,0,0,0
,,,,,,,0,0,0,0,0,0,0,0,0,0,2,0,2
,,,,,,,0,0,0,0,0,0,0,0,0,0,1,0,1
,,,,,,,0,0,0,0,1,0,0,0,0,1,2,1,3
,,,,,,,0,0,0,0,1,3,0,0,0,2,4,4,6
,,,,,,,0,0,0,0,2,1,0,0,0,2,3,3,5
,,,,,,,0,1,0,0,0,2,1,0,0,1,2,3,4
,,,,,,,0,1,0,0,0,1,1,0,0,0,2,2,3
,,,,,,,0,0,0,0,0,0,0,0,0,0,3,0,3
,,,,,,,0,0,0,0,0,1,0,0,0,0,4,1,4
,,,,,,,0,0,0,0,1,2,0,0,0,1,4,3,5
,,,,,,,0,0,1,0,0,4,1,1,0,1,4,5,7
,,,,,,,0,0,0,0,0,2,1,1,0,0,4,2,6
,,,,,,,0,0,0,4,0,3,1,0,6,2,6,7,15
,,,,,,,0,0,0,2,4,1,2,0,7,6,5,7,20
,,,,,,,0,0,0,1,1,2,0,0,1,4,2,4,7
,,,,,,,0,0,0,0,2,4,0,0,0,3,7,6,10
,,,,,,,0,0,0,0,1,2,0,0,0,4,7,3,11
,,,,,,,0,0,0,1,1,2,0,0,2,2,3,4,7
,,,,,,,0,0,0,1,0,2,1,0,2,1,5,3,9
,,,,,,,0,0,0,0,0,0,0,0,0,0,3,0,3
,,,,,,,0,0,0,1,1,2,0,0,1,1,3,4,5
,,,,,,,0,0,0,0,1,0,1,0,1,3,4,1,9
,,,,,,,0,1,0,0,2,3,1,1,1,5,4,6,12
,,,,,,,0,1,1,1,2,2,1,1,1,4,6,7,13
,,,,,,,0,1,1,0,0,1,2,3,1,3,6,3,15
,,,,,,,0,0,0,0,0,2,0,1,0,0,3,2,4
,,,,,,,0,0,0,0,0,0,1,0,0,0,0,0,1
,,,,,,,0,0,0,0,0,0,0,0,0,0,0,0,0
,,,,,,,0,0,0,0,0,1,1,0,0,1,2,1,4
,,,,,,,0,0,0,0,0,0,0,0,0,1,0,0,1
,,,,,,,0,0,0,0,0,0,0,0,0,0,0,0,0
,,,,,,,0,0,0,0,0,0,0,0,0,0,0,0,0
,,,,,,,0,0,0,0,0,0,3,0,1,0,1,0,5
,,,,,,,0,3,0,1,0,1,3,0,1,0,2,5,6
,,,,,,,0,0,0,0,0,0,0,0,0,0,0,0,0
,,,,,,,0,0,0,0,0,0,0,0,0,0,0,0,0
,,,,,,,0,0,0,0,0,0,0,0,0,0,0,0,0
,,,,,,,0,0,0,0,0,0,0,0,0,0,0,0,0
,,,,,,,0,0,0,0,0,0,0,0,0,0,3,0,3
,,,,,,,0,0,0,0,0,3,0,0,0,0,5,3,5
,,,,,,,0,0,0,0,0,0,0,0,0,0,0,0,0
,,,,,,,0,0,0,0,0,0,0,0,0,0,0,0,0
,,,,,,,0,0,0,0,0,0,0,0,0,0,0,0,0
,,,,,,,0,0,0,0,0,0,0,0,0,0,0,0,0
,,,,,,,0,0,0,0,0,0,0,0,0,0,0,0,0
,,,,,,,0,1,0,0,0,0,2,0,0,0,0,1,2
,,,,,,,0,1,0,0,0,1,2,1,0,2,2,2,7
,,,,,,,0,0,0,0,0,0,0,0,0,2,0,0,2
,,,,,,,0,0,0,0,0,0,0,0,0,1,0,0,1
,,,,,,,0,0,0,0,0,0,0,0,0,0,0,0,0
,,,,,,,0,1,0,0,0,0,4,1,0,3,0,1,8
,,,,,,,0,2,1,0,1,0,4,1,0,4,1,4,10
,,,,,,,0,0,1,1,1,0,1,1,2,1,3,3,8
,,,,,,,0,1,1,1,0,1,1,1,2,1,2,4,7
,,,,,,,0,0,0,0,0,1,0,0,0,1,3,1,4
,,,,,,,0,0,0,0,2,2,0,0,0,2,3,4,5
,,,,,,,0,0,0,0,0,0,0,0,0,1,1,0,2
,,,,,,,0,0,0,0,0,2,0,0,0,0,4,2,4
,,,,,,,0,0,0,0,1,1,0,0,0,1,4,2,5
,,,,,,,0,0,0,0,0,0,0,0,0,0,2,0,2
,,,,,,,0,0,0,0,0,0,0,0,0,0,0,0,0
,,,,,,,0,1,0,0,0,2,1,0,0,0,3,3,4
,,,,,,,0,0,0,0,0,0,1,0,0,1,5,0,7
,,,,,,,0,0,0,1,1,2,1,0,2,2,4,4,9
,,,,,,,0,2,0,2,4,2,2,0,3,10,7,10,22
,,,,,,,0,0,0,0,3,1,1,0,3,7,2,4,13
,,,,,,,0,0,0,1,2,1,0,0,2,3,4,4,9
,,,,,,,0,0,0,2,1,1,1,0,6,5,7,4,19
,,,,,,,0,0,0,3,3,1,0,0,5,5,6,7,16
,,,,,,,0,2,0,1,2,3,2,0,1,3,4,8,10
,,,,,,,0,1,0,0,1,2,2,0,1,3,4,4,10
,,,,,,,0,0,0,0,0,0,0,0,0,0,0,0,0
,,,,,,,0,0,0,0,0,0,0,0,0,0,0,0,0
,,,,,,,0,0,0,0,0,0,0,0,0,0,0,0,0
,,,,,,,0,0,0,0,0,0,0,0,0,0,0,0,0
,,,,,,,0,0,0,0,0,0,0,0,0,0,0,0,0
,,,,,,,0,0,0,0,0,0,0,0,0,0,0,0,0
,,,,,,,0,0,0,0,0,0,0,0,0,0,0,0,0
,,,,,,,0,0,0,0,0,0,1,0,0,1,1,0,3
,,,,,,,0,0,0,0,0,1,1,0,0,1,6,1,8
,,,,,,,0,0,0,0,0,2,0,0,0,0,5,2,5
,,,,,,,0,0,0,0,0,2,0,0,0,0,2,2,2
,,,,,,,0,0,0,0,0,0,0,0,0,0,4,0,4
,,,,,,,0,0,0,0,1,1,0,0,0,1,4,2,5
,,,,,,,0,0,0,0,0,0,0,0,0,2,1,0,3
,,,,,,,0,0,0,0,0,0,0,0,0,0,0,0,0
,,,,,,,0,0,0,0,0,0,0,0,0,0,0,0,0
,,,,,,,0,0,0,0,0,0,0,0,0,0,0,0,0
,,,,,,,0,0,0,0,0,0,0,0,0,0,0,0,0
,,,,,,,0,0,0,0,0,0,1,0,0,0,0,0,1
,,,,,,,0,1,0,0,0,0,1,0,0,1,3,1,5
,,,,,,,0,0,0,0,0,0,0,0,1,0,1,0,2
,,,,,,,0,0,0,1,1,0,0,0,2,2,3,2,7
,,,,,,,0,0,0,2,2,2,0,0,3,6,3,6,12
,,,,,,,0,0,0,0,0,0,0,0,1,2,3,0,6
,,,,,,,0,0,0,0,1,2,0,0,0,3,4,3,7
,,,,,,,0,0,0,0,0,1,0,0,1,3,5,1,9
,,,,,,,0,0,0,1,3,2,0,0,2,5,5,6,12
,,,,,,,0,0,0,1,2,2,0,0,2,3,10,5,15
,,,,,,,0,0,0,0,0,2,0,0,0,1,6,2,7
,,,,,,,0,0,0,0,0,0,1,0,1,2,3,0,7
,,,,,,,0,2,0,0,1,2,3,0,1,2,5,5,11
,,,,,,,0,1,0,1,1,2,2,0,1,4,6,5,13
,,,,,,,0,0,0,0,0,0,0,1,1,0,2,0,4
,,,,,,,0,0,1,0,0,0,1,2,0,0,2,1,5
,,,,,,,0,1,0,0,0,0,1,0,0,0,2,1,3
,,,,,,,0,1,0,0,0,0,1,0,0,0,0,1,1
,,,,,,,0,0,0,0,0,0,0,0,0,0,0,0,0
,,,,,,,0,0,0,0,0,0,0,0,0,0,0,0,0
,,,,,,,0,0,0,0,0,0,0,0,0,0,2,0,2
,,,,,,,0,0,0,0,0,0,0,0,0,0,2,0,2
,,,,,,,0,0,0,0,0,1,0,0,0,0,2,1,2
,,,,,,,0,0,0,0,0,1,0,0,0,0,2,1,2
,,,,,,,0,0,0,0,0,0,2,0,0,0,0,0,2
,,,,,,,0,0,0,0,0,0,0,0,0,0,0,0,0
,,,,,,,0,0,0,0,0,0,0,0,0,0,0,0,0
,,,,,,,0,0,0,0,0,0,0,0,0,0,0,0,0
,,,,,,,0,0,0,0,0,0,0,0,0,0,0,0,0
,,,,,,,0,0,0,0,0,2,0,0,0,0,3,2,3
,,,,,,,0,0,0,0,0,0,0,0,0,0,2,0,2
,,,,,,,0,0,0,0,0,0,0,0,0,0,0,0,0
,,,,,,,0,0,0,0,0,0,0,0,0,0,0,0,0
,,,,,,,0,0,0,0,0,0,0,0,0,0,0,0,0
,,,,,,,0,0,0,0,0,0,0,0,0,0,0,0,0
,,,,,,,0,0,0,0,0,0,0,0,0,0,0,0,0
,,,,,,,0,0,0,0,0,0,0,0,0,0,0,0,0
,,,,,,,0,0,1,0,0,0,0,1,0,0,2,1,3
,,,,,,,0,0,0,0,0,0,0,1,0,0,0,0,1
,,,,,,,0,0,0,0,0,0,0,0,0,0,0,0,0
,,,,,,,0,0,0,0,0,0,0,0,0,0,0,0,0
,,,,,,,0,1,0,1,1,0,5,1,3,4,2,3,15
,,,,,,,0,3,0,2,2,1,5,1,3,5,3,8,17
,,,,,,,0,0,0,0,1,2,0,2,3,3,2,3,10
,,,,,,,0,0,1,0,0,0,2,2,3,3,3,1,13
,,,,,,,0,1,0,0,0,1,1,0,0,0,3,2,4
,,,,,,,0,0,0,0,1,1,1,0,0,1,2,2,4
,,,,,,,0,0,0,0,0,0,0,0,0,1,0,0,1
,,,,,,,0,0,0,0,0,1,0,0,0,0,3,1,3
,,,,,,,0,0,0,0,0,1,0,0,0,0,3,1,3
,,,,,,,0,0,0,0,0,0,0,0,0,0,0,0,0
,,,,,,,0,0,0,0,0,0,0,0,0,0,0,0,0
,,,,,,,0,0,0,0,0,0,0,0,0,1,3,0,4
,,,,,,,0,1,0,1,1,2,1,0,1,2,2,5,6
,,,,,,,0,0,0,0,0,0,0,0,2,3,4,0,9
,,,,,,,0,0,0,1,4,2,2,0,2,6,4,7,14
,,,,,,,0,0,0,0,0,0,2,0,1,3,0,0,6
,,,,,,,0,0,0,0,1,0,0,0,0,3,0,1,3
,,,,,,,0,0,0,0,2,0,0,0,1,6,4,2,11
,,,,,,,0,0,0,0,2,0,0,0,3,5,4,2,12
,,,,,,,0,0,0,0,0,0,0,0,0,3,3,0,6
,,,,,,,0,0,0,0,1,3,0,0,0,4,5,4,9
,,,,,,,0,0,0,0,0,0,0,0,0,0,1,0,1
,,,,,,,0,0,0,0,0,0,0,0,0,0,0,0,0
,,,,,,,0,0,0,0,0,0,0,0,0,0,0,0,0
,,,,,,,0,0,0,0,0,0,0,0,0,0,0,0,0
,,,,,,,0,0,0,0,0,0,0,0,0,0,2,0,2
,,,,,,,0,0,0,0,0,2,0,0,0,0,2,2,2
,,,,,,,0,0,0,0,0,0,0,0,0,0,0,0,0
,,,,,,,0,0,0,0,0,0,0,0,0,0,0,0,0
,,,,,,,0,0,0,0,0,0,0,0,0,0,2,0,2
,,,,,,,0,0,0,0,0,2,0,0,0,0,2,2,2
,,,,,,,0,0,0,0,0,2,1,0,0,1,2,2,4
,,,,,,,0,0,0,0,1,1,1,0,0,2,4,2,7
,,,,,,,0,0,0,0,0,1,0,0,0,0,3,1,3
,,,,,,,0,0,0,0,0,0,0,0,0,0,0,0,0
,,,,,,,0,0,0,0,0,0,0,0,0,0,0,0,0
,,,,,,,0,0,0,0,0,0,0,0,0,0,0,0,0
,,,,,,,0,0,0,0,0,0,0,0,0,0,0,0,0
,,,,,,,0,0,0,0,0,0,0,0,0,1,0,0,1
,,,,,,,0,0,0,0,0,0,0,0,0,1,0,0,1
,,,,,,,0,0,0,0,0,0,0,0,0,0,0,0,0
,,,,,,,0,0,0,0,0,0,0,0,0,0,0,0,0
,,,,,,,0,0,0,0,0,0,0,0,0,0,1,0,1
,,,,,,,0,0,0,0,1,2,2,0,1,1,3,3,7
,,,,,,,0,0,0,1,0,0,2,0,2,0,0,1,4
,,,,,,,0,0,0,0,0,0,0,0,2,2,0,0,4
,,,,,,,0,0,1,2,2,1,0,2,3,3,2,6,10
,,,,,,,0,0,0,0,0,0,0,0,0,1,0,0,1
,,,,,,,0,0,0,0,0,1,0,0,1,2,5,1,8
,,,,,,,0,0,0,0,0,2,0,0,1,1,6,2,8
,,,,,,,0,0,0,0,1,0,0,0,1,2,3,1,6
,,,,,,,0,0,0,0,0,3,0,1,0,1,9,3,11
,,,,,,,0,0,0,1,1,3,0,0,2,2,8,5,12
,,,,,,,0,0,0,3,2,3,0,0,4,5,7,8,16
,,,,,,,0,0,0,2,2,2,2,0,4,7,6,6,19
,,,,,,,0,0,0,0,2,0,1,0,2,3,1,2,7
,,,,,,,0,0,0,0,0,0,0,0,0,0,0,0,0
,,,,,,,0,0,0,0,0,2,0,1,0,0,5,2,6
,,,,,,,0,0,0,0,0,4,0,1,0,0,6,4,7
,,,,,,,0,0,0,0,0,2,0,0,0,0,3,2,3
,,,,,,,0,0,0,0,0,1,0,0,0,0,4,1,4
,,,,,,,0,0,0,0,0,2,0,0,0,0,2,2,2
,,,,,,,0,0,0,0,0,0,1,0,0,0,2,0,3
,,,,,,,0,2,0,0,0,2,2,0,0,0,2,4,4
,,,,,,,0,0,0,0,0,0,0,0,0,0,2,0,2
,,,,,,,0,0,0,0,0,0,0,0,0,0,2,0,2
,,,,,,,0,0,0,0,0,0,1,0,0,0,0,0,1
,,,,,,,0,0,0,0,0,0,1,0,0,0,0,0,1
,,,,,,,0,0,0,0,0,0,0,0,0,0,0,0,0
,,,,,,,0,0,0,0,0,0,0,0,0,0,0,0,0
,,,,,,,0,1,0,0,0,0,1,0,0,0,0,1,1
,,,,,,,0,0,0,0,0,1,1,0,0,0,2,1,3
,,,,,,,0,0,0,0,0,0,0,0,0,0,0,0,0
,,,,,,,0,0,0,0,0,0,0,0,0,0,0,0,0
,,,,,,,0,0,0,0,0,0,0,0,0,0,0,0,0
,,,,,,,0,0,0,0,0,0,0,0,0,0,0,0,0
,,,,,,,0,0,0,0,0,0,0,0,0,0,0,0,0
,,,,,,,0,0,0,0,0,0,0,0,0,0,0,0,0
,,,,,,,0,0,0,0,0,0,0,0,0,0,0,0,0
,,,,,,,0,0,0,0,0,2,0,0,0,0,2,2,2
,,,,,,,0,0,0,0,0,0,0,0,0,0,0,0,0
,,,,,,,0,0,0,0,0,0,0,0,0,0,0,0,0
,,,,,,,0,0,0,0,0,0,0,0,0,0,0,0,0
,,,,,,,0,0,0,1,0,0,0,0,2,0,2,1,4
,,,,,,,0,0,0,1,1,1,0,0,4,1,3,3,8
,,,,,,,0,0,0,1,2,0,3,1,3,4,1,3,12
,,,,,,,0,3,0,1,5,1,3,1,2,5,2,10,13
,,,,,,,0,0,0,0,0,3,1,0,1,4,5,3,11
,,,,,,,0,0,0,1,0,0,2,0,7,4,3,1,16
,,,,,,,0,0,0,0,0,0,1,0,1,1,0,0,3
,,,,,,,0,0,0,0,0,0,0,0,0,0,0,0,0
,,,,,,,0,0,0,0,0,0,0,0,0,0,0,0,0
,,,,,,,0,0,0,0,0,0,0,0,0,0,0,0,0
,,,,,,,0,0,0,0,0,0,0,0,0,0,0,0,0
,,,,,,,0,0,0,0,0,0,0,0,0,0,2,0,2
,,,,,,,0,1,0,2,1,2,1,0,2,1,3,6,7
,,,,,,,0,0,0,1,1,0,0,0,1,3,0,2,4
,,,,,,,0,2,0,1,4,2,4,0,4,6,2,9,16
,,,,,,,0,2,0,0,3,0,2,0,3,4,2,5,11
,,,,,,,0,1,0,0,1,0,1,0,0,1,0,2,2
,,,,,,,0,1,0,2,1,4,2,0,2,5,4,8,13
,,,,,,,0,0,0,1,2,1,1,0,4,4,17,4,26
,,,,,,,0,0,0,1,2,1,2,0,6,5,25,4,38
,,,,,,,0,1,0,0,1,2,2,0,3,2,3,4,10
,,,,,,,0,0,0,0,0,0,0,0,0,1,1,0,2
,,,,,,,0,0,0,0,0,0,0,0,0,0,0,0,0
,,,,,,,0,0,0,0,0,0,0,0,0,0,0,0,0
,,,,,,,0,0,0,0,0,0,0,0,0,0,1,0,1
,,,,,,,0,1,0,0,1,3,1,0,1,2,3,5,7
,,,,,,,0,1,0,1,1,0,1,0,1,2,3,3,7
,,,,,,,0,0,0,0,0,0,0,0,1,1,0,0,2
,,,,,,,0,0,0,0,0,0,0,0,1,0,0,0,1
,,,,,,,0,0,0,0,0,0,0,0,0,0,1,0,1
,,,,,,,0,1,0,0,1,2,2,0,0,1,3,4,6
,,,,,,,0,1,0,0,0,2,2,0,0,1,2,3,5
,,,,,,,0,0,0,0,0,0,1,0,0,0,2,0,3
,,,,,,,0,0,0,0,0,0,0,0,0,0,0,0,0
,,,,,,,0,0,0,0,0,0,0,0,0,0,0,0,0
,,,,,,,0,0,0,0,0,0,0,0,0,0,1,0,1
,,,,,,,0,0,0,0,0,0,0,0,0,0,2,0,2
,,,,,,,0,0,0,0,0,0,0,0,0,0,0,0,0
,,,,,,,0,0,0,0,0,0,0,0,0,0,0,0,0
,,,,,,,0,0,0,0,0,0,0,0,0,0,0,0,0
,,,,,,,0,0,0,0,0,0,0,0,0,1,0,0,1
,,,,,,,0,0,0,0,0,0,0,0,0,1,0,0,1
,,,,,,,0,0,0,0,0,0,0,0,0,0,0,0,0
,,,,,,,0,0,0,0,0,0,0,0,1,0,0,0,1
,,,,,,,0,1,0,0,0,0,1,0,1,0,2,1,4
,,,,,,,0,2,0,0,0,1,3,0,2,3,2,3,10
,,,,,,,0,1,0,2,4,0,2,0,2,4,0,7,8
,,,,,,,0,0,0,0,0,0,0,0,0,0,0,0,0
,,,,,,,0,0,2,5,3,2,0,2,5,4,2,12,13
,,,,,,,0,0,0,2,3,0,0,1,6,5,2,5,14
,,,,,,,0,0,0,2,3,2,0,0,3,4,6,7,13
,,,,,,,0,0,0,0,0,2,0,0,0,1,4,2,5
,,,,,,,0,0,0,0,0,0,0,0,0,0,4,0,4
,,,,,,,0,0,1,0,0,3,0,1,0,0,3,4,4
,,,,,,,0,0,0,0,0,0,0,0,1,1,4,0,6
,,,,,,,0,0,0,0,2,3,0,0,2,4,4,5,10
,,,,,,,0,0,0,1,2,0,0,0,2,5,3,3,10
,,,,,,,0,0,0,0,0,0,0,0,0,0,0,0,0
,,,,,,,0,0,0,0,0,0,0,0,0,0,0,0,0
,,,,,,,0,0,1,0,0,0,0,1,0,0,4,1,5
,,,,,,,0,0,1,0,0,0,0,1,0,0,4,1,5
,,,,,,,0,0,0,0,0,0,0,1,0,0,2,0,3
,,,,,,,0,0,0,0,0,0,0,0,0,0,0,0,0
,,,,,,,0,0,0,0,0,0,0,0,0,0,1,0,1
,,,,,,,0,0,0,0,0,0,0,0,0,0,0,0,0
,,,,,,,0,1,0,0,0,0,2,0,0,0,0,1,2
,,,,,,,0,0,0,0,0,0,0,0,0,0,0,0,0
,,,,,,,0,0,0,0,0,0,0,0,0,0,0,0,0
,,,,,,,0,1,0,0,0,0,1,0,0,0,0,1,1
,,,,,,,0,0,0,0,0,0,1,0,0,0,0,0,1
,,,,,,,0,0,0,0,0,0,0,0,0,0,0,0,0
,,,,,,,0,0,0,0,0,0,0,0,0,0,1,0,1
,,,,,,,0,1,0,0,0,3,2,0,0,0,4,4,6
,,,,,,,0,0,0,0,0,0,0,0,0,0,2,0,2
,,,,,,,0,0,0,0,0,0,0,0,0,0,0,0,0
,,,,,,,0,0,0,0,0,0,0,0,0,0,0,0,0
,,,,,,,0,0,0,0,0,0,0,0,0,0,0,0,0
,,,,,,,0,0,0,0,0,0,0,0,0,0,0,0,0
,,,,,,,0,0,0,0,0,0,0,0,0,0,0,0,0
,,,,,,,0,0,0,0,0,0,0,0,0,0,0,0,0
,,,,,,,0,0,0,0,0,0,0,0,0,0,0,0,0
,,,,,,,0,1,0,0,0,0,1,1,0,0,0,1,2
,,,,,,,0,0,0,0,0,0,0,0,0,0,0,0,0
,,,,,,,0,0,0,0,0,0,0,0,0,0,0,0,0
,,,,,,,0,0,0,0,0,0,0,0,0,0,0,0,0
,,,,,,,0,0,0,0,0,0,0,0,0,0,1,0,1
,,,,,,,0,0,0,0,0,1,0,0,1,1,2,1,4
,,,,,,,0,0,0,0,0,1,0,0,0,1,4,1,5
,,,,,,,0,0,0,1,2,1,1,0,1,4,4,4,10
,,,,,,,0,0,0,0,0,5,0,0,4,4,13,5,21
,,,,,,,0,1,0,6,6,12,1,0,7,7,15,25,30
,,,,,,,0,1,0,0,0,0,1,0,3,3,4,1,11
,,,,,,,0,0,0,0,0,0,0,0,0,0,0,0,0
,,,,,,,0,0,0,0,0,0,0,0,0,0,0,0,0
,,,,,,,0,0,0,0,0,0,0,0,0,0,0,0,0
,,,,,,,0,0,0,0,0,0,0,0,0,2,0,0,2
,,,,,,,0,0,0,0,1,0,0,0,2,3,2,1,7
,,,,,,,0,1,1,2,1,1,3,1,5,5,6,6,20
,,,,,,,0,0,0,1,1,0,5,1,5,5,2,2,18
,,,,,,,0,1,0,3,3,2,5,0,10,10,8,9,33
,,,,,,,0,3,0,6,4,2,4,0,10,9,6,15,29
,,,,,,,0,0,0,0,2,3,1,0,2,5,4,5,12
,,,,,,,0,0,0,0,0,1,2,0,2,5,5,1,14
,,,,,,,0,1,0,3,3,0,3,0,6,7,15,7,31
,,,,,,,0,2,0,10,8,21,3,0,11,10,25,41,49
,,,,,,,0,3,0,1,2,3,3,0,7,5,12,9,27
,,,,,,,0,0,0,0,0,0,1,0,0,1,3,0,5
,,,,,,,0,0,0,0,0,0,0,0,0,1,2,0,3
,,,,,,,0,0,0,0,0,0,0,0,0,0,2,0,2
,,,,,,,0,0,0,0,0,2,0,0,0,0,2,2,2
,,,,,,,0,0,0,0,0,0,0,0,0,0,0,0,0
,,,,,,,0,0,0,0,0,0,0,0,0,0,0,0,0
,,,,,,,0,0,0,0,0,0,0,0,0,0,1,0,1
,,,,,,,0,0,0,0,0,1,0,0,0,1,4,1,5
,,,,,,,0,0,0,0,0,2,0,0,1,1,2,2,4
,,,,,,,0,0,0,1,1,0,0,0,2,1,2,2,5
,,,,,,,0,0,0,1,0,0,0,0,2,1,0,1,3
,,,,,,,0,0,0,0,1,0,2,0,0,1,1,1,4
,,,,,,,0,2,0,0,0,1,2,0,0,1,2,3,5
,,,,,,,0,0,0,0,0,0,0,0,1,1,1,0,3
,,,,,,,0,0,0,0,0,0,0,0,0,0,0,0,0
,,,,,,,0,0,0,0,0,0,0,0,0,0,0,0,0
,,,,,,,0,0,0,0,0,0,0,0,0,0,0,0,0
,,,,,,,0,0,0,0,0,0,0,0,0,0,2,0,2
,,,,,,,0,0,0,0,0,2,0,0,0,0,4,2,4
,,,,,,,0,0,0,0,0,0,0,0,0,0,1,0,1
,,,,,,,0,0,0,0,0,0,0,0,0,0,0,0,0
,,,,,,,0,0,0,0,0,0,0,0,0,0,0,0,0
,,,,,,,0,0,0,0,0,0,0,0,0,0,0,0,0
,,,,,,,0,0,0,0,0,0,0,0,0,0,0,0,0
,,,,,,,0,0,0,0,0,0,0,0,0,0,0,0,0
,,,,,,,0,0,0,0,0,0,1,1,2,0,0,0,4
,,,,,,,0,2,1,2,0,2,4,1,2,0,3,7,10
,,,,,,,0,0,0,0,0,2,0,0,0,0,2,2,2
,,,,,,,0,0,0,0,0,0,0,0,1,3,0,0,4
,,,,,,,0,0,0,0,0,0,0,0,1,2,0,0,3
,,,,,,,0,0,0,1,1,0,0,0,4,4,2,2,10
,,,,,,,0,0,0,0,1,0,0,0,3,4,4,1,11
,,,,,,,0,0,0,0,0,2,0,0,1,1,3,2,5
,,,,,,,0,0,0,0,0,1,0,0,0,0,6,1,6
,,,,,,,0,0,0,1,1,2,0,0,1,1,3,4,5
,,,,,,,0,0,0,0,0,0,0,0,1,1,0,0,2
,,,,,,,0,0,0,0,0,1,0,0,0,0,3,1,3
,,,,,,,0,0,0,0,0,0,0,0,0,0,2,0,2
,,,,,,,0,0,0,0,0,0,0,0,0,0,0,0,0
,,,,,,,0,0,0,0,0,0,0,0,0,0,0,0,0
,,,,,,,0,0,0,0,0,0,0,0,0,0,0,0,0
,,,,,,,0,0,0,0,0,0,0,0,0,0,0,0,0
,,,,,,,0,0,0,0,0,1,0,0,0,0,2,1,2
,,,,,,,0,0,0,0,0,1,0,0,0,0,2,1,2
,,,,,,,0,0,0,0,0,0,0,0,0,0,0,0,0
,,,,,,,0,0,0,0,0,0,0,0,0,0,0,0,0
,,,,,,,0,0,0,0,0,0,0,0,0,0,0,0,0
,,,,,,,0,0,0,0,0,0,0,0,0,0,0,0,0
,,,,,,,0,0,0,0,0,0,0,0,0,0,0,0,0
,,,,,,,0,0,0,0,0,0,0,0,0,0,0,0,0
,,,,,,,0,0,0,0,0,0,0,0,0,0,0,0,0
,,,,,,,0,0,0,0,0,0,0,0,0,0,0,0,0
,,,,,,,0,0,0,0,0,0,0,0,0,0,0,0,0
,,,,,,,0,0,0,0,0,0,0,0,0,0,3,0,3
,,,,,,,0,0,0,0,0,2,1,0,0,0,5,2,6
,,,,,,,0,0,0,0,0,0,0,0,0,0,0,0,0
,,,,,,,0,0,0,0,0,0,0,0,0,0,0,0,0
,,,,,,,0,0,0,0,0,0,0,0,0,0,0,0,0
,,,,,,,0,0,0,0,0,0,0,0,0,0,0,0,0
,,,,,,,0,0,0,0,0,0,0,0,0,0,0,0,0
,,,,,,,0,0,0,0,0,0,0,0,0,0,0,0,0
,,,,,,,0,0,0,0,0,0,0,0,0,0,0,0,0
,,,,,,,0,0,0,0,0,0,0,1,0,0,0,0,1
,,,,,,,0,1,1,0,0,0,1,1,0,0,0,2,2
,,,,,,,0,0,0,0,0,0,0,0,0,0,0,0,0
,,,,,,,0,0,0,0,0,0,0,0,0,0,0,0,0
,,,,,,,0,0,0,0,0,0,0,0,0,0,0,0,0
,,,,,,,0,0,0,0,0,0,0,0,0,0,0,0,0
,,,,,,,0,0,0,0,0,0,0,0,0,0,0,0,0
,,,,,,,0,0,0,0,0,0,0,0,0,0,2,0,2
,,,,,,,0,0,0,0,1,2,1,0,0,2,4,3,7
,,,,,,,0,1,0,0,0,0,1,0,0,1,3,1,5
,,,,,,,0,2,1,1,1,2,3,1,5,5,7,7,21
,,,,,,,0,1,0,0,1,0,2,1,2,2,1,2,8
,,,,,,,0,0,0,0,0,0,0,0,0,0,0,0,0
,,,,,,,0,0,0,0,0,0,0,0,0,0,0,0,0
,,,,,,,0,0,1,0,0,0,0,1,0,0,0,1,1
,,,,,,,0,1,0,0,3,0,1,0,0,4,0,4,5
,,,,,,,0,0,0,1,3,1,1,0,2,5,3,5,11
,,,,,,,0,2,1,3,2,3,3,1,5,7,6,11,22
,,,,,,,0,2,0,3,1,2,5,1,7,6,2,8,21
,,,,,,,0,2,0,6,6,5,14,4,9,9,9,19,45
,,,,,,,0,3,0,3,2,2,11,3,11,9,9,10,43
,,,,,,,0,1,0,1,2,0,1,0,3,6,5,4,15
,,,,,,,0,1,0,0,1,1,1,0,0,3,4,3,8
,,,,,,,0,0,0,0,0,0,1,0,2,4,0,0,7
,,,,,,,0,0,0,0,0,0,1,0,4,5,0,0,10
,,,,,,,0,0,0,0,2,0,1,0,1,6,3,2,11
,,,,,,,0,0,0,0,4,1,0,0,1,4,4,5,9
,,,,,,,0,0,0,0,1,1,0,0,0,1,4,2,5
,,,,,,,0,0,0,0,0,0,0,0,0,0,0,0,0
,,,,,,,0,0,0,0,0,0,0,0,0,0,1,0,1
,,,,,,,0,0,0,0,0,1,0,0,0,0,2,1,2
,,,,,,,0,0,0,0,0,0,0,0,0,0,0,0,0
,,,,,,,0,0,0,0,0,0,0,0,0,0,0,0,0
,,,,,,,0,0,0,0,0,0,0,0,0,0,1,0,1
,,,,,,,0,0,0,0,0,1,0,0,0,0,2,1,2
,,,,,,,0,0,0,0,0,0,0,0,0,0,0,0,0
,,,,,,,0,0,0,0,0,0,0,0,0,1,0,0,1
,,,,,,,0,1,0,0,1,0,3,1,2,2,4,2,12
,,,,,,,0,3,0,2,1,2,3,0,2,2,3,8,10
,,,,,,,0,0,0,0,1,1,0,0,1,3,4,2,8
,,,,,,,0,0,0,1,2,0,1,0,1,4,2,3,8
,,,,,,,0,0,0,0,1,0,1,0,0,2,0,1,3
,,,,,,,0,0,0,1,0,0,0,0,1,1,0,1,2
,,,,,,,0,0,0,0,0,0,0,0,0,0,0,0,0
,,,,,,,0,0,0,0,0,0,0,0,0,0,0,0,0
,,,,,,,0,0,0,0,0,1,0,0,0,0,3,1,3
,,,,,,,0,0,0,0,0,0,0,0,0,0,1,0,1
,,,,,,,0,0,0,0,0,0,0,0,0,0,0,0,0
,,,,,,,0,0,0,0,0,0,0,0,0,0,0,0,0
,,,,,,,0,0,0,0,0,0,0,0,0,0,0,0,0
,,,,,,,0,0,0,0,0,0,0,0,0,0,0,0,0
,,,,,,,0,0,0,0,0,0,0,0,0,0,2,0,2
,,,,,,,0,0,0,0,0,0,1,0,1,0,4,0,6
,,,,,,,0,2,0,0,0,2,3,1,1,0,5,4,10
,,,,,,,0,0,0,0,0,0,0,0,0,0,1,0,1
,,,,,,,0,0,0,0,0,0,0,0,0,0,0,0,0
,,,,,,,0,0,0,1,2,0,0,0,1,2,0,3,3
,,,,,,,0,0,0,2,1,0,0,0,2,3,2,3,7
,,,,,,,0,0,0,1,2,2,0,1,2,3,3,5,9
,,,,,,,0,0,1,0,0,3,0,1,1,2,6,4,10
,,,,,,,0,0,0,0,0,4,3,0,1,0,10,4,14
,,,,,,,0,1,0,0,1,6,1,0,1,3,6,8,11
,,,,,,,0,1,0,0,1,1,1,0,0,2,5,3,8
,,,,,,,0,0,0,0,0,2,0,0,0,0,2,2,2
,,,,,,,0,0,0,0,0,0,0,0,0,0,0,0,0
,,,,,,,0,0,0,0,0,0,0,0,0,0,0,0,0
,,,,,,,0,0,0,0,0,0,0,0,0,0,0,0,0
,,,,,,,0,0,0,0,0,0,0,0,0,0,0,0,0
,,,,,,,0,0,0,0,0,0,0,0,0,0,0,0,0
,,,,,,,0,0,0,0,0,0,0,0,0,0,1,0,1
,,,,,,,0,0,0,0,0,0,0,0,0,0,3,0,3
,,,,,,,0,0,0,0,0,1,0,0,0,0,4,1,4
,,,,,,,0,0,0,0,0,2,0,0,0,0,2,2,2
,,,,,,,0,0,0,0,0,0,0,0,0,0,0,0,0
,,,,,,,0,0,0,0,0,0,0,0,0,0,0,0,0
,,,,,,,0,0,0,0,0,0,0,0,0,0,0,0,0
,,,,,,,0,0,0,0,0,0,0,0,0,0,0,0,0
,,,,,,,0,0,0,0,0,0,0,0,0,0,0,0,0
,,,,,,,0,0,0,0,0,0,0,0,0,0,0,0,0
,,,,,,,0,0,0,0,0,0,0,0,0,0,0,0,0
,,,,,,,0,0,0,0,0,1,0,0,0,0,3,1,3
,,,,,,,0,0,0,0,0,0,1,0,0,1,5,0,7
,,,,,,,0,0,0,0,0,0,0,0,0,2,2,0,4
,,,,,,,0,0,0,0,0,0,0,0,0,0,0,0,0
,,,,,,,0,0,0,0,0,0,0,0,0,0,1,0,1
,,,,,,,0,0,0,0,0,0,0,0,0,0,0,0,0
,,,,,,,0,0,0,0,0,0,0,0,0,0,0,0,0
,,,,,,,0,0,0,0,0,0,0,0,0,0,0,0,0
,,,,,,,0,0,0,0,0,0,0,0,0,0,0,0,0
,,,,,,,0,0,0,0,0,0,0,0,0,0,0,0,0
,,,,,,,0,0,0,0,0,0,0,0,0,0,0,0,0
,,,,,,,0,0,0,0,0,0,0,1,0,0,0,0,1
,,,,,,,0,0,0,0,0,0,0,0,0,0,0,0,0
,,,,,,,0,0,0,0,0,0,0,0,0,0,0,0,0
,,,,,,,0,0,0,0,0,0,0,0,0,0,0,0,0
,,,,,,,0,0,0,0,0,0,0,0,0,0,0,0,0
,,,,,,,0,0,0,0,0,0,0,0,0,1,2,0,3
,,,,,,,0,0,0,0,0,2,0,0,0,0,3,2,3
,,,,,,,0,0,0,0,0,0,2,0,0,0,0,0,2
,,,,,,,0,3,0,6,3,2,6,1,6,4,4,14,21
,,,,,,,0,1,0,0,0,1,2,0,5,3,4,2,14
,,,,,,,0,0,0,1,0,1,0,0,1,0,2,2,3
,,,,,,,0,1,2,0,0,0,1,2,1,0,1,3,5
,,,,,,,0,0,0,0,0,0,1,2,0,0,0,0,3
,,,,,,,0,0,0,0,0,0,1,0,0,2,0,0,3
,,,,,,,0,0,0,0,0,0,0,0,0,2,2,0,4
,,,,,,,0,0,0,0,1,1,0,0,1,2,2,2,5
,,,,,,,0,0,0,1,1,0,0,0,1,2,0,2,3
,,,,,,,0,8,2,3,2,1,10,4,7,4,4,16,29
,,,,,,,0,4,0,3,4,1,12,4,5,7,3,12,31
,,,,,,,0,0,0,2,2,0,1,0,3,6,0,4,10
,,,,,,,0,0,0,0,2,2,0,0,3,4,2,4,9
,,,,,,,0,0,0,0,2,1,3,0,1,4,4,3,12
,,,,,,,0,0,0,1,1,0,2,0,1,2,2,2,7
,,,,,,,0,0,0,0,0,0,0,0,3,6,3,0,12
,,,,,,,0,0,0,1,1,3,0,0,2,4,6,5,12
,,,,,,,0,0,0,0,0,2,0,0,0,0,3,2,3
,,,,,,,0,0,0,0,0,0,0,0,0,0,0,0,0
,,,,,,,0,0,0,0,1,0,1,0,0,3,0,1,4
,,,,,,,0,0,0,0,1,2,1,0,0,2,4,3,7
,,,,,,,0,0,0,0,0,0,1,0,0,0,5,0,6
,,,,,,,0,0,0,0,0,0,0,0,0,0,0,0,0
,,,,,,,0,0,0,0,0,0,0,0,0,0,0,0,0
,,,,,,,0,0,0,0,0,0,0,0,0,0,0,0,0
,,,,,,,0,0,0,0,0,0,0,0,0,0,0,0,0
,,,,,,,0,0,0,0,0,0,0,0,0,0,0,0,0
,,,,,,,0,0,0,0,0,0,0,0,1,0,1,0,2
,,,,,,,0,0,0,0,0,0,0,0,0,0,0,0,0
,,,,,,,0,0,0,0,0,0,0,1,0,1,0,0,2
,,,,,,,0,0,1,0,1,7,1,1,2,2,8,9,14
,,,,,,,0,0,0,2,3,6,3,0,4,4,13,11,24
,,,,,,,0,0,0,0,0,2,0,0,1,5,7,2,13
,,,,,,,0,1,0,0,1,0,1,0,1,3,6,2,11
,,,,,,,0,0,0,1,2,2,1,0,2,6,4,5,13
,,,,,,,0,0,0,2,2,3,0,0,3,5,3,7,11
,,,,,,,0,0,0,0,0,1,0,0,1,0,1,1,2
,,,,,,,0,0,0,0,0,2,0,0,0,1,2,2,3
,,,,,,,0,0,0,0,1,2,0,0,0,1,3,3,4
,,,,,,,0,0,0,0,0,0,0,0,0,1,5,0,6
,,,,,,,0,0,0,0,0,2,0,0,0,0,2,2,2
,,,,,,,0,0,0,0,0,0,0,0,0,0,1,0,1
,,,,,,,0,0,0,0,0,2,0,0,0,0,2,2,2
,,,,,,,0,0,0,0,0,0,0,0,0,0,2,0,2
,,,,,,,0,0,0,0,0,2,0,0,0,0,2,2,2
,,,,,,,0,0,0,0,0,2,0,0,0,0,5,2,5
,,,,,,,0,0,0,0,0,1,0,0,0,0,5,1,5
,,,,,,,0,0,0,0,0,0,0,0,0,1,1,0,2
,,,,,,,0,0,0,0,0,0,0,1,0,1,2,0,4
,,,,,,,0,0,0,0,0,1,0,1,0,2,4,1,7
,,,,,,,0,0,0,0,1,1,0,1,1,1,4,2,7
,,,,,,,0,0,1,0,0,4,0,3,3,1,4,5,11
,,,,,,,0,1,0,1,2,2,4,2,3,3,6,6,18
,,,,,,,0,3,0,2,0,1,4,0,2,3,5,6,14
,,,,,,,0,0,0,0,1,2,1,0,1,3,6,3,11
,,,,,,,0,0,0,1,2,0,1,0,1,3,2,3,7
,,,,,,,0,0,0,0,0,0,0,0,1,1,0,0,2
,,,,,,,0,0,0,0,0,0,0,0,0,0,0,0,0
,,,,,,,0,0,0,0,0,0,0,0,0,0,0,0,0
,,,,,,,0,0,0,0,0,0,0,0,0,0,0,0,0
,,,,,,,0,0,0,0,0,0,0,0,0,0,1,0,1
,,,,,,,0,0,0,0,0,1,0,0,0,0,3,1,3
,,,,,,,0,0,0,0,0,2,0,0,0,0,2,2,2
,,,,,,,0,0,0,0,0,0,0,0,0,0,2,0,2
,,,,,,,0,0,0,0,0,0,0,0,0,0,2,0,2
,,,,,,,0,0,0,0,0,0,0,0,0,0,0,0,0
,,,,,,,0,0,0,0,0,0,0,0,0,0,0,0,0
,,,,,,,0,0,0,0,0,0,0,0,0,0,0,0,0
,,,,,,,0,0,0,0,0,0,0,0,0,0,0,0,0
,,,,,,,0,0,0,0,0,0,0,0,0,0,0,0,0
,,,,,,,0,0,0,0,0,0,0,0,0,0,0,0,0
,,,,,,,0,0,0,0,0,0,0,0,0,0,0,0,0
,,,,,,,0,0,0,0,0,0,0,0,0,0,0,0,0
,,,,,,,0,0,0,0,0,2,2,0,0,1,4,2,7
,,,,,,,0,1,0,0,1,2,1,0,1,3,5,4,10
,,,,,,,0,0,0,0,3,2,0,0,0,3,4,5,7
,,,,,,,0,0,0,0,0,0,0,0,0,0,1,0,1
,,,,,,,0,0,0,0,0,1,0,0,0,1,1,1,2
,,,,,,,0,0,0,0,0,0,0,0,0,0,0,0,0
,,,,,,,0,0,0,0,0,0,0,0,0,0,0,0,0
,,,,,,,0,0,0,0,0,0,0,0,0,0,0,0,0
,,,,,,,0,0,0,0,0,0,0,0,0,0,0,0,0
,,,,,,,0,0,0,0,0,0,0,0,0,0,0,0,0
,,,,,,,0,0,0,0,0,0,0,1,0,0,1,0,2
,,,,,,,0,0,1,0,0,0,0,1,0,0,1,1,2
,,,,,,,0,0,0,0,1,0,0,0,1,3,2,1,6
,,,,,,,0,0,0,0,0,0,0,0,0,0,0,0,0
,,,,,,,0,0,0,0,0,0,0,0,0,0,0,0,0
,,,,,,,0,0,0,0,0,0,0,0,0,1,0,0,1
,,,,,,,0,0,0,0,1,0,0,0,0,1,1,1,2
,,,,,,,0,0,0,0,0,0,0,0,0,0,2,0,2
,,,,,,,0,0,0,0,1,2,0,0,0,1,3,3,4
,,,,,,,0,1,0,1,1,1,3,0,2,3,3,4,11
,,,,,,,0,0,0,0,0,0,2,0,0,2,3,0,7
,,,,,,,0,1,0,1,1,0,1,0,2,2,3,3,8
,,,,,,,0,0,1,0,1,1,2,3,1,3,3,3,12
,,,,,,,0,0,1,0,0,0,1,2,0,1,3,1,7
,,,,,,,0,0,0,0,0,0,0,0,0,0,0,0,0
,,,,,,,0,0,0,0,0,0,0,0,0,0,1,0,1
,,,,,,,0,0,0,0,0,1,0,0,0,1,3,1,4
,,,,,,,0,0,1,0,0,0,0,1,1,2,2,1,6
,,,,,,,0,0,1,2,1,1,1,3,3,2,5,5,14
,,,,,,,0,0,0,0,0,3,1,1,4,5,6,3,17
,,,,,,,0,0,0,1,2,2,0,0,2,3,2,5,7
,,,,,,,0,0,0,1,0,0,0,0,2,2,3,1,7
,,,,,,,0,3,0,1,1,2,4,0,1,1,3,7,9
,,,,,,,0,0,0,1,0,2,5,0,1,1,3,3,10
,,,,,,,0,0,0,0,0,1,1,0,1,1,2,1,5
,,,,,,,0,0,0,0,0,0,0,0,1,1,2,0,4
,,,,,,,0,0,0,0,0,0,0,0,0,0,0,0,0
,,,,,,,0,0,0,0,0,0,0,0,0,0,0,0,0
,,,,,,,0,0,0,0,0,0,2,0,0,1,0,0,3
,,,,,,,0,1,0,0,0,0,2,0,0,1,3,1,6
,,,,,,,0,1,0,0,0,2,1,0,0,0,2,3,3
,,,,,,,0,0,0,0,0,0,0,0,0,0,0,0,0
,,,,,,,0,0,0,0,0,0,0,0,0,0,0,0,0
,,,,,,,0,0,0,0,0,0,0,0,0,0,0,0,0
,,,,,,,0,0,0,0,0,0,0,0,0,0,0,0,0
,,,,,,,0,0,0,0,0,0,0,0,0,0,0,0,0
,,,,,,,0,0,0,0,0,0,1,0,1,0,1,0,3
,,,,,,,0,1,0,1,0,2,1,0,1,0,2,4,4
,,,,,,,0,0,0,0,0,1,0,0,0,0,3,1,3
,,,,,,,0,0,0,0,1,0,0,0,0,4,4,1,8
,,,,,,,0,0,0,0,1,2,0,0,0,2,4,3,6
,,,,,,,0,0,0,0,0,0,0,0,3,4,5,0,12
,,,,,,,0,0,0,0,0,2,0,0,0,1,4,2,5
,,,,,,,0,0,0,0,1,3,0,0,1,2,6,4,9
,,,,,,,0,0,0,0,2,2,0,0,3,5,9,4,17
,,,,,,,0,0,0,1,1,3,0,0,2,6,6,5,14
,,,,,,,0,0,0,0,0,0,0,0,0,0,1,0,1
,,,,,,,0,0,0,0,0,2,0,0,0,0,2,2,2
,,,,,,,0,0,0,0,0,0,0,0,0,2,1,0,3
,,,,,,,0,0,0,0,1,2,0,0,0,1,3,3,4
,,,,,,,0,0,0,0,0,1,0,0,0,0,5,1,5
,,,,,,,0,0,0,0,0,0,0,0,0,0,0,0,0
,,,,,,,0,0,0,0,0,0,0,0,0,0,2,0,2
,,,,,,,0,0,0,0,0,0,0,0,0,0,5,0,5
,,,,,,,0,0,0,0,0,1,2,2,1,1,3,1,9
,,,,,,,0,1,1,1,0,0,2,2,1,1,2,3,8
,,,,,,,0,0,0,0,0,1,0,0,0,1,2,1,3
,,,,,,,0,0,0,0,2,1,0,0,0,3,4,3,7
,,,,,,,0,0,0,1,2,3,0,1,1,4,4,6,10
,,,,,,,0,0,1,0,1,3,0,1,1,3,6,5,11
,,,,,,,0,0,0,1,3,0,0,1,1,4,4,4,10
,,,,,,,0,0,2,1,0,0,0,2,2,3,2,3,9
,,,,,,,0,0,0,0,0,0,1,1,3,2,3,0,10
,,,,,,,0,0,0,0,0,0,0,0,1,0,0,0,1
,,,,,,,0,0,0,1,0,1,0,0,1,0,4,2,5
,,,,,,,0,0,0,1,0,2,0,0,2,1,5,3,8
,,,,,,,0,0,0,0,0,0,0,0,0,0,2,0,2
,,,,,,,0,0,0,0,0,0,1,0,0,0,0,0,1
,,,,,,,0,0,0,0,0,0,0,0,0,0,0,0,0
,,,,,,,0,0,0,0,0,0,0,0,0,0,0,0,0
,,,,,,,0,0,0,0,0,0,0,0,0,0,2,0,2
,,,,,,,0,0,0,0,0,0,0,0,0,0,2,0,2
,,,,,,,0,0,0,0,0,1,0,0,0,0,3,1,3
,,,,,,,0,0,0,0,0,1,0,0,0,0,2,1,2
,,,,,,,0,0,0,0,0,0,0,0,0,0,0,0,0
,,,,,,,0,0,0,0,0,0,0,0,0,0,0,0,0
,,,,,,,0,0,0,0,0,0,0,0,0,0,0,0,0
,,,,,,,0,0,0,0,0,0,0,0,0,0,0,0,0
,,,,,,,0,0,0,0,0,0,0,0,0,0,0,0,0
,,,,,,,0,0,0,0,0,0,0,0,0,0,0,0,0
,,,,,,,0,0,0,0,0,0,0,0,0,0,0,0,0
,,,,,,,0,0,0,0,0,0,0,0,0,0,0,0,0
,,,,,,,0,0,0,0,0,1,0,1,1,0,2,1,4
,,,,,,,0,1,1,0,0,5,1,1,1,1,8,7,12
,,,,,,,0,0,0,2,2,1,1,0,2,4,4,5,11
,,,,,,,0,1,0,1,2,0,1,0,2,6,2,4,11
,,,,,,,0,0,0,0,2,0,1,0,3,7,0,2,11
,,,,,,,0,0,0,2,4,2,0,0,2,4,2,8,8
,,,,,,,0,0,0,0,0,0,0,0,0,0,5,0,5
,,,,,,,0,0,0,0,1,2,0,0,0,1,4,3,5
,,,,,,,0,0,0,0,0,2,0,0,0,2,3,2,5
,,,,,,,0,0,0,0,0,0,0,0,0,0,1,0,1
,,,,,,,0,0,0,1,0,1,0,0,2,1,2,2,5
,,,,,,,0,0,0,1,0,1,1,0,2,1,4,2,8
,,,,,,,0,1,0,0,0,2,1,0,0,0,3,3,4
,,,,,,,0,0,0,2,3,2,0,0,2,4,2,7,8
,,,,,,,0,0,0,0,0,0,0,0,2,3,2,0,7
,,,,,,,0,0,0,0,0,0,0,0,0,0,0,0,0
,,,,,,,0,0,0,0,0,0,0,0,0,0,0,0,0
,,,,,,,0,0,0,0,0,0,0,0,0,0,0,0,0
,,,,,,,0,0,0,0,0,0,0,0,0,0,0,0,0
,,,,,,,0,0,0,0,1,0,0,0,0,1,2,1,3
,,,,,,,0,0,0,1,3,0,0,0,1,5,4,4,10
,,,,,,,0,0,0,0,1,2,0,0,1,3,2,3,6
,,,,,,,0,1,0,2,3,2,1,1,2,5,2,8,11
,,,,,,,0,0,1,1,1,1,1,2,1,4,3,4,11
,,,,,,,0,0,1,0,0,3,0,2,0,0,5,4,7
,,,,,,,0,0,0,0,0,1,1,0,3,1,4,1,9
,,,,,,,0,2,0,4,3,1,2,0,4,4,3,10,13
,,,,,,,0,1,0,1,3,3,1,0,3,5,5,8,14
,,,,,,,0,0,0,1,3,2,1,3,3,4,4,6,15
,,,,,,,0,1,2,1,1,0,1,3,1,2,4,5,11
,,,,,,,0,0,0,0,0,2,0,1,0,0,4,2,5
,,,,,,,0,0,0,0,0,0,0,0,0,1,2,0,3
,,,,,,,0,0,0,0,0,0,1,0,0,0,0,0,1
,,,,,,,0,1,0,0,0,0,2,0,0,0,0,1,2
,,,,,,,0,0,0,0,0,0,2,0,0,0,0,0,2
,,,,,,,0,0,0,0,0,0,1,0,0,0,0,0,1
,,,,,,,0,0,0,0,0,0,1,0,0,0,0,0,1
,,,,,,,0,0,0,0,0,0,1,0,0,0,1,0,2
,,,,,,,0,0,0,0,0,0,0,0,0,0,0,0,0
,,,,,,,0,0,0,0,0,0,0,0,0,0,0,0,0
,,,,,,,0,0,0,0,0,0,1,0,0,0,0,0,1
,,,,,,,0,0,0,0,0,0,0,0,0,0,0,0,0
,,,,,,,0,0,0,0,0,0,0,0,0,0,0,0,0
,,,,,,,0,0,0,0,0,0,0,0,0,0,0,0,0
,,,,,,,0,0,0,0,0,0,0,0,0,0,0,0,0
,,,,,,,0,0,0,0,0,0,0,0,0,0,0,0,0
,,,,,,,0,0,0,0,0,0,0,0,0,0,0,0,0
,,,,,,,0,0,0,0,0,0,0,0,0,0,0,0,0
,,,,,,,0,0,0,0,0,0,0,0,0,0,0,0,0
,,,,,,,0,0,0,0,0,0,0,0,0,0,0,0,0
,,,,,,,0,0,0,0,0,0,1,0,0,0,0,0,1
,,,,,,,0,0,0,0,0,0,0,0,0,1,2,0,3
,,,,,,,0,0,0,0,2,2,0,0,0,3,4,4,7
,,,,,,,0,0,0,0,0,0,0,0,0,1,2,0,3
,,,,,,,0,0,0,1,1,2,0,0,1,1,2,4,4
,,,,,,,0,0,0,0,0,0,0,0,1,1,2,0,4
,,,,,,,0,0,0,0,0,0,0,0,0,0,2,0,2
,,,,,,,0,0,0,0,0,0,0,0,0,1,3,0,4
,,,,,,,0,0,0,0,1,0,0,0,1,4,4,1,9
,,,,,,,0,0,0,1,2,2,0,0,1,3,2,5,6
,,,,,,,0,0,0,0,0,0,0,0,0,0,0,0,0
,,,,,,,0,0,0,0,0,0,0,0,0,0,0,0,0
,,,,,,,0,0,0,0,0,0,0,0,2,0,2,0,4
,,,,,,,0,0,0,1,0,2,1,0,3,0,4,3,8
,,,,,,,0,0,0,0,0,3,1,0,0,0,3,3,4
,,,,,,,0,0,0,0,0,1,0,0,0,0,2,1,2
,,,,,,,0,0,0,0,0,2,0,0,0,2,6,2,8
,,,,,,,0,0,0,0,1,2,2,2,3,6,6,3,19
,,,,,,,0,1,1,2,1,1,2,2,4,4,5,6,17
,,,,,,,0,0,0,0,0,0,0,0,0,0,0,0,0
,,,,,,,0,0,0,0,0,0,0,0,0,0,0,0,0
,,,,,,,0,0,0,1,3,1,0,0,1,3,3,5,7
,,,,,,,0,0,0,1,3,1,0,0,2,7,6,5,15
,,,,,,,0,0,0,0,0,1,0,0,0,4,6,1,10
,,,,,,,0,0,0,0,0,1,0,0,2,1,4,1,7
,,,,,,,0,0,0,2,2,3,0,0,4,3,4,7,11
,,,,,,,0,0,0,0,0,0,0,0,1,2,2,0,5
,,,,,,,0,0,0,1,2,3,0,0,2,3,5,6,10
,,,,,,,0,0,0,0,0,1,1,0,3,2,6,1,12
,,,,,,,0,1,0,1,0,2,2,0,1,0,4,4,7
,,,,,,,0,1,0,0,0,0,1,0,0,0,1,1,2
,,,,,,,0,0,0,0,0,0,0,0,0,0,0,0,0
,,,,,,,0,0,0,0,0,0,0,0,0,0,0,0,0
,,,,,,,0,0,0,0,0,0,0,0,0,0,3,0,3
,,,,,,,0,0,0,0,0,3,0,0,0,0,3,3,3
,,,,,,,0,0,0,0,0,0,0,0,0,0,2,0,2
,,,,,,,0,0,0,0,0,1,0,0,0,0,2,1,2
,,,,,,,0,0,0,0,0,0,0,0,0,0,0,0,0
,,,,,,,0,0,0,0,0,0,0,0,0,0,0,0,0
,,,,,,,0,0,0,0,0,0,0,0,0,0,0,0,0
,,,,,,,0,0,0,0,0,0,0,0,0,0,0,0,0
,,,,,,,0,0,0,0,0,0,0,0,0,0,0,0,0
,,,,,,,0,0,0,0,0,0,0,0,0,0,0,0,0
,,,,,,,0,0,0,0,0,0,0,0,0,0,0,0,0
,,,,,,,0,0,1,0,1,1,0,1,0,2,1,3,4
,,,,,,,0,1,0,2,1,2,1,2,4,5,7,6,19
,,,,,,,0,0,0,1,2,4,1,1,5,3,9,7,19
,,,,,,,0,0,0,1,1,0,0,0,4,4,3,2,11
,,,,,,,0,0,0,2,1,2,2,0,2,5,4,5,13
,,,,,,,0,0,0,0,1,0,1,0,0,3,1,1,5
,,,,,,,0,0,0,0,0,1,0,0,3,3,3,1,9
,,,,,,,0,0,0,0,0,2,0,0,1,1,3,2,5
,,,,,,,0,0,0,0,0,0,0,0,0,2,5,0,7
,,,,,,,0,0,0,0,2,2,0,0,0,2,4,4,6
,,,,,,,0,0,0,0,0,2,0,0,0,1,2,2,3
,,,,,,,0,0,0,0,0,1,0,0,2,1,4,1,7
,,,,,,,0,0,0,0,0,2,1,0,4,1,7,2,13
,,,,,,,0,0,0,1,0,2,2,1,2,1,5,3,11
,,,,,,,0,0,1,1,1,2,0,2,4,3,8,5,17
,,,,,,,0,0,0,0,0,0,0,1,2,1,1,0,5
,,,,,,,0,0,0,0,0,0,0,0,0,0,0,0,0
,,,,,,,0,1,0,1,2,2,1,1,3,3,3,6,11
,,,,,,,0,0,0,0,0,0,0,1,0,0,2,0,3
,,,,,,,0,0,0,0,0,1,0,0,0,0,1,1,1
,,,,,,,0,0,0,0,0,1,0,0,0,0,3,1,3
,,,,,,,0,0,0,0,0,0,0,0,1,2,2,0,5
,,,,,,,0,0,0,0,0,0,0,0,0,2,0,0,2
,,,,,,,0,0,0,0,1,0,0,0,0,2,0,1,2
,,,,,,,0,0,0,0,0,0,0,0,0,0,1,0,1
,,,,,,,0,0,0,0,0,1,0,1,0,0,2,1,3
,,,,,,,0,0,0,0,0,0,0,0,1,1,0,0,2
,,,,,,,0,0,0,0,0,0,1,0,4,5,4,0,14
,,,,,,,0,0,0,0,0,1,0,0,2,3,5,1,10
,,,,,,,0,0,0,0,0,0,0,0,1,1,0,0,2
,,,,,,,0,0,0,0,0,0,0,0,0,0,0,0,0
,,,,,,,0,0,0,0,0,0,0,0,0,0,0,0,0
,,,,,,,0,0,0,0,0,0,0,0,0,0,0,0,0
,,,,,,,0,0,0,0,0,0,0,0,0,0,0,0,0
,,,,,,,0,0,0,0,0,0,1,0,0,0,0,0,1
,,,,,,,0,0,0,0,0,0,0,0,0,0,0,0,0
,,,,,,,0,0,0,0,0,0,1,0,0,1,0,0,2
,,,,,,,0,1,0,0,0,1,2,0,0,0,3,2,5
,,,,,,,0,0,0,0,0,1,1,0,1,2,4,1,8
,,,,,,,0,0,0,0,0,3,0,0,1,3,3,3,7
,,,,,,,0,0,0,0,0,0,0,0,0,0,0,0,0
,,,,,,,0,0,0,0,0,0,1,0,0,0,0,0,1
,,,,,,,0,1,0,0,0,0,1,0,0,0,0,1,1
,,,,,,,0,0,0,0,0,0,0,0,0,0,0,0,0
,,,,,,,0,0,0,0,0,0,0,0,0,0,1,0,1
,,,,,,,0,0,0,0,0,0,0,1,0,0,0,0,1
,,,,,,,0,0,0,0,0,0,0,0,0,0,0,0,0
,,,,,,,0,0,0,0,0,0,0,0,0,0,0,0,0
,,,,,,,0,0,0,0,0,0,0,0,0,0,0,0,0
,,,,,,,0,0,0,0,0,0,0,0,0,0,0,0,0
,,,,,,,0,0,0,0,0,0,0,0,0,0,2,0,2
,,,,,,,0,0,0,0,0,0,0,0,0,0,2,0,2
,,,,,,,0,0,0,0,0,2,0,0,0,0,4,2,4
,,,,,,,0,0,0,0,0,2,0,0,0,0,3,2,3
,,,,,,,0,0,0,0,1,0,0,1,0,1,0,1,2
,,,,,,,0,0,0,0,0,0,0,0,1,1,2,0,4
,,,,,,,0,0,0,1,1,0,0,0,1,1,0,2,2
,,,,,,,0,0,0,0,0,0,0,0,0,0,0,0,0
,,,,,,,0,0,0,0,0,2,0,0,1,1,2,2,4
,,,,,,,0,0,0,0,0,0,0,0,0,0,2,0,2
,,,,,,,0,0,0,0,1,0,0,0,1,2,0,1,3
,,,,,,,0,0,0,0,0,0,0,0,1,3,2,0,6
,,,,,,,0,0,0,0,1,2,0,0,0,2,2,3,4
,,,,,,,0,0,0,0,0,0,0,0,0,1,3,0,4
,,,,,,,0,0,0,0,0,0,0,0,2,0,0,0,2
,,,,,,,0,0,0,1,0,4,1,0,3,0,8,5,12
,,,,,,,0,1,0,0,0,2,1,0,0,0,9,3,10
,,,,,,,0,0,0,0,0,0,0,0,1,0,5,0,6
,,,,,,,0,0,0,0,0,2,0,1,2,3,4,2,10
,,,,,,,0,0,0,0,0,0,0,0,2,5,2,0,9
,,,,,,,0,0,0,1,2,2,0,0,3,3,4,5,10
,,,,,,,0,0,0,0,0,0,0,0,0,0,2,0,2
,,,,,,,0,0,0,0,0,0,0,0,0,0,0,0,0
,,,,,,,0,0,0,0,0,0,0,0,0,1,1,0,2
,,,,,,,0,0,0,1,2,1,0,0,1,3,3,4,7
,,,,,,,0,0,0,0,0,1,0,0,0,3,4,1,7
,,,,,,,0,0,0,0,1,0,0,0,3,2,3,1,8
,,,,,,,0,0,0,2,1,0,0,0,4,3,3,3,10
,,,,,,,0,0,0,0,1,0,0,0,0,1,1,1,2
,,,,,,,0,0,0,1,0,0,0,0,2,4,4,1,10
,,,,,,,0,0,0,1,1,2,0,0,2,3,5,4,10
,,,,,,,0,0,0,1,0,3,1,0,4,2,8,4,15
,,,,,,,0,0,0,0,0,1,0,0,1,0,2,1,3
,,,,,,,0,0,0,0,0,0,0,0,0,0,0,0,0
,,,,,,,0,0,0,0,0,0,0,0,0,0,0,0,0
,,,,,,,0,0,0,0,0,0,0,0,0,0,0,0,0
,,,,,,,0,0,0,0,0,0,0,0,0,0,2,0,2
,,,,,,,0,0,0,0,0,0,0,0,0,0,0,0,0
,,,,,,,0,0,0,0,0,0,0,0,0,0,0,0,0
,,,,,,,0,0,0,0,0,1,0,0,0,0,2,1,2
,,,,,,,0,0,0,0,0,2,0,0,0,0,4,2,4
,,,,,,,0,0,0,0,0,0,0,0,0,0,2,0,2
,,,,,,,0,0,0,0,0,0,0,0,0,0,0,0,0
,,,,,,,0,0,0,0,0,0,0,0,0,0,0,0,0
,,,,,,,0,0,0,0,0,0,1,0,0,0,2,0,3
,,,,,,,0,1,0,1,1,2,1,0,2,2,5,5,10
,,,,,,,0,0,0,1,1,1,0,1,3,3,4,3,11
,,,,,,,0,0,0,1,2,0,0,2,5,6,6,3,19
,,,,,,,0,0,0,3,3,0,0,1,4,6,5,6,16
,,,,,,,0,0,0,2,1,1,0,0,2,2,2,4,6
,,,,,,,0,1,1,0,3,3,1,1,2,4,6,8,14
,,,,,,,0,0,1,0,3,3,1,1,0,5,4,7,11
,,,,,,,0,0,0,1,2,1,0,0,3,2,4,4,9
,,,,,,,0,0,0,0,0,2,0,0,1,1,4,2,6
,,,,,,,0,0,0,0,0,0,0,0,0,0,2,0,2
,,,,,,,0,0,0,0,1,3,0,0,0,4,6,4,10
,,,,,,,0,0,0,0,1,2,0,0,0,3,2,3,5
,,,,,,,0,0,0,0,0,0,0,0,0,0,2,0,2
,,,,,,,0,1,0,0,0,2,1,1,1,1,5,3,9
,,,,,,,0,0,1,4,2,0,1,3,7,3,6,7,20
,,,,,,,0,5,6,5,3,7,5,7,7,5,11,26,35
,,,,,,,0,0,0,0,0,0,5,5,3,2,5,0,20
,,,,,,,0,0,0,0,0,0,0,0,2,3,0,0,5
,,,,,,,0,0,1,2,4,1,1,1,4,5,3,8,14
,,,,,,,0,1,1,0,1,0,1,1,0,1,3,3,6
,,,,,,,0,0,0,0,0,0,1,0,0,1,1,0,3
,,,,,,,0,0,0,0,0,2,0,0,0,0,2,2,2
,,,,,,,0,0,0,0,0,0,0,0,0,0,2,0,2
,,,,,,,0,0,0,0,0,0,0,0,0,0,0,0,0
,,,,,,,0,0,0,0,0,0,0,0,0,0,0,0,0
,,,,,,,0,0,0,0,0,0,0,0,0,0,0,0,0
,,,,,,,0,0,0,0,1,2,0,0,0,1,2,3,3
,,,,,,,0,0,0,0,0,1,0,0,0,1,2,1,3
,,,,,,,0,0,0,0,1,1,0,0,0,1,2,2,3
,,,,,,,0,0,0,0,0,0,0,0,0,1,2,0,3
,,,,,,,0,0,0,0,0,0,0,0,0,0,0,0,0
,,,,,,,0,0,0,0,0,0,0,0,0,0,1,0,1
,,,,,,,0,1,0,0,0,1,6,1,0,0,3,2,10
,,,,,,,0,2,0,0,0,1,5,1,0,0,1,3,7
,,,,,,,0,0,0,0,0,0,0,0,0,0,0,0,0
,,,,,,,0,0,0,0,0,0,0,0,0,0,1,0,1
,,,,,,,0,0,0,0,0,0,0,0,1,2,3,0,6
,,,,,,,0,0,1,1,2,2,0,1,1,4,2,6,8
,,,,,,,0,0,0,1,2,2,1,1,2,4,3,5,11
,,,,,,,0,0,0,3,0,0,0,0,3,3,3,3,9
,,,,,,,0,0,0,1,1,2,0,0,1,3,5,4,9
,,,,,,,0,0,0,0,0,2,0,0,0,1,2,2,3
,,,,,,,0,2,0,0,0,0,3,0,0,0,0,2,3
,,,,,,,0,0,0,0,0,1,3,0,0,0,1,1,4
,,,,,,,0,0,0,0,0,1,0,0,0,1,2,1,3
,,,,,,,0,0,0,0,0,0,0,0,0,0,0,0,0
,,,,,,,0,0,0,0,0,0,0,0,0,0,1,0,1
,,,,,,,0,0,0,0,0,3,1,1,0,1,3,3,6
,,,,,,,0,0,1,0,1,1,1,1,0,1,4,3,7
,,,,,,,0,0,0,0,0,2,0,0,0,1,2,2,3
,,,,,,,0,0,1,3,2,0,0,1,3,2,1,6,7
,,,,,,,0,0,0,0,0,0,0,1,3,1,3,0,8
,,,,,,,0,0,0,0,0,0,0,0,1,1,2,0,4
,,,,,,,0,0,0,0,1,2,0,0,1,3,4,3,8
,,,,,,,0,0,0,0,0,0,0,0,2,3,1,0,6
,,,,,,,0,0,0,2,1,0,1,1,3,3,3,3,11
,,,,,,,0,1,1,1,2,3,2,1,2,2,6,8,13
,,,,,,,0,0,1,0,1,0,0,1,0,3,4,2,8
,,,,,,,0,0,0,0,0,3,0,1,1,1,4,3,7
,,,,,,,0,0,0,0,0,0,0,0,1,1,3,0,5
,,,,,,,0,0,1,3,4,1,1,5,5,7,1,9,19
,,,,,,,0,1,4,1,2,0,1,5,3,3,3,8,15
,,,,,,,0,0,0,0,0,2,1,2,0,1,2,2,6
,,,,,,,0,0,0,0,0,0,0,0,0,0,2,0,2
,,,,,,,0,0,0,0,0,0,0,0,0,0,0,0,0
,,,,,,,0,0,0,0,1,0,0,0,1,2,2,1,5
,,,,,,,0,0,0,1,0,3,0,0,1,1,7,4,9
,,,,,,,0,0,0,1,0,1,0,0,1,0,6,2,7
,,,,,,,0,1,0,1,0,1,1,0,1,0,6,3,8
,,,,,,,0,0,0,0,0,3,1,0,2,0,6,3,9
,,,,,,,0,0,0,1,0,0,0,1,3,1,4,1,9
,,,,,,,0,0,1,2,1,2,0,1,2,1,3,6,7
,,,,,,,0,0,0,0,1,0,0,0,0,1,0,1,1
,,,,,,,0,0,1,0,3,2,0,1,3,5,2,6,11
,,,,,,,0,0,0,0,0,0,0,1,1,2,2,0,6
,,,,,,,0,0,0,0,0,0,0,0,0,0,0,0,0
,,,,,,,0,0,0,0,0,0,0,0,0,0,0,0,0
,,,,,,,0,0,0,0,0,0,0,0,0,0,0,0,0
,,,,,,,0,0,0,0,0,1,0,0,0,1,2,1,3
,,,,,,,0,0,0,0,0,0,0,0,0,1,1,0,2
,,,,,,,0,0,0,3,2,1,0,0,4,6,2,6,12
,,,,,,,0,0,0,0,0,1,0,0,3,5,2,1,10
,,,,,,,0,0,0,0,1,0,0,0,0,1,0,1,1
,,,,,,,0,0,0,2,1,2,0,0,4,3,4,5,11
,,,,,,,0,0,0,4,4,4,0,0,6,5,7,12,18
,,,,,,,0,0,0,1,1,0,1,0,3,4,7,2,15
,,,,,,,0,1,0,0,0,0,1,2,0,0,1,1,4
,,,,,,,0,0,0,0,0,0,0,1,0,0,0,0,1
,,,,,,,0,0,0,0,0,0,0,0,0,0,0,0,0
,,,,,,,0,0,0,0,0,0,0,0,0,0,0,0,0
,,,,,,,0,0,0,0,0,0,0,0,0,0,0,0,0
,,,,,,,0,0,0,0,0,0,0,0,0,0,0,0,0
,,,,,,,0,0,0,0,0,0,0,0,0,0,0,0,0
,,,,,,,0,0,0,0,0,0,0,0,0,0,3,0,3
,,,,,,,0,0,0,0,0,1,0,0,0,0,4,1,4
,,,,,,,0,0,0,0,0,0,0,0,0,0,0,0,0
,,,,,,,0,0,0,0,0,0,0,0,0,0,1,0,1
,,,,,,,0,0,0,0,0,0,1,0,0,0,3,0,4
,,,,,,,0,1,0,0,0,0,1,0,2,1,4,1,8
,,,,,,,0,0,0,0,0,0,1,2,2,1,4,0,10
,,,,,,,0,0,1,0,2,5,2,3,3,3,5,8,16
,,,,,,,0,1,0,0,1,1,2,2,1,4,4,3,13
,,,,,,,0,2,0,0,2,1,2,0,0,5,2,5,9
,,,,,,,0,0,1,1,1,2,1,2,2,5,4,5,14
,,,,,,,0,0,0,0,0,0,0,2,3,3,3,0,11
,,,,,,,0,0,0,3,1,2,0,0,4,4,5,6,13
,,,,,,,0,0,0,0,0,0,0,0,1,0,4,0,5
,,,,,,,0,0,0,0,0,0,0,0,0,0,0,0,0
,,,,,,,0,0,0,0,2,1,0,0,0,2,3,3,5
,,,,,,,0,0,0,0,1,0,0,0,0,1,2,1,3
,,,,,,,0,0,0,0,0,1,0,0,1,1,4,1,6
,,,,,,,0,0,0,0,0,1,0,0,0,1,2,1,3
,,,,,,,0,0,0,1,1,1,0,0,2,1,2,3,5
,,,,,,,0,0,0,0,1,0,5,5,4,2,3,1,19
,,,,,,,0,0,0,0,0,0,0,0,0,2,0,0,2
,,,,,,,0,0,0,1,1,2,1,0,2,1,4,4,8
,,,,,,,0,0,0,1,1,1,0,0,2,1,4,3,7
,,,,,,,0,0,0,0,0,1,1,0,0,1,2,1,4
,,,,,,,0,0,0,0,0,0,0,0,0,0,2,0,2
,,,,,,,0,0,0,0,0,0,0,0,0,0,0,0,0
,,,,,,,0,0,0,0,0,0,0,0,0,0,0,0,0
,,,,,,,0,0,1,0,1,0,0,1,0,1,1,2,3
,,,,,,,0,0,0,0,0,0,0,0,0,1,1,0,2
,,,,,,,0,0,0,0,0,0,0,0,0,0,0,0,0
,,,,,,,0,0,0,0,0,0,0,0,0,1,2,0,3
,,,,,,,0,0,0,0,0,0,0,0,0,0,1,0,1
,,,,,,,0,0,0,0,0,0,0,0,0,0,0,0,0
,,,,,,,0,0,0,0,0,0,1,0,0,0,3,0,4
,,,,,,,0,1,0,0,0,5,1,0,0,0,6,6,7
,,,,,,,0,0,1,0,0,2,1,1,0,0,5,3,7
,,,,,,,0,2,2,0,0,3,5,2,0,0,6,7,13
,,,,,,,0,0,2,0,0,1,5,2,1,1,2,3,11
,,,,,,,0,0,0,0,0,1,0,1,0,2,2,1,5
,,,,,,,0,0,0,0,1,1,0,0,0,2,2,2,4
,,,,,,,0,0,0,0,2,5,1,1,0,5,6,7,13
,,,,,,,0,1,0,1,3,1,1,1,2,5,6,6,15
,,,,,,,0,1,0,1,2,0,1,0,1,4,0,4,6
,,,,,,,0,1,0,0,0,0,1,0,2,2,1,1,6
,,,,,,,0,0,0,0,1,2,0,0,0,1,4,3,5
,,,,,,,0,0,0,0,0,2,0,0,0,0,3,2,3
,,,,,,,0,1,0,0,0,3,2,0,0,0,5,4,7
,,,,,,,0,0,0,0,0,0,0,0,0,0,3,0,3
,,,,,,,0,0,0,0,0,0,0,0,0,0,1,0,1
,,,,,,,0,0,0,0,0,1,0,1,2,2,4,1,9
,,,,,,,0,0,0,1,3,2,0,0,1,3,4,6,8
,,,,,,,0,0,0,0,0,0,0,0,0,1,0,0,1
,,,,,,,0,0,0,0,0,0,0,0,0,0,0,0,0
,,,,,,,0,1,0,0,0,0,1,0,2,3,4,1,10
,,,,,,,0,0,0,2,4,4,1,0,2,7,5,10,15
,,,,,,,0,0,0,0,0,0,0,0,0,0,4,0,4
,,,,,,,0,0,0,0,0,0,0,1,3,2,3,0,9
,,,,,,,0,0,0,0,0,1,2,1,2,0,3,1,8
,,,,,,,0,0,1,1,1,1,1,1,1,1,4,4,8
,,,,,,,0,1,0,0,2,2,1,1,2,3,4,5,11
,,,,,,,0,0,0,1,2,2,0,0,1,3,3,5,7
,,,,,,,0,0,0,0,1,2,0,0,2,3,2,3,7
,,,,,,,0,1,0,0,0,1,2,1,1,2,5,2,11
,,,,,,,0,0,0,1,2,2,1,0,1,2,3,5,7
,,,,,,,0,0,0,0,1,1,0,0,0,3,4,2,7
,,,,,,,0,0,0,0,0,0,1,0,0,0,2,0,3
,,,,,,,0,3,3,2,5,2,3,3,4,6,3,15,19
,,,,,,,0,1,0,0,0,0,4,5,1,4,0,1,14
,,,,,,,0,0,0,0,0,0,0,0,0,0,1,0,1
,,,,,,,0,0,0,0,0,2,0,0,0,0,2,2,2
,,,,,,,0,0,0,0,0,0,0,0,0,0,2,0,2
,,,,,,,0,0,0,2,1,0,0,0,2,1,3,3,6
,,,,,,,0,0,0,0,0,2,0,0,0,1,6,2,7
,,,,,,,0,0,0,0,0,0,0,0,0,0,5,0,5
,,,,,,,0,0,0,0,0,0,1,0,2,1,0,0,4
,,,,,,,0,0,0,1,1,0,2,0,2,1,2,2,7
,,,,,,,0,0,0,0,0,1,1,0,0,0,4,1,5
,,,,,,,0,0,0,1,1,3,0,0,1,1,3,5,5
,,,,,,,0,0,0,0,1,0,0,0,1,2,0,1,3
,,,,,,,0,0,1,2,4,0,0,1,4,6,0,7,11
,,,,,,,0,0,1,1,1,2,0,2,4,4,4,5,14
,,,,,,,0,0,0,0,0,0,0,2,1,0,3,0,6
,,,,,,,0,0,0,0,0,1,0,1,1,0,2,1,4
,,,,,,,0,0,0,0,0,0,0,0,0,0,1,0,1
,,,,,,,0,0,0,0,0,1,0,0,0,0,3,1,3
,,,,,,,0,0,0,0,0,0,0,0,0,0,4,0,4
,,,,,,,0,0,0,1,2,0,0,1,4,7,3,3,15
,,,,,,,0,2,1,2,4,6,4,4,2,6,7,15,23
,,,,,,,0,2,0,0,0,0,2,0,1,0,3,2,6
,,,,,,,0,0,0,1,0,1,0,0,5,2,2,2,9
,,,,,,,0,0,0,1,1,0,1,0,3,4,5,2,13
,,,,,,,0,0,0,1,2,2,1,1,1,2,5,5,10
,,,,,,,0,0,1,0,0,2,1,2,0,1,5,3,9
,,,,,,,0,0,0,0,0,0,0,1,0,0,1,0,2
,,,,,,,0,0,0,0,0,0,1,0,0,0,0,0,1
,,,,,,,0,0,0,0,0,0,1,0,0,0,0,0,1
,,,,,,,0,0,0,0,0,0,0,0,0,0,0,0,0
,,,,,,,0,0,0,0,0,0,0,0,0,0,0,0,0
,,,,,,,0,0,0,0,0,0,0,0,0,0,0,0,0
,,,,,,,0,0,0,0,0,0,0,0,0,0,2,0,2
,,,,,,,0,0,0,0,0,3,0,0,0,0,4,3,4
,,,,,,,0,0,0,0,0,2,0,0,0,0,4,2,4
,,,,,,,0,0,0,0,0,2,0,0,0,0,2,2,2
,,,,,,,0,0,0,0,0,3,0,0,1,1,5,3,7
,,,,,,,0,0,0,0,1,0,1,0,1,2,4,1,8
,,,,,,,0,1,1,0,2,1,1,2,2,6,2,5,13
,,,,,,,0,1,0,1,3,1,1,2,2,5,3,6,13
,,,,,,,0,0,1,0,0,0,3,1,1,3,1,1,9
,,,,,,,0,1,0,0,2,0,2,1,0,5,2,3,10
,,,,,,,0,2,0,2,3,4,3,1,4,4,5,11,17
,,,,,,,0,0,0,0,0,0,2,0,5,6,3,0,16
,,,,,,,0,0,0,2,4,2,0,0,4,6,4,8,14
,,,,,,,0,0,0,0,0,0,0,0,0,1,1,0,2
,,,,,,,0,0,0,0,0,0,0,0,0,0,0,0,0
,,,,,,,0,0,0,0,0,0,0,0,0,0,0,0,0
,,,,,,,0,0,0,0,0,0,0,0,0,1,2,0,3
,,,,,,,0,0,0,1,1,2,0,1,2,2,5,4,10
,,,,,,,0,0,1,1,2,2,0,1,1,2,4,6,8
,,,,,,,0,0,0,0,0,0,0,0,0,1,1,0,2
,,,,,,,0,0,0,0,0,0,0,0,0,1,1,0,2
,,,,,,,0,0,0,0,0,0,1,0,0,1,1,0,3
,,,,,,,0,1,0,0,0,0,1,0,1,1,3,1,6
,,,,,,,0,0,0,0,0,0,2,0,0,0,3,0,5
,,,,,,,0,1,0,0,0,0,1,0,0,0,0,1,1
,,,,,,,0,0,0,0,0,0,0,0,0,0,0,0,0
,,,,,,,0,0,0,0,0,0,0,0,0,0,0,0,0
,,,,,,,0,0,0,0,0,0,0,0,0,0,0,0,0
,,,,,,,0,0,1,0,1,0,0,1,0,1,1,2,3
,,,,,,,0,0,0,0,0,1,0,0,0,1,1,1,2
,,,,,,,0,0,0,0,0,0,0,0,0,0,0,0,0
,,,,,,,0,0,0,0,0,0,0,0,0,0,0,0,0
,,,,,,,0,0,0,0,0,0,0,0,0,0,0,0,0
,,,,,,,0,0,0,0,0,0,0,0,0,0,1,0,1
,,,,,,,0,0,0,0,0,1,0,0,0,0,3,1,3
,,,,,,,0,0,0,0,0,4,1,1,2,2,7,4,13
,,,,,,,0,0,0,0,0,1,0,0,1,1,3,1,5
,,,,,,,0,0,0,0,0,2,0,0,0,0,3,2,3
,,,,,,,0,0,0,2,1,1,2,0,4,2,11,4,19
,,,,,,,0,0,0,1,0,0,1,0,2,2,2,1,7
,,,,,,,0,0,0,0,0,0,0,0,0,1,0,0,1
,,,,,,,0,1,1,1,3,0,1,1,2,6,3,6,13
,,,,,,,0,1,0,2,5,4,2,1,5,9,8,12,25
,,,,,,,0,0,0,1,3,0,0,0,3,5,9,4,17
,,,,,,,0,1,0,1,1,2,1,0,2,3,4,5,10
,,,,,,,0,0,0,0,0,3,0,0,1,2,4,3,7
,,,,,,,0,0,0,0,0,0,0,0,0,0,4,0,4
,,,,,,,0,0,0,0,0,2,0,0,0,0,3,2,3
,,,,,,,0,0,0,0,0,0,0,0,0,0,0,0,0
,,,,,,,0,0,0,0,0,0,0,0,0,0,0,0,0
,,,,,,,0,0,0,0,0,0,0,0,0,0,0,0,0
,,,,,,,0,0,0,2,0,2,0,1,3,2,4,4,10
,,,,,,,0,0,0,0,1,0,0,1,3,3,5,1,12
,,,,,,,0,0,0,1,1,2,1,0,2,3,2,4,8
,,,,,,,0,0,0,0,0,0,0,0,0,0,2,0,2
,,,,,,,0,0,0,0,0,0,0,0,0,0,0,0,0
,,,,,,,0,0,0,0,1,0,0,0,0,4,0,1,4
,,,,,,,0,0,0,1,2,0,1,0,4,8,4,3,17
,,,,,,,0,0,0,2,2,3,0,0,2,3,3,7,8
,,,,,,,0,0,0,0,0,1,0,0,0,0,3,1,3
,,,,,,,0,2,0,0,0,0,2,0,0,0,2,2,4
,,,,,,,0,0,0,0,0,2,2,1,0,0,3,2,6
,,,,,,,0,0,0,0,0,0,0,0,0,0,4,0,4
,,,,,,,0,0,0,0,0,0,1,0,0,0,3,0,4
,,,,,,,0,0,0,1,0,0,0,1,1,2,4,1,8
,,,,,,,0,0,0,0,0,1,1,1,1,1,2,1,6
,,,,,,,0,0,0,1,0,0,0,0,1,1,4,1,6
,,,,,,,0,0,0,1,2,2,0,0,1,2,4,5,7
,,,,,,,0,0,1,0,0,1,0,1,1,1,4,2,7
,,,,,,,0,0,0,0,0,0,2,1,0,0,4,0,7
,,,,,,,0,2,0,0,0,0,3,0,0,0,0,2,3
,,,,,,,0,0,0,0,0,0,0,0,0,0,0,0,0
,,,,,,,0,0,0,0,0,0,1,0,0,0,4,0,5
,,,,,,,0,0,0,0,0,2,1,0,0,0,5,2,6
,,,,,,,0,0,0,1,0,2,0,0,1,1,3,3,5
,,,,,,,0,0,0,0,0,0,0,0,0,0,0,0,0
,,,,,,,0,0,0,0,0,0,0,0,0,0,0,0,0
,,,,,,,0,0,0,1,0,0,0,0,1,0,0,1,1
,,,,,,,0,1,0,0,0,0,1,0,2,1,0,1,4
,,,,,,,0,0,0,0,0,0,1,0,0,0,0,0,1
,,,,,,,0,0,0,0,0,0,0,0,2,1,1,0,4
,,,,,,,0,0,0,2,4,0,0,0,3,6,1,6,10
,,,,,,,0,0,0,0,0,0,0,0,4,6,4,0,14
,,,,,,,0,0,1,2,2,2,0,1,2,3,5,7,11
,,,,,,,0,0,1,0,0,2,0,1,1,2,2,3,6
,,,,,,,0,0,0,0,0,0,0,1,1,1,4,0,7
,,,,,,,0,0,0,0,0,1,0,0,0,0,3,1,3
,,,,,,,0,0,0,0,0,2,0,0,0,0,4,2,4
,,,,,,,0,0,0,0,0,3,0,0,0,0,4,3,4
,,,,,,,0,0,0,0,0,1,3,3,1,2,5,1,14
,,,,,,,0,3,4,1,1,2,3,4,1,2,10,11,20
,,,,,,,0,0,0,0,0,0,0,0,0,0,0,0,0
,,,,,,,0,0,0,0,1,0,0,0,2,2,2,1,6
,,,,,,,0,1,0,0,0,1,2,0,2,2,4,2,10
,,,,,,,0,0,0,0,0,1,1,0,2,0,2,1,5
,,,,,,,0,0,0,0,1,2,0,0,2,3,5,3,10
,,,,,,,0,0,0,0,0,1,1,0,0,2,3,1,6
,,,,,,,0,0,0,0,0,0,1,0,0,0,0,0,1
,,,,,,,0,1,0,0,0,0,3,0,0,0,0,1,3
,,,,,,,0,1,0,0,0,0,2,0,0,0,0,1,2
,,,,,,,0,0,0,0,0,0,0,0,0,0,0,0,0
,,,,,,,0,0,0,0,0,0,0,0,0,0,0,0,0
,,,,,,,0,0,0,0,0,0,0,0,0,0,0,0,0
,,,,,,,0,0,0,0,0,0,0,0,0,0,3,0,3
,,,,,,,0,0,0,0,0,1,0,0,1,0,6,1,7
,,,,,,,0,0,0,0,0,0,0,0,0,0,1,0,1
,,,,,,,0,0,0,1,1,2,0,0,1,2,5,4,8
,,,,,,,0,0,0,0,0,0,0,0,1,3,5,0,9
,,,,,,,0,0,0,0,3,2,0,2,1,6,4,5,13
,,,,,,,0,0,0,1,0,3,0,2,4,4,5,4,15
,,,,,,,0,0,3,3,1,1,1,5,4,5,4,8,19
,,,,,,,0,0,0,0,1,0,0,1,4,6,4,1,15
,,,,,,,0,0,0,1,0,2,2,0,2,2,4,3,10
,,,,,,,0,0,0,0,1,0,1,0,1,4,0,1,6
,,,,,,,0,0,0,1,2,1,0,0,3,5,3,4,11
,,,,,,,0,0,0,0,0,0,0,0,0,0,0,0,0
,,,,,,,0,1,0,0,0,0,1,0,0,0,0,1,1
,,,,,,,0,0,0,0,0,0,1,0,0,0,0,0,1
,,,,,,,0,0,0,0,0,0,0,0,0,0,2,0,2
,,,,,,,0,0,0,0,0,4,0,0,0,0,5,4,5
,,,,,,,0,0,0,0,0,3,0,1,1,1,8,3,11
,,,,,,,0,0,0,0,0,2,0,0,0,0,4,2,4
,,,,,,,0,0,1,1,1,1,1,1,2,4,3,4,11
,,,,,,,0,1,0,1,2,3,1,2,2,4,4,7,13
,,,,,,,0,0,0,0,1,0,0,1,0,1,2,1,4
,,,,,,,0,0,0,0,0,0,1,0,0,0,0,0,1
,,,,,,,0,0,0,0,0,0,1,0,0,0,0,0,1
,,,,,,,0,0,0,0,0,0,0,0,0,0,0,0,0
,,,,,,,0,0,0,0,0,0,0,0,0,0,0,0,0
,,,,,,,0,0,0,0,0,0,0,0,0,0,0,0,0
,,,,,,,0,0,0,0,0,0,0,0,0,0,0,0,0
,,,,,,,0,0,0,0,0,0,0,0,0,0,0,0,0
,,,,,,,0,0,0,0,0,0,0,1,0,0,0,0,1
,,,,,,,0,0,0,0,0,0,0,2,0,0,0,0,2
,,,,,,,0,0,0,0,0,0,0,0,0,0,1,0,1
,,,,,,,0,0,0,0,0,0,0,0,1,0,1,0,2
,,,,,,,0,0,0,1,1,2,1,0,2,4,2,4,9
,,,,,,,0,0,1,2,4,0,0,1,3,5,1,7,10
,,,,,,,0,0,0,1,1,1,0,1,2,2,2,3,7
,,,,,,,0,0,0,0,0,0,2,0,2,1,3,0,8
,,,,,,,0,5,1,5,3,12,6,2,7,5,16,26,36
,,,,,,,0,2,1,3,3,2,4,2,6,7,14,11,33
,,,,,,,0,0,0,0,1,0,0,0,1,2,0,1,3
,,,,,,,0,0,0,0,0,0,0,0,2,3,2,0,7
,,,,,,,0,1,0,2,1,8,1,0,5,6,12,12,24
,,,,,,,0,0,0,1,0,4,0,0,3,3,11,5,17
,,,,,,,0,0,0,0,0,1,0,0,0,2,3,1,5
,,,,,,,0,0,0,0,0,0,0,0,0,0,1,0,1
,,,,,,,0,0,0,0,0,0,0,0,0,0,0,0,0
,,,,,,,0,0,0,0,0,0,2,0,0,2,4,0,8
,,,,,,,0,0,0,0,0,0,2,0,0,2,7,0,11
,,,,,,,0,0,0,0,0,0,0,0,0,0,0,0,0
,,,,,,,0,0,0,0,0,0,0,1,1,1,0,0,3
,,,,,,,0,0,0,0,0,0,0,1,1,1,0,0,3
,,,,,,,0,0,0,1,1,1,1,0,3,2,7,3,13
,,,,,,,0,1,0,2,3,7,2,0,4,5,8,13,19
,,,,,,,0,1,0,1,1,1,1,0,2,1,2,4,6
,,,,,,,0,0,0,0,0,0,0,0,0,0,1,0,1
,,,,,,,0,0,0,0,0,0,0,1,0,0,2,0,3
,,,,,,,0,0,0,0,1,1,1,1,1,3,2,2,8
,,,,,,,0,1,0,1,1,0,1,0,3,4,0,3,8
,,,,,,,0,0,1,0,1,0,0,2,2,3,5,2,12
,,,,,,,0,0,1,0,0,0,0,4,0,2,3,1,9
,,,,,,,0,0,1,0,0,0,0,1,0,0,2,1,3
,,,,,,,0,0,0,0,0,1,0,2,2,4,4,1,12
,,,,,,,0,0,2,0,0,2,0,2,0,2,4,4,8
,,,,,,,0,1,0,2,0,5,1,0,4,1,8,8,14
,,,,,,,0,1,4,3,3,9,5,9,7,4,19,20,44
,,,,,,,0,3,3,1,1,4,4,9,4,4,11,12,32
,,,,,,,0,0,0,0,0,0,1,1,1,1,2,0,6
,,,,,,,0,1,0,0,0,0,1,0,0,1,3,1,5
,,,,,,,0,0,0,0,0,0,0,1,0,0,2,0,3
,,,,,,,0,0,0,0,0,0,0,0,0,0,5,0,5
,,,,,,,0,0,0,0,0,1,0,0,0,0,4,1,4
,,,,,,,0,0,0,0,0,2,0,0,0,0,4,2,4
,,,,,,,0,0,0,0,0,2,1,0,1,2,2,2,6
,,,,,,,0,1,0,1,2,0,1,0,1,2,2,4,6
,,,,,,,0,0,0,0,0,2,0,0,0,0,3,2,3
,,,,,,,0,0,0,0,0,0,0,0,0,0,2,0,2
,,,,,,,0,0,0,0,0,0,0,0,0,0,0,0,0
,,,,,,,0,0,0,0,0,0,0,0,0,0,0,0,0
,,,,,,,0,0,0,0,0,0,0,0,0,0,0,0,0
,,,,,,,0,0,0,0,0,0,0,0,0,0,0,0,0
,,,,,,,0,0,0,0,0,0,0,0,0,1,4,0,5
,,,,,,,0,0,0,0,3,3,0,0,4,7,4,6,15
,,,,,,,0,0,0,3,4,2,0,0,5,8,3,9,16
,,,,,,,0,0,0,0,0,0,0,0,1,3,2,0,6
,,,,,,,0,0,0,0,1,0,0,0,0,1,1,1,2
,,,,,,,0,0,0,0,0,0,0,0,0,1,0,0,1
,,,,,,,0,0,0,0,0,0,0,0,0,0,2,0,2
,,,,,,,0,0,0,0,0,1,0,0,0,0,4,1,4
,,,,,,,0,0,0,0,0,1,0,0,0,0,2,1,2
,,,,,,,0,0,0,0,0,0,0,0,0,0,5,0,5
,,,,,,,0,0,0,0,0,1,1,0,0,1,4,1,6
,,,,,,,0,0,0,0,0,0,1,0,0,0,1,0,2
,,,,,,,0,1,0,0,0,0,1,0,0,0,1,1,2
,,,,,,,0,2,0,1,1,2,2,0,2,2,3,6,9
,,,,,,,0,0,0,0,0,3,2,3,4,4,9,3,22
,,,,,,,0,0,1,2,1,1,1,1,3,3,9,5,17
,,,,,,,0,2,0,1,2,2,2,0,2,3,3,7,10
,,,,,,,0,0,0,0,0,0,1,0,0,0,1,0,2
,,,,,,,0,0,0,0,0,0,2,0,0,0,0,0,2
,,,,,,,0,2,0,0,0,0,3,0,0,0,1,2,4
,,,,,,,0,0,0,0,0,0,0,0,0,0,1,0,1
,,,,,,,0,0,0,0,0,0,0,0,0,0,0,0,0
,,,,,,,0,0,0,0,0,0,0,0,0,0,0,0,0
,,,,,,,0,0,0,0,0,0,0,0,2,0,4,0,6
,,,,,,,0,0,0,2,0,3,0,0,2,0,6,5,8
,,,,,,,0,0,0,0,0,0,0,0,0,0,0,0,0
,,,,,,,0,1,0,0,1,2,1,0,1,4,3,4,9
,,,,,,,0,0,0,1,1,0,1,0,1,4,2,2,8
,,,,,,,0,0,2,1,2,2,1,2,2,7,5,7,17
,,,,,,,0,0,0,2,2,2,1,2,3,2,6,6,14
,,,,,,,0,1,2,1,2,2,1,6,4,5,2,8,18
,,,,,,,0,0,1,1,3,1,0,1,2,5,5,6,13
,,,,,,,0,0,0,0,0,3,0,0,1,1,6,3,8
,,,,,,,0,0,0,0,1,2,0,0,0,2,2,3,4
,,,,,,,0,0,0,1,1,1,0,0,1,4,5,3,10
,,,,,,,0,0,0,1,1,2,0,0,2,2,3,4,7
,,,,,,,0,0,0,0,0,1,1,0,0,0,2,1,3
,,,,,,,0,0,0,0,1,0,0,0,0,1,5,1,6
,,,,,,,0,5,2,1,1,3,5,3,1,1,6,12,16
,,,,,,,0,0,0,0,0,3,6,2,2,1,5,3,16
,,,,,,,0,0,0,0,0,0,0,0,1,0,3,0,4
,,,,,,,0,0,0,0,0,3,0,0,1,1,5,3,7
,,,,,,,0,0,0,1,2,0,0,0,2,2,3,3,7
,,,,,,,0,1,1,0,1,2,6,1,1,9,4,5,21
,,,,,,,0,0,0,0,0,0,1,1,0,1,0,0,3
,,,,,,,0,0,0,0,0,0,0,1,0,0,0,0,1
,,,,,,,0,0,1,0,0,0,1,1,0,0,0,1,2
,,,,,,,0,0,0,0,0,0,0,0,0,0,0,0,0
,,,,,,,0,0,0,0,0,0,2,0,0,0,0,0,2
,,,,,,,0,2,0,0,0,0,2,0,0,0,0,2,2
,,,,,,,0,0,0,0,0,0,0,0,0,0,0,0,0
,,,,,,,0,0,0,0,0,0,0,0,0,0,0,0,0
,,,,,,,0,0,1,0,0,0,0,2,0,0,2,1,4
,,,,,,,0,1,2,0,0,0,1,3,0,1,3,3,8
,,,,,,,0,0,0,0,0,2,1,1,0,0,2,2,4
,,,,,,,0,0,0,0,0,0,2,1,5,6,1,0,15
,,,,,,,0,1,0,2,5,0,1,0,4,7,2,8,14
,,,,,,,0,0,0,0,0,0,1,0,1,3,0,0,5
,,,,,,,0,0,0,0,0,0,0,0,0,0,0,0,0
,,,,,,,0,0,0,0,0,0,0,0,0,0,0,0,0
,,,,,,,0,0,0,0,0,0,3,3,2,3,9,0,20
,,,,,,,0,0,1,2,3,5,1,3,4,6,9,11,23
,,,,,,,0,4,0,2,4,0,4,1,4,8,4,10,21
,,,,,,,0,1,0,1,1,4,4,0,3,5,4,7,16
,,,,,,,0,0,0,0,0,0,1,0,1,1,2,0,5
,,,,,,,0,4,0,1,0,1,4,0,1,2,5,6,12
,,,,,,,0,0,0,0,0,0,1,0,0,2,3,0,6
,,,,,,,0,0,0,0,0,1,0,0,0,1,4,1,5
,,,,,,,0,0,0,0,0,2,1,0,2,2,3,2,8
,,,,,,,0,1,0,0,1,5,3,0,2,3,9,7,17
,,,,,,,0,1,0,0,1,7,3,0,1,4,11,9,19
,,,,,,,0,0,0,0,0,0,1,0,0,1,2,0,4
,,,,,,,0,0,0,0,0,0,0,0,0,0,0,0,0
,,,,,,,0,0,0,0,2,4,0,0,0,2,5,6,7
,,,,,,,0,0,0,0,0,0,0,0,0,0,4,0,4
,,,,,,,0,0,0,0,1,1,1,1,1,1,3,2,7
,,,,,,,0,0,1,0,0,5,0,1,2,2,6,6,11
,,,,,,,0,0,0,1,2,2,0,0,2,3,4,5,9
,,,,,,,0,0,0,0,2,1,1,0,3,4,4,3,12
,,,,,,,0,0,0,0,0,1,0,0,0,0,2,1,2
,,,,,,,0,0,0,0,0,0,0,0,0,0,0,0,0
,,,,,,,0,0,1,0,0,0,0,1,1,1,3,1,6
,,,,,,,0,0,0,1,2,2,0,1,1,2,5,5,9
,,,,,,,0,0,0,4,3,0,0,0,4,4,4,7,12
,,,,,,,0,0,0,2,1,2,0,3,4,4,3,5,14
,,,,,,,0,0,1,0,1,2,0,2,0,2,3,4,7
,,,,,,,0,0,0,1,1,0,0,1,2,4,4,2,11
,,,,,,,0,0,0,2,4,0,0,0,2,6,0,6,8
,,,,,,,0,0,0,0,3,0,0,2,2,4,1,3,9
,,,,,,,0,1,0,0,1,0,1,1,4,3,5,2,14
,,,,,,,0,1,4,2,5,5,2,5,4,8,17,17,36
,,,,,,,0,0,1,1,4,6,2,5,3,5,9,12,24
,,,,,,,0,0,0,0,0,1,0,0,0,0,4,1,4
,,,,,,,0,0,0,0,0,0,0,0,0,0,0,0,0
,,,,,,,0,0,0,0,0,0,0,0,0,0,3,0,3
,,,,,,,0,0,0,0,0,2,0,0,1,1,5,2,7
,,,,,,,0,0,0,1,0,3,0,0,1,2,5,4,8
,,,,,,,0,0,0,0,1,0,0,0,0,1,2,1,3
,,,,,,,0,0,0,0,0,0,1,1,1,3,1,0,7
,,,,,,,0,0,0,0,0,0,1,1,1,2,4,0,9
,,,,,,,0,0,0,0,0,3,0,0,0,0,5,3,5
,,,,,,,0,1,0,0,1,1,1,0,2,2,4,3,9
,,,,,,,0,0,0,2,0,0,1,0,4,1,2,2,8
,,,,,,,0,1,0,2,0,0,1,0,2,0,0,3,3
,,,,,,,0,1,0,0,0,0,1,0,0,0,0,1,1
,,,,,,,0,0,0,0,0,0,0,0,0,0,0,0,0
,,,,,,,0,0,0,0,0,0,0,0,0,0,2,0,2
,,,,,,,0,0,0,0,0,0,0,0,0,0,4,0,4
,,,,,,,0,0,0,1,2,2,0,0,3,4,2,5,9
,,,,,,,0,0,0,0,0,0,0,0,1,6,3,0,10
,,,,,,,0,0,0,0,1,0,0,0,1,4,0,1,5
,,,,,,,0,0,0,0,0,0,0,0,0,0,0,0,0
,,,,,,,0,0,0,0,0,0,0,0,0,0,2,0,2
,,,,,,,0,0,0,0,0,0,0,0,0,0,2,0,2
,,,,,,,0,0,0,0,0,0,0,0,0,0,0,0,0
,,,,,,,0,0,0,0,0,0,0,0,0,0,0,0,0
,,,,,,,0,0,0,0,0,0,0,0,0,0,1,0,1
,,,,,,,0,1,1,0,0,0,1,2,0,1,1,2,5
,,,,,,,0,0,0,0,0,0,3,3,0,3,2,0,11
,,,,,,,0,0,0,3,2,3,3,1,5,6,4,8,19
,,,,,,,0,2,2,5,5,5,3,2,6,6,8,19,25
,,,,,,,0,0,0,0,0,0,1,3,1,1,6,0,12
,,,,,,,0,0,0,0,0,2,0,0,1,1,3,2,5
,,,,,,,0,0,1,0,0,1,0,1,0,0,3,2,4
,,,,,,,0,1,0,0,0,0,1,0,0,0,0,1,1
,,,,,,,0,1,0,0,0,0,2,0,0,0,1,1,3
,,,,,,,0,0,0,0,0,1,0,0,0,0,1,1,1
,,,,,,,0,0,0,0,0,0,0,0,0,0,0,0,0
,,,,,,,0,0,0,0,0,0,0,0,0,0,0,0,0
,,,,,,,0,0,0,0,0,0,0,0,1,0,3,0,4
,,,,,,,0,0,0,1,1,3,0,0,5,5,3,5,13
,,,,,,,0,0,0,2,3,0,0,0,4,5,0,5,9
,,,,,,,0,0,1,0,1,0,1,1,0,2,3,2,7
,,,,,,,0,0,1,0,1,0,2,1,2,5,4,2,14
,,,,,,,0,1,0,1,1,1,1,0,4,6,7,4,18
,,,,,,,0,0,0,1,2,2,0,0,2,5,4,5,11
,,,,,,,0,0,0,0,0,0,0,0,0,2,0,0,2
,,,,,,,0,0,0,0,1,0,0,0,0,1,0,1,1
,,,,,,,0,0,0,0,0,0,0,0,0,0,1,0,1
,,,,,,,0,0,0,0,0,0,0,0,0,1,2,0,3
,,,,,,,0,0,0,0,0,2,0,1,1,0,2,2,4
,,,,,,,0,0,0,1,0,1,1,2,4,2,7,2,16
,,,,,,,0,0,0,0,0,1,0,2,0,2,4,1,8
,,,,,,,0,1,0,2,1,1,2,0,2,2,7,5,13
,,,,,,,0,5,1,0,0,1,6,3,2,1,6,7,18
,,,,,,,0,1,0,1,0,1,5,2,1,1,2,3,11
,,,,,,,0,0,0,0,0,1,3,0,1,0,5,1,9
,,,,,,,0,0,0,0,0,2,0,0,0,0,4,2,4
,,,,,,,0,0,0,0,0,0,2,0,1,5,0,0,8
,,,,,,,0,6,0,1,8,1,7,0,2,8,3,16,20
,,,,,,,0,0,0,0,0,0,4,0,1,3,3,0,11
,,,,,,,0,0,0,0,0,3,1,0,0,1,4,3,6
,,,,,,,0,1,0,0,0,0,1,1,0,0,2,1,4
,,,,,,,0,0,0,0,0,0,0,0,0,0,0,0,0
,,,,,,,0,0,0,0,0,0,0,0,0,0,0,0,0
,,,,,,,0,0,0,0,0,0,2,0,1,1,0,0,4
,,,,,,,0,0,0,0,1,0,0,0,0,2,2,1,4
,,,,,,,0,1,0,1,2,2,1,0,2,4,2,6,9
,,,,,,,0,0,0,1,1,2,1,0,2,1,4,4,8
,,,,,,,0,0,0,0,2,0,1,0,2,4,7,2,14
,,,,,,,0,0,0,3,9,6,3,2,9,13,10,18,37
,,,,,,,0,2,2,6,5,2,3,2,7,12,6,17,30
,,,,,,,0,0,0,0,1,0,2,0,3,8,1,1,14
,,,,,,,0,0,0,0,0,0,0,0,5,4,2,0,11
,,,,,,,0,0,1,0,1,0,0,1,2,2,2,2,7
,,,,,,,0,0,1,0,0,0,0,1,0,1,0,1,2
,,,,,,,0,0,1,0,0,0,1,1,0,0,0,1,2
,,,,,,,0,1,0,0,0,2,1,2,1,0,4,3,8
,,,,,,,0,2,0,1,0,4,4,0,2,4,6,7,16
,,,,,,,0,0,0,0,0,1,4,0,1,3,4,1,12
,,,,,,,0,0,0,0,0,2,0,0,0,0,4,2,4
,,,,,,,0,2,0,0,2,4,4,0,1,5,5,8,15
,,,,,,,0,0,0,0,3,2,1,0,0,5,3,5,9
,,,,,,,0,0,0,1,2,1,0,0,2,5,4,4,11
,,,,,,,0,1,0,1,2,0,1,0,3,5,2,4,11
,,,,,,,0,0,0,1,2,1,1,0,2,3,6,4,12
,,,,,,,0,0,0,0,0,2,1,0,1,3,3,2,8
,,,,,,,0,0,0,0,1,3,1,0,2,2,4,4,9
,,,,,,,0,0,0,0,0,3,0,0,0,1,5,3,6
,,,,,,,0,0,0,0,0,1,0,0,0,1,4,1,5
,,,,,,,0,0,0,0,0,0,0,0,1,3,2,0,6
,,,,,,,0,0,0,0,0,0,1,0,0,0,0,0,1
,,,,,,,0,1,0,0,0,2,1,0,0,0,5,3,6
,,,,,,,0,0,0,0,0,0,0,0,0,0,4,0,4
,,,,,,,0,0,0,0,0,0,0,0,0,1,0,0,1
,,,,,,,0,0,0,0,0,0,0,0,0,0,0,0,0
,,,,,,,0,2,0,0,0,0,3,0,0,0,1,2,4
,,,,,,,0,3,0,0,0,0,3,0,0,1,0,3,4
,,,,,,,0,0,0,0,0,0,0,0,0,1,0,0,1
,,,,,,,0,0,0,0,1,2,0,0,0,1,4,3,5
,,,,,,,0,0,0,0,0,3,0,1,2,0,7,3,10
,,,,,,,0,0,0,0,0,0,0,0,0,0,3,0,3
,,,,,,,0,0,0,0,0,0,0,0,1,1,0,0,2
,,,,,,,0,0,0,1,3,3,0,0,2,3,3,7,8
,,,,,,,0,0,0,0,1,0,0,0,1,3,3,1,7
,,,,,,,0,0,0,0,0,2,1,0,3,3,4,2,11
,,,,,,,0,0,0,3,3,0,1,0,3,3,2,6,9
,,,,,,,0,0,0,0,1,0,1,0,2,4,0,1,7
,,,,,,,0,0,0,0,0,0,0,0,1,4,0,0,5
,,,,,,,0,0,0,1,1,2,0,0,1,1,2,4,4
,,,,,,,0,0,0,0,0,0,0,1,0,0,4,0,5
,,,,,,,0,0,0,0,0,2,0,0,0,0,3,2,3
,,,,,,,0,0,0,0,0,0,0,0,1,1,2,0,4
,,,,,,,0,0,0,2,3,3,0,1,2,3,4,8,10
,,,,,,,0,0,0,0,0,2,0,3,2,2,3,2,10
,,,,,,,0,1,2,1,1,1,2,4,2,2,2,6,12
,,,,,,,0,1,2,0,0,2,2,3,1,1,4,5,11
,,,,,,,0,0,0,0,0,0,0,0,1,1,4,0,6
,,,,,,,0,0,0,1,1,2,1,0,3,2,4,4,10
,,,,,,,0,0,0,0,0,1,0,1,3,2,7,1,13
,,,,,,,0,0,0,0,1,0,1,0,2,1,2,1,6
,,,,,,,0,0,0,0,0,0,1,0,0,0,0,0,1
,,,,,,,0,0,0,0,0,0,2,1,0,0,2,0,5
,,,,,,,0,2,1,0,0,1,2,2,2,1,2,4,9
,,,,,,,0,0,0,0,0,0,0,0,1,1,0,0,2
,,,,,,,0,0,0,0,0,2,0,0,0,0,5,2,5
,,,,,,,0,0,0,0,1,4,0,0,1,3,6,5,10
,,,,,,,0,0,0,1,3,1,0,0,1,4,3,5,8
,,,,,,,0,0,0,0,0,0,0,0,0,0,0,0,0
,,,,,,,0,0,0,0,0,0,0,0,0,0,0,0,0
,,,,,,,0,0,0,0,0,0,0,0,0,0,0,0,0
,,,,,,,0,0,0,0,0,0,0,0,0,0,0,0,0
,,,,,,,0,0,0,0,0,0,0,0,0,0,2,0,2
,,,,,,,0,0,0,0,0,0,0,0,0,0,3,0,3
,,,,,,,0,0,1,0,0,1,0,2,0,1,3,2,6
,,,,,,,0,0,0,0,1,0,1,2,0,2,1,1,6
,,,,,,,0,0,0,0,2,0,1,1,1,7,4,2,14
,,,,,,,0,1,0,3,4,2,1,0,6,8,5,10,20
,,,,,,,0,1,0,0,1,1,1,0,3,8,2,3,14
,,,,,,,0,0,0,0,4,0,0,0,0,5,1,4,6
,,,,,,,0,4,1,0,1,2,5,1,0,2,3,8,11
,,,,,,,0,0,0,0,0,0,4,1,0,0,3,0,8
,,,,,,,0,0,1,0,0,3,2,1,0,0,5,4,8
,,,,,,,0,0,0,0,0,1,2,0,0,0,3,1,5
,,,,,,,0,0,0,0,0,0,0,0,0,0,0,0,0
,,,,,,,0,0,0,0,0,0,0,0,0,0,0,0,0
,,,,,,,0,0,0,0,0,0,0,0,0,0,1,0,1
,,,,,,,0,0,0,2,1,2,0,0,2,4,3,5,9
,,,,,,,0,0,0,0,0,0,0,0,3,4,0,0,7
,,,,,,,0,0,0,1,1,2,0,1,1,1,3,4,6
,,,,,,,0,0,0,1,2,0,0,1,2,3,5,3,11
,,,,,,,0,0,0,0,1,3,0,0,3,6,5,4,14
,,,,,,,0,0,0,2,3,1,0,0,3,6,3,6,12
,,,,,,,0,0,0,0,0,0,1,0,1,3,0,0,5
,,,,,,,0,0,0,0,0,0,0,0,0,1,0,0,1
,,,,,,,0,0,0,0,0,0,0,1,0,1,0,0,2
,,,,,,,0,0,0,1,2,0,0,0,1,3,0,3,4
,,,,,,,0,0,0,1,1,0,1,1,3,4,1,2,10
,,,,,,,0,1,1,3,3,2,4,3,6,9,5,10,27
,,,,,,,0,5,4,6,10,7,7,5,7,19,14,32,52
,,,,,,,0,1,0,2,3,5,4,3,5,14,10,11,36
,,,,,,,0,0,0,0,0,3,0,0,2,2,4,3,8
,,,,,,,0,0,0,0,0,3,1,0,1,3,5,3,10
,,,,,,,0,3,0,0,2,4,3,0,0,2,4,9,9
,,,,,,,0,0,0,0,0,0,2,0,0,2,1,0,5
,,,,,,,0,0,0,0,4,0,2,0,3,6,3,4,14
,,,,,,,0,0,0,0,1,0,1,0,1,4,1,1,7
,,,,,,,0,0,0,0,0,0,2,0,1,1,3,0,7
,,,,,,,0,0,0,0,1,0,2,0,0,3,6,1,11
,,,,,,,0,0,0,0,1,0,0,0,1,2,2,1,5
,,,,,,,0,0,0,1,0,0,0,0,2,2,1,1,5
,,,,,,,0,0,0,0,0,0,0,0,1,0,0,0,1
,,,,,,,0,0,0,2,2,0,0,0,2,2,0,4,4
,,,,,,,0,0,0,0,3,2,0,0,3,7,4,5,14
,,,,,,,0,0,0,0,2,0,1,0,1,4,5,2,11
,,,,,,,0,1,1,0,0,2,1,1,2,2,4,4,10
,,,,,,,0,1,0,0,1,2,1,1,6,4,5,4,17
,,,,,,,0,6,2,7,6,4,13,3,9,12,12,25,49
,,,,,,,0,1,0,2,3,2,13,4,9,8,6,8,40
,,,,,,,0,1,0,3,1,2,1,0,4,6,4,7,15
,,,,,,,0,0,0,4,2,3,0,0,5,3,4,9,12
,,,,,,,0,0,0,1,1,2,0,0,4,4,4,4,12
,,,,,,,0,0,1,0,0,1,0,1,0,1,3,2,5
,,,,,,,0,0,0,0,0,0,0,1,0,0,0,0,1
,,,,,,,0,0,2,0,0,0,2,3,2,2,1,2,10
,,,,,,,0,0,0,2,2,4,0,0,3,3,4,8,10
,,,,,,,0,0,0,0,0,0,0,0,0,2,1,0,3
,,,,,,,0,0,0,0,0,0,0,2,0,3,3,0,8
,,,,,,,0,0,2,1,3,4,2,3,4,6,5,10,20
,,,,,,,0,0,0,0,1,0,0,0,1,3,2,1,6
,,,,,,,0,0,0,0,0,0,0,0,1,2,0,0,3
,,,,,,,0,0,0,1,2,0,0,0,1,3,4,3,8
,,,,,,,0,0,0,0,0,3,1,0,0,2,5,3,8
,,,,,,,0,1,0,0,1,2,3,0,3,4,4,4,14
,,,,,,,0,1,0,3,2,1,2,0,3,4,3,7,12
,,,,,,,0,0,0,0,0,3,0,0,0,0,5,3,5
,,,,,,,0,0,0,0,0,1,0,0,0,0,3,1,3
,,,,,,,0,0,0,0,0,1,0,0,2,1,3,1,6
,,,,,,,0,0,0,2,1,3,0,0,2,1,6,6,9
,,,,,,,0,0,0,0,0,0,0,0,1,1,0,0,2
,,,,,,,0,0,0,1,1,0,0,0,1,1,0,2,2
,,,,,,,0,0,0,0,0,1,0,0,0,0,3,1,3
,,,,,,,0,0,0,0,0,2,0,0,0,0,3,2,3
,,,,,,,0,0,0,0,0,0,0,0,0,0,0,0,0
,,,,,,,0,0,0,0,0,0,0,0,0,0,0,0,0
,,,,,,,0,0,0,0,0,0,0,0,0,0,0,0,0
,,,,,,,0,0,0,0,0,0,0,0,0,0,0,0,0
,,,,,,,0,0,0,0,1,0,1,0,0,1,0,1,2
,,,,,,,0,0,0,0,0,0,0,0,0,1,0,0,1
,,,,,,,0,0,0,0,0,0,1,0,1,1,3,0,6
,,,,,,,0,1,1,4,1,1,1,1,4,1,3,8,10
,,,,,,,0,0,0,0,0,0,0,0,1,0,0,0,1
,,,,,,,0,0,0,1,0,2,0,0,1,2,2,3,5
,,,,,,,0,0,0,0,0,1,0,0,0,0,3,1,3
,,,,,,,0,0,0,0,0,1,0,2,1,1,6,1,10
,,,,,,,0,1,2,1,1,3,1,2,2,2,5,8,12
,,,,,,,0,0,0,0,0,1,1,0,2,2,1,1,6
,,,,,,,0,0,0,0,0,0,0,0,0,0,2,0,2
,,,,,,,0,0,0,0,1,1,0,1,0,2,1,2,4
,,,,,,,0,0,1,0,1,0,0,1,1,3,1,2,6
,,,,,,,0,0,1,0,1,2,0,1,0,2,4,4,7
,,,,,,,0,0,0,0,1,2,0,0,0,1,5,3,6
,,,,,,,0,0,0,0,1,0,0,0,1,1,0,1,2
,,,,,,,0,3,0,0,1,0,3,1,2,4,2,4,12
,,,,,,,0,0,1,0,0,2,3,3,1,3,5,3,15
,,,,,,,0,0,0,1,1,0,1,4,2,2,2,2,11
,,,,,,,0,0,0,0,0,0,0,1,0,1,0,0,2
,,,,,,,0,0,0,0,0,0,0,0,0,0,0,0,0
,,,,,,,0,0,0,0,0,0,0,1,1,1,3,0,6
,,,,,,,0,0,1,2,3,3,0,1,2,3,4,9,10
,,,,,,,0,0,0,0,0,2,1,1,4,5,6,2,17
,,,,,,,0,0,1,3,3,2,1,1,4,3,7,9,16
,,,,,,,0,0,0,0,0,2,1,1,3,1,4,2,10
,,,,,,,0,0,1,3,1,2,2,2,3,2,5,7,14
,,,,,,,0,0,0,0,2,2,0,0,1,2,2,4,5
,,,,,,,0,0,0,0,0,0,0,0,0,0,2,0,2
,,,,,,,0,0,0,0,0,0,0,0,0,0,3,0,3
,,,,,,,0,0,0,0,0,2,0,0,0,0,2,2,2
,,,,,,,0,0,0,1,0,0,0,0,1,0,0,1,1
,,,,,,,0,0,0,0,0,0,0,0,1,0,0,0,1
,,,,,,,0,0,0,0,0,0,0,0,0,0,0,0,0
,,,,,,,0,0,0,0,0,0,0,0,0,0,4,0,4
,,,,,,,0,0,0,0,0,2,0,0,0,0,4,2,4
,,,,,,,0,0,0,0,0,2,0,0,0,0,2,2,2
,,,,,,,0,0,0,0,0,1,0,0,0,0,3,1,3
,,,,,,,0,0,0,0,0,2,0,0,0,0,2,2,2
,,,,,,,0,0,0,0,1,0,0,2,1,3,0,1,6
,,,,,,,0,0,0,1,2,2,0,0,3,4,3,5,10
,,,,,,,0,0,0,0,2,0,0,0,2,9,5,2,16
,,,,,,,0,0,0,1,2,0,7,1,3,7,2,3,20
,,,,,,,0,1,0,3,2,4,2,0,5,7,6,10,20
,,,,,,,0,1,0,0,3,2,2,0,2,4,5,6,13
,,,,,,,0,0,0,0,0,3,3,1,0,0,5,3,9
,,,,,,,0,2,0,0,0,2,2,0,0,0,5,4,7
,,,,,,,0,0,0,0,0,0,0,0,0,0,0,0,0
,,,,,,,0,0,0,0,0,0,0,0,0,0,0,0,0
,,,,,,,0,0,0,0,0,0,0,0,0,1,2,0,3
,,,,,,,0,0,0,0,2,2,0,0,0,2,4,4,6
,,,,,,,0,0,0,0,0,0,1,0,0,1,1,0,3
,,,,,,,0,1,0,0,0,2,1,0,0,1,4,3,6
,,,,,,,0,0,0,0,0,1,0,0,0,4,3,1,7
,,,,,,,0,0,0,0,1,0,0,1,2,7,6,1,16
,,,,,,,0,0,0,1,4,2,1,0,3,5,3,7,12
,,,,,,,0,1,0,1,1,0,1,0,1,1,0,3,3
,,,,,,,0,0,0,0,0,0,0,0,0,0,0,0,0
,,,,,,,0,0,1,0,0,0,1,1,0,0,0,1,2
,,,,,,,0,1,0,0,0,0,2,1,2,3,0,1,8
,,,,,,,0,0,0,0,2,0,1,0,1,3,1,2,6
,,,,,,,0,1,0,3,2,0,3,1,7,8,5,6,24
,,,,,,,0,7,3,4,3,3,9,5,11,16,10,20,51
,,,,,,,0,1,1,1,4,0,5,4,4,8,3,7,24
,,,,,,,0,0,0,1,0,0,0,1,1,3,2,1,7
,,,,,,,0,1,0,0,1,0,1,0,1,2,2,2,6
,,,,,,,0,0,1,0,1,1,4,1,0,2,2,3,9
,,,,,,,0,1,0,0,0,0,2,1,2,2,4,1,11
,,,,,,,0,4,1,4,2,3,6,1,4,5,5,14,21
,,,,,,,0,1,0,0,0,0,5,0,2,3,1,1,11
,,,,,,,0,1,0,0,0,1,3,0,0,1,2,2,6
,,,,,,,0,2,0,1,2,1,3,0,3,5,3,6,14
,,,,,,,0,0,0,1,2,2,0,0,4,5,5,5,14
,,,,,,,0,0,1,1,2,2,14,7,5,5,4,6,35
,,,,,,,0,5,1,1,0,2,9,4,3,4,4,9,24
,,,,,,,0,0,0,0,0,2,0,0,2,1,3,2,6
,,,,,,,0,0,0,1,2,1,0,0,2,3,2,4,7
,,,,,,,0,0,0,0,0,1,0,0,1,1,3,1,5
,,,,,,,0,0,0,0,0,0,0,1,0,0,2,0,3
,,,,,,,0,1,0,0,2,0,1,1,0,2,0,3,4
,,,,,,,0,3,0,0,0,0,10,3,2,1,2,3,18
,,,,,,,0,3,1,1,1,2,11,1,4,4,4,8,24
,,,,,,,0,0,0,0,0,0,2,1,3,4,5,0,15
,,,,,,,0,0,0,0,0,0,0,0,0,3,2,0,5
,,,,,,,0,0,0,0,0,0,0,0,0,1,2,0,3
,,,,,,,0,0,1,0,0,2,0,1,0,2,4,3,7
,,,,,,,0,1,0,0,1,0,2,1,1,3,3,2,10
,,,,,,,0,2,2,0,2,2,2,3,1,3,2,8,11
,,,,,,,0,0,0,2,2,2,1,0,3,5,3,6,12
,,,,,,,0,0,0,0,2,0,0,0,0,4,2,2,6
,,,,,,,0,0,0,2,3,0,2,1,4,6,3,5,16
,,,,,,,0,2,2,4,3,3,2,3,7,6,7,14,25
,,,,,,,0,0,0,1,2,2,0,0,4,5,3,5,12
,,,,,,,0,0,0,0,0,0,0,0,0,1,2,0,3
,,,,,,,0,0,0,1,2,2,0,0,1,3,3,5,7
,,,,,,,0,0,0,0,0,0,1,0,1,1,6,0,9
,,,,,,,0,1,0,0,1,2,2,0,0,2,5,4,9
,,,,,,,0,0,0,0,3,2,0,0,1,3,3,5,7
,,,,,,,0,0,0,0,0,1,0,0,0,2,2,1,4
,,,,,,,0,0,0,0,0,0,0,0,0,0,2,0,2
,,,,,,,0,0,0,0,0,0,0,0,0,0,0,0,0
,,,,,,,0,0,0,0,0,0,0,0,0,0,0,0,0
,,,,,,,0,0,0,0,0,0,0,0,0,0,1,0,1
,,,,,,,0,0,0,0,0,0,0,0,1,0,2,0,3
,,,,,,,0,0,0,0,0,1,0,0,0,0,2,1,2
,,,,,,,0,0,0,2,1,0,0,0,2,1,4,3,7
,,,,,,,0,0,0,0,0,2,0,0,1,0,3,2,4
,,,,,,,0,0,0,0,0,0,0,0,0,0,1,0,1
,,,,,,,0,0,0,0,0,0,0,0,0,0,0,0,0
,,,,,,,0,0,0,0,0,0,0,0,0,0,0,0,0
,,,,,,,0,0,0,0,0,0,0,0,0,0,0,0,0
,,,,,,,0,0,0,0,0,0,0,0,0,0,0,0,0
,,,,,,,0,0,0,0,0,0,0,0,0,0,0,0,0
,,,,,,,0,0,0,0,0,0,0,0,2,2,1,0,5
,,,,,,,0,0,0,0,1,3,0,0,3,2,3,4,8
,,,,,,,0,0,0,0,0,0,1,0,3,0,4,0,8
,,,,,,,0,0,0,1,1,0,0,0,3,4,2,2,9
,,,,,,,0,0,0,1,3,1,0,0,1,4,3,5,8
,,,,,,,0,0,0,0,0,0,1,1,0,0,4,0,6
,,,,,,,0,0,2,0,0,2,1,3,0,0,4,4,8
,,,,,,,0,0,1,0,0,0,0,4,0,0,2,1,6
,,,,,,,0,0,0,0,0,0,0,0,0,0,1,0,1
,,,,,,,0,0,0,0,0,0,0,0,0,0,1,0,1
,,,,,,,0,0,0,0,0,0,0,0,0,0,2,0,2
,,,,,,,0,0,0,0,0,2,0,1,0,1,3,2,5
,,,,,,,0,1,0,0,1,2,1,0,0,1,4,4,6
,,,,,,,0,0,0,0,1,2,0,1,0,5,4,3,10
,,,,,,,0,1,0,0,2,0,3,2,3,5,2,3,15
,,,,,,,0,2,0,2,1,0,5,0,4,3,2,5,14
,,,,,,,0,0,0,1,0,2,1,0,1,1,3,3,6
,,,,,,,0,0,0,0,0,0,2,0,0,0,0,0,2
,,,,,,,0,1,0,0,0,0,1,0,0,0,0,1,1
,,,,,,,0,0,0,0,0,0,1,0,0,0,0,0,1
,,,,,,,0,0,0,0,0,0,0,0,0,0,2,0,2
,,,,,,,0,0,0,2,1,2,0,0,2,2,3,5,7
,,,,,,,0,1,0,1,1,0,3,5,2,3,5,3,18
,,,,,,,0,4,6,3,2,4,7,6,8,7,8,19,36
,,,,,,,0,4,0,2,2,2,5,3,7,4,6,10,25
,,,,,,,0,0,1,1,1,0,2,1,3,2,1,3,9
,,,,,,,0,0,0,0,0,1,1,0,1,2,4,1,8
,,,,,,,0,0,0,0,0,2,0,0,0,0,3,2,3
,,,,,,,0,0,0,0,0,0,0,0,0,0,0,0,0
,,,,,,,0,0,0,0,0,0,0,0,0,0,0,0,0
,,,,,,,0,0,0,0,0,0,0,0,1,0,0,0,1
,,,,,,,0,0,0,0,0,0,0,1,1,0,2,0,4
,,,,,,,0,0,0,0,0,2,0,0,0,0,2,2,2
,,,,,,,0,0,0,0,0,2,1,0,0,0,2,2,3
,,,,,,,0,1,0,0,0,0,1,0,0,0,2,1,3
,,,,,,,0,0,0,0,0,0,0,0,0,0,0,0,0
,,,,,,,0,0,0,0,0,0,1,0,0,0,0,0,1
,,,,,,,0,0,0,0,0,0,1,1,1,0,1,0,4
,,,,,,,0,2,3,2,2,0,2,3,2,2,0,9,9
,,,,,,,0,0,0,0,1,0,1,2,4,7,2,1,16
,,,,,,,0,1,1,2,4,5,6,2,3,7,8,13,26
,,,,,,,0,9,1,2,2,3,13,3,3,5,6,17,30
,,,,,,,0,1,0,0,1,0,8,1,5,5,2,2,21
,,,,,,,0,0,0,0,0,1,1,0,0,2,3,1,6
,,,,,,,0,0,0,0,2,2,0,0,0,4,6,4,10
,,,,,,,0,0,0,0,1,2,1,0,0,4,3,3,8
,,,,,,,0,0,0,0,0,0,0,0,0,0,2,0,2
,,,,,,,0,0,0,0,0,0,0,0,0,0,3,0,3
,,,,,,,0,0,0,0,0,1,0,0,0,0,3,1,3
,,,,,,,0,0,0,0,0,1,0,0,0,1,2,1,3
,,,,,,,0,0,0,0,0,0,1,0,1,0,0,0,2
,,,,,,,0,0,0,1,0,2,1,0,1,0,2,3,4
,,,,,,,0,0,0,0,0,3,0,1,0,2,5,3,8
,,,,,,,0,0,1,0,1,2,0,1,0,3,5,4,9
,,,,,,,0,1,0,0,0,3,1,0,0,2,7,4,10
,,,,,,,0,0,0,0,0,1,1,0,0,0,3,1,4
,,,,,,,0,0,0,0,0,2,0,0,0,0,4,2,4
,,,,,,,0,0,0,0,0,0,1,0,1,2,4,0,8
,,,,,,,0,1,0,1,2,2,2,0,1,2,4,6,9
,,,,,,,0,1,0,0,0,3,1,0,1,3,5,4,10
,,,,,,,0,0,0,2,2,2,1,0,3,3,3,6,10
,,,,,,,0,0,0,0,0,0,0,2,1,0,2,0,5
,,,,,,,0,0,1,1,0,2,1,1,2,1,4,4,9
,,,,,,,0,0,0,1,1,2,0,1,2,2,3,4,8
,,,,,,,0,1,0,0,0,0,2,0,2,2,1,1,7
,,,,,,,0,2,0,0,0,0,3,1,0,1,0,2,5
,,,,,,,0,0,0,0,0,0,5,1,0,1,3,0,10
,,,,,,,0,4,0,0,1,2,7,1,1,1,3,7,13
,,,,,,,0,2,0,0,0,0,3,0,0,0,0,2,3
,,,,,,,0,0,0,0,0,0,1,0,0,1,2,0,4
,,,,,,,0,2,0,5,5,2,3,0,9,12,4,14,28
,,,,,,,0,1,0,4,4,3,2,1,12,13,7,12,35
,,,,,,,0,6,3,2,1,2,14,7,4,5,6,14,36
,,,,,,,0,5,3,2,3,0,14,7,3,5,3,13,32
,,,,,,,0,0,1,1,0,0,0,2,1,1,1,2,5
,,,,,,,0,0,0,0,0,0,0,0,0,0,0,0,0
,,,,,,,0,0,0,0,0,0,0,0,1,1,0,0,2
,,,,,,,0,0,0,0,0,0,0,0,1,1,0,0,2
,,,,,,,0,1,1,0,2,2,1,1,0,2,2,6,6
,,,,,,,0,0,0,0,0,1,0,1,0,0,2,1,3
,,,,,,,0,0,0,0,0,0,1,0,0,0,6,0,7
,,,,,,,0,2,0,0,2,3,2,0,0,3,8,7,13
,,,,,,,0,0,0,0,4,2,1,0,0,4,3,6,8
,,,,,,,0,0,0,0,1,0,0,0,0,3,2,1,5
,,,,,,,0,0,0,0,0,2,0,0,3,4,4,2,11
,,,,,,,0,1,0,3,1,3,2,0,4,5,5,8,16
,,,,,,,0,0,0,1,0,0,1,0,2,6,2,1,11
,,,,,,,0,0,0,0,2,1,0,0,0,3,4,3,7
,,,,,,,0,0,0,0,2,2,1,1,1,5,4,4,12
,,,,,,,0,0,0,2,2,2,0,1,3,6,5,6,15
,,,,,,,0,0,0,0,0,1,0,0,3,4,6,1,13
,,,,,,,0,0,0,1,0,1,0,0,3,2,3,2,8
,,,,,,,0,0,0,0,0,1,0,0,1,0,2,1,3
,,,,,,,0,0,0,0,0,1,0,0,0,0,2,1,2
,,,,,,,0,0,0,0,0,0,0,0,0,0,0,0,0
,,,,,,,0,0,0,0,0,0,0,0,0,0,2,0,2
,,,,,,,0,0,0,0,0,2,0,0,1,5,5,2,11
,,,,,,,0,0,0,0,0,0,0,0,0,0,1,0,1
,,,,,,,0,0,0,0,0,0,0,0,0,0,0,0,0
,,,,,,,0,0,0,0,0,0,0,0,0,0,0,0,0
,,,,,,,0,1,0,0,0,0,1,0,0,0,0,1,1
,,,,,,,0,1,0,0,0,0,1,0,0,0,0,1,1
,,,,,,,0,0,0,0,0,0,0,0,0,0,0,0,0
,,,,,,,0,0,0,0,0,0,0,0,0,0,0,0,0
,,,,,,,0,0,0,0,0,0,0,0,0,0,1,0,1
,,,,,,,0,1,0,1,0,3,3,0,2,0,12,5,17
,,,,,,,0,0,0,1,0,7,5,0,4,3,13,8,25
,,,,,,,0,0,0,3,1,0,0,1,4,1,4,4,10
,,,,,,,0,0,0,0,0,0,0,1,3,2,0,0,6
,,,,,,,0,0,0,0,0,0,0,0,0,0,0,0,0
,,,,,,,0,0,0,0,0,0,0,0,0,0,0,0,0
,,,,,,,0,0,0,0,0,0,0,0,0,0,0,0,0
,,,,,,,0,0,0,0,0,0,0,0,0,0,0,0,0
,,,,,,,0,0,0,0,0,0,0,0,0,0,0,0,0
,,,,,,,0,0,0,2,1,2,0,0,3,1,4,5,8
,,,,,,,0,0,0,1,1,2,0,0,3,2,3,4,8
,,,,,,,0,0,0,0,0,2,0,0,1,0,3,2,4
,,,,,,,0,0,0,1,0,3,0,0,2,1,6,4,9
,,,,,,,0,0,0,0,0,0,1,0,0,1,6,0,8
,,,,,,,0,4,2,0,0,3,7,3,0,1,4,9,15
,,,,,,,0,0,0,0,0,0,4,3,0,0,2,0,9
,,,,,,,0,0,0,0,0,0,0,0,0,0,0,0,0
,,,,,,,0,0,0,0,0,0,0,0,0,0,0,0,0
,,,,,,,0,0,0,0,0,0,0,0,0,0,0,0,0
,,,,,,,0,0,0,0,0,0,0,0,0,0,2,0,2
,,,,,,,0,0,0,0,0,0,0,0,0,0,2,0,2
,,,,,,,0,1,0,0,0,0,1,0,0,0,2,1,3
,,,,,,,0,0,1,0,0,0,1,3,1,5,3,1,13
,,,,,,,0,3,3,3,7,4,5,4,4,9,6,20,28
,,,,,,,0,3,1,2,0,2,4,3,9,6,9,8,31
,,,,,,,0,1,0,0,0,0,1,0,1,1,2,1,5
,,,,,,,0,2,0,0,0,0,3,0,0,0,0,2,3
,,,,,,,0,1,0,0,0,0,2,0,0,0,0,1,2
,,,,,,,0,0,0,0,0,0,0,0,0,0,0,0,0
,,,,,,,0,0,0,0,0,1,0,0,0,0,3,1,3
,,,,,,,0,0,0,0,0,2,0,1,0,0,5,2,6
,,,,,,,0,0,1,0,0,0,0,1,1,0,3,1,5
,,,,,,,0,0,0,2,0,2,4,6,3,5,4,4,22
,,,,,,,0,3,5,4,6,3,6,8,8,10,5,21,37
,,,,,,,0,4,4,3,3,0,5,7,4,6,3,14,25
,,,,,,,0,0,0,0,1,0,3,0,1,3,1,1,8
,,,,,,,0,0,0,0,0,1,0,0,0,1,5,1,6
,,,,,,,0,0,0,0,1,2,1,0,0,1,5,3,7
,,,,,,,0,0,0,0,0,1,0,0,0,2,2,1,4
,,,,,,,0,0,0,0,1,2,0,2,0,1,2,3,5
,,,,,,,0,0,2,0,0,0,0,2,0,0,0,2,2
,,,,,,,0,0,0,0,0,0,0,0,0,0,2,0,2
,,,,,,,0,0,0,0,0,0,0,0,0,0,0,0,0
,,,,,,,0,0,0,0,0,0,1,0,0,0,0,0,1
,,,,,,,0,1,0,0,0,0,1,0,0,0,0,1,1
,,,,,,,0,1,0,0,0,0,1,0,0,0,0,1,1
,,,,,,,0,0,0,0,0,2,1,0,0,0,2,2,3
,,,,,,,0,1,0,0,0,0,4,2,1,1,2,1,10
,,,,,,,0,1,1,0,0,2,5,2,3,2,2,4,14
,,,,,,,0,4,1,2,0,1,7,3,3,4,6,8,23
,,,,,,,0,6,1,1,0,0,12,1,1,1,3,8,18
,,,,,,,0,0,0,0,0,0,0,0,0,1,0,0,1
,,,,,,,0,0,0,0,0,1,0,0,0,1,2,1,3
,,,,,,,0,0,0,0,1,1,1,1,0,5,9,2,16
,,,,,,,0,1,1,0,1,4,1,1,0,2,5,7,9
,,,,,,,0,0,0,0,0,2,1,1,2,2,5,2,11
,,,,,,,0,0,0,0,0,4,0,0,0,0,4,4,4
,,,,,,,0,0,0,0,0,2,0,0,0,0,3,2,3
,,,,,,,0,0,0,0,0,0,0,0,0,0,2,0,2
,,,,,,,0,0,0,0,0,0,0,0,0,0,0,0,0
,,,,,,,0,0,0,0,0,0,0,0,0,0,0,0,0
,,,,,,,0,0,0,0,0,0,0,0,0,0,1,0,1
,,,,,,,0,0,0,0,0,0,1,0,0,0,3,0,4
,,,,,,,0,0,0,0,0,5,2,0,0,0,7,5,9
,,,,,,,0,0,0,0,0,1,0,0,0,0,6,1,6
,,,,,,,0,0,0,0,0,0,0,0,0,0,4,0,4
,,,,,,,0,0,0,0,0,0,0,0,0,0,1,0,1
,,,,,,,0,0,0,0,0,0,0,0,0,0,2,0,2
,,,,,,,0,0,0,0,0,1,1,0,0,0,4,1,5
,,,,,,,0,0,0,0,0,0,0,0,0,1,0,0,1
,,,,,,,0,0,0,0,2,2,0,0,0,3,2,4,5
,,,,,,,0,0,0,0,1,1,0,0,1,3,2,2,6
,,,,,,,0,1,0,0,2,1,1,2,4,6,4,4,17
,,,,,,,0,1,1,1,3,1,1,2,2,5,3,7,13
,,,,,,,0,0,0,0,0,0,1,1,0,0,0,0,2
,,,,,,,0,2,0,1,1,0,3,1,1,2,3,4,10
,,,,,,,0,1,1,0,0,1,4,1,0,2,4,3,11
,,,,,,,0,0,0,0,0,0,2,0,0,2,2,0,6
,,,,,,,0,0,0,0,0,3,0,0,0,1,3,3,4
,,,,,,,0,1,0,1,4,0,3,1,6,9,4,6,23
,,,,,,,0,1,1,1,2,0,2,2,4,5,0,5,13
,,,,,,,0,0,0,0,0,0,0,1,1,1,3,0,6
,,,,,,,0,0,1,0,0,2,1,2,1,4,3,3,11
,,,,,,,0,0,0,0,0,0,0,2,0,1,0,0,3
,,,,,,,0,0,0,0,0,0,0,0,0,1,0,0,1
,,,,,,,0,0,0,0,1,0,0,0,1,3,0,1,4
,,,,,,,0,0,0,1,2,2,1,0,1,2,3,5,7
,,,,,,,0,1,0,0,0,2,1,0,0,0,6,3,7
,,,,,,,0,0,0,0,0,0,0,0,0,0,4,0,4
,,,,,,,0,0,0,0,0,2,0,0,0,0,3,2,3
,,,,,,,0,0,0,0,0,3,2,0,0,0,6,3,8
,,,,,,,0,0,0,0,0,0,2,0,0,1,3,0,6
,,,,,,,0,1,0,0,1,0,2,0,0,3,2,2,7
,,,,,,,0,0,0,0,0,0,0,0,2,4,1,0,7
,,,,,,,0,0,0,1,1,2,1,0,4,5,3,4,13
,,,,,,,0,0,0,1,3,0,0,0,3,5,1,4,9
,,,,,,,0,0,0,0,2,0,1,0,2,5,3,2,11
,,,,,,,0,1,0,1,3,3,1,1,1,5,7,8,15
,,,,,,,0,0,1,0,2,1,0,1,0,3,7,4,11
,,,,,,,0,0,0,0,0,1,0,0,0,0,2,1,2
,,,,,,,0,0,0,0,0,5,0,0,1,3,5,5,9
,,,,,,,0,0,0,0,0,0,0,0,1,0,1,0,2
,,,,,,,0,0,0,0,0,1,0,0,0,1,4,1,5
,,,,,,,0,0,0,0,1,1,0,0,1,2,2,2,5
,,,,,,,0,0,0,0,0,0,0,0,1,3,2,0,6
,,,,,,,0,0,0,1,4,1,0,0,1,4,2,6,7
,,,,,,,0,1,0,0,0,2,1,0,0,1,2,3,4
,,,,,,,0,0,0,0,0,0,1,0,0,0,2,0,3
,,,,,,,0,0,0,0,0,0,0,0,0,0,0,0,0
,,,,,,,0,0,0,0,0,0,0,0,0,0,0,0,0
,,,,,,,0,0,0,0,0,2,0,0,0,1,2,2,3
,,,,,,,0,0,0,0,0,0,0,0,0,0,2,0,2
,,,,,,,0,0,0,0,0,0,0,0,0,0,1,0,1
,,,,,,,0,0,0,0,0,0,0,0,0,0,0,0,0
,,,,,,,0,0,0,0,0,0,0,0,0,0,0,0,0
,,,,,,,0,0,0,0,0,0,1,0,0,0,0,0,1
,,,,,,,0,3,0,2,1,6,7,1,4,3,11,12,26
,,,,,,,0,4,1,1,3,8,6,1,4,4,14,17,29
,,,,,,,0,0,0,2,0,0,0,1,4,4,2,2,11
,,,,,,,0,0,1,2,4,0,0,2,4,5,1,7,12
,,,,,,,0,0,0,0,0,0,1,1,3,5,0,0,10
,,,,,,,0,0,0,0,0,0,0,0,0,1,0,0,1
,,,,,,,0,0,0,0,0,0,0,0,0,1,0,0,1
,,,,,,,0,0,0,0,0,0,0,0,1,2,0,0,3
,,,,,,,0,0,0,0,0,1,0,0,2,5,4,1,11
,,,,,,,0,0,0,0,0,2,0,0,2,3,4,2,9
,,,,,,,0,0,0,0,2,1,1,0,1,3,3,3,8
,,,,,,,0,1,0,1,0,2,1,0,2,1,2,4,6
,,,,,,,0,0,0,0,0,1,0,0,0,0,5,1,5
,,,,,,,0,0,0,0,1,2,7,1,0,2,3,3,13
,,,,,,,0,7,1,0,2,0,10,2,0,2,2,10,16
,,,,,,,0,0,0,0,0,0,0,0,0,0,0,0,0
,,,,,,,0,0,0,0,0,0,0,0,0,0,0,0,0
,,,,,,,0,0,0,0,1,0,0,0,0,2,2,1,4
,,,,,,,0,0,0,0,1,0,1,4,1,2,6,1,14
,,,,,,,0,0,0,0,1,3,2,4,1,3,4,4,14
,,,,,,,0,0,0,1,2,0,0,0,1,3,1,3,5
,,,,,,,0,0,0,0,0,1,0,1,3,2,3,1,9
,,,,,,,0,0,0,1,2,2,0,0,1,2,4,5,7
,,,,,,,0,1,0,2,4,3,2,1,4,10,8,10,25
,,,,,,,0,0,2,2,3,3,5,2,5,7,9,10,28
,,,,,,,0,0,0,0,0,1,1,2,1,2,2,1,8
,,,,,,,0,0,0,0,0,0,1,0,0,0,0,0,1
,,,,,,,0,0,0,0,0,0,1,0,0,0,0,0,1
,,,,,,,0,0,0,0,0,0,0,0,0,0,0,0,0
,,,,,,,0,0,0,0,0,0,0,0,0,0,0,0,0
,,,,,,,0,0,0,0,0,1,0,0,0,0,5,1,5
,,,,,,,0,0,0,0,0,3,0,1,1,0,6,3,8
,,,,,,,0,0,0,1,0,0,0,0,1,2,1,1,4
,,,,,,,0,0,0,3,2,0,2,7,6,6,3,5,24
,,,,,,,0,3,2,1,0,3,6,6,6,3,3,9,24
,,,,,,,0,2,0,1,1,0,4,3,1,2,3,4,13
,,,,,,,0,0,0,0,2,0,1,3,2,4,4,2,14
,,,,,,,0,2,0,1,1,3,2,0,1,3,6,7,12
,,,,,,,0,0,0,0,0,2,2,0,1,2,3,2,8
,,,,,,,0,0,0,0,1,0,0,0,0,1,0,1,1
,,,,,,,0,0,0,0,0,0,0,0,0,0,0,0,0
,,,,,,,0,0,0,0,0,0,0,0,0,0,2,0,2
,,,,,,,0,0,0,0,0,0,0,0,0,0,0,0,0
,,,,,,,0,0,0,0,0,0,0,0,0,0,0,0,0
,,,,,,,0,1,0,0,0,0,2,0,0,0,0,1,2
,,,,,,,0,0,0,0,0,0,1,0,0,0,0,0,1
,,,,,,,0,0,0,0,0,0,0,0,0,0,2,0,2
,,,,,,,0,0,0,0,0,0,3,1,1,0,3,0,8
,,,,,,,0,5,1,1,1,0,6,1,1,1,3,8,12
,,,,,,,0,2,0,0,0,0,5,0,1,2,2,2,10
,,,,,,,0,7,1,1,2,1,10,1,2,3,2,12,18
,,,,,,,0,0,2,0,1,2,3,2,1,2,2,5,10
,,,,,,,0,0,0,0,0,0,0,1,0,0,2,0,3
,,,,,,,0,0,0,2,2,5,0,0,2,3,6,9,11
,,,,,,,0,1,1,0,0,0,12,3,5,6,6,2,32
,,,,,,,0,11,3,4,5,2,15,5,5,7,3,25,35
,,,,,,,0,2,1,0,2,0,4,4,3,2,2,5,15
,,,,,,,0,0,0,0,0,0,1,1,2,1,0,0,5
,,,,,,,0,1,0,0,0,0,1,0,0,1,0,1,2
,,,,,,,0,0,0,0,0,0,0,0,0,0,1,0,1
,,,,,,,0,0,0,0,0,2,0,0,0,0,4,2,4
,,,,,,,0,0,0,0,0,0,0,0,0,0,1,0,1
,,,,,,,0,0,0,0,0,0,1,0,0,0,0,0,1
,,,,,,,0,0,0,0,0,1,1,0,0,0,2,1,3
,,,,,,,0,0,0,0,0,0,0,0,0,1,4,0,5
,,,,,,,0,0,0,0,0,0,0,0,0,0,1,0,1
,,,,,,,0,0,0,0,0,1,0,0,0,0,1,1,1
,,,,,,,0,0,0,0,0,0,1,0,0,3,3,0,7
,,,,,,,0,0,0,0,0,2,1,1,0,0,6,2,8
,,,,,,,0,0,0,0,0,0,0,0,1,1,6,0,8
,,,,,,,0,0,0,0,0,1,1,0,4,6,3,1,14
,,,,,,,0,0,0,1,1,0,0,1,2,5,2,2,10
,,,,,,,0,0,1,2,1,0,0,2,2,2,1,4,7
,,,,,,,0,0,2,1,1,1,0,3,3,3,3,5,12
,,,,,,,0,1,0,1,1,3,4,2,3,5,5,6,19
,,,,,,,0,1,2,1,2,1,8,2,4,7,7,7,28
,,,,,,,0,1,1,0,1,3,7,4,0,3,3,6,17
,,,,,,,0,0,0,0,0,0,2,0,0,2,1,0,5
,,,,,,,0,0,0,0,0,1,0,0,0,1,4,1,5
,,,,,,,0,0,0,1,4,2,0,0,1,6,3,7,10
,,,,,,,0,1,0,1,4,1,1,1,1,6,2,7,11
,,,,,,,0,0,0,0,0,1,1,1,1,4,3,1,10
,,,,,,,0,0,1,0,2,2,0,1,0,6,2,5,9
,,,,,,,0,0,0,0,0,0,0,1,0,2,3,0,6
,,,,,,,0,0,0,0,0,0,0,0,0,0,2,0,2
,,,,,,,0,0,0,0,0,0,0,0,0,1,0,0,1
,,,,,,,0,0,0,0,0,1,1,0,0,1,3,1,5
,,,,,,,0,1,0,0,0,2,2,0,0,0,5,3,7
,,,,,,,0,0,0,0,0,0,0,0,0,0,2,0,2
,,,,,,,0,0,0,0,0,0,0,0,0,0,0,0,0
,,,,,,,0,0,0,0,0,0,0,0,0,0,0,0,0
,,,,,,,0,0,0,0,0,0,1,0,0,1,2,0,4
,,,,,,,0,0,0,0,0,1,2,0,0,2,3,1,7
,,,,,,,0,0,0,0,0,0,0,0,2,6,2,0,10
,,,,,,,0,0,0,0,0,0,0,0,0,1,1,0,2
,,,,,,,0,0,0,1,2,2,0,0,2,3,4,5,9
,,,,,,,0,0,0,0,0,2,0,0,2,3,3,2,8
,,,,,,,0,0,0,1,0,2,0,0,1,0,4,3,5
,,,,,,,0,0,0,1,1,3,0,0,1,1,4,5,6
,,,,,,,0,0,0,0,0,0,0,0,0,2,1,0,3
,,,,,,,0,0,0,0,3,4,1,0,1,3,5,7,10
,,,,,,,0,1,0,0,0,0,1,0,1,0,3,1,5
,,,,,,,0,0,0,0,0,3,0,0,0,1,5,3,6
,,,,,,,0,0,0,1,2,0,0,0,2,2,2,3,6
,,,,,,,0,0,0,2,1,2,0,0,3,3,5,5,11
,,,,,,,0,0,0,0,0,0,0,0,2,2,2,0,6
,,,,,,,0,1,0,0,0,0,1,0,0,0,2,1,3
,,,,,,,0,0,0,0,0,0,1,0,0,0,2,0,3
,,,,,,,0,0,0,0,0,1,0,0,0,0,4,1,4
,,,,,,,0,0,0,0,0,0,0,0,0,0,0,0,0
,,,,,,,0,0,0,0,0,0,0,0,0,0,0,0,0
,,,,,,,0,0,0,0,2,1,0,0,0,4,1,3,5
,,,,,,,0,0,0,0,1,2,0,0,0,1,2,3,3
,,,,,,,0,0,0,0,0,1,0,0,0,0,2,1,2
,,,,,,,0,0,0,1,1,2,0,0,2,1,2,4,5
,,,,,,,0,0,0,1,1,0,0,0,3,2,4,2,9
,,,,,,,0,0,0,0,1,0,0,0,0,1,4,1,5
,,,,,,,0,0,1,0,0,0,0,1,0,1,1,1,3
,,,,,,,0,0,0,0,1,0,2,1,1,2,2,1,8
,,,,,,,0,0,0,0,0,0,0,1,1,1,0,0,3
,,,,,,,0,0,0,0,0,0,0,0,0,0,0,0,0
,,,,,,,0,0,0,0,0,2,1,1,1,3,3,2,9
,,,,,,,0,1,0,2,2,2,1,0,2,3,3,7,9
,,,,,,,0,0,0,0,3,0,2,1,6,7,1,3,17
,,,,,,,0,0,0,0,0,0,1,0,6,8,0,0,15
,,,,,,,0,0,0,0,1,0,0,0,2,3,2,1,7
,,,,,,,0,0,0,2,3,2,0,0,3,7,3,7,13
,,,,,,,0,0,0,0,4,0,0,0,1,6,1,4,8
,,,,,,,0,0,0,0,0,0,0,0,1,4,0,0,5
,,,,,,,0,0,0,1,1,0,1,0,2,1,1,2,5
,,,,,,,0,0,0,0,0,4,0,2,1,1,5,4,9
,,,,,,,0,0,0,0,0,1,0,0,0,1,5,1,6
,,,,,,,0,0,0,0,0,0,1,0,0,0,0,0,1
,,,,,,,0,0,0,0,0,0,0,0,0,0,0,0,0
,,,,,,,0,0,0,0,0,0,1,0,1,6,0,0,8
,,,,,,,0,0,1,1,7,0,2,1,3,11,3,9,20
,,,,,,,0,0,0,1,1,2,2,4,2,3,4,4,15
,,,,,,,0,1,2,1,1,0,2,4,2,2,4,5,14
,,,,,,,0,0,0,1,0,2,0,1,3,2,2,3,8
,,,,,,,0,1,1,1,1,1,1,1,1,1,2,5,6
,,,,,,,0,1,0,1,0,3,2,0,2,2,7,5,13
,,,,,,,0,0,0,0,1,1,0,0,0,2,4,2,6
,,,,,,,0,1,0,0,0,2,1,2,0,3,4,3,10
,,,,,,,0,0,2,0,1,2,3,3,1,3,5,5,15
,,,,,,,0,0,0,0,0,0,4,2,2,5,3,0,16
,,,,,,,0,0,0,0,0,0,0,0,0,0,0,0,0
,,,,,,,0,0,0,0,0,0,0,0,0,0,0,0,0
,,,,,,,0,0,0,0,0,0,0,0,0,1,2,0,3
,,,,,,,0,0,0,0,0,2,0,1,0,1,5,2,7
,,,,,,,0,0,0,0,0,2,0,0,0,0,7,2,7
,,,,,,,0,0,0,0,1,3,0,0,0,1,5,4,6
,,,,,,,0,1,2,0,0,3,1,3,1,1,3,6,9
,,,,,,,0,4,2,1,1,0,7,8,3,5,3,8,26
,,,,,,,0,2,5,1,2,7,5,6,3,6,10,17,30
,,,,,,,0,0,0,2,4,3,1,3,2,4,4,9,14
,,,,,,,0,0,0,0,0,0,2,0,1,4,1,0,8
,,,,,,,0,2,0,0,0,1,2,0,0,1,2,3,5
,,,,,,,0,0,0,0,0,0,2,0,0,1,3,0,6
,,,,,,,0,1,0,0,1,0,1,0,0,1,3,2,5
,,,,,,,0,0,0,1,0,4,0,1,1,0,4,5,6
,,,,,,,0,0,0,1,2,0,0,0,1,2,3,3,6
,,,,,,,0,0,0,0,0,0,0,0,0,1,0,0,1
,,,,,,,0,1,0,0,0,0,1,0,0,0,0,1,1
,,,,,,,0,1,0,0,0,0,1,0,0,0,0,1,1
,,,,,,,0,0,0,0,0,0,0,0,0,0,0,0,0
,,,,,,,0,0,0,0,0,0,0,1,0,0,5,0,6
,,,,,,,0,0,1,0,0,2,2,1,0,0,5,3,8
,,,,,,,0,0,0,0,0,0,2,0,0,1,0,0,3
,,,,,,,0,2,0,1,1,0,7,1,2,2,1,4,13
,,,,,,,0,4,2,2,2,4,4,3,4,3,6,14,20
,,,,,,,0,0,0,0,0,0,2,1,2,2,7,0,14
,,,,,,,0,0,0,0,2,0,1,1,2,4,4,2,12
,,,,,,,0,1,0,4,3,0,8,1,5,6,0,8,20
,,,,,,,0,0,0,1,1,1,14,5,7,5,2,3,33
,,,,,,,0,0,2,0,0,0,2,4,2,2,3,2,13
,,,,,,,0,0,2,2,1,0,0,2,2,2,0,5,6
,,,,,,,0,0,0,0,0,2,1,1,2,1,2,2,7
,,,,,,,0,0,0,0,0,0,0,0,0,0,3,0,3
,,,,,,,0,0,0,0,0,5,0,0,0,0,6,5,6
,,,,,,,0,0,0,0,0,1,0,0,0,0,2,1,2
,,,,,,,0,0,0,0,0,0,0,0,0,0,0,0,0
,,,,,,,0,0,0,0,0,0,1,0,3,2,5,0,11
,,,,,,,0,1,0,1,1,2,3,0,7,6,5,5,21
,,,,,,,0,0,0,0,2,1,2,0,3,3,3,3,11
,,,,,,,0,1,0,3,1,3,1,0,3,1,3,8,8
,,,,,,,0,0,0,1,4,1,1,0,2,4,6,6,13
,,,,,,,0,1,1,0,0,2,1,1,0,3,5,4,10
,,,,,,,0,0,0,0,1,2,1,1,1,1,4,3,8
,,,,,,,0,2,0,2,2,1,3,1,4,5,5,7,18
,,,,,,,0,2,1,1,3,3,3,1,4,6,5,10,19
,,,,,,,0,1,0,0,0,2,1,0,0,2,5,3,8
,,,,,,,0,0,0,0,0,1,2,0,0,3,6,1,11
,,,,,,,0,5,0,4,4,5,13,1,11,12,11,18,48
,,,,,,,0,5,1,1,5,3,15,3,10,19,9,15,56
,,,,,,,0,2,2,0,1,1,6,2,0,4,4,6,16
,,,,,,,0,0,0,0,1,1,1,0,0,1,1,2,3
,,,,,,,0,0,0,0,1,0,0,0,1,2,4,1,7
,,,,,,,0,0,0,0,1,0,0,0,2,6,4,1,12
,,,,,,,0,0,0,0,0,0,1,1,2,8,2,0,14
,,,,,,,0,0,1,1,4,2,0,1,1,7,3,8,12
,,,,,,,0,0,0,0,5,0,0,1,1,7,1,5,10
,,,,,,,0,0,0,1,2,2,0,0,2,4,3,5,9
,,,,,,,0,0,0,0,0,2,0,0,1,1,4,2,6
,,,,,,,0,0,0,0,0,0,0,0,0,0,1,0,1
,,,,,,,0,0,0,0,0,0,1,0,0,0,0,0,1
,,,,,,,0,0,0,1,0,2,1,0,1,0,2,3,4
,,,,,,,0,0,0,1,0,0,0,0,1,0,4,1,5
,,,,,,,0,0,0,0,0,0,0,0,0,0,0,0,0
,,,,,,,0,0,0,0,0,0,0,0,0,0,0,0,0
,,,,,,,0,0,0,0,0,0,0,0,0,0,0,0,0
,,,,,,,0,0,0,0,1,0,0,0,3,8,2,1,13
,,,,,,,0,0,0,3,9,3,0,0,3,10,4,15,17
,,,,,,,0,0,0,0,0,1,0,0,0,1,5,1,6
,,,,,,,0,0,0,0,0,3,1,0,3,4,6,3,14
,,,,,,,0,0,0,3,3,1,0,0,4,5,5,7,14
,,,,,,,0,0,0,0,1,1,0,0,1,1,1,2,3
,,,,,,,0,0,0,0,1,1,0,0,1,1,2,2,4
,,,,,,,0,0,0,0,0,0,0,0,0,0,1,0,1
,,,,,,,0,0,0,0,1,2,0,0,2,1,4,3,7
,,,,,,,0,0,0,1,0,2,1,0,2,2,6,3,11
,,,,,,,0,0,0,1,3,4,0,0,2,5,5,8,12
,,,,,,,0,0,0,1,1,0,0,0,2,4,2,2,8
,,,,,,,0,0,0,0,0,4,0,0,2,3,4,4,9
,,,,,,,0,0,0,0,0,0,0,0,1,1,3,0,5
,,,,,,,0,0,0,0,0,0,0,0,0,0,2,0,2
,,,,,,,0,0,0,0,0,0,0,0,0,0,4,0,4
,,,,,,,0,0,0,0,0,2,0,0,0,0,4,2,4
,,,,,,,0,0,0,0,0,0,0,0,0,0,4,0,4
,,,,,,,0,0,0,0,0,0,0,0,0,0,2,0,2
,,,,,,,0,0,0,0,0,0,0,0,0,0,0,0,0
,,,,,,,0,0,0,0,0,0,0,0,0,1,0,0,1
,,,,,,,0,0,0,0,2,0,0,0,0,2,2,2,4
,,,,,,,0,0,0,0,0,2,0,0,0,0,4,2,4
,,,,,,,0,0,0,0,0,0,0,0,0,0,0,0,0
,,,,,,,0,0,0,0,0,0,0,0,1,1,0,0,2
,,,,,,,0,0,0,1,2,2,0,0,2,3,4,5,9
,,,,,,,0,0,0,0,0,1,0,0,1,2,5,1,8
,,,,,,,0,0,0,0,0,1,0,1,0,0,2,1,3
,,,,,,,0,0,0,0,0,0,0,0,0,0,0,0,0
,,,,,,,0,0,0,0,0,0,0,0,0,0,0,0,0
,,,,,,,0,0,0,0,0,0,0,0,0,0,0,0,0
,,,,,,,0,0,0,0,0,0,0,0,0,0,1,0,1
,,,,,,,0,0,0,0,0,1,0,0,0,2,3,1,5
,,,,,,,0,4,3,3,2,2,4,3,9,11,3,14,30
,,,,,,,0,2,2,5,9,1,6,4,14,16,3,19,43
,,,,,,,0,3,0,1,1,3,4,1,5,4,6,8,20
,,,,,,,0,0,0,0,0,0,0,1,2,2,1,0,6
,,,,,,,0,0,0,0,1,0,0,0,0,3,0,1,3
,,,,,,,0,0,0,0,0,0,0,1,0,3,0,0,4
,,,,,,,0,3,2,1,1,1,5,3,3,4,4,8,19
,,,,,,,0,2,3,1,1,1,3,4,3,3,4,8,17
,,,,,,,0,1,0,0,1,2,3,2,2,2,3,4,12
,,,,,,,0,2,0,1,0,1,2,0,1,0,2,4,5
,,,,,,,0,0,0,0,0,0,1,0,1,1,1,0,4
,,,,,,,0,0,0,1,1,2,1,0,1,7,2,4,11
,,,,,,,0,1,1,2,3,1,2,1,2,9,3,8,17
,,,,,,,0,0,0,0,1,0,0,0,4,4,0,1,8
,,,,,,,0,0,0,1,0,0,1,0,3,2,1,1,7
,,,,,,,0,0,0,0,0,0,1,0,3,1,3,0,8
,,,,,,,0,1,1,1,2,2,3,1,3,4,7,7,18
,,,,,,,0,2,0,1,1,3,2,2,2,2,6,7,14
,,,,,,,0,0,0,0,0,2,1,1,1,3,2,2,8
,,,,,,,0,0,1,0,1,1,1,1,0,2,4,3,8
,,,,,,,0,1,0,1,1,0,4,3,2,7,4,3,20
,,,,,,,0,3,1,1,3,3,4,2,2,6,5,11,19
,,,,,,,0,0,0,0,0,1,0,0,1,1,4,1,6
,,,,,,,0,0,0,0,0,2,0,0,0,0,2,2,2
,,,,,,,0,0,0,0,0,2,0,1,0,1,6,2,8
,,,,,,,0,0,1,0,1,1,0,1,0,1,8,3,10
,,,,,,,0,0,0,0,0,2,0,0,0,0,4,2,4
,,,,,,,0,0,0,0,0,0,1,0,0,0,2,0,3
,,,,,,,0,1,0,0,0,0,1,1,0,0,3,1,5
,,,,,,,0,2,3,0,1,0,2,3,0,3,1,6,9
,,,,,,,0,0,0,0,0,5,3,4,0,3,6,5,16
,,,,,,,0,0,0,0,0,2,0,0,0,0,3,2,3
,,,,,,,0,0,0,0,0,0,0,0,0,0,1,0,1
,,,,,,,0,0,0,0,1,0,2,0,0,6,0,1,8
,,,,,,,0,1,1,1,2,5,1,1,1,4,6,10,13
,,,,,,,0,0,0,0,0,2,2,1,0,1,6,2,10
,,,,,,,0,0,1,0,0,0,0,1,1,0,4,1,6
,,,,,,,0,0,1,0,0,2,0,2,1,2,3,3,8
,,,,,,,0,0,0,0,0,0,0,1,0,0,0,0,1
,,,,,,,0,0,0,0,0,0,0,0,0,0,0,0,0
,,,,,,,0,0,0,0,0,0,0,0,0,0,0,0,0
,,,,,,,0,0,0,0,1,0,1,0,1,3,0,1,5
,,,,,,,0,1,0,1,4,8,1,0,1,6,10,14,18
,,,,,,,0,0,0,0,1,0,0,1,1,3,10,1,15
,,,,,,,0,0,0,0,0,1,0,0,1,2,2,1,5
,,,,,,,0,0,0,0,0,1,0,0,0,1,2,1,3
,,,,,,,0,0,0,0,0,0,5,2,2,4,5,0,18
,,,,,,,0,2,1,0,3,0,2,1,2,5,4,6,14
,,,,,,,0,2,1,1,2,2,2,2,1,5,2,8,12
,,,,,,,0,0,0,0,0,0,1,1,2,2,2,0,8
,,,,,,,0,0,0,2,1,2,0,0,2,1,4,5,7
,,,,,,,0,0,0,0,0,2,0,0,3,4,2,2,9
,,,,,,,0,0,0,0,0,0,0,1,0,1,2,0,4
,,,,,,,0,0,0,0,0,0,0,0,0,0,4,0,4
,,,,,,,0,0,0,0,0,1,0,0,0,0,2,1,2
,,,,,,,0,0,0,0,0,2,2,0,0,0,3,2,5
,,,,,,,0,2,0,0,1,2,3,0,0,1,3,5,7
,,,,,,,0,0,0,0,0,0,1,0,0,1,4,0,6
,,,,,,,0,0,0,0,1,2,2,0,5,4,7,3,18
,,,,,,,0,1,1,7,5,3,4,1,10,7,8,17,30
,,,,,,,0,0,1,1,1,2,2,1,4,5,2,5,14
,,,,,,,0,0,0,0,0,0,1,0,3,1,2,0,7
,,,,,,,0,0,0,0,0,1,2,1,2,2,2,1,9
,,,,,,,0,1,0,0,0,2,2,1,1,1,2,3,7
,,,,,,,0,0,1,0,0,0,0,2,1,0,4,1,7
,,,,,,,0,1,1,2,0,2,1,2,2,1,3,6,9
,,,,,,,0,1,0,2,2,0,3,1,4,3,2,5,13
,,,,,,,0,1,2,1,2,1,3,2,2,4,4,7,15
,,,,,,,0,1,0,0,2,3,2,3,3,5,6,6,19
,,,,,,,0,5,1,5,2,4,13,6,10,7,12,17,48
,,,,,,,0,3,1,6,10,1,12,6,8,14,6,21,46
,,,,,,,0,0,0,0,0,1,1,2,1,7,3,1,14
,,,,,,,0,1,1,0,1,1,1,1,0,2,2,4,6
,,,,,,,0,0,0,0,0,0,1,0,1,0,2,0,4
,,,,,,,0,1,0,0,1,2,1,0,1,1,4,4,7
,,,,,,,0,0,0,0,1,0,0,0,0,1,0,1,1
,,,,,,,0,1,0,1,0,1,3,0,2,4,2,3,11
,,,,,,,0,1,1,0,2,1,3,1,4,6,2,5,16
,,,,,,,0,0,0,4,2,0,0,0,6,6,1,6,13
,,,,,,,0,0,0,1,1,1,0,0,4,1,2,3,7
,,,,,,,0,0,0,0,0,1,0,0,0,0,3,1,3
,,,,,,,0,0,0,0,1,0,0,0,0,1,2,1,3
,,,,,,,0,0,0,0,0,0,0,0,0,1,2,0,3
,,,,,,,0,0,0,0,0,2,1,0,1,2,4,2,8
,,,,,,,0,1,0,0,2,2,1,0,0,2,3,5,6
,,,,,,,0,0,0,0,0,0,0,0,1,0,1,0,2
,,,,,,,0,0,0,0,0,0,0,0,0,2,1,0,3
,,,,,,,0,0,0,0,3,0,0,0,3,7,4,3,14
,,,,,,,0,0,0,0,2,4,1,0,4,7,4,6,16
,,,,,,,0,1,0,0,0,0,2,0,0,1,4,1,7
,,,,,,,0,1,0,0,0,2,1,0,2,1,6,3,10
,,,,,,,0,0,0,1,2,3,0,0,4,5,6,6,15
,,,,,,,0,0,0,0,0,0,0,0,1,5,5,0,11
,,,,,,,0,0,0,0,0,1,0,0,0,1,2,1,3
,,,,,,,0,0,0,0,0,0,0,0,0,0,2,0,2
,,,,,,,0,0,0,0,0,1,0,0,0,1,1,1,2
,,,,,,,0,0,0,0,1,1,0,1,2,2,4,2,9
,,,,,,,0,0,0,0,0,3,2,1,2,4,6,3,15
,,,,,,,0,2,0,0,0,2,2,0,0,2,3,4,7
,,,,,,,0,0,0,0,0,0,0,0,0,2,2,0,4
,,,,,,,0,0,0,1,2,3,0,0,2,5,4,6,11
,,,,,,,0,0,0,0,0,3,0,0,1,3,7,3,11
,,,,,,,0,0,0,0,0,1,0,0,0,0,4,1,4
,,,,,,,0,0,0,0,0,2,0,0,0,0,2,2,2
,,,,,,,0,0,0,0,0,1,0,0,0,0,3,1,3
,,,,,,,0,0,0,0,0,1,0,0,0,0,3,1,3
,,,,,,,0,0,0,0,0,0,0,0,0,0,0,0,0
,,,,,,,0,0,0,0,0,0,0,0,1,1,0,0,2
,,,,,,,0,0,0,0,0,2,0,0,0,1,4,2,5
,,,,,,,0,0,0,0,0,2,0,0,1,3,6,2,10
,,,,,,,0,0,1,2,3,1,0,1,2,3,2,7,8
,,,,,,,0,0,0,0,1,2,0,0,1,2,4,3,7
,,,,,,,0,0,0,0,1,1,0,0,0,2,4,2,6
,,,,,,,0,0,0,0,0,0,0,0,0,1,2,0,3
,,,,,,,0,0,0,0,0,0,0,0,0,0,0,0,0
,,,,,,,0,0,0,0,0,0,0,0,0,0,0,0,0
,,,,,,,0,0,0,0,0,0,0,0,0,0,0,0,0
,,,,,,,0,0,0,0,0,0,0,0,0,0,0,0,0
,,,,,,,0,0,0,0,0,1,0,0,0,1,1,1,2
,,,,,,,0,0,0,0,1,0,0,0,0,1,2,1,3
,,,,,,,0,0,0,1,0,1,1,0,2,2,2,2,7
,,,,,,,0,1,0,5,5,1,3,1,8,9,5,12,26
,,,,,,,0,2,1,3,0,5,4,2,6,5,7,11,24
,,,,,,,0,0,1,1,2,1,0,1,1,2,3,5,7
,,,,,,,0,0,0,0,0,1,1,0,4,3,2,1,10
,,,,,,,0,1,3,3,5,0,3,3,6,8,6,12,26
,,,,,,,0,5,1,2,4,3,6,4,6,8,6,15,30
,,,,,,,0,0,0,0,0,0,2,0,2,2,2,0,8
,,,,,,,0,0,0,0,0,0,0,0,0,1,0,0,1
,,,,,,,0,0,0,0,1,0,1,0,0,1,2,1,4
,,,,,,,0,2,0,0,1,2,2,0,0,2,2,5,6
,,,,,,,0,0,0,0,0,0,2,0,0,1,2,0,5
,,,,,,,0,0,0,0,1,2,0,0,1,2,2,3,5
,,,,,,,0,0,0,1,1,0,1,0,2,4,3,2,10
,,,,,,,0,1,0,0,0,0,2,0,3,2,0,1,7
,,,,,,,0,1,0,2,0,0,2,1,6,5,1,3,15
,,,,,,,0,1,0,2,2,1,1,2,4,3,4,6,14
,,,,,,,0,0,2,0,0,2,2,4,1,1,10,4,18
,,,,,,,0,0,1,1,2,1,2,1,3,4,7,5,17
,,,,,,,0,0,0,0,0,0,1,0,1,1,2,0,5
,,,,,,,0,0,1,1,2,0,0,1,1,5,2,4,9
,,,,,,,0,0,0,0,1,2,0,1,2,5,5,3,13
,,,,,,,0,0,0,2,1,3,0,0,3,4,8,6,15
,,,,,,,0,0,0,0,0,2,0,0,1,2,6,2,9
,,,,,,,0,0,0,0,0,0,0,0,0,0,4,0,4
,,,,,,,0,0,0,0,0,2,0,0,0,0,2,2,2
,,,,,,,0,0,0,0,0,0,0,0,0,0,4,0,4
,,,,,,,0,1,0,0,0,0,1,0,0,0,1,1,2
,,,,,,,0,0,0,0,0,4,2,0,0,0,5,4,7
,,,,,,,0,0,0,0,0,2,0,1,0,0,3,2,4
,,,,,,,0,2,0,0,0,0,2,1,0,0,0,2,3
,,,,,,,0,0,0,0,0,0,1,0,0,0,3,0,4
,,,,,,,0,0,0,0,0,1,0,0,0,1,1,1,2
,,,,,,,0,0,1,0,4,2,0,2,0,5,2,7,9
,,,,,,,0,0,0,0,4,1,1,3,1,5,4,5,14
,,,,,,,0,0,0,0,0,1,0,1,0,0,2,1,3
,,,,,,,0,0,0,0,0,0,0,1,0,0,1,0,2
,,,,,,,0,0,1,0,0,0,0,1,0,0,1,1,2
,,,,,,,0,0,0,0,0,0,0,1,0,0,0,0,1
,,,,,,,0,0,0,0,1,2,0,0,1,2,6,3,9
,,,,,,,0,0,0,0,0,0,0,0,0,1,2,0,3
,,,,,,,0,0,0,0,0,0,0,0,0,1,0,0,1
,,,,,,,0,0,0,0,1,3,2,1,4,6,7,4,20
,,,,,,,0,0,0,1,2,0,1,0,2,7,5,3,15
,,,,,,,0,1,0,1,3,0,2,0,1,5,2,5,10
,,,,,,,0,0,0,0,0,0,0,0,1,1,4,0,6
,,,,,,,0,0,0,0,0,2,1,0,0,0,2,2,3
,,,,,,,0,1,0,0,0,0,1,0,0,2,0,1,3
,,,,,,,0,0,0,0,0,0,0,1,0,2,0,0,3
,,,,,,,0,0,0,1,1,3,0,0,2,1,6,5,9
,,,,,,,0,0,0,0,0,3,0,0,3,1,9,3,13
,,,,,,,0,0,0,1,3,2,0,0,3,4,6,6,13
,,,,,,,0,0,0,0,0,5,0,0,1,3,5,5,9
,,,,,,,0,0,0,0,0,2,0,0,0,0,3,2,3
,,,,,,,0,0,0,0,0,0,0,0,0,0,3,0,3
,,,,,,,0,1,0,0,1,1,2,0,0,1,4,3,7
,,,,,,,0,1,0,0,0,2,4,0,0,2,7,3,13
,,,,,,,0,0,0,0,0,4,0,0,0,0,5,4,5
,,,,,,,0,2,2,1,2,3,4,5,5,3,6,10,23
,,,,,,,0,1,0,4,1,2,4,5,6,8,5,8,28
,,,,,,,0,0,0,0,1,0,0,0,0,2,0,1,2
,,,,,,,0,0,0,0,1,2,1,0,1,2,4,3,8
,,,,,,,0,2,1,1,1,2,3,1,2,3,3,7,12
,,,,,,,0,1,0,0,0,0,3,1,2,2,2,1,10
,,,,,,,0,0,1,1,0,0,0,2,1,3,4,2,10
,,,,,,,0,0,0,0,0,2,0,1,0,0,3,2,4
,,,,,,,0,4,0,1,1,0,4,0,2,2,0,6,8
,,,,,,,0,2,0,2,0,0,5,2,3,3,0,4,13
,,,,,,,0,1,0,0,0,0,1,2,0,2,4,1,9
,,,,,,,0,4,1,0,0,1,9,5,2,2,3,6,21
,,,,,,,0,7,2,1,3,1,9,5,2,3,1,14,20
,,,,,,,0,2,0,0,0,0,2,2,1,2,3,2,10
,,,,,,,0,1,0,0,0,1,2,1,0,1,1,2,5
,,,,,,,0,0,0,0,0,0,2,0,1,3,1,0,7
,,,,,,,0,1,0,1,6,2,2,0,1,6,2,10,11
,,,,,,,0,0,0,0,0,2,1,0,0,5,3,2,9
,,,,,,,0,1,0,0,1,0,3,0,1,5,5,2,14
,,,,,,,0,1,0,3,1,2,2,1,4,5,4,7,16
,,,,,,,0,1,0,2,4,0,1,0,8,5,0,7,14
,,,,,,,0,0,0,0,0,0,1,0,5,5,2,0,13
,,,,,,,0,0,0,1,0,2,0,1,3,2,4,3,10
,,,,,,,0,0,1,1,1,3,0,1,2,3,4,6,10
,,,,,,,0,0,0,0,0,1,0,0,0,1,2,1,3
,,,,,,,0,0,0,0,0,2,0,0,0,0,3,2,3
,,,,,,,0,0,0,0,0,0,1,0,1,2,3,0,7
,,,,,,,0,0,0,1,1,3,0,0,1,1,5,5,7
,,,,,,,0,0,0,0,0,1,0,0,1,3,6,1,10
,,,,,,,0,0,0,2,4,3,1,0,4,7,3,9,15
,,,,,,,0,0,0,1,2,2,0,0,3,5,2,5,10
,,,,,,,0,0,0,0,0,0,2,0,0,0,0,0,2
,,,,,,,0,0,0,0,0,0,0,0,0,0,0,0,0
,,,,,,,0,0,0,0,0,0,0,0,1,2,4,0,7
,,,,,,,0,0,0,0,2,2,0,0,1,5,5,4,11
,,,,,,,0,0,0,0,0,1,0,0,0,2,1,1,3
,,,,,,,0,0,0,0,0,0,0,0,0,1,2,0,3
,,,,,,,0,0,0,0,0,0,0,0,0,0,1,0,1
,,,,,,,0,0,1,2,2,2,0,1,2,3,2,7,8
,,,,,,,0,0,1,2,3,0,1,1,4,5,3,6,14
,,,,,,,0,1,0,2,2,2,3,1,4,5,4,7,17
,,,,,,,0,0,0,2,2,1,1,1,4,5,4,5,15
,,,,,,,0,0,0,1,1,0,0,0,3,5,5,2,13
,,,,,,,0,0,0,0,0,3,0,0,3,5,4,3,12
,,,,,,,0,0,0,1,1,0,1,0,5,3,7,2,16
,,,,,,,0,0,0,0,0,1,1,0,2,3,4,1,10
,,,,,,,0,0,0,0,0,4,0,0,1,2,6,4,9
,,,,,,,0,0,0,0,0,1,0,0,1,2,4,1,7
,,,,,,,0,0,0,0,0,0,0,0,0,0,0,0,0
,,,,,,,0,0,0,0,0,0,1,0,0,0,0,0,1
,,,,,,,0,0,0,0,0,0,0,0,0,0,0,0,0
,,,,,,,0,1,1,2,0,0,1,1,2,0,1,4,5
,,,,,,,0,2,1,2,1,2,2,1,3,1,4,8,11
,,,,,,,0,1,0,0,1,0,1,0,1,2,2,2,6
,,,,,,,0,0,0,0,0,0,0,1,2,3,2,0,8
,,,,,,,0,0,0,1,2,3,0,0,2,2,8,6,12
,,,,,,,0,1,1,0,0,4,1,1,1,2,6,6,11
,,,,,,,0,0,0,0,1,1,1,1,0,1,2,2,5
,,,,,,,0,1,0,0,0,0,1,0,0,0,0,1,1
,,,,,,,0,0,0,0,0,0,1,0,0,0,0,0,1
,,,,,,,0,0,0,0,0,0,0,0,0,0,0,0,0
,,,,,,,0,0,0,0,0,0,0,0,0,0,0,0,0
,,,,,,,0,0,0,0,0,0,0,0,0,0,1,0,1
,,,,,,,0,0,0,0,0,0,0,0,0,0,1,0,1
,,,,,,,0,0,0,0,0,1,0,0,0,0,2,1,2
,,,,,,,0,0,0,0,1,1,1,0,1,1,4,2,7
,,,,,,,0,0,0,1,2,0,0,0,1,3,3,3,7
,,,,,,,0,0,0,0,0,0,0,0,0,2,2,0,4
,,,,,,,0,0,0,1,1,0,1,1,3,3,4,2,12
,,,,,,,0,4,1,2,1,4,7,2,9,7,9,12,34
,,,,,,,0,5,0,5,5,2,6,0,7,10,6,17,29
,,,,,,,0,0,0,1,3,0,1,0,2,5,2,4,10
,,,,,,,0,0,0,0,1,0,2,0,1,2,0,1,5
,,,,,,,0,2,0,1,1,2,2,0,1,2,3,6,8
,,,,,,,0,0,0,0,1,0,4,0,0,2,4,1,10
,,,,,,,0,3,0,0,0,2,3,1,1,1,4,5,10
,,,,,,,0,0,0,1,1,2,0,0,3,6,3,4,12
,,,,,,,0,0,0,1,3,2,0,1,2,6,2,6,11
,,,,,,,0,0,0,0,0,2,1,1,2,1,3,2,8
,,,,,,,0,1,1,3,2,1,3,1,3,2,3,8,12
,,,,,,,0,0,1,0,0,0,0,2,2,1,3,1,8
,,,,,,,0,1,2,2,2,2,1,3,2,3,9,9,18
,,,,,,,0,2,0,2,4,2,2,2,4,7,7,10,22
,,,,,,,0,1,0,2,2,1,2,0,3,6,7,6,18
,,,,,,,0,0,0,1,4,2,0,1,2,6,4,7,13
,,,,,,,0,0,0,0,0,2,0,1,2,4,4,2,11
,,,,,,,0,0,0,2,1,0,0,0,2,2,5,3,9
,,,,,,,0,0,0,1,1,0,1,0,2,3,3,2,9
,,,,,,,0,0,2,0,0,0,4,5,2,1,2,2,14
,,,,,,,0,3,4,1,1,0,4,5,1,1,0,9,11
,,,,,,,0,0,0,0,0,0,1,0,0,0,2,0,3
,,,,,,,0,0,0,0,0,2,1,0,0,0,6,2,7
,,,,,,,0,0,0,0,0,2,1,0,0,0,7,2,8
,,,,,,,0,0,0,0,0,0,3,1,0,1,5,0,10
,,,,,,,0,1,0,0,0,2,1,1,0,0,2,3,4
,,,,,,,0,0,0,0,0,0,0,0,0,0,1,0,1
,,,,,,,0,0,0,0,0,4,0,0,0,0,5,4,5
,,,,,,,0,0,1,0,0,2,0,2,0,1,7,3,10
,,,,,,,0,0,0,0,0,0,0,1,0,0,1,0,2
,,,,,,,0,0,1,0,0,0,0,1,0,0,0,1,1
,,,,,,,0,0,1,0,0,2,0,2,0,0,2,3,4
,,,,,,,0,0,0,0,0,1,0,2,0,0,5,1,7
,,,,,,,0,0,0,0,2,2,0,1,0,2,4,4,7
,,,,,,,0,0,0,1,3,4,0,0,1,5,7,8,13
,,,,,,,0,0,0,0,1,0,0,0,1,3,3,1,7
,,,,,,,0,0,0,0,0,0,0,0,0,0,0,0,0
,,,,,,,0,0,1,1,0,0,3,1,2,2,2,2,10
,,,,,,,0,4,2,1,2,2,6,2,3,6,4,11,21
,,,,,,,0,5,0,0,2,0,5,2,1,4,1,7,13
,,,,,,,0,0,0,0,0,0,2,0,0,1,0,0,3
,,,,,,,0,0,0,0,0,0,0,0,0,0,2,0,2
,,,,,,,0,0,0,0,0,0,0,0,1,1,0,0,2
,,,,,,,0,0,1,1,1,0,0,1,1,1,0,3,3
,,,,,,,0,0,0,1,0,0,0,1,2,1,2,1,6
,,,,,,,0,0,0,0,0,2,0,0,2,0,5,2,7
,,,,,,,0,0,0,0,0,0,0,0,0,0,3,0,3
,,,,,,,0,0,0,0,0,3,0,0,0,0,4,3,4
,,,,,,,0,0,0,0,0,0,1,0,0,0,2,0,3
,,,,,,,0,1,0,0,0,0,1,0,0,0,2,1,3
,,,,,,,0,0,0,0,0,2,2,0,0,1,3,2,6
,,,,,,,0,0,0,1,1,0,1,0,1,2,4,2,8
,,,,,,,0,1,0,1,2,1,2,0,1,2,4,5,9
,,,,,,,0,1,2,3,1,1,4,6,3,6,6,8,25
,,,,,,,0,1,1,2,4,1,3,5,5,6,3,9,22
,,,,,,,0,0,0,0,0,1,0,0,1,2,3,1,6
,,,,,,,0,0,0,0,0,2,0,0,1,2,5,2,8
,,,,,,,0,0,0,0,0,0,1,0,0,0,0,0,1
,,,,,,,0,0,0,0,0,0,2,2,0,2,0,0,6
,,,,,,,0,1,1,0,4,0,5,5,0,5,0,6,15
,,,,,,,0,0,0,0,0,0,1,0,0,2,1,0,4
,,,,,,,0,0,0,0,0,0,2,0,0,1,0,0,3
,,,,,,,0,3,0,1,1,0,4,0,2,2,1,5,9
,,,,,,,0,2,0,1,0,2,4,0,2,2,4,5,12
,,,,,,,0,3,0,0,1,1,6,0,3,2,3,5,14
,,,,,,,0,2,0,1,2,1,7,1,3,4,2,6,17
,,,,,,,0,2,0,0,0,1,7,1,4,4,2,3,18
,,,,,,,0,1,0,0,1,0,1,0,0,1,1,2,3
,,,,,,,0,0,0,0,0,0,2,0,0,0,1,0,3
,,,,,,,0,0,0,0,0,1,2,0,1,6,1,1,10
,,,,,,,0,0,0,0,2,2,0,0,0,3,4,4,7
,,,,,,,0,0,0,0,3,1,1,0,2,5,3,4,11
,,,,,,,0,1,0,3,5,4,1,0,4,9,6,13,20
,,,,,,,0,0,0,1,1,0,1,0,4,6,4,2,15
,,,,,,,0,0,0,0,1,1,0,0,2,2,3,2,7
,,,,,,,0,0,0,0,1,1,0,0,2,2,2,2,6
,,,,,,,0,0,1,0,2,0,0,2,3,3,0,3,8
,,,,,,,0,0,1,0,2,0,0,1,1,2,2,3,6
,,,,,,,0,0,0,1,2,2,1,0,2,3,5,5,11
,,,,,,,0,0,0,0,0,0,0,0,1,1,2,0,4
,,,,,,,0,0,0,0,0,3,0,0,0,1,5,3,6
,,,,,,,0,0,0,0,0,0,0,0,0,0,4,0,4
,,,,,,,0,1,0,0,0,0,1,0,0,0,2,1,3
,,,,,,,0,0,0,0,0,2,2,0,0,0,2,2,4
,,,,,,,0,1,0,0,0,0,1,0,0,0,0,1,1
,,,,,,,0,0,0,0,0,0,1,0,0,0,0,0,1
,,,,,,,0,0,0,0,0,0,0,0,0,1,1,0,2
,,,,,,,0,0,0,0,1,1,0,0,0,2,3,2,5
,,,,,,,0,0,0,0,0,0,0,0,0,0,2,0,2
,,,,,,,0,0,0,0,1,2,0,0,0,2,4,3,6
,,,,,,,0,0,0,0,1,2,0,0,0,2,3,3,5
,,,,,,,0,0,0,0,0,1,0,0,0,1,5,1,6
,,,,,,,0,0,0,1,1,4,0,0,2,3,5,6,10
,,,,,,,0,0,0,1,2,0,1,1,3,6,4,3,15
,,,,,,,0,0,1,0,1,1,0,1,2,4,4,3,11
,,,,,,,0,0,0,1,2,0,0,0,2,3,3,3,8
,,,,,,,0,0,0,1,1,1,3,0,7,5,4,3,19
,,,,,,,0,3,0,7,3,4,4,0,9,5,4,17,22
,,,,,,,0,1,0,3,2,1,1,1,3,4,7,7,16
,,,,,,,0,0,0,0,1,2,0,0,2,4,8,3,14
,,,,,,,0,0,0,1,3,0,0,0,2,4,4,4,10
,,,,,,,0,0,0,0,0,0,0,0,0,2,0,0,2
,,,,,,,0,0,0,0,0,0,0,0,0,0,0,0,0
,,,,,,,0,0,0,0,0,0,0,0,0,0,0,0,0
,,,,,,,0,0,0,0,0,0,0,0,0,0,3,0,3
,,,,,,,0,0,0,0,0,2,0,1,0,0,5,2,6
,,,,,,,0,0,0,1,0,3,0,0,2,1,4,4,7
,,,,,,,0,0,0,0,1,2,0,0,2,1,4,3,7
,,,,,,,0,0,0,0,1,1,0,0,1,3,3,2,7
,,,,,,,0,1,0,2,1,3,1,1,3,3,5,7,13
,,,,,,,0,0,0,0,0,0,2,2,1,2,2,0,9
,,,,,,,0,0,0,0,0,1,1,0,0,1,4,1,6
,,,,,,,0,0,0,0,0,2,1,0,0,0,3,2,4
,,,,,,,0,0,0,0,0,0,0,0,0,1,0,0,1
,,,,,,,0,0,0,0,0,0,0,0,0,0,0,0,0
,,,,,,,0,0,0,0,0,0,0,0,0,0,1,0,1
,,,,,,,0,0,0,0,0,0,0,0,0,0,1,0,1
,,,,,,,0,0,0,0,0,0,0,0,0,0,0,0,0
,,,,,,,0,0,0,0,0,0,0,0,0,0,0,0,0
,,,,,,,0,0,0,0,0,2,0,0,0,0,5,2,5
,,,,,,,0,0,0,0,0,1,0,0,0,3,4,1,7
,,,,,,,0,0,0,0,0,0,0,0,1,1,0,0,2
,,,,,,,0,4,1,1,3,0,5,1,6,7,2,9,21
,,,,,,,0,2,0,2,2,2,5,1,4,5,4,8,19
,,,,,,,0,0,0,1,2,0,1,0,2,4,4,3,11
,,,,,,,0,0,0,1,0,2,0,0,3,7,2,3,12
,,,,,,,0,0,0,0,1,2,1,1,0,3,3,3,8
,,,,,,,0,0,0,0,0,2,2,0,1,1,6,2,10
,,,,,,,0,0,0,0,0,0,3,0,0,0,2,0,5
,,,,,,,0,0,1,0,0,1,3,1,0,0,3,2,7
,,,,,,,0,0,0,0,0,1,1,0,2,3,4,1,10
,,,,,,,0,0,0,0,2,2,1,1,3,7,3,4,15
,,,,,,,0,0,0,0,0,1,1,1,0,1,4,1,7
,,,,,,,0,2,0,0,0,2,2,1,1,1,2,4,7
,,,,,,,0,0,1,0,0,2,0,1,0,1,4,3,6
,,,,,,,0,0,0,1,1,0,0,1,2,1,2,2,6
,,,,,,,0,0,0,0,2,0,1,0,2,3,4,2,10
,,,,,,,0,3,1,1,3,5,4,1,5,7,10,13,27
,,,,,,,0,1,0,0,0,2,2,1,6,7,6,3,22
,,,,,,,0,0,0,1,0,2,1,0,1,1,3,3,6
,,,,,,,0,0,0,0,1,0,0,0,0,1,1,1,2
,,,,,,,0,2,0,4,5,0,2,0,5,8,5,11,20
,,,,,,,0,0,0,2,1,4,5,4,6,8,5,7,28
,,,,,,,0,2,2,1,0,0,14,8,3,3,3,5,31
,,,,,,,0,2,0,1,1,0,4,1,2,1,2,4,10
,,,,,,,0,0,0,0,0,3,0,0,1,0,4,3,5
,,,,,,,0,0,0,0,0,0,3,0,1,2,5,0,11
,,,,,,,0,4,0,1,3,2,4,0,1,3,4,10,12
,,,,,,,0,0,0,0,0,0,1,0,0,1,3,0,5
,,,,,,,0,0,0,0,0,1,0,0,0,0,1,1,1
,,,,,,,0,0,0,0,0,0,0,0,0,0,2,0,2
,,,,,,,0,0,0,0,0,2,0,0,0,0,4,2,4
,,,,,,,0,0,0,0,0,0,0,0,0,0,2,0,2
,,,,,,,0,0,0,0,0,0,0,0,0,0,0,0,0
,,,,,,,0,0,0,0,0,0,0,0,0,0,0,0,0
,,,,,,,0,0,0,0,0,2,0,1,0,0,4,2,5
,,,,,,,0,2,1,3,2,2,2,2,4,3,5,10,16
,,,,,,,0,0,0,2,1,0,1,0,3,1,0,3,5
,,,,,,,0,0,0,0,0,0,0,0,1,1,1,0,3
,,,,,,,0,0,0,1,0,0,0,0,1,0,1,1,2
,,,,,,,0,1,0,0,0,0,2,1,0,0,0,1,3
,,,,,,,0,2,1,1,1,2,6,3,2,2,4,7,17
,,,,,,,0,7,2,1,1,0,14,2,2,2,4,11,24
,,,,,,,0,3,1,0,0,0,9,1,1,1,0,4,12
,,,,,,,0,0,0,0,0,0,2,0,0,2,1,0,5
,,,,,,,0,2,0,0,2,1,6,4,0,3,2,5,15
,,,,,,,0,1,0,0,0,0,3,4,2,1,2,1,12
,,,,,,,0,0,0,0,0,0,1,0,0,1,2,0,4
,,,,,,,0,0,0,0,0,1,0,0,0,1,2,1,3
,,,,,,,0,0,0,0,0,0,0,0,0,0,0,0,0
,,,,,,,0,0,0,0,0,1,1,0,0,0,4,1,5
,,,,,,,0,1,0,0,0,3,1,0,0,0,4,4,5
,,,,,,,0,0,0,0,0,2,1,0,0,0,6,2,7
,,,,,,,0,0,0,0,0,1,0,0,0,0,3,1,3
,,,,,,,0,0,0,0,0,0,0,0,0,0,0,0,0
,,,,,,,0,1,0,0,0,2,2,0,1,2,4,3,9
,,,,,,,0,0,0,2,2,3,2,0,3,4,8,7,17
,,,,,,,0,0,0,0,1,0,0,0,2,1,2,1,5
,,,,,,,0,0,0,0,0,2,0,0,1,4,3,2,8
,,,,,,,0,0,0,1,1,0,1,0,1,1,4,2,7
,,,,,,,0,1,0,0,0,0,2,0,0,0,0,1,2
,,,,,,,0,2,4,1,0,0,11,10,1,1,1,7,24
,,,,,,,0,8,5,1,0,2,10,10,1,2,3,16,26
,,,,,,,0,0,0,0,0,0,1,0,0,1,0,0,2
,,,,,,,0,0,0,0,0,0,1,0,0,1,0,0,2
,,,,,,,0,3,0,2,3,1,9,0,3,5,4,9,21
,,,,,,,0,6,3,2,1,2,10,3,8,4,4,14,29
,,,,,,,0,0,0,2,1,0,6,3,8,5,2,3,24
,,,,,,,0,1,1,1,3,0,5,2,8,5,2,6,22
,,,,,,,0,3,2,4,3,1,4,2,6,4,1,13,17
,,,,,,,0,0,0,0,0,0,1,0,0,3,0,0,4
,,,,,,,0,0,0,0,0,0,1,0,0,0,0,0,1
,,,,,,,0,1,0,0,0,1,1,0,0,1,3,2,5
,,,,,,,0,0,0,0,1,1,0,0,0,1,2,2,3
,,,,,,,0,0,0,0,0,0,0,0,1,0,2,0,3
,,,,,,,0,0,0,1,4,1,1,0,2,5,2,6,10
,,,,,,,0,0,0,0,0,2,0,0,0,2,4,2,6
,,,,,,,0,0,0,0,0,2,0,0,0,1,6,2,7
,,,,,,,0,1,1,1,2,1,1,2,1,3,4,6,11
,,,,,,,0,0,1,1,2,0,1,1,2,3,2,4,9
,,,,,,,0,0,0,0,0,0,1,0,3,2,2,0,8
,,,,,,,0,1,0,2,2,2,1,0,2,5,4,7,12
,,,,,,,0,0,0,1,3,0,0,0,1,3,0,4,4
,,,,,,,0,0,0,0,0,2,0,0,1,1,4,2,6
,,,,,,,0,0,0,0,0,0,0,0,0,0,4,0,4
,,,,,,,0,0,0,0,0,0,0,0,0,0,0,0,0
,,,,,,,0,1,0,0,1,2,2,0,0,1,4,4,7
,,,,,,,0,0,0,0,0,0,1,0,0,1,2,0,4
,,,,,,,0,0,0,0,0,0,0,0,0,0,0,0,0
,,,,,,,0,0,0,0,0,0,0,0,0,0,0,0,0
,,,,,,,0,0,0,0,0,0,1,0,1,2,3,0,7
,,,,,,,0,0,0,0,0,1,1,0,1,2,1,1,5
,,,,,,,0,0,0,0,1,0,0,0,0,1,0,1,1
,,,,,,,0,0,0,0,0,0,0,0,1,4,2,0,7
,,,,,,,0,0,0,0,1,3,0,0,0,1,4,4,5
,,,,,,,0,1,0,0,0,1,1,0,0,0,6,2,7
,,,,,,,0,0,0,0,0,0,2,0,1,1,4,0,8
,,,,,,,0,1,0,0,1,1,1,0,2,3,4,3,10
,,,,,,,0,0,0,2,2,3,0,0,5,4,7,7,16
,,,,,,,0,0,0,0,2,2,2,0,2,3,5,4,12
,,,,,,,0,1,0,1,0,0,2,0,2,1,3,2,8
,,,,,,,0,0,1,1,0,3,0,1,2,1,7,5,11
,,,,,,,0,0,0,0,0,2,0,0,1,1,6,2,8
,,,,,,,0,0,0,1,1,2,0,0,3,3,2,4,8
,,,,,,,0,0,0,0,1,0,0,0,1,2,4,1,7
,,,,,,,0,0,0,0,0,0,0,0,0,0,2,0,2
,,,,,,,0,0,0,0,0,0,0,0,0,0,0,0,0
,,,,,,,0,0,0,0,0,0,0,0,0,0,0,0,0
,,,,,,,0,0,0,0,0,2,0,0,0,0,5,2,5
,,,,,,,0,0,0,0,0,2,0,0,1,0,4,2,5
,,,,,,,0,0,0,1,0,5,0,0,2,0,7,6,9
,,,,,,,0,0,0,0,0,0,1,1,2,2,3,0,9
,,,,,,,0,0,0,0,0,0,0,0,0,0,2,0,2
,,,,,,,0,0,0,0,2,3,2,0,1,2,5,5,10
,,,,,,,0,2,0,0,1,5,3,1,2,5,5,8,16
,,,,,,,0,0,1,2,2,0,2,2,3,4,2,5,13
,,,,,,,0,1,1,1,2,2,1,1,1,3,5,7,11
,,,,,,,0,0,0,0,0,2,0,0,1,2,3,2,6
,,,,,,,0,0,0,0,1,0,0,0,0,1,0,1,1
,,,,,,,0,0,0,0,0,0,0,0,0,0,0,0,0
,,,,,,,0,0,0,0,0,0,0,0,0,0,1,0,1
,,,,,,,0,0,0,0,0,0,0,0,0,0,1,0,1
,,,,,,,0,0,0,0,0,0,0,0,0,0,0,0,0
,,,,,,,0,0,0,0,0,0,0,0,0,0,1,0,1
,,,,,,,0,0,0,2,1,1,0,0,2,4,2,4,8
,,,,,,,0,0,0,1,3,2,0,0,1,3,3,6,7
,,,,,,,0,0,0,1,0,1,0,0,1,1,4,2,6
,,,,,,,0,2,1,3,3,2,3,1,6,4,6,11,20
,,,,,,,0,0,0,0,0,0,2,1,4,2,2,0,11
,,,,,,,0,0,0,1,1,0,0,0,1,1,0,2,2
,,,,,,,0,0,0,1,0,0,0,1,3,4,0,1,8
,,,,,,,0,1,1,0,2,0,2,1,2,3,2,4,10
,,,,,,,0,0,0,0,0,2,1,0,0,0,3,2,4
,,,,,,,0,1,0,0,0,1,1,1,0,0,6,2,8
,,,,,,,0,0,0,0,0,2,0,1,0,0,3,2,4
,,,,,,,0,0,0,0,0,0,2,1,0,1,1,0,5
,,,,,,,0,1,0,2,3,2,2,0,3,3,5,8,13
,,,,,,,0,0,0,0,0,1,0,0,2,1,4,1,7
,,,,,,,0,0,1,1,1,1,0,1,1,1,4,4,7
,,,,,,,0,0,0,0,0,0,0,2,2,1,4,0,9
,,,,,,,0,0,0,0,0,0,0,0,1,1,0,0,2
,,,,,,,0,1,0,1,0,0,1,0,1,3,2,2,7
,,,,,,,0,2,1,3,2,2,4,2,7,6,4,10,23
,,,,,,,0,0,0,2,3,3,3,2,6,5,6,8,22
,,,,,,,0,1,0,1,1,2,3,0,2,4,3,5,12
,,,,,,,0,0,0,2,3,1,1,0,3,7,3,6,14
,,,,,,,0,1,0,1,3,2,2,0,5,9,2,7,18
,,,,,,,0,0,0,2,6,0,6,0,6,7,5,8,24
,,,,,,,0,9,3,2,2,7,13,3,4,9,9,23,38
,,,,,,,0,0,0,0,0,2,7,3,3,2,4,2,19
,,,,,,,0,0,0,0,0,0,0,0,1,0,0,0,1
,,,,,,,0,0,0,0,0,2,0,0,0,1,2,2,3
,,,,,,,0,0,0,0,0,0,1,0,1,2,4,0,8
,,,,,,,0,0,0,0,0,2,0,0,0,0,3,2,3
,,,,,,,0,0,0,0,0,0,0,0,0,0,3,0,3
,,,,,,,0,0,0,0,0,0,0,0,0,0,0,0,0
,,,,,,,0,0,0,0,0,1,0,0,0,0,3,1,3
,,,,,,,0,0,0,0,0,2,0,0,0,0,2,2,2
,,,,,,,0,0,0,0,0,0,0,0,0,0,0,0,0
,,,,,,,0,0,0,0,0,0,0,0,0,0,0,0,0
,,,,,,,0,0,0,0,0,0,0,0,0,0,1,0,1
,,,,,,,0,1,1,1,1,3,2,1,2,1,4,7,10
,,,,,,,0,0,0,0,0,1,0,0,1,0,2,1,3
,,,,,,,0,0,0,0,0,2,0,0,2,1,3,2,6
,,,,,,,0,0,1,1,1,1,0,1,2,1,4,4,8
,,,,,,,0,1,0,0,0,0,2,1,0,0,0,1,3
,,,,,,,0,0,0,0,0,1,2,2,1,2,2,1,9
,,,,,,,0,2,0,0,3,5,9,1,2,5,5,10,22
,,,,,,,0,0,0,0,0,0,3,0,0,2,2,0,7
,,,,,,,0,7,5,1,1,1,20,10,3,5,2,15,40
,,,,,,,0,13,13,2,1,2,37,30,5,10,4,31,86
,,,,,,,0,2,4,1,1,3,14,13,4,4,5,11,40
,,,,,,,0,0,0,0,1,1,2,3,1,1,2,2,9
,,,,,,,0,0,0,0,1,0,0,0,0,2,1,1,3
,,,,,,,0,0,0,0,0,0,0,0,1,3,1,0,5
,,,,,,,0,0,0,0,0,0,0,0,0,0,1,0,1
,,,,,,,0,0,0,0,0,2,0,0,0,0,3,2,3
,,,,,,,0,0,0,0,0,1,0,0,0,0,5,1,5
,,,,,,,0,0,0,0,0,0,0,0,0,0,1,0,1
,,,,,,,0,0,0,0,0,0,0,0,0,0,0,0,0
,,,,,,,0,1,0,0,1,3,1,0,3,2,5,5,11
,,,,,,,0,0,0,3,3,3,1,0,4,3,6,9,14
,,,,,,,0,0,0,1,1,0,0,0,2,3,0,2,5
,,,,,,,0,0,0,0,2,1,0,0,1,2,4,3,7
,,,,,,,0,0,0,0,0,2,0,0,0,1,6,2,7
,,,,,,,0,0,0,0,0,1,1,0,0,1,3,1,5
,,,,,,,0,1,1,0,1,0,4,9,1,2,3,3,19
,,,,,,,0,1,2,0,0,2,3,6,1,1,3,5,14
,,,,,,,0,0,0,0,0,0,0,0,0,0,0,0,0
,,,,,,,0,2,0,0,0,0,3,0,0,1,1,2,5
,,,,,,,0,5,0,3,3,2,10,0,4,6,4,13,24
,,,,,,,0,2,0,3,5,0,10,3,8,8,4,10,33
,,,,,,,0,1,0,5,4,2,1,0,6,7,2,12,16
,,,,,,,0,0,0,1,2,1,0,0,4,5,2,4,11
,,,,,,,0,0,0,0,0,0,0,1,1,3,0,0,5
,,,,,,,0,0,0,0,3,0,0,0,0,3,0,3,3
,,,,,,,0,0,0,0,0,0,1,0,0,2,0,0,3
,,,,,,,0,0,0,0,0,0,0,0,0,1,1,0,2
,,,,,,,0,0,0,0,0,0,0,0,0,1,0,0,1
,,,,,,,0,0,0,0,0,0,0,0,0,0,0,0,0
,,,,,,,0,0,0,0,0,0,0,0,0,0,0,0,0
,,,,,,,0,0,0,0,0,0,0,0,0,0,0,0,0
,,,,,,,0,0,0,0,0,0,0,0,0,0,1,0,1
,,,,,,,0,0,0,0,0,0,1,2,1,3,2,0,9
,,,,,,,0,0,1,0,1,0,3,1,1,4,2,2,11
,,,,,,,0,1,0,1,4,2,1,0,3,6,3,8,13
,,,,,,,0,0,0,0,0,0,0,0,2,5,0,0,7
,,,,,,,0,0,0,1,1,0,0,0,2,2,1,2,5
,,,,,,,0,0,0,0,0,1,0,0,1,1,6,1,8
,,,,,,,0,0,0,0,0,0,0,0,0,0,5,0,5
,,,,,,,0,0,0,0,1,2,1,0,0,1,2,3,4
,,,,,,,0,1,0,0,1,0,1,0,0,2,1,2,4
,,,,,,,0,0,0,0,0,0,0,0,0,0,0,0,0
,,,,,,,0,0,0,0,0,0,0,0,0,0,0,0,0
,,,,,,,0,0,0,0,0,0,0,0,0,0,0,0,0
,,,,,,,0,1,0,1,1,2,1,0,1,2,3,5,7
,,,,,,,0,0,0,0,2,0,1,0,1,5,2,2,9
,,,,,,,0,0,0,0,0,0,0,0,1,5,1,0,7
,,,,,,,0,0,0,1,2,1,0,0,2,3,2,4,7
,,,,,,,0,0,0,0,0,0,1,1,2,5,5,0,14
,,,,,,,0,1,0,1,2,3,2,0,2,6,7,7,17
,,,,,,,0,0,0,1,3,2,1,0,2,5,5,6,13
,,,,,,,0,0,0,0,3,2,1,0,1,5,2,5,9
,,,,,,,0,0,0,3,3,0,2,0,3,7,3,6,15
,,,,,,,0,0,0,0,1,0,0,0,1,2,4,1,7
,,,,,,,0,0,0,0,0,2,0,0,1,2,5,2,8
,,,,,,,0,0,1,3,3,3,1,1,3,5,5,10,15
,,,,,,,0,0,0,1,1,2,0,0,2,5,3,4,10
,,,,,,,0,0,0,2,2,3,0,0,3,4,6,7,13
,,,,,,,0,0,0,0,0,3,1,0,1,0,5,3,7
,,,,,,,0,0,0,0,0,0,1,0,0,0,2,0,3
,,,,,,,0,0,0,0,0,0,0,0,0,0,0,0,0
,,,,,,,0,0,0,0,0,0,0,0,0,0,2,0,2
,,,,,,,0,0,0,0,0,2,0,0,0,0,6,2,6
,,,,,,,0,0,0,0,1,0,0,0,2,1,2,1,5
,,,,,,,0,0,0,2,0,1,0,1,2,1,5,3,9
,,,,,,,0,1,1,3,4,1,1,1,4,4,3,10,13
,,,,,,,0,0,0,2,1,2,2,0,6,8,3,5,19
,,,,,,,0,1,0,3,2,1,1,0,4,5,5,7,15
,,,,,,,0,0,0,0,0,0,2,0,1,4,2,0,9
,,,,,,,0,0,0,1,0,0,0,1,2,2,1,1,6
,,,,,,,0,0,0,1,1,4,0,1,1,2,5,6,9
,,,,,,,0,0,0,0,0,0,0,0,1,0,6,0,7
,,,,,,,0,0,0,0,0,4,0,0,0,1,4,4,5
,,,,,,,0,0,0,0,1,1,0,0,0,2,4,2,6
,,,,,,,0,0,0,0,0,0,0,0,0,0,0,0,0
,,,,,,,0,0,0,0,0,1,0,0,0,0,2,1,2
,,,,,,,0,0,0,0,0,0,0,0,0,0,1,0,1
,,,,,,,0,0,0,0,0,0,0,0,0,0,0,0,0
,,,,,,,0,0,0,1,1,0,0,0,1,1,0,2,2
,,,,,,,0,0,0,0,1,2,0,0,0,3,2,3,5
,,,,,,,0,0,1,1,5,0,0,1,1,6,6,7,14
,,,,,,,0,0,0,1,1,3,0,1,1,4,6,5,12
,,,,,,,0,1,0,1,5,1,1,0,2,6,3,8,12
,,,,,,,0,0,0,0,0,0,1,0,2,1,3,0,7
,,,,,,,0,0,0,1,1,0,0,0,2,1,0,2,3
,,,,,,,0,2,0,0,0,0,2,0,2,2,0,2,6
,,,,,,,0,0,0,0,0,0,3,1,0,0,2,0,6
,,,,,,,0,1,2,0,1,4,4,3,1,1,8,8,17
,,,,,,,0,0,0,0,0,3,2,4,1,1,6,3,14
,,,,,,,0,1,0,0,0,0,1,1,1,1,1,1,5
,,,,,,,0,0,0,1,0,0,1,0,1,0,2,1,4
,,,,,,,0,0,0,0,0,1,0,0,1,0,4,1,5
,,,,,,,0,1,0,1,1,2,1,2,1,2,6,5,12
,,,,,,,0,1,1,2,1,0,2,1,2,2,5,5,12
,,,,,,,0,3,0,0,2,0,4,1,0,5,4,5,14
,,,,,,,0,1,0,0,2,1,2,0,2,4,2,4,10
,,,,,,,0,0,0,1,2,1,2,0,4,5,4,4,15
,,,,,,,0,0,0,0,0,0,1,0,0,2,1,0,4
,,,,,,,0,1,0,1,2,3,2,0,3,3,6,7,14
,,,,,,,0,0,0,1,1,4,3,0,5,7,6,6,21
,,,,,,,0,1,0,0,1,0,2,1,3,2,4,2,12
,,,,,,,0,2,0,2,0,2,5,0,5,5,4,6,19
,,,,,,,0,1,0,1,1,4,5,0,4,2,6,7,17
,,,,,,,0,0,0,0,0,2,0,0,0,0,3,2,3
,,,,,,,0,0,0,0,0,1,0,0,0,0,4,1,4
,,,,,,,0,0,0,0,0,0,0,0,0,0,0,0,0
,,,,,,,0,0,0,0,0,2,0,0,0,0,2,2,2
,,,,,,,0,0,0,0,0,0,0,0,0,0,4,0,4
,,,,,,,0,0,0,0,0,0,0,0,0,0,3,0,3
,,,,,,,0,0,0,0,0,1,0,0,0,0,1,1,1
,,,,,,,0,0,0,0,0,0,0,0,0,0,1,0,1
,,,,,,,0,0,0,0,0,0,0,0,0,0,2,0,2
,,,,,,,0,0,0,0,0,0,0,0,0,0,0,0,0
,,,,,,,0,0,0,0,0,0,1,0,0,0,0,0,1
,,,,,,,0,0,0,0,0,0,1,0,0,0,0,0,1
,,,,,,,0,0,0,0,0,0,0,0,0,0,2,0,2
,,,,,,,0,0,0,0,0,0,0,0,0,0,3,0,3
,,,,,,,0,0,0,1,0,0,0,0,1,0,2,1,3
,,,,,,,0,0,0,1,0,1,0,1,2,2,1,2,6
,,,,,,,0,0,0,0,0,0,0,0,0,0,0,0,0
,,,,,,,0,0,0,0,0,0,0,0,0,2,1,0,3
,,,,,,,0,0,0,1,1,3,1,0,3,5,3,5,12
,,,,,,,0,0,0,2,0,0,0,0,4,2,1,2,7
,,,,,,,0,4,4,2,1,1,17,13,3,3,2,12,38
,,,,,,,0,22,21,2,5,0,42,30,9,9,2,50,92
,,,,,,,0,1,1,1,1,0,22,12,5,8,2,4,49
,,,,,,,0,0,0,0,0,1,0,0,0,1,4,1,5
,,,,,,,0,0,0,0,1,4,1,0,0,4,4,5,9
,,,,,,,0,0,0,1,3,2,0,0,1,5,5,6,11
,,,,,,,0,0,0,0,1,2,0,0,3,3,3,3,9
,,,,,,,0,0,0,0,0,1,0,0,0,2,5,1,7
,,,,,,,0,0,0,0,1,1,0,0,0,1,5,2,6
,,,,,,,0,0,0,0,0,0,0,0,0,0,0,0,0
,,,,,,,0,0,0,0,0,0,0,0,0,1,0,0,1
,,,,,,,0,0,0,1,1,2,0,0,6,4,5,4,15
,,,,,,,0,0,0,4,1,0,0,0,5,1,3,5,9
,,,,,,,0,0,0,0,0,0,0,0,1,0,1,0,2
,,,,,,,0,0,0,0,0,1,0,0,0,0,2,1,2
,,,,,,,0,0,0,0,0,3,0,0,0,0,5,3,5
,,,,,,,0,0,0,0,0,2,1,3,0,1,6,2,11
,,,,,,,0,0,5,0,1,2,0,5,0,1,4,8,10
,,,,,,,0,1,0,0,0,0,1,3,1,0,2,1,7
,,,,,,,0,0,1,1,1,0,1,1,2,1,1,3,6
,,,,,,,0,3,1,1,2,2,4,3,3,4,3,9,17
,,,,,,,0,1,0,2,2,1,2,1,4,5,4,6,16
,,,,,,,0,0,0,0,2,1,0,0,3,8,2,3,13
,,,,,,,0,0,0,1,0,0,3,0,2,7,3,1,15
,,,,,,,0,3,0,2,5,2,4,0,3,10,3,12,20
,,,,,,,0,1,0,1,3,0,1,0,1,3,0,5,5
,,,,,,,0,0,0,0,0,0,1,0,0,2,0,0,3
,,,,,,,0,1,0,0,0,0,1,0,0,0,0,1,1
,,,,,,,0,0,0,0,0,0,0,0,0,0,0,0,0
,,,,,,,0,0,0,0,0,0,0,0,0,0,0,0,0
,,,,,,,0,0,0,0,0,0,0,0,0,0,0,0,0
,,,,,,,0,0,0,0,0,0,0,0,0,0,0,0,0
,,,,,,,0,0,0,0,0,0,0,0,0,0,0,0,0
,,,,,,,0,0,0,0,0,0,0,0,0,0,0,0,0
,,,,,,,0,0,0,0,0,0,1,0,0,0,0,0,1
,,,,,,,0,1,0,0,0,0,1,0,1,1,2,1,5
,,,,,,,0,1,0,3,3,4,1,0,3,6,6,11,16
,,,,,,,0,1,0,0,2,0,1,0,2,5,2,3,10
,,,,,,,0,0,0,0,0,0,0,0,1,3,4,0,8
,,,,,,,0,0,0,0,0,3,0,0,0,1,9,3,10
,,,,,,,0,0,0,0,0,4,0,0,0,0,6,4,6
,,,,,,,0,0,0,0,0,0,0,0,0,1,2,0,3
,,,,,,,0,0,0,0,0,0,0,0,0,0,0,0,0
,,,,,,,0,0,0,0,0,0,0,0,0,0,0,0,0
,,,,,,,0,0,0,0,0,0,0,0,0,0,0,0,0
,,,,,,,0,0,0,0,0,0,1,0,3,4,1,0,9
,,,,,,,0,1,0,3,2,1,1,0,4,3,2,7,10
,,,,,,,0,0,0,0,1,0,0,0,1,6,2,1,9
,,,,,,,0,0,0,1,1,2,0,0,2,4,4,4,10
,,,,,,,0,0,0,0,0,1,0,0,1,2,3,1,6
,,,,,,,0,0,1,1,1,1,0,1,1,3,3,4,8
,,,,,,,0,0,0,0,0,0,1,1,2,5,5,0,14
,,,,,,,0,2,0,1,2,2,3,1,2,6,2,7,14
,,,,,,,0,2,0,3,4,0,4,1,5,9,0,9,19
,,,,,,,0,2,0,2,3,0,2,0,4,6,0,7,12
,,,,,,,0,0,0,0,1,0,1,0,1,2,2,1,6
,,,,,,,0,0,0,0,2,0,0,1,3,6,5,2,15
,,,,,,,0,1,1,3,5,2,1,1,3,9,7,12,21
,,,,,,,0,0,0,0,1,2,1,0,0,8,5,3,14
,,,,,,,0,0,0,0,1,2,0,0,1,4,8,3,13
,,,,,,,0,4,0,1,1,1,5,0,1,3,6,7,15
,,,,,,,0,2,0,0,0,0,4,0,0,1,2,2,7
,,,,,,,0,0,0,0,0,0,0,0,0,2,2,0,4
,,,,,,,0,0,0,0,0,2,0,0,0,1,5,2,6
,,,,,,,0,0,0,0,1,1,0,0,0,1,6,2,7
,,,,,,,0,0,0,2,1,2,0,0,2,2,4,5,8
,,,,,,,0,0,0,0,0,0,0,0,1,2,4,0,7
,,,,,,,0,0,0,0,0,0,0,0,1,1,0,0,2
,,,,,,,0,0,0,1,1,0,1,0,2,5,4,2,12
,,,,,,,0,0,0,0,0,3,1,0,3,6,6,3,16
,,,,,,,0,0,0,1,3,2,0,0,1,3,3,6,7
,,,,,,,0,0,0,0,0,2,0,0,1,2,4,2,7
,,,,,,,0,0,0,0,1,1,0,0,0,1,4,2,5
,,,,,,,0,0,0,0,0,0,0,0,0,0,1,0,1
,,,,,,,0,0,0,0,1,1,0,0,0,1,7,2,8
,,,,,,,0,0,0,0,0,2,0,0,0,2,4,2,6
,,,,,,,0,0,0,0,0,1,0,0,0,0,1,1,1
,,,,,,,0,0,0,0,0,2,0,0,0,0,2,2,2
,,,,,,,0,0,0,0,0,0,0,0,0,0,1,0,1
,,,,,,,0,0,0,0,0,0,0,0,0,0,0,0,0
,,,,,,,0,0,0,0,0,0,0,0,0,0,0,0,0
,,,,,,,0,0,0,0,0,2,0,0,0,3,3,2,6
,,,,,,,0,0,0,0,1,2,0,1,1,6,3,3,11
,,,,,,,0,0,0,0,0,1,0,1,2,3,2,1,8
,,,,,,,0,0,0,1,4,0,1,0,3,7,2,5,13
,,,,,,,0,0,0,1,1,1,0,0,1,2,3,3,6
,,,,,,,0,0,0,0,1,1,0,0,0,1,2,2,3
,,,,,,,0,0,0,0,0,0,1,0,0,0,0,0,1
,,,,,,,0,0,0,0,0,1,0,0,0,0,3,1,3
,,,,,,,0,1,0,0,0,4,3,2,1,1,5,5,12
,,,,,,,0,1,1,0,0,0,3,3,1,1,6,2,14
,,,,,,,0,0,1,1,1,2,0,2,1,1,2,5,6
,,,,,,,0,0,1,0,0,2,0,1,1,1,3,3,6
,,,,,,,0,1,3,1,0,0,1,5,2,2,5,5,15
,,,,,,,0,1,2,0,3,0,2,4,2,5,4,6,17
,,,,,,,0,0,0,0,0,1,2,0,1,4,3,1,10
,,,,,,,0,4,1,0,3,3,5,1,1,8,6,11,21
,,,,,,,0,0,0,1,1,1,2,1,1,6,5,3,15
,,,,,,,0,0,0,0,0,2,0,0,2,3,2,2,7
,,,,,,,0,0,0,1,1,1,0,0,1,2,5,3,8
,,,,,,,0,0,0,0,0,2,0,0,2,3,4,2,9
,,,,,,,0,1,1,1,3,0,1,1,5,5,8,6,20
,,,,,,,0,0,3,4,5,5,3,4,9,9,7,17,32
,,,,,,,0,0,1,0,0,2,1,4,4,3,5,3,17
,,,,,,,0,0,0,0,0,0,0,0,0,2,0,0,2
,,,,,,,0,0,0,0,1,1,1,0,0,1,3,2,5
,,,,,,,0,0,0,0,0,1,1,0,0,1,5,1,7
,,,,,,,0,0,0,0,0,4,0,0,0,0,4,4,4
,,,,,,,0,0,0,0,0,0,0,0,0,0,1,0,1
,,,,,,,0,0,0,0,0,0,0,0,0,0,1,0,1
,,,,,,,0,3,1,0,0,2,3,1,0,0,2,6,6
,,,,,,,0,0,0,0,0,0,3,2,0,0,2,0,7
,,,,,,,0,0,0,0,0,0,1,1,0,0,0,0,2
,,,,,,,0,0,0,0,0,0,0,0,0,0,0,0,0
,,,,,,,0,0,0,0,0,0,1,0,0,0,0,0,1
,,,,,,,0,1,0,0,0,0,1,0,0,0,0,1,1
,,,,,,,0,1,0,0,0,0,3,0,0,0,0,1,3
,,,,,,,0,2,0,0,0,0,2,0,0,0,0,2,2
,,,,,,,0,0,0,0,0,4,0,0,0,0,4,4,4
,,,,,,,0,0,0,0,0,0,0,0,0,0,4,0,4
,,,,,,,0,0,0,0,1,0,0,0,1,2,0,1,3
,,,,,,,0,0,0,0,0,0,1,0,0,1,0,0,2
,,,,,,,0,1,1,0,2,0,2,1,3,5,0,4,11
,,,,,,,0,0,0,1,1,0,1,1,5,5,0,2,12
,,,,,,,0,2,0,3,2,4,2,0,6,3,4,11,15
,,,,,,,0,1,0,0,0,0,3,1,2,2,6,1,14
,,,,,,,0,4,1,2,1,3,12,7,4,2,4,11,29
,,,,,,,0,0,0,1,0,0,6,1,3,1,3,1,14
,,,,,,,0,0,0,1,0,2,1,0,1,0,3,3,5
,,,,,,,0,1,0,0,1,1,2,1,2,2,4,3,11
,,,,,,,0,1,0,0,2,1,3,2,3,6,2,4,16
,,,,,,,0,0,0,2,2,1,2,0,2,4,1,5,9
,,,,,,,0,0,0,0,0,0,0,0,0,0,5,0,5
,,,,,,,0,0,0,0,0,2,0,0,0,1,5,2,6
,,,,,,,0,0,0,0,0,0,0,0,0,0,0,0,0
,,,,,,,0,0,0,0,0,0,0,0,2,2,0,0,4
,,,,,,,0,0,0,4,3,2,0,1,5,5,5,9,16
,,,,,,,0,0,0,2,2,0,0,0,3,3,2,4,8
,,,,,,,0,0,0,0,0,1,1,0,0,1,2,1,4
,,,,,,,0,2,0,0,0,2,2,0,0,1,2,4,5
,,,,,,,0,0,0,0,0,0,0,0,0,0,1,0,1
,,,,,,,0,1,0,0,0,3,1,0,0,0,4,4,5
,,,,,,,0,0,3,1,1,2,0,3,1,2,4,7,10
,,,,,,,0,0,3,1,1,0,2,4,1,2,1,5,10
,,,,,,,0,0,1,1,0,2,0,4,2,2,2,4,10
,,,,,,,0,0,2,1,1,0,0,3,4,5,4,4,16
,,,,,,,0,0,0,1,0,0,0,0,5,5,3,1,13
,,,,,,,0,0,0,3,4,3,0,0,3,6,5,10,14
,,,,,,,0,0,0,1,0,2,2,2,2,3,4,3,13
,,,,,,,0,2,2,2,5,0,6,2,2,5,2,11,17
,,,,,,,0,1,0,0,0,0,1,0,1,3,0,1,5
,,,,,,,0,0,0,0,0,0,0,0,0,0,0,0,0
,,,,,,,0,0,0,0,0,0,0,0,0,0,0,0,0
,,,,,,,0,0,0,0,0,0,0,0,0,0,0,0,0
,,,,,,,0,0,0,0,0,0,0,0,0,0,0,0,0
,,,,,,,0,0,0,0,0,0,0,0,0,0,0,0,0
,,,,,,,0,0,0,0,0,0,0,0,0,0,0,0,0
,,,,,,,0,0,0,0,0,0,0,0,0,0,0,0,0
,,,,,,,0,0,0,0,0,0,0,0,0,0,0,0,0
,,,,,,,0,0,0,0,0,0,0,0,0,0,0,0,0
,,,,,,,0,0,0,0,0,1,0,0,0,0,2,1,2
,,,,,,,0,0,0,0,0,0,0,0,0,1,5,0,6
,,,,,,,0,1,0,0,2,4,1,1,2,2,7,7,13
,,,,,,,0,0,0,1,3,3,0,1,1,6,4,7,12
,,,,,,,0,0,0,0,0,2,0,0,0,2,6,2,8
,,,,,,,0,0,0,0,0,0,0,0,0,0,6,0,6
,,,,,,,0,0,0,0,0,0,0,0,0,0,0,0,0
,,,,,,,0,0,0,0,0,0,0,0,0,0,0,0,0
,,,,,,,0,0,0,0,0,0,0,0,0,0,0,0,0
,,,,,,,0,0,0,0,0,0,0,0,0,1,0,0,1
,,,,,,,0,2,0,0,2,0,4,0,2,3,0,4,9
,,,,,,,0,0,0,1,1,1,7,4,6,6,3,3,26
,,,,,,,0,4,2,1,4,4,5,3,2,5,6,15,21
,,,,,,,0,0,0,0,0,3,2,0,1,4,8,3,15
,,,,,,,0,0,0,1,0,1,0,0,1,0,2,2,3
,,,,,,,0,0,0,0,1,1,0,0,1,1,3,2,5
,,,,,,,0,0,0,0,1,2,0,0,0,3,5,3,8
,,,,,,,0,1,0,0,1,2,4,1,3,5,5,4,18
,,,,,,,0,1,1,2,0,1,4,1,4,4,6,5,19
,,,,,,,0,1,0,0,0,2,1,0,2,1,2,3,6
,,,,,,,0,0,0,0,1,2,0,1,2,2,3,3,8
,,,,,,,0,0,1,1,1,0,0,1,1,3,4,3,9
,,,,,,,0,0,0,0,0,3,0,0,1,4,5,3,10
,,,,,,,0,0,0,0,0,1,0,0,0,1,6,1,7
,,,,,,,0,0,0,0,0,2,0,0,1,1,5,2,7
,,,,,,,0,1,0,0,2,2,3,0,1,3,4,5,11
,,,,,,,0,0,0,0,0,1,2,0,0,3,5,1,10
,,,,,,,0,0,0,0,1,1,0,0,1,2,4,2,7
,,,,,,,0,0,0,0,0,3,0,0,0,1,4,3,5
,,,,,,,0,0,0,0,0,1,0,0,0,0,5,1,5
,,,,,,,0,0,0,0,0,1,0,0,0,1,4,1,5
,,,,,,,0,0,0,0,0,1,0,0,2,1,3,1,6
,,,,,,,0,0,0,0,0,0,0,0,0,0,2,0,2
,,,,,,,0,0,0,0,0,0,0,0,0,0,0,0,0
,,,,,,,0,0,0,0,0,2,0,0,0,0,4,2,4
,,,,,,,0,0,0,0,0,1,0,0,0,0,2,1,2
,,,,,,,0,0,0,0,0,0,0,0,0,1,0,0,1
,,,,,,,0,0,0,0,1,2,0,0,1,2,3,3,6
,,,,,,,0,0,0,0,1,0,0,0,1,1,2,1,4
,,,,,,,0,0,1,0,0,0,0,1,0,2,2,1,5
,,,,,,,0,0,1,0,2,3,0,1,0,2,4,6,7
,,,,,,,0,0,0,0,0,1,0,0,0,0,2,1,2
,,,,,,,0,0,0,0,0,0,0,0,0,0,0,0,0
,,,,,,,0,0,0,0,0,0,0,0,0,0,0,0,0
,,,,,,,0,0,0,0,0,0,0,0,0,0,0,0,0
,,,,,,,0,0,0,0,0,0,0,0,0,0,0,0,0
,,,,,,,0,0,0,0,0,0,0,0,0,0,0,0,0
,,,,,,,0,0,0,0,0,0,0,0,0,0,0,0,0
,,,,,,,0,0,0,0,0,0,0,0,0,0,1,0,1
,,,,,,,0,0,1,0,0,0,0,1,0,0,3,1,4
,,,,,,,0,0,1,0,0,2,0,1,0,0,2,3,3
,,,,,,,0,0,0,0,0,0,0,0,0,1,0,0,1
,,,,,,,0,0,0,0,1,1,0,0,0,1,3,2,4
,,,,,,,0,0,0,0,0,2,0,0,0,0,4,2,4
,,,,,,,0,0,0,0,0,2,0,0,0,0,3,2,3
,,,,,,,0,0,0,0,0,0,1,0,0,0,1,0,2
,,,,,,,0,0,0,0,0,1,0,0,0,0,1,1,1
,,,,,,,0,0,0,0,0,0,0,0,0,0,2,0,2
,,,,,,,0,0,0,0,0,1,0,1,1,1,4,1,7
,,,,,,,0,0,3,1,1,3,0,6,3,3,3,8,15
,,,,,,,0,0,0,1,1,1,3,5,5,8,2,3,23
,,,,,,,0,0,0,1,3,0,2,1,4,11,2,4,20
,,,,,,,0,0,0,0,4,2,1,0,0,7,4,6,12
,,,,,,,0,0,0,0,0,2,0,0,1,3,2,2,6
,,,,,,,0,0,0,1,2,1,0,0,2,4,3,4,9
,,,,,,,0,0,1,0,1,2,0,1,1,2,6,4,10
,,,,,,,0,1,2,2,3,1,2,7,2,4,6,9,21
,,,,,,,0,0,2,2,0,1,2,5,4,3,5,5,19
,,,,,,,0,1,0,2,3,1,2,2,7,6,6,7,23
,,,,,,,0,0,1,2,2,2,2,1,6,6,3,7,18
,,,,,,,0,0,0,1,2,0,0,0,1,4,2,3,7
,,,,,,,0,1,0,0,0,0,1,0,1,2,1,1,5
,,,,,,,0,0,0,1,1,2,1,0,2,3,4,4,10
,,,,,,,0,0,0,0,0,2,0,0,0,1,5,2,6
,,,,,,,0,0,0,0,0,0,0,0,0,0,2,0,2
,,,,,,,0,0,0,0,0,1,3,0,0,0,1,1,4
,,,,,,,0,2,0,0,0,0,5,1,0,0,1,2,7
,,,,,,,0,0,1,0,0,0,1,1,0,0,0,1,2
,,,,,,,0,2,0,0,0,0,3,1,0,0,0,2,4
,,,,,,,0,0,0,0,0,0,1,0,0,0,0,0,1
,,,,,,,0,2,0,0,0,0,2,0,0,0,0,2,2
,,,,,,,0,1,0,0,0,0,2,0,0,0,0,1,2
,,,,,,,0,1,0,0,0,0,2,0,0,0,0,1,2
,,,,,,,0,0,0,0,0,0,3,0,0,0,0,0,3
,,,,,,,0,1,0,0,0,0,1,0,0,0,3,1,4
,,,,,,,0,0,0,0,0,2,0,0,0,0,4,2,4
,,,,,,,0,0,0,0,2,0,1,1,0,3,0,2,5
,,,,,,,0,0,0,0,0,0,0,0,0,2,0,0,2
,,,,,,,0,2,1,3,3,0,3,1,4,4,0,9,12
,,,,,,,0,0,0,3,0,0,2,1,7,4,0,3,14
,,,,,,,0,0,1,0,1,1,5,2,1,4,4,3,16
,,,,,,,0,3,2,0,1,0,5,2,0,2,2,6,11
,,,,,,,0,0,0,0,0,1,2,1,0,0,2,1,5
,,,,,,,0,1,0,0,0,0,1,0,0,0,2,1,3
,,,,,,,0,2,0,0,0,0,4,0,1,0,3,2,8
,,,,,,,0,3,0,0,2,2,7,2,2,3,5,7,19
,,,,,,,0,0,3,2,1,0,4,6,3,6,4,6,23
,,,,,,,0,3,3,1,2,0,4,4,1,2,0,9,11
,,,,,,,0,1,0,0,0,1,4,3,1,1,2,2,11
,,,,,,,0,0,0,0,0,0,0,0,0,0,2,0,2
,,,,,,,0,0,0,0,0,0,0,0,0,0,0,0,0
,,,,,,,0,0,0,0,0,0,1,0,0,0,1,0,2
,,,,,,,0,1,1,1,0,2,1,1,3,3,2,5,10
,,,,,,,0,0,0,0,3,0,0,1,3,5,3,3,12
,,,,,,,0,0,0,0,3,1,1,0,0,4,3,4,8
,,,,,,,0,0,0,0,0,1,3,0,1,1,4,1,9
,,,,,,,0,0,0,0,0,1,0,0,0,0,2,1,2
,,,,,,,0,0,0,0,0,0,0,0,0,0,1,0,1
,,,,,,,0,0,0,0,1,0,1,3,1,1,3,1,9
,,,,,,,0,1,0,0,0,2,1,2,0,2,3,3,8
,,,,,,,0,0,0,0,0,1,0,1,0,1,5,1,7
,,,,,,,0,0,0,1,2,1,0,0,2,3,4,4,9
,,,,,,,0,0,0,1,2,2,0,0,1,2,4,5,7
,,,,,,,0,0,0,1,2,2,1,0,2,4,4,5,11
,,,,,,,0,1,1,1,2,0,3,1,1,4,5,5,14
,,,,,,,0,2,0,0,1,3,4,3,0,1,3,6,11
,,,,,,,0,0,0,0,0,0,0,0,0,0,0,0,0
,,,,,,,0,0,0,0,0,0,0,0,0,0,0,0,0
,,,,,,,0,0,0,0,0,0,0,0,0,0,0,0,0
,,,,,,,0,0,0,0,0,0,0,0,0,0,0,0,0
,,,,,,,0,0,0,0,0,0,0,0,0,0,0,0,0
,,,,,,,0,0,0,0,0,0,0,0,0,0,0,0,0
,,,,,,,0,0,0,0,0,0,0,0,0,0,0,0,0
,,,,,,,0,0,0,0,0,0,0,0,0,0,0,0,0
,,,,,,,0,0,0,0,0,0,0,0,0,0,2,0,2
,,,,,,,0,0,0,0,0,0,0,0,0,0,3,0,3
,,,,,,,0,0,0,0,0,2,0,0,0,0,2,2,2
,,,,,,,0,0,0,0,0,0,0,0,0,0,0,0,0
,,,,,,,0,0,1,1,1,3,1,1,2,3,7,6,14
,,,,,,,0,1,0,2,5,0,1,1,3,6,5,8,16
,,,,,,,0,0,0,1,1,0,0,0,1,4,2,2,7
,,,,,,,0,0,0,0,0,0,0,0,1,1,4,0,6
,,,,,,,0,0,0,0,0,0,0,0,0,0,0,0,0
,,,,,,,0,0,0,0,0,0,0,0,0,0,0,0,0
,,,,,,,0,0,0,0,0,0,0,0,0,0,0,0,0
,,,,,,,0,0,0,0,0,0,0,0,0,1,0,0,1
,,,,,,,0,1,0,0,1,0,1,0,0,2,0,2,3
,,,,,,,0,0,1,1,1,2,2,3,2,2,3,5,12
,,,,,,,0,0,0,0,1,3,5,3,3,4,8,4,23
,,,,,,,0,2,0,0,1,2,3,0,4,4,4,5,15
,,,,,,,0,0,0,0,0,2,2,0,2,2,2,2,8
,,,,,,,0,0,0,0,1,0,2,0,4,3,4,1,13
,,,,,,,0,1,0,1,2,3,2,0,2,4,4,7,12
,,,,,,,0,0,0,1,2,1,1,0,2,6,3,4,12
,,,,,,,0,1,0,1,3,2,2,0,2,4,4,7,12
,,,,,,,0,0,0,0,0,0,1,0,0,1,0,0,2
,,,,,,,0,0,0,0,0,0,0,0,0,0,0,0,0
,,,,,,,0,0,0,0,0,0,1,0,0,0,0,0,1
,,,,,,,0,0,0,0,0,0,0,0,0,0,0,0,0
,,,,,,,0,0,0,0,0,0,0,0,0,0,0,0,0
,,,,,,,0,0,0,0,0,0,0,0,0,0,0,0,0
,,,,,,,0,0,0,0,0,0,0,0,0,0,3,0,3
,,,,,,,0,0,0,0,0,3,0,0,1,1,4,3,6
,,,,,,,0,0,0,1,1,1,0,0,4,3,2,3,9
,,,,,,,0,0,0,3,2,0,0,0,4,3,1,5,8
,,,,,,,0,0,0,0,0,0,0,0,0,0,0,0,0
,,,,,,,0,0,0,0,0,0,0,0,0,0,0,0,0
,,,,,,,0,0,0,0,0,0,0,0,0,0,0,0,0
,,,,,,,0,0,0,0,0,0,0,0,0,0,0,0,0
,,,,,,,0,0,0,0,0,1,0,0,0,0,2,1,2
,,,,,,,0,0,0,1,1,2,0,0,1,1,5,4,7
,,,,,,,0,0,0,0,0,0,0,0,1,3,2,0,6
,,,,,,,0,0,0,0,0,0,0,0,0,2,0,0,2
,,,,,,,0,0,0,1,0,0,0,0,2,1,1,1,4
,,,,,,,0,0,0,1,1,2,0,0,2,2,2,4,6
,,,,,,,0,0,0,0,0,1,0,1,0,1,2,1,4
,,,,,,,0,0,0,0,0,0,0,1,0,2,2,0,5
,,,,,,,0,0,0,0,0,0,0,0,0,0,0,0,0
,,,,,,,0,0,0,0,0,0,0,0,0,0,0,0,0
,,,,,,,0,0,0,0,0,0,0,0,0,0,0,0,0
,,,,,,,0,0,0,0,0,0,0,0,0,0,0,0,0
,,,,,,,0,0,0,0,0,0,0,0,0,0,0,0,0
,,,,,,,0,0,0,0,0,0,0,0,0,0,0,0,0
,,,,,,,0,0,0,0,0,0,0,0,0,0,0,0,0
,,,,,,,0,0,0,0,0,0,0,0,0,0,0,0,0
,,,,,,,0,0,0,0,0,0,0,0,0,0,1,0,1
,,,,,,,0,0,0,0,0,0,0,0,0,0,2,0,2
,,,,,,,0,0,0,0,0,0,0,0,0,0,0,0,0
,,,,,,,0,0,0,0,0,0,0,0,0,0,0,0,0
,,,,,,,0,0,0,0,0,2,0,0,0,2,4,2,6
,,,,,,,0,1,0,0,1,3,1,0,0,2,4,5,7
,,,,,,,0,1,0,0,0,0,4,0,0,1,2,1,7
,,,,,,,0,0,0,0,1,0,2,0,0,1,2,1,5
,,,,,,,0,0,0,0,0,0,0,1,0,0,2,0,3
,,,,,,,0,0,4,2,2,2,0,4,2,3,2,10,11
,,,,,,,0,0,0,0,1,0,2,3,3,3,3,1,14
,,,,,,,0,2,1,2,2,4,5,2,5,8,8,11,28
,,,,,,,0,4,4,3,9,6,6,5,4,12,9,26,36
,,,,,,,0,2,4,1,5,1,4,6,1,7,4,13,22
,,,,,,,0,0,0,0,0,0,0,0,0,1,0,0,1
,,,,,,,0,0,0,1,3,2,0,0,1,3,4,6,8
,,,,,,,0,0,0,0,0,2,0,1,1,1,5,2,8
,,,,,,,0,0,1,0,1,2,2,6,1,2,5,4,16
,,,,,,,0,0,0,0,0,2,1,6,1,1,3,2,12
,,,,,,,0,0,0,0,1,0,0,0,1,2,0,1,3
,,,,,,,0,2,0,2,2,0,2,0,2,4,2,6,10
,,,,,,,0,2,0,1,1,1,3,0,3,5,4,5,15
,,,,,,,0,0,0,1,2,1,2,0,2,4,3,4,11
,,,,,,,0,0,0,1,3,1,0,0,2,4,3,5,9
,,,,,,,0,0,0,0,0,0,0,0,1,2,1,0,4
,,,,,,,0,0,0,0,0,0,0,0,0,0,1,0,1
,,,,,,,0,0,0,0,0,2,1,0,0,0,3,2,4
,,,,,,,0,1,0,0,0,0,1,0,0,0,2,1,3
,,,,,,,0,0,0,0,0,0,2,1,0,0,0,0,3
,,,,,,,0,1,0,0,0,0,4,1,0,0,0,1,5
,,,,,,,0,0,0,0,0,0,0,0,0,0,0,0,0
,,,,,,,0,0,0,0,0,0,0,0,0,0,0,0,0
,,,,,,,0,0,0,0,0,0,1,0,0,0,0,0,1
,,,,,,,0,0,0,0,0,0,0,0,0,0,2,0,2
,,,,,,,0,0,0,0,0,0,1,0,0,0,0,0,1
,,,,,,,0,0,0,0,0,0,1,0,0,0,0,0,1
,,,,,,,0,0,0,0,0,3,0,1,0,1,5,3,7
,,,,,,,0,1,2,0,1,2,1,2,0,2,3,6,8
,,,,,,,0,0,1,0,0,0,0,1,0,0,0,1,1
,,,,,,,0,0,0,0,0,0,0,0,2,0,0,0,2
,,,,,,,0,0,0,2,1,0,1,0,3,2,0,3,6
,,,,,,,0,1,1,1,0,0,4,2,1,2,0,3,9
,,,,,,,0,1,2,2,1,3,3,5,4,2,4,9,18
,,,,,,,0,0,0,2,0,0,0,3,2,1,4,2,10
,,,,,,,0,0,0,0,0,2,0,0,0,0,2,2,2
,,,,,,,0,0,0,0,0,0,3,1,0,1,2,0,7
,,,,,,,0,7,2,0,3,1,10,4,1,3,3,13,21
,,,,,,,0,5,4,2,4,2,8,6,5,7,2,17,28
,,,,,,,0,2,2,2,2,0,9,8,4,6,0,8,27
,,,,,,,0,2,2,0,1,2,4,5,0,3,3,7,15
,,,,,,,0,0,0,0,0,1,1,1,0,1,5,1,8
,,,,,,,0,0,0,0,0,2,0,0,0,0,4,2,4
,,,,,,,0,0,0,0,0,0,0,0,0,0,0,0,0
,,,,,,,0,0,0,0,0,0,1,1,0,2,1,0,5
,,,,,,,0,0,1,0,2,0,1,2,0,3,4,3,10
,,,,,,,0,0,0,0,0,1,2,1,2,5,4,1,14
,,,,,,,0,1,0,3,0,3,1,1,3,0,6,7,11
,,,,,,,0,0,0,1,0,2,0,0,1,0,5,3,6
,,,,,,,0,0,0,0,0,0,0,0,0,0,0,0,0
,,,,,,,0,1,1,0,0,1,1,2,0,1,4,3,8
,,,,,,,0,1,0,0,1,4,1,2,0,1,8,6,12
,,,,,,,0,0,0,0,0,1,0,0,0,0,4,1,4
,,,,,,,0,0,0,1,1,4,0,0,2,1,5,6,8
,,,,,,,0,0,0,1,0,1,1,0,2,3,6,2,12
,,,,,,,0,1,0,2,2,2,2,0,3,4,3,7,12
,,,,,,,0,0,0,0,0,1,2,1,2,3,1,1,9
,,,,,,,0,0,0,0,0,0,2,1,0,1,3,0,7
,,,,,,,0,0,0,0,0,0,0,0,0,0,0,0,0
,,,,,,,0,0,0,0,0,0,0,0,0,1,1,0,2
,,,,,,,0,0,0,0,0,0,0,0,0,0,2,0,2
,,,,,,,0,0,0,0,0,1,0,0,0,0,2,1,2
,,,,,,,0,0,0,0,0,0,0,0,0,0,0,0,0
,,,,,,,0,0,0,0,0,0,0,0,0,0,0,0,0
,,,,,,,0,0,0,0,0,0,0,0,0,0,0,0,0
,,,,,,,0,0,0,0,0,0,0,0,0,0,0,0,0
,,,,,,,0,0,0,0,0,2,0,1,0,0,2,2,3
,,,,,,,0,0,1,0,0,1,0,1,0,0,3,2,4
,,,,,,,0,0,0,0,0,0,0,0,0,0,2,0,2
,,,,,,,0,0,0,0,0,0,0,0,0,0,0,0,0
,,,,,,,0,0,0,0,0,0,0,0,0,0,0,0,0
,,,,,,,0,0,0,1,2,2,1,0,2,3,3,5,9
,,,,,,,0,0,0,0,0,0,0,0,3,5,4,0,12
,,,,,,,0,0,0,0,0,2,0,0,1,2,2,2,5
,,,,,,,0,0,0,0,0,0,0,0,0,0,2,0,2
,,,,,,,0,0,0,0,0,0,0,0,0,0,0,0,0
,,,,,,,0,0,0,0,0,0,0,0,0,0,0,0,0
,,,,,,,0,0,0,0,0,0,1,0,0,0,0,0,1
,,,,,,,0,0,0,0,1,2,1,1,0,2,2,3,6
,,,,,,,0,0,0,0,0,3,0,0,2,3,4,3,9
,,,,,,,0,0,0,2,2,0,0,0,3,5,3,4,11
,,,,,,,0,0,0,3,2,0,2,0,5,7,0,5,14
,,,,,,,0,0,0,0,1,0,2,0,4,5,2,1,13
,,,,,,,0,0,0,1,2,3,1,0,5,5,4,6,15
,,,,,,,0,1,0,1,0,1,2,0,3,4,3,3,12
,,,,,,,0,0,0,0,0,0,0,0,0,0,2,0,2
,,,,,,,0,0,0,0,0,3,1,0,1,4,3,3,9
,,,,,,,0,0,0,0,0,0,0,0,1,1,0,0,2
,,,,,,,0,0,0,0,0,0,1,0,0,0,0,0,1
,,,,,,,0,1,0,0,0,0,2,0,0,0,1,1,3
,,,,,,,0,0,0,0,0,0,1,0,0,0,0,0,1
,,,,,,,0,0,0,0,0,0,0,0,0,0,2,0,2
,,,,,,,0,0,0,0,0,0,1,0,1,1,4,0,7
,,,,,,,0,0,0,1,1,2,1,0,1,1,4,4,7
,,,,,,,0,0,0,0,1,3,0,0,1,2,5,4,8
,,,,,,,0,0,0,1,2,0,0,0,1,2,4,3,7
,,,,,,,0,0,0,2,2,1,0,0,4,3,1,5,8
,,,,,,,0,0,0,0,0,0,0,0,1,1,1,0,3
,,,,,,,0,0,0,0,0,0,0,0,0,0,0,0,0
,,,,,,,0,0,0,0,0,0,0,0,0,0,0,0,0
,,,,,,,0,0,0,0,0,0,0,0,0,0,0,0,0
,,,,,,,0,0,0,0,0,0,0,0,0,0,0,0,0
,,,,,,,0,0,0,0,0,0,0,0,0,0,0,0,0
,,,,,,,0,0,0,0,0,0,0,0,0,0,2,0,2
,,,,,,,0,0,0,1,0,0,0,0,1,1,1,1,3
,,,,,,,0,0,0,0,1,0,0,0,1,3,0,1,4
,,,,,,,0,0,0,0,1,0,0,0,0,2,0,1,2
,,,,,,,0,0,0,0,0,0,0,0,0,0,0,0,0
,,,,,,,0,0,0,0,0,1,0,0,1,1,2,1,4
,,,,,,,0,0,0,0,0,0,0,0,0,0,1,0,1
,,,,,,,0,0,0,0,0,0,0,0,0,0,0,0,0
,,,,,,,0,0,0,0,0,0,0,0,0,0,0,0,0
,,,,,,,0,0,0,0,0,0,0,0,0,0,0,0,0
,,,,,,,0,0,0,0,0,0,0,0,0,0,0,0,0
,,,,,,,0,0,0,0,0,0,0,0,0,0,0,0,0
,,,,,,,0,0,0,0,0,0,0,0,0,0,0,0,0
,,,,,,,0,0,0,0,0,0,0,0,0,0,0,0,0
,,,,,,,0,0,0,0,0,0,0,0,0,0,0,0,0
,,,,,,,0,0,0,0,0,0,0,0,0,0,0,0,0
,,,,,,,0,0,0,0,0,0,0,0,0,0,0,0,0
,,,,,,,0,0,0,0,0,0,0,0,0,0,0,0,0
,,,,,,,0,0,0,0,0,0,2,0,0,0,2,0,4
,,,,,,,0,0,0,0,0,0,1,0,0,0,2,0,3
,,,,,,,0,0,0,1,1,1,0,1,1,2,3,3,7
,,,,,,,0,0,0,0,1,0,2,1,1,4,2,1,10
,,,,,,,0,2,0,0,1,2,2,0,0,1,3,5,6
,,,,,,,0,0,0,0,0,0,1,0,0,1,3,0,5
,,,,,,,0,0,0,0,0,2,0,2,1,0,3,2,6
,,,,,,,0,0,1,0,0,1,0,4,2,4,3,2,13
,,,,,,,0,0,0,0,0,0,0,0,1,4,2,0,7
,,,,,,,0,0,0,1,2,1,1,0,1,2,4,4,8
,,,,,,,0,0,0,0,0,1,4,3,1,4,6,1,18
,,,,,,,0,1,2,0,0,2,5,5,1,4,4,5,19
,,,,,,,0,0,0,0,0,0,2,1,0,2,2,0,7
,,,,,,,0,0,0,0,2,0,1,0,2,6,1,2,10
,,,,,,,0,1,1,1,2,1,1,1,2,4,2,6,10
,,,,,,,0,0,0,0,0,1,0,2,3,6,2,1,13
,,,,,,,0,0,0,0,0,0,0,1,2,1,0,0,4
,,,,,,,0,1,0,1,0,0,1,0,2,0,0,2,3
,,,,,,,0,1,0,1,0,0,1,0,2,0,0,2,3
,,,,,,,0,2,0,0,2,1,4,2,2,3,4,5,15
,,,,,,,0,3,0,1,0,2,6,0,2,6,5,6,19
,,,,,,,0,1,0,0,0,0,5,0,2,2,2,1,11
,,,,,,,0,0,0,0,0,0,0,0,0,0,0,0,0
,,,,,,,0,0,0,0,0,0,0,0,0,0,0,0,0
,,,,,,,0,0,0,0,0,2,0,0,0,0,4,2,4
,,,,,,,0,0,0,0,0,0,0,0,0,0,3,0,3
,,,,,,,0,0,0,0,0,0,4,2,1,0,0,0,7
,,,,,,,0,3,2,1,0,0,4,3,1,0,0,6,8
,,,,,,,0,0,0,0,0,0,1,0,0,0,0,0,1
,,,,,,,0,0,0,0,0,0,1,0,0,0,0,0,1
,,,,,,,0,0,0,0,0,1,0,0,0,0,2,1,2
,,,,,,,0,0,0,0,0,3,3,0,0,1,4,3,8
,,,,,,,0,0,0,0,0,1,0,1,0,1,5,1,7
,,,,,,,0,4,1,0,1,2,4,1,1,3,5,8,14
,,,,,,,0,0,0,0,0,3,4,2,0,1,6,3,13
,,,,,,,0,0,0,0,0,1,0,2,0,0,5,1,7
,,,,,,,0,0,0,0,0,0,0,0,0,0,1,0,1
,,,,,,,0,0,0,0,0,0,0,0,0,0,0,0,0
,,,,,,,0,1,0,0,1,0,1,1,0,1,0,2,3
,,,,,,,0,2,1,2,0,0,4,2,3,3,0,5,12
,,,,,,,0,0,2,3,3,2,3,5,5,4,5,10,22
,,,,,,,0,0,0,0,1,2,0,2,3,3,4,3,12
,,,,,,,0,0,0,0,0,0,0,1,1,0,0,0,2
,,,,,,,0,0,3,0,0,2,1,10,0,1,2,5,14
,,,,,,,0,2,3,1,0,4,5,15,1,3,7,10,31
,,,,,,,0,2,2,2,2,2,3,3,4,2,7,10,19
,,,,,,,0,1,1,1,0,0,4,4,4,4,4,3,20
,,,,,,,0,1,2,1,2,2,5,4,3,4,4,8,20
,,,,,,,0,1,1,0,2,1,1,3,1,3,4,5,12
,,,,,,,0,0,2,0,0,3,0,2,0,2,5,5,9
,,,,,,,0,0,0,0,0,0,0,1,0,0,2,0,3
,,,,,,,0,0,0,0,0,0,0,0,0,2,0,0,2
,,,,,,,0,1,0,0,1,1,1,3,0,2,2,3,8
,,,,,,,0,0,2,2,2,2,1,2,2,3,6,8,14
,,,,,,,0,1,1,3,1,4,3,3,5,5,10,10,26
,,,,,,,0,2,3,1,1,2,5,4,3,1,5,9,18
,,,,,,,0,0,0,0,0,0,4,1,3,1,2,0,11
,,,,,,,0,0,0,0,0,2,4,0,0,0,6,2,10
,,,,,,,0,4,0,2,0,4,4,0,2,1,9,10,16
,,,,,,,0,0,0,0,1,3,2,0,0,4,8,4,14
,,,,,,,0,0,0,0,0,2,5,1,2,4,10,2,22
,,,,,,,0,0,0,0,2,5,1,0,1,3,7,7,12
,,,,,,,0,0,0,0,2,0,2,0,2,4,4,2,12
,,,,,,,0,0,0,0,0,0,2,1,0,0,0,0,3
,,,,,,,0,0,0,0,0,0,2,0,1,2,3,0,8
,,,,,,,0,0,0,0,0,0,1,0,5,2,2,0,10
,,,,,,,0,1,0,4,3,2,1,0,4,3,2,10,10
,,,,,,,0,0,0,0,0,0,1,0,0,2,3,0,6
,,,,,,,0,0,0,0,0,1,0,0,0,0,2,1,2
,,,,,,,0,0,0,0,0,0,0,0,0,0,2,0,2
,,,,,,,0,0,0,0,0,2,0,0,0,1,4,2,5
,,,,,,,0,0,0,0,1,2,0,0,0,1,3,3,4
,,,,,,,0,0,0,0,0,0,0,0,0,0,0,0,0
,,,,,,,0,0,0,0,0,0,0,0,0,0,0,0,0
,,,,,,,0,0,0,0,0,0,0,1,0,0,0,0,1
,,,,,,,0,0,0,0,0,0,0,0,0,0,0,0,0
,,,,,,,0,0,0,0,0,0,0,0,0,0,0,0,0
,,,,,,,0,0,0,0,0,0,0,0,0,0,0,0,0
,,,,,,,0,0,0,0,0,1,0,0,2,2,3,1,7
,,,,,,,0,0,0,1,1,2,0,0,1,3,2,4,6
,,,,,,,0,0,0,0,1,0,0,0,0,1,0,1,1
,,,,,,,0,0,0,0,0,0,0,0,0,0,0,0,0
,,,,,,,0,0,0,0,0,0,0,0,0,0,0,0,0
,,,,,,,0,0,0,0,1,1,1,0,0,2,2,2,5
,,,,,,,0,1,0,1,1,2,2,1,2,3,3,5,11
,,,,,,,0,2,1,0,0,1,2,1,2,2,3,4,10
,,,,,,,0,0,0,0,1,0,2,0,1,4,6,1,13
,,,,,,,0,1,0,1,3,2,1,0,3,6,3,7,13
,,,,,,,0,0,0,3,4,1,0,0,4,5,2,8,11
,,,,,,,0,0,0,1,2,1,0,0,6,6,4,4,16
,,,,,,,0,1,0,3,2,1,1,0,4,6,6,7,17
,,,,,,,0,0,1,0,1,2,0,1,2,2,5,4,10
,,,,,,,0,0,0,2,1,2,1,0,2,4,3,5,10
,,,,,,,0,1,0,2,4,3,1,0,3,4,6,10,14
,,,,,,,0,1,0,0,1,2,1,0,2,2,4,4,9
,,,,,,,0,1,0,0,0,2,1,0,1,2,2,3,6
,,,,,,,0,1,0,1,1,2,1,0,1,2,2,5,6
,,,,,,,0,1,0,1,2,0,2,0,1,2,4,4,9
,,,,,,,0,0,0,0,1,3,0,0,1,2,4,4,7
,,,,,,,0,0,0,0,1,3,1,0,1,1,5,4,8
,,,,,,,0,0,0,0,0,0,1,0,1,1,3,0,6
,,,,,,,0,0,0,0,0,0,0,0,0,0,2,0,2
,,,,,,,0,0,0,0,0,1,0,0,0,0,2,1,2
,,,,,,,0,0,0,0,0,0,0,0,0,0,0,0,0
,,,,,,,0,0,0,0,0,0,0,0,0,0,0,0,0
,,,,,,,0,0,0,0,0,0,0,0,0,0,0,0,0
,,,,,,,0,0,0,0,0,0,0,0,0,0,0,0,0
,,,,,,,0,0,0,0,0,0,0,0,0,0,0,0,0
,,,,,,,0,0,0,0,0,0,0,0,0,0,0,0,0
,,,,,,,0,0,0,0,0,0,0,0,0,0,0,0,0
,,,,,,,0,0,0,0,0,0,0,0,0,0,0,0,0
,,,,,,,0,0,0,0,0,0,0,0,0,0,0,0,0
,,,,,,,0,0,0,0,0,0,0,0,0,0,0,0,0
,,,,,,,0,0,0,0,0,0,0,0,0,0,0,0,0
,,,,,,,0,0,0,0,0,0,0,0,0,0,0,0,0
,,,,,,,0,0,0,0,0,0,0,0,0,0,0,0,0
,,,,,,,0,0,0,0,0,0,0,0,0,0,0,0,0
,,,,,,,0,0,0,0,0,0,0,0,0,0,0,0,0
,,,,,,,0,0,0,0,0,0,0,0,0,0,0,0,0
,,,,,,,0,0,0,0,0,0,0,0,0,0,0,0,0
,,,,,,,0,0,0,0,0,0,0,0,0,0,0,0,0
,,,,,,,0,0,0,0,0,0,0,0,0,0,0,0,0
,,,,,,,0,0,0,0,0,0,0,0,0,0,0,0,0
,,,,,,,0,0,0,0,0,0,0,0,0,0,0,0,0
,,,,,,,0,0,0,0,0,0,0,0,0,0,0,0,0
,,,,,,,0,0,0,0,0,0,0,0,0,0,0,0,0
,,,,,,,0,0,0,0,0,0,0,0,0,0,0,0,0
,,,,,,,0,0,0,0,0,0,0,0,0,0,0,0,0
,,,,,,,0,2,0,0,0,2,2,0,0,0,2,4,4
,,,,,,,0,0,0,0,0,3,1,0,0,0,4,3,5
,,,,,,,0,0,0,0,1,2,0,1,1,1,6,3,9
,,,,,,,0,2,0,1,2,2,2,1,3,4,6,7,16
,,,,,,,0,0,0,0,0,1,2,0,2,3,4,1,11
,,,,,,,0,0,0,0,0,1,0,1,2,1,5,1,9
,,,,,,,0,0,1,2,1,3,0,1,2,1,4,7,8
,,,,,,,0,0,0,1,2,0,0,0,4,2,2,3,8
,,,,,,,0,0,0,1,0,0,0,0,2,2,4,1,8
,,,,,,,0,1,0,1,2,2,2,0,1,3,7,6,13
,,,,,,,0,0,0,0,0,0,1,0,1,2,3,0,7
,,,,,,,0,0,0,0,0,0,2,0,0,1,1,0,4
,,,,,,,0,0,1,0,0,0,3,1,0,2,2,1,8
,,,,,,,0,0,0,3,5,4,5,1,8,11,9,12,34
,,,,,,,0,2,0,2,1,2,8,1,9,10,5,7,33
,,,,,,,0,0,1,1,4,0,0,2,2,6,0,6,10
,,,,,,,0,0,1,2,2,0,0,2,4,6,2,5,14
,,,,,,,0,0,0,0,1,0,0,0,2,2,4,1,8
,,,,,,,0,0,0,0,1,1,1,2,2,2,4,2,11
,,,,,,,0,2,2,2,1,1,2,2,2,4,2,8,12
,,,,,,,0,2,1,0,0,0,2,1,2,1,2,3,8
,,,,,,,0,3,1,1,1,2,4,1,1,1,2,8,9
,,,,,,,0,0,0,0,0,0,0,0,0,0,1,0,1
,,,,,,,0,0,0,0,0,0,0,0,0,0,0,0,0
,,,,,,,0,0,0,0,0,0,0,0,0,0,2,0,2
,,,,,,,0,0,0,0,0,0,0,0,0,0,1,0,1
,,,,,,,0,0,1,0,0,0,1,3,0,0,0,1,4
,,,,,,,0,1,2,0,0,0,3,5,1,0,1,3,10
,,,,,,,0,2,0,0,0,0,2,0,0,0,2,2,4
,,,,,,,0,1,0,0,0,0,2,0,0,0,0,1,2
,,,,,,,0,0,1,1,1,2,2,1,1,4,3,5,11
,,,,,,,0,4,1,1,1,0,9,3,6,10,5,7,33
,,,,,,,0,3,3,0,1,2,6,3,3,6,4,9,22
,,,,,,,0,1,1,1,4,2,4,3,2,5,7,9,21
,,,,,,,0,1,1,0,1,2,2,3,1,3,7,5,16
,,,,,,,0,2,4,0,0,1,6,5,0,1,4,7,16
,,,,,,,0,0,0,0,0,2,3,2,1,1,5,2,12
,,,,,,,0,1,0,1,1,0,1,0,1,1,3,3,6
,,,,,,,0,0,0,0,0,0,2,3,0,3,0,0,8
,,,,,,,0,3,2,1,3,0,11,10,3,4,4,9,32
,,,,,,,0,2,1,2,1,2,11,5,8,6,4,8,34
,,,,,,,0,0,1,1,0,2,3,3,4,2,3,4,15
,,,,,,,0,0,2,0,0,0,0,7,1,0,2,2,10
,,,,,,,0,0,0,0,0,0,1,10,0,0,2,0,13
,,,,,,,0,3,9,0,0,0,4,13,1,0,5,12,23
,,,,,,,0,1,0,0,1,0,3,1,0,4,5,2,13
,,,,,,,0,2,1,3,3,2,6,2,4,6,7,11,25
,,,,,,,0,2,1,3,4,6,10,3,10,9,11,16,43
,,,,,,,0,3,0,2,2,2,6,0,3,9,4,9,22
,,,,,,,0,0,0,0,0,0,3,3,1,3,4,0,14
,,,,,,,0,0,1,1,1,0,2,2,1,1,1,3,7
,,,,,,,0,0,0,0,0,0,0,0,0,0,0,0,0
,,,,,,,0,0,0,0,0,0,0,0,0,0,0,0,0
,,,,,,,0,0,0,0,0,0,0,1,0,0,2,0,3
,,,,,,,0,1,0,0,1,2,2,2,1,1,3,4,9
,,,,,,,0,3,3,2,1,0,7,6,4,4,4,9,25
,,,,,,,0,4,2,4,1,1,5,4,4,1,2,12,16
,,,,,,,0,1,0,0,0,0,2,0,2,0,2,1,6
,,,,,,,0,1,0,0,1,1,8,1,2,3,3,3,17
,,,,,,,0,2,0,0,2,2,8,2,2,6,10,6,28
,,,,,,,0,5,1,2,3,4,5,1,2,3,9,15,20
,,,,,,,0,0,0,0,0,0,0,0,0,2,5,0,7
,,,,,,,0,1,0,1,1,4,3,0,2,3,4,7,12
,,,,,,,0,3,1,1,0,0,5,1,1,2,2,5,11
,,,,,,,0,2,0,0,1,3,2,1,1,2,4,6,10
,,,,,,,0,0,0,0,0,2,1,0,1,2,4,2,8
,,,,,,,0,0,0,0,0,0,1,0,4,2,1,0,8
,,,,,,,0,0,0,0,0,0,0,1,2,2,2,0,7
,,,,,,,0,0,0,0,0,1,0,0,0,2,4,1,6
,,,,,,,0,0,0,0,0,3,0,0,0,0,3,3,3
,,,,,,,0,0,0,0,0,0,0,0,0,1,4,0,5
,,,,,,,0,0,0,0,1,1,0,0,0,4,5,2,9
,,,,,,,0,0,0,0,0,0,0,0,0,2,1,0,3
,,,,,,,0,0,0,0,0,0,0,0,0,0,0,0,0
,,,,,,,0,0,0,0,0,0,0,0,0,0,0,0,0
,,,,,,,0,0,0,0,0,0,0,0,0,0,0,0,0
,,,,,,,0,0,0,0,0,0,0,0,0,0,0,0,0
,,,,,,,0,0,0,0,0,0,0,0,0,0,0,0,0
,,,,,,,0,0,0,0,0,0,0,0,0,0,2,0,2
,,,,,,,0,0,0,1,1,2,0,0,1,1,3,4,5
,,,,,,,0,0,0,1,1,0,1,0,1,1,2,2,5
,,,,,,,0,0,0,0,0,0,0,0,0,1,1,0,2
,,,,,,,0,0,0,0,0,0,1,0,0,0,3,0,4
,,,,,,,0,0,0,1,0,4,1,1,2,3,5,5,12
,,,,,,,0,0,1,1,2,2,1,1,6,5,6,6,19
,,,,,,,0,0,0,2,1,2,1,0,4,3,6,5,14
,,,,,,,0,0,0,1,2,3,1,0,1,3,6,6,11
,,,,,,,0,0,0,0,0,2,1,0,2,6,7,2,16
,,,,,,,0,0,0,1,5,2,0,0,4,6,3,8,13
,,,,,,,0,0,0,1,1,1,0,0,1,6,3,3,10
,,,,,,,0,0,0,0,3,1,1,1,3,4,4,4,13
,,,,,,,0,0,1,1,2,2,0,1,1,4,5,6,11
,,,,,,,0,0,0,0,0,0,0,0,2,2,1,0,5
,,,,,,,0,0,0,0,1,3,0,0,1,3,4,4,8
,,,,,,,0,0,0,0,1,0,0,0,1,5,2,1,8
,,,,,,,0,0,0,0,1,0,1,0,3,4,0,1,8
,,,,,,,0,0,0,1,1,0,2,0,2,2,0,2,6
,,,,,,,0,2,0,0,0,0,2,0,1,2,0,2,5
,,,,,,,0,0,0,0,0,0,0,0,0,0,0,0,0
,,,,,,,0,0,0,0,0,0,0,0,0,1,0,0,1
,,,,,,,0,0,0,0,0,0,1,0,1,1,0,0,3
,,,,,,,0,0,0,0,0,0,0,0,0,0,0,0,0
,,,,,,,0,0,0,0,0,0,0,0,0,0,0,0,0
,,,,,,,0,0,0,0,0,0,0,0,0,0,0,0,0
,,,,,,,0,0,0,0,0,0,0,0,0,0,0,0,0
,,,,,,,0,0,0,0,0,0,0,0,0,0,0,0,0
,,,,,,,0,0,0,0,0,0,0,0,0,0,0,0,0
,,,,,,,0,0,0,0,0,0,0,0,0,0,0,0,0
,,,,,,,0,0,0,0,0,0,0,0,0,0,0,0,0
,,,,,,,0,0,0,0,0,0,0,0,0,0,0,0,0
,,,,,,,0,0,0,0,0,0,0,0,0,0,0,0,0
,,,,,,,0,0,0,0,0,0,0,0,0,0,0,0,0
,,,,,,,0,0,0,0,0,0,0,0,0,0,0,0,0
,,,,,,,0,0,0,0,0,0,0,0,0,0,0,0,0
,,,,,,,0,0,0,0,0,0,0,0,0,0,0,0,0
,,,,,,,0,0,0,0,0,0,0,0,0,0,0,0,0
,,,,,,,0,0,0,0,0,0,0,0,0,0,0,0,0
,,,,,,,0,0,0,0,0,0,0,0,0,0,0,0,0
,,,,,,,0,0,0,0,0,0,0,0,0,0,0,0,0
,,,,,,,0,0,0,0,0,0,0,0,0,0,0,0,0
,,,,,,,0,0,0,0,0,0,0,0,0,0,0,0,0
,,,,,,,0,0,0,0,0,0,0,0,0,0,0,0,0
,,,,,,,0,0,0,0,0,0,0,0,0,0,0,0,0
,,,,,,,0,0,0,0,0,0,0,0,0,0,0,0,0
,,,,,,,0,0,0,0,0,0,0,0,0,0,0,0,0
,,,,,,,0,0,0,0,0,0,0,0,0,0,0,0,0
,,,,,,,0,0,0,0,0,0,0,0,0,0,0,0,0
,,,,,,,0,0,0,0,0,0,0,0,0,0,0,0,0
,,,,,,,0,0,0,0,0,0,0,0,0,0,0,0,0
,,,,,,,0,0,0,0,0,0,0,0,0,0,0,0,0
,,,,,,,0,0,0,0,0,0,0,0,0,2,4,0,6
,,,,,,,0,0,0,0,3,3,0,0,0,3,7,6,10
,,,,,,,0,1,0,1,1,6,2,0,2,3,10,9,17
,,,,,,,0,1,0,1,1,2,5,2,4,4,5,5,20
,,,,,,,0,1,0,0,5,2,4,2,2,6,3,8,17
,,,,,,,0,0,0,0,0,1,1,0,1,6,3,1,11
,,,,,,,0,0,0,2,0,0,0,0,2,0,0,2,2
,,,,,,,0,0,0,0,0,1,0,0,6,2,6,1,14
,,,,,,,0,1,0,2,1,4,1,0,3,3,9,8,16
,,,,,,,0,0,0,0,0,3,0,1,0,2,3,3,6
,,,,,,,0,1,0,0,1,1,2,1,2,3,2,3,10
,,,,,,,0,2,0,0,1,0,3,1,3,2,5,3,14
,,,,,,,0,2,0,4,1,3,8,1,8,5,7,10,29
,,,,,,,0,7,2,5,6,3,11,3,7,8,5,23,34
,,,,,,,0,0,0,1,4,2,1,2,3,7,5,7,18
,,,,,,,0,0,1,0,1,3,1,1,2,9,5,5,18
,,,,,,,0,0,0,0,1,2,5,1,3,3,6,3,18
,,,,,,,0,1,1,0,0,2,4,1,2,1,4,4,12
,,,,,,,0,0,0,0,0,0,1,0,0,1,0,0,2
,,,,,,,0,0,0,0,0,0,0,0,0,0,0,0,0
,,,,,,,0,0,0,0,0,0,0,0,0,0,2,0,2
,,,,,,,0,0,0,0,0,2,0,1,0,0,2,2,3
,,,,,,,0,0,1,0,0,0,0,1,1,2,1,1,5
,,,,,,,0,0,0,0,0,1,0,0,0,0,2,1,2
,,,,,,,0,0,0,0,0,2,0,0,0,0,2,2,2
,,,,,,,0,0,0,0,0,0,0,3,0,0,0,0,3
,,,,,,,0,0,3,0,0,3,0,3,0,0,5,6,8
,,,,,,,0,0,0,0,0,5,1,0,0,0,7,5,8
,,,,,,,0,0,0,0,0,4,0,0,0,0,8,4,8
,,,,,,,0,0,0,1,1,0,0,1,2,4,4,2,11
,,,,,,,0,1,1,4,3,2,3,3,7,8,3,11,24
,,,,,,,0,1,0,1,3,0,14,8,4,9,2,5,37
,,,,,,,0,9,5,1,5,1,11,6,3,6,3,21,29
,,,,,,,0,0,0,0,0,3,3,1,2,2,7,3,15
,,,,,,,0,7,2,0,1,0,8,4,0,1,5,10,18
,,,,,,,0,0,2,0,0,2,6,3,1,3,6,4,19
,,,,,,,0,0,0,0,0,2,1,1,1,2,5,2,10
,,,,,,,0,0,4,0,0,2,3,4,0,5,2,6,14
,,,,,,,0,11,12,1,6,10,17,19,3,6,12,40,57
,,,,,,,0,9,9,2,1,3,14,18,5,4,13,24,54
,,,,,,,0,2,2,1,1,0,2,5,1,3,3,6,14
,,,,,,,0,0,12,0,1,3,0,13,0,1,3,16,17
,,,,,,,0,0,4,0,0,2,0,13,0,2,3,6,18
,,,,,,,0,3,3,0,1,3,6,8,0,2,5,10,21
,,,,,,,0,1,0,0,0,1,5,3,1,2,3,2,14
,,,,,,,0,4,2,2,4,2,8,7,6,8,7,14,36
,,,,,,,0,11,5,2,2,0,20,10,6,10,7,20,53
,,,,,,,0,1,2,1,4,1,12,5,2,6,2,9,27
,,,,,,,0,1,2,0,2,2,4,3,1,5,4,7,17
,,,,,,,0,3,0,0,1,2,4,2,1,4,2,6,13
,,,,,,,0,0,0,0,0,0,0,0,0,0,0,0,0
,,,,,,,0,0,0,0,0,0,0,0,0,0,0,0,0
,,,,,,,0,0,0,0,0,0,0,0,0,0,0,0,0
,,,,,,,0,0,0,0,0,0,2,3,1,1,0,0,7
,,,,,,,0,0,0,1,3,2,1,3,2,4,2,6,12
,,,,,,,0,0,1,0,1,1,5,5,1,4,3,3,18
,,,,,,,0,3,5,1,1,0,7,7,1,2,3,10,20
,,,,,,,0,3,1,0,1,3,8,4,3,3,7,8,25
,,,,,,,0,1,0,1,1,0,4,1,1,3,8,3,17
,,,,,,,0,0,0,0,0,2,2,0,1,3,7,2,13
,,,,,,,0,0,0,0,2,5,1,0,1,3,6,7,11
,,,,,,,0,0,0,1,1,1,0,0,3,6,6,3,15
,,,,,,,0,1,1,0,1,1,2,1,3,4,4,4,14
,,,,,,,0,0,0,0,0,0,1,1,0,0,2,0,4
,,,,,,,0,2,0,1,2,0,2,0,1,2,3,5,8
,,,,,,,0,1,0,1,5,3,3,1,2,6,3,10,15
,,,,,,,0,0,1,3,3,1,0,1,4,8,3,8,16
,,,,,,,0,0,0,0,2,2,1,0,2,6,3,4,12
,,,,,,,0,1,0,0,0,0,1,0,0,0,0,1,1
,,,,,,,0,0,0,0,0,0,0,0,0,0,0,0,0
,,,,,,,0,0,0,0,2,2,0,0,1,4,3,4,8
,,,,,,,0,0,0,1,1,0,0,0,2,3,3,2,8
,,,,,,,0,0,0,0,0,0,0,0,0,0,0,0,0
,,,,,,,0,0,0,0,0,0,0,0,0,1,0,0,1
,,,,,,,0,0,0,0,1,0,0,0,0,1,0,1,1
,,,,,,,0,0,0,0,0,0,0,0,0,0,0,0,0
,,,,,,,0,0,0,0,0,1,0,0,0,0,2,1,2
,,,,,,,0,0,0,1,2,1,0,1,2,2,5,4,10
,,,,,,,0,0,0,0,0,1,2,1,2,6,6,1,17
,,,,,,,0,1,0,2,2,3,1,0,4,6,7,8,18
,,,,,,,0,0,1,0,1,2,0,1,0,1,4,4,6
,,,,,,,0,0,0,0,0,1,1,1,0,0,3,1,5
,,,,,,,0,1,0,0,1,3,1,0,2,2,6,5,11
,,,,,,,0,0,0,3,3,2,0,1,5,9,6,8,21
,,,,,,,0,0,0,2,2,2,0,1,4,4,3,6,12
,,,,,,,0,0,1,3,1,1,0,1,5,6,6,6,18
,,,,,,,0,0,0,2,3,1,0,0,2,5,3,6,10
,,,,,,,0,0,0,0,0,0,0,0,2,7,2,0,11
,,,,,,,0,0,0,0,0,0,0,0,1,3,1,0,5
,,,,,,,0,0,0,0,0,0,0,0,0,1,0,0,1
,,,,,,,0,0,0,0,1,2,0,0,0,1,2,3,3
,,,,,,,0,0,0,0,0,1,0,0,0,2,6,1,8
,,,,,,,0,0,0,0,1,2,0,0,0,2,7,3,9
,,,,,,,0,0,0,0,1,2,0,0,2,3,6,3,11
,,,,,,,0,0,0,2,1,0,0,0,3,2,1,3,6
,,,,,,,0,0,0,0,0,0,0,0,1,1,0,0,2
,,,,,,,0,0,0,0,0,0,1,0,0,0,0,0,1
,,,,,,,0,0,0,0,0,0,1,0,0,0,1,0,2
,,,,,,,0,0,0,0,0,1,0,0,0,0,2,1,2
,,,,,,,0,1,0,1,1,4,1,0,1,1,4,7,7
,,,,,,,0,0,0,0,0,1,2,1,1,2,3,1,9
,,,,,,,0,0,1,0,1,0,0,1,0,1,0,2,2
,,,,,,,0,0,0,0,0,0,0,0,0,0,0,0,0
,,,,,,,0,0,0,0,0,0,0,0,0,0,0,0,0
,,,,,,,0,0,0,0,0,0,0,0,0,0,0,0,0
,,,,,,,0,0,0,0,0,0,0,0,0,0,0,0,0
,,,,,,,0,0,0,0,0,0,0,0,0,0,0,0,0
,,,,,,,0,0,0,0,0,0,0,0,0,0,0,0,0
,,,,,,,0,0,0,0,0,0,0,0,0,0,0,0,0
,,,,,,,0,0,0,0,0,0,0,0,0,0,0,0,0
,,,,,,,0,0,0,0,0,0,0,0,0,0,0,0,0
,,,,,,,0,0,0,0,0,0,0,0,0,0,0,0,0
,,,,,,,0,0,0,0,0,0,0,0,0,0,0,0,0
,,,,,,,0,0,0,0,0,0,0,0,0,0,0,0,0
,,,,,,,0,0,0,0,0,0,0,0,0,0,0,0,0
,,,,,,,0,0,0,0,0,0,0,0,0,0,0,0,0
,,,,,,,0,0,0,0,0,0,0,0,0,0,0,0,0
,,,,,,,0,0,0,0,0,0,0,0,0,0,0,0,0
,,,,,,,0,0,0,0,0,0,0,0,0,0,0,0,0
,,,,,,,0,0,0,0,0,0,0,0,0,0,0,0,0
,,,,,,,0,0,0,0,0,0,0,0,0,0,0,0,0
,,,,,,,0,0,0,0,0,0,0,0,0,0,0,0,0
,,,,,,,0,0,0,0,0,0,0,0,0,0,0,0,0
,,,,,,,0,0,0,0,0,0,0,0,0,0,0,0,0
,,,,,,,0,0,0,0,0,0,0,0,0,0,0,0,0
,,,,,,,0,0,0,0,0,0,0,0,0,0,0,0,0
,,,,,,,0,0,0,0,0,0,0,0,0,0,0,0,0
,,,,,,,0,0,0,0,0,0,0,0,0,0,0,0,0
,,,,,,,0,0,0,0,0,0,0,0,0,0,0,0,0
,,,,,,,0,0,1,0,0,0,0,1,0,0,0,1,1
,,,,,,,0,0,0,0,0,0,0,1,0,4,2,0,7
,,,,,,,0,0,0,0,0,2,0,0,0,1,5,2,6
,,,,,,,0,0,0,3,2,2,4,2,5,3,5,7,19
,,,,,,,0,2,1,1,1,2,4,2,3,8,5,7,22
,,,,,,,0,0,0,0,1,0,1,0,0,4,2,1,7
,,,,,,,0,0,0,0,0,0,0,0,0,1,0,0,1
,,,,,,,0,0,0,1,1,2,0,0,1,1,5,4,7
,,,,,,,0,0,0,0,1,3,0,0,3,3,7,4,13
,,,,,,,0,0,0,0,0,0,0,1,1,2,1,0,5
,,,,,,,0,1,1,2,1,2,1,2,2,3,3,7,11
,,,,,,,0,0,1,0,2,3,0,1,1,2,5,6,9
,,,,,,,0,1,1,0,1,1,6,5,2,4,6,4,23
,,,,,,,0,4,4,1,3,0,5,5,1,7,3,12,21
,,,,,,,0,0,0,1,2,0,3,1,2,9,3,3,18
,,,,,,,0,0,0,2,6,1,4,0,5,10,4,9,23
,,,,,,,0,5,1,4,1,2,8,3,10,5,6,13,32
,,,,,,,0,0,0,0,0,1,5,3,6,2,4,1,20
,,,,,,,0,0,0,0,0,0,1,1,0,3,1,0,6
,,,,,,,0,0,0,0,0,0,0,0,0,2,0,0,2
,,,,,,,0,0,0,0,0,0,1,0,0,0,0,0,1
,,,,,,,0,1,0,0,0,0,1,1,1,1,2,1,6
,,,,,,,0,0,0,1,2,3,0,1,1,2,4,6,8
,,,,,,,0,0,0,0,0,0,0,1,0,1,3,0,5
,,,,,,,0,0,1,0,0,1,1,1,0,0,3,2,5
,,,,,,,0,0,0,0,0,0,0,0,0,0,1,0,1
,,,,,,,0,0,0,0,0,1,0,1,0,0,4,1,5
,,,,,,,0,0,0,0,0,0,0,0,0,0,9,0,9
,,,,,,,0,0,0,1,1,5,0,0,2,1,11,7,14
,,,,,,,0,0,2,1,1,1,1,2,3,3,6,5,15
,,,,,,,0,0,0,0,0,0,1,5,1,2,1,0,10
,,,,,,,0,1,4,0,0,0,3,7,1,2,0,5,13
,,,,,,,0,2,2,1,1,0,11,8,1,1,0,6,21
,,,,,,,0,0,1,1,0,2,2,2,1,0,2,4,7
,,,,,,,0,0,0,0,0,3,3,4,0,0,7,3,14
,,,,,,,0,1,4,1,1,1,2,6,1,2,8,8,19
,,,,,,,0,0,0,0,1,0,1,2,2,2,3,1,10
,,,,,,,0,0,0,0,0,3,1,4,1,0,3,3,9
,,,,,,,0,0,0,0,0,0,6,7,1,3,8,0,25
,,,,,,,0,0,1,0,0,0,3,5,1,1,3,1,13
,,,,,,,0,0,0,0,1,1,1,1,0,1,2,2,5
,,,,,,,0,1,0,0,0,2,1,5,0,1,4,3,11
,,,,,,,0,0,1,0,0,1,0,7,0,1,3,2,11
,,,,,,,0,1,1,0,0,0,1,4,0,2,4,2,11
,,,,,,,0,0,0,0,0,0,2,1,1,2,1,0,7
,,,,,,,0,0,3,2,5,4,4,9,6,7,4,14,30
,,,,,,,0,5,1,2,2,1,12,10,4,6,5,11,37
,,,,,,,0,3,1,0,1,1,10,6,1,6,5,6,28
,,,,,,,0,3,0,2,5,2,5,1,2,9,2,12,19
,,,,,,,0,1,0,0,0,4,3,0,1,4,4,5,12
,,,,,,,0,0,0,0,0,0,1,0,0,0,3,0,4
,,,,,,,0,0,0,0,1,0,1,0,0,3,0,1,4
,,,,,,,0,0,0,0,2,0,3,0,0,4,0,2,7
,,,,,,,0,5,3,1,0,0,5,6,2,1,3,9,17
,,,,,,,0,0,3,1,0,1,2,5,1,2,3,5,13
,,,,,,,0,4,0,1,3,1,4,1,1,5,3,9,14
,,,,,,,0,2,1,0,1,2,7,5,3,4,7,6,26
,,,,,,,0,2,0,1,1,7,5,1,1,3,9,11,19
,,,,,,,0,1,0,1,1,3,4,0,3,5,8,6,20
,,,,,,,0,0,0,0,0,2,2,0,2,3,7,2,14
,,,,,,,0,0,0,0,1,2,1,0,1,5,9,3,16
,,,,,,,0,0,0,1,3,2,0,0,2,5,7,6,14
,,,,,,,0,0,0,1,1,2,2,1,2,4,6,4,15
,,,,,,,0,2,0,2,1,1,3,1,2,3,7,6,16
,,,,,,,0,2,0,1,0,2,4,0,3,2,5,5,14
,,,,,,,0,2,0,3,4,0,4,0,4,8,3,9,19
,,,,,,,0,0,0,2,0,0,2,0,4,4,0,2,10
,,,,,,,0,1,0,2,2,0,3,0,4,4,0,5,11
,,,,,,,0,0,0,0,1,0,4,0,3,4,2,1,13
,,,,,,,0,0,0,1,0,2,0,0,1,1,2,3,4
,,,,,,,0,0,0,0,1,2,0,0,2,3,5,3,10
,,,,,,,0,0,1,2,2,2,0,1,2,3,5,7,11
,,,,,,,0,0,0,1,1,2,0,0,2,4,2,4,8
,,,,,,,0,0,0,2,1,1,0,0,3,2,3,4,8
,,,,,,,0,1,0,0,0,2,1,0,1,1,3,3,6
,,,,,,,0,0,0,0,0,0,1,0,1,1,3,0,6
,,,,,,,0,0,0,0,4,1,0,0,3,5,2,5,10
,,,,,,,0,0,0,4,5,2,0,1,4,7,4,11,16
,,,,,,,0,2,0,1,1,0,2,1,5,5,7,4,20
,,,,,,,0,2,0,4,4,6,3,0,6,6,13,16,28
,,,,,,,0,0,0,0,0,4,1,1,1,1,6,4,10
,,,,,,,0,0,0,0,0,0,0,1,0,0,0,0,1
,,,,,,,0,0,0,0,0,0,0,0,0,0,1,0,1
,,,,,,,0,0,0,0,2,0,0,0,3,5,2,2,10
,,,,,,,0,0,0,0,1,0,0,0,2,3,2,1,7
,,,,,,,0,0,0,0,0,0,0,1,3,4,1,0,9
,,,,,,,0,1,0,2,4,1,1,0,3,6,3,8,13
,,,,,,,0,0,0,1,2,0,0,0,2,3,1,3,6
,,,,,,,0,0,0,0,1,0,0,0,0,1,0,1,1
,,,,,,,0,0,0,0,0,0,0,0,0,1,0,0,1
,,,,,,,0,0,0,0,1,2,0,0,0,1,2,3,3
,,,,,,,0,0,0,0,1,2,0,0,0,1,6,3,7
,,,,,,,0,0,0,0,2,3,0,0,0,2,7,5,9
,,,,,,,0,0,0,0,0,2,0,0,0,1,4,2,5
,,,,,,,0,0,0,0,0,0,0,0,0,0,0,0,0
,,,,,,,0,0,0,0,0,0,0,0,0,0,0,0,0
,,,,,,,0,0,0,0,0,1,1,0,1,1,3,1,6
,,,,,,,0,1,0,1,1,3,1,0,1,2,4,6,8
,,,,,,,0,0,0,1,0,1,0,0,1,3,3,2,7
,,,,,,,0,1,0,1,2,1,1,0,2,6,7,5,16
,,,,,,,0,1,0,0,0,0,3,0,2,4,4,1,13
,,,,,,,0,2,0,1,2,0,3,1,2,5,2,5,13
,,,,,,,0,0,0,0,1,0,1,0,1,3,4,1,9
,,,,,,,0,0,0,0,0,0,0,0,0,0,2,0,2
,,,,,,,0,0,0,0,0,0,0,0,0,0,4,0,4
,,,,,,,0,0,0,0,0,0,0,0,0,0,0,0,0
,,,,,,,0,0,0,0,0,0,0,0,0,0,0,0,0
,,,,,,,0,0,0,0,0,0,0,0,0,0,0,0,0
,,,,,,,0,0,0,0,0,0,0,0,0,0,0,0,0
,,,,,,,0,0,0,0,0,0,0,0,0,0,0,0,0
,,,,,,,0,0,0,0,0,0,0,0,0,0,0,0,0
,,,,,,,0,0,0,0,0,0,0,0,0,0,0,0,0
,,,,,,,0,0,0,0,0,0,0,0,0,0,1,0,1
,,,,,,,0,0,0,0,0,0,0,0,0,1,2,0,3
,,,,,,,0,0,0,0,0,0,0,1,0,0,2,0,3
,,,,,,,0,0,0,0,0,0,0,0,0,0,2,0,2
,,,,,,,0,0,0,0,0,0,0,0,0,0,0,0,0
,,,,,,,0,0,0,0,0,0,0,0,0,0,0,0,0
,,,,,,,0,0,0,0,0,0,0,0,0,0,0,0,0
,,,,,,,0,0,0,0,0,0,0,0,0,0,0,0,0
,,,,,,,0,0,0,0,0,0,0,0,0,0,0,0,0
,,,,,,,0,0,0,0,0,0,0,0,0,0,0,0,0
,,,,,,,0,0,0,0,0,0,0,0,0,0,0,0,0
,,,,,,,0,0,0,0,0,0,0,0,0,0,0,0,0
,,,,,,,0,0,0,0,0,0,0,0,0,0,0,0,0
,,,,,,,0,0,0,0,0,0,0,0,0,0,0,0,0
,,,,,,,0,0,0,0,0,0,0,0,0,0,0,0,0
,,,,,,,0,0,0,0,0,0,0,0,0,0,0,0,0
,,,,,,,0,0,0,0,0,0,0,0,0,0,2,0,2
,,,,,,,0,0,0,1,1,2,0,1,1,3,2,4,7
,,,,,,,0,0,0,0,1,2,0,0,1,3,3,3,7
,,,,,,,0,1,0,0,0,0,2,0,1,2,4,1,9
,,,,,,,0,2,0,1,0,2,4,0,5,4,3,5,16
,,,,,,,0,0,0,0,2,0,1,0,1,2,5,2,9
,,,,,,,0,0,0,0,0,1,0,0,0,3,3,1,6
,,,,,,,0,0,0,0,1,3,0,0,0,2,4,4,6
,,,,,,,0,0,0,0,0,2,1,0,3,3,4,2,11
,,,,,,,0,0,0,2,2,1,0,0,2,3,4,5,9
,,,,,,,0,0,0,0,0,2,0,0,0,1,3,2,4
,,,,,,,0,0,1,1,4,2,0,1,1,5,2,8,9
,,,,,,,0,0,0,0,0,0,1,1,1,5,5,0,13
,,,,,,,0,4,1,0,2,4,5,5,2,5,5,11,22
,,,,,,,0,0,0,0,4,1,2,3,3,5,4,5,17
,,,,,,,0,0,0,1,1,0,0,0,2,2,1,2,5
,,,,,,,0,0,0,0,0,1,4,0,6,4,5,1,19
,,,,,,,0,0,2,2,4,2,5,3,8,7,9,10,32
,,,,,,,0,4,2,4,3,2,4,5,6,8,5,15,28
,,,,,,,0,1,2,0,3,2,2,3,1,3,2,8,11
,,,,,,,0,0,0,0,1,1,1,1,0,4,3,2,9
,,,,,,,0,0,0,0,0,0,1,0,0,1,2,0,4
,,,,,,,0,0,0,0,0,0,3,1,0,0,2,0,6
,,,,,,,0,0,0,0,0,1,1,1,0,3,3,1,8
,,,,,,,0,0,1,1,3,0,2,2,3,7,5,5,19
,,,,,,,0,1,0,0,2,3,2,1,3,3,6,6,15
,,,,,,,0,0,1,0,0,0,1,1,0,0,1,1,3
,,,,,,,0,1,0,0,0,2,1,0,0,0,2,3,3
,,,,,,,0,1,1,0,1,2,1,1,0,1,4,5,7
,,,,,,,0,1,0,0,0,0,1,1,2,3,3,1,10
,,,,,,,0,0,0,1,2,1,1,2,2,5,3,4,13
,,,,,,,0,1,0,1,1,3,2,3,3,6,3,6,17
,,,,,,,0,2,2,1,0,0,4,6,4,2,2,5,18
,,,,,,,0,0,2,0,0,0,2,3,3,0,0,2,8
,,,,,,,0,3,1,1,1,0,5,3,2,3,0,6,13
,,,,,,,0,0,1,0,0,2,2,3,1,1,6,3,13
,,,,,,,0,0,0,0,0,4,0,4,1,0,10,4,15
,,,,,,,0,2,4,1,1,3,3,4,2,1,5,11,15
,,,,,,,0,2,0,2,3,2,4,2,2,4,5,9,17
,,,,,,,0,1,1,0,1,1,2,1,1,4,4,4,12
,,,,,,,0,0,0,0,1,2,0,2,2,2,4,3,10
,,,,,,,0,0,0,1,0,1,0,0,1,3,4,2,8
,,,,,,,0,0,0,0,0,3,1,2,0,1,7,3,11
,,,,,,,0,0,1,0,0,4,0,1,0,0,5,5,6
,,,,,,,0,0,0,0,1,0,0,0,0,1,3,1,4
,,,,,,,0,0,1,0,1,5,1,1,1,2,9,7,14
,,,,,,,0,2,2,0,0,3,6,6,3,4,10,7,29
,,,,,,,0,2,0,0,0,0,6,2,3,3,4,2,18
,,,,,,,0,2,0,0,0,1,5,1,1,2,6,3,15
,,,,,,,0,0,0,0,2,0,3,1,2,7,4,2,17
,,,,,,,0,1,0,0,1,1,3,0,2,1,5,3,11
,,,,,,,0,2,1,1,0,2,4,8,3,1,5,6,21
,,,,,,,0,1,0,0,1,0,2,0,0,2,0,2,4
,,,,,,,0,0,0,0,2,0,2,1,1,6,4,2,14
,,,,,,,0,1,1,2,1,2,4,4,3,5,4,7,20
,,,,,,,0,0,1,0,2,0,0,3,2,2,2,3,9
,,,,,,,0,0,0,0,0,0,2,0,2,6,1,0,11
,,,,,,,0,0,0,1,2,2,0,0,1,2,6,5,9
,,,,,,,0,0,0,0,1,2,1,0,1,4,9,3,15
,,,,,,,0,1,0,2,4,1,6,0,3,9,5,8,23
,,,,,,,0,0,0,0,1,2,2,0,2,4,5,3,13
,,,,,,,0,1,0,1,0,1,2,1,2,4,4,3,13
,,,,,,,0,1,1,2,2,4,2,1,2,3,6,10,14
,,,,,,,0,0,0,0,1,2,0,0,0,2,4,3,6
,,,,,,,0,0,0,0,0,1,2,0,2,4,6,1,14
,,,,,,,0,2,0,1,2,3,4,0,4,4,5,8,17
,,,,,,,0,0,0,0,2,0,3,0,5,5,2,2,15
,,,,,,,0,2,0,1,0,0,2,0,2,3,2,3,9
,,,,,,,0,1,0,0,0,0,4,0,3,1,3,1,11
,,,,,,,0,2,0,2,3,2,4,0,4,6,4,9,18
,,,,,,,0,0,0,0,0,2,0,0,2,3,2,2,7
,,,,,,,0,0,0,0,0,0,0,0,0,3,5,0,8
,,,,,,,0,0,1,0,0,0,0,1,3,5,3,1,12
,,,,,,,0,0,0,0,1,2,0,0,2,3,5,3,10
,,,,,,,0,0,0,0,0,0,0,0,2,1,3,0,6
,,,,,,,0,0,0,0,0,0,1,0,1,0,4,0,6
,,,,,,,0,1,0,1,0,7,1,0,2,1,7,9,11
,,,,,,,0,0,0,2,2,1,1,0,2,4,7,5,14
,,,,,,,0,0,0,0,0,2,3,0,1,4,3,2,11
,,,,,,,0,6,0,1,3,2,8,0,1,3,5,12,17
,,,,,,,0,2,0,0,1,6,6,0,3,4,10,9,23
,,,,,,,0,0,0,0,1,0,0,0,1,4,5,1,10
,,,,,,,0,0,0,0,1,0,0,0,0,3,0,1,3
,,,,,,,0,0,0,0,0,0,0,0,0,0,2,0,2
,,,,,,,0,0,0,0,0,0,0,0,0,0,1,0,1
,,,,,,,0,0,0,0,0,0,0,0,0,1,0,0,1
,,,,,,,0,0,0,0,0,0,0,0,0,1,2,0,3
,,,,,,,0,0,0,0,0,2,1,0,1,2,3,2,7
,,,,,,,0,0,0,0,0,0,0,0,0,0,0,0,0
,,,,,,,0,0,0,0,0,0,0,0,0,0,0,0,0
,,,,,,,0,0,0,0,0,0,0,0,0,0,0,0,0
,,,,,,,0,0,0,0,1,0,0,0,0,2,3,1,5
,,,,,,,0,0,0,0,0,0,0,0,0,1,0,0,1
,,,,,,,0,0,0,0,0,2,0,0,0,3,3,2,6
,,,,,,,0,0,0,0,0,0,0,0,0,1,0,0,1
,,,,,,,0,0,0,0,0,0,0,0,0,0,0,0,0
,,,,,,,0,0,0,0,0,0,0,0,0,0,0,0,0
,,,,,,,0,0,0,0,0,1,0,0,1,1,3,1,5
,,,,,,,0,0,0,1,0,2,0,0,1,2,3,3,6
,,,,,,,0,0,0,1,0,2,0,0,1,3,2,3,6
,,,,,,,0,1,0,0,3,3,1,0,2,7,5,7,15
,,,,,,,0,0,0,0,0,2,2,0,1,4,5,2,12
,,,,,,,0,1,0,1,2,2,3,0,2,5,3,6,13
,,,,,,,0,0,0,0,1,3,0,0,1,2,5,4,8
,,,,,,,0,0,0,0,0,2,0,0,0,1,4,2,5
,,,,,,,0,0,0,2,0,2,2,0,4,2,6,4,14
,,,,,,,0,2,0,3,2,0,2,0,4,2,5,7,13
,,,,,,,0,0,0,0,0,0,0,0,0,0,0,0,0
,,,,,,,0,0,0,0,0,0,0,0,0,0,0,0,0
,,,,,,,0,0,0,0,0,0,0,0,0,0,0,0,0
,,,,,,,0,0,0,0,0,0,0,0,0,0,0,0,0
,,,,,,,0,0,0,0,0,0,0,0,1,1,0,0,2
,,,,,,,0,0,0,0,0,0,0,0,0,1,0,0,1
,,,,,,,0,0,0,0,1,0,0,0,0,1,0,1,1
,,,,,,,0,0,0,0,0,0,0,0,0,1,2,0,3
,,,,,,,0,0,0,1,1,2,0,2,1,3,3,4,9
,,,,,,,0,0,1,1,1,2,0,2,1,3,2,5,8
,,,,,,,0,0,0,0,0,2,0,0,1,2,4,2,7
,,,,,,,0,0,0,1,1,0,0,0,1,2,3,2,6
,,,,,,,0,0,0,0,0,0,0,0,1,0,0,0,1
,,,,,,,0,0,0,0,0,0,0,0,1,2,4,0,7
,,,,,,,0,0,0,0,0,0,0,0,0,0,2,0,2
,,,,,,,0,0,0,0,0,0,0,0,0,0,0,0,0
,,,,,,,0,0,0,0,0,0,0,0,0,0,0,0,0
,,,,,,,0,0,0,0,0,0,0,0,0,0,0,0,0
,,,,,,,0,0,0,0,0,0,0,0,0,0,0,0,0
,,,,,,,0,0,0,0,0,0,0,0,0,0,0,0,0
,,,,,,,0,0,0,0,0,0,0,0,0,0,0,0,0
,,,,,,,0,0,0,0,0,0,0,0,0,0,0,0,0
,,,,,,,0,0,0,0,0,0,0,0,0,0,0,0,0
,,,,,,,0,0,0,0,0,1,0,0,0,0,4,1,4
,,,,,,,0,0,0,1,2,0,0,0,1,2,2,3,5
,,,,,,,0,0,0,0,0,1,0,0,1,2,4,1,7
,,,,,,,0,0,0,2,1,4,2,0,3,2,5,7,12
,,,,,,,0,1,0,1,0,1,3,1,4,4,6,3,18
,,,,,,,0,0,0,0,0,0,0,0,0,2,1,0,3
,,,,,,,0,0,0,0,0,0,0,0,0,1,0,0,1
,,,,,,,0,1,0,0,1,2,2,0,1,5,5,4,13
,,,,,,,0,1,0,1,1,1,2,0,1,3,6,4,12
,,,,,,,0,0,0,0,0,1,0,0,2,3,3,1,8
,,,,,,,0,0,0,0,0,0,0,0,0,1,3,0,4
,,,,,,,0,0,0,1,2,1,0,0,1,5,3,4,9
,,,,,,,0,0,0,0,0,0,1,1,1,5,3,0,11
,,,,,,,0,0,1,1,2,2,1,1,1,2,3,6,8
,,,,,,,0,0,0,0,0,1,0,0,1,3,2,1,6
,,,,,,,0,1,0,1,2,0,4,1,3,9,3,4,20
,,,,,,,0,2,0,2,3,3,4,1,3,5,5,10,18
,,,,,,,0,1,0,0,0,1,2,0,3,6,4,2,15
,,,,,,,0,0,0,1,4,1,2,1,2,5,2,6,12
,,,,,,,0,0,0,0,0,1,0,1,0,1,3,1,5
,,,,,,,0,0,0,0,0,0,1,0,0,1,2,0,4
,,,,,,,0,1,0,0,1,0,4,0,2,1,1,2,8
,,,,,,,0,5,0,3,1,2,6,1,3,1,3,11,14
,,,,,,,0,2,0,1,3,1,3,0,2,3,3,7,11
,,,,,,,0,0,0,2,1,3,1,1,4,5,4,6,15
,,,,,,,0,0,0,1,1,1,1,0,3,5,9,3,18
,,,,,,,0,0,1,0,1,0,0,1,1,2,3,2,7
,,,,,,,0,0,0,0,0,0,1,0,0,0,0,0,1
,,,,,,,0,0,0,0,1,1,0,1,0,2,2,2,5
,,,,,,,0,1,0,1,3,3,1,0,2,3,4,8,10
,,,,,,,0,0,0,1,1,0,1,0,3,4,3,2,11
,,,,,,,0,1,0,1,4,1,3,0,4,6,5,7,18
,,,,,,,0,6,6,5,3,3,8,7,8,9,4,23,36
,,,,,,,0,5,5,3,1,0,7,11,5,5,4,14,32
,,,,,,,0,2,2,1,3,0,6,4,4,3,0,8,17
,,,,,,,0,0,1,0,0,0,1,1,2,0,3,1,7
,,,,,,,0,0,0,1,0,3,1,1,1,4,5,4,12
,,,,,,,0,2,2,0,1,0,4,3,1,3,5,5,16
,,,,,,,0,0,0,1,1,0,4,1,4,4,4,2,17
,,,,,,,0,1,2,1,1,1,1,4,1,3,4,6,13
,,,,,,,0,3,10,0,0,4,5,17,4,5,5,17,36
,,,,,,,0,2,6,3,2,1,10,18,6,8,3,14,45
,,,,,,,0,2,2,1,4,0,5,10,2,6,1,9,24
,,,,,,,0,1,1,0,1,0,3,4,2,1,3,3,13
,,,,,,,0,0,0,0,0,0,1,2,0,1,3,0,7
,,,,,,,0,2,2,1,2,3,4,6,2,5,10,10,27
,,,,,,,0,4,3,1,2,5,9,4,2,4,10,15,29
,,,,,,,0,3,0,1,2,2,6,2,2,3,4,8,17
,,,,,,,0,2,1,2,1,1,4,1,2,3,4,7,14
,,,,,,,0,3,2,0,1,1,5,6,2,4,4,7,21
,,,,,,,0,1,2,2,1,2,6,4,9,4,5,8,28
,,,,,,,0,4,8,5,4,3,9,9,12,6,6,24,42
,,,,,,,0,5,2,2,1,1,9,10,6,4,5,11,34
,,,,,,,0,5,1,4,2,3,8,1,5,3,5,15,22
,,,,,,,0,7,5,2,4,0,10,8,3,4,3,18,28
,,,,,,,0,2,2,0,0,0,5,6,2,4,0,4,17
,,,,,,,0,3,1,0,1,1,5,1,1,2,1,6,10
,,,,,,,0,1,1,0,0,1,6,2,0,3,3,3,14
,,,,,,,0,1,0,1,1,3,4,0,2,4,7,6,17
,,,,,,,0,5,0,1,3,1,7,1,3,8,10,10,29
,,,,,,,0,7,1,0,0,2,12,1,4,6,7,10,30
,,,,,,,0,3,0,0,1,1,9,0,2,4,4,5,19
,,,,,,,0,0,0,0,1,0,4,1,2,3,4,1,14
,,,,,,,0,1,0,0,0,1,4,1,1,3,3,2,12
,,,,,,,0,5,0,2,4,3,13,0,5,6,6,14,30
,,,,,,,0,4,0,4,2,1,6,0,5,4,5,11,20
,,,,,,,0,0,0,0,0,1,0,0,2,1,3,1,6
,,,,,,,0,0,0,0,0,2,0,0,2,1,5,2,8
,,,,,,,0,0,0,1,1,1,0,0,3,3,6,3,12
,,,,,,,0,1,0,3,6,7,1,0,4,8,8,17,21
,,,,,,,0,0,0,0,1,2,0,0,1,4,4,3,9
,,,,,,,0,0,0,0,1,2,0,0,1,2,4,3,7
,,,,,,,0,1,0,2,2,3,1,0,4,4,6,8,15
,,,,,,,0,1,0,1,2,1,1,0,2,4,4,5,11
,,,,,,,0,0,0,0,1,0,0,0,0,2,0,1,2
,,,,,,,0,0,0,0,0,0,0,0,0,0,0,0,0
,,,,,,,0,0,0,0,0,0,1,0,1,1,2,0,5
,,,,,,,0,0,0,0,1,1,1,0,0,3,2,2,6
,,,,,,,0,2,0,0,1,1,4,1,0,5,4,4,14
,,,,,,,0,2,1,1,2,0,9,1,1,5,2,6,18
,,,,,,,0,1,0,0,3,1,2,0,0,4,6,5,12
,,,,,,,0,0,0,0,1,2,0,0,0,3,5,3,8
,,,,,,,0,0,0,0,0,0,0,0,1,4,2,0,7
,,,,,,,0,0,0,0,0,2,0,0,0,0,3,2,3
,,,,,,,0,0,0,0,0,0,1,0,0,0,3,0,4
,,,,,,,0,0,0,0,1,0,0,0,0,1,0,1,1
,,,,,,,0,0,0,0,1,1,0,0,0,1,2,2,3
,,,,,,,0,0,0,0,0,0,0,0,0,0,2,0,2
,,,,,,,0,0,0,0,0,0,0,0,0,0,0,0,0
,,,,,,,0,0,0,0,0,0,0,0,0,0,0,0,0
,,,,,,,0,0,0,0,0,0,0,0,0,0,2,0,2
,,,,,,,0,0,0,0,1,2,0,0,0,2,4,3,6
,,,,,,,0,1,0,0,1,0,2,0,0,3,1,2,6
,,,,,,,0,1,0,0,2,4,2,0,0,3,4,7,9
,,,,,,,0,0,0,0,0,0,0,0,0,1,1,0,2
,,,,,,,0,0,0,0,0,0,0,0,0,0,0,0,0
,,,,,,,0,0,0,0,0,0,0,0,0,0,0,0,0
,,,,,,,0,1,0,0,1,2,1,0,0,1,2,4,4
,,,,,,,0,0,0,0,0,0,1,0,0,1,1,0,3
,,,,,,,0,0,0,0,0,0,0,0,0,1,0,0,1
,,,,,,,0,0,0,0,2,2,0,0,0,2,2,4,4
,,,,,,,0,0,0,0,1,1,1,0,0,2,2,2,5
,,,,,,,0,1,0,0,1,0,1,0,0,2,0,2,3
,,,,,,,0,0,0,0,0,1,0,0,0,2,2,1,4
,,,,,,,0,0,0,0,0,0,0,0,0,1,2,0,3
,,,,,,,0,0,0,0,0,0,2,0,0,1,0,0,3
,,,,,,,0,1,0,0,0,0,2,0,2,1,0,1,5
,,,,,,,0,0,0,0,0,0,0,0,0,0,0,0,0
,,,,,,,0,0,0,0,0,0,0,0,0,0,0,0,0
,,,,,,,0,0,0,0,0,0,0,0,0,0,0,0,0
,,,,,,,0,0,0,0,0,0,0,0,0,1,0,0,1
,,,,,,,0,0,0,1,2,0,0,0,2,4,2,3,8
,,,,,,,0,0,0,0,1,0,1,0,0,1,2,1,4
,,,,,,,0,0,0,0,0,0,0,0,1,2,1,0,4
,,,,,,,0,0,0,0,0,0,0,0,1,2,0,0,3
,,,,,,,0,0,1,0,2,0,0,1,1,3,0,3,5
,,,,,,,0,0,1,0,2,0,0,1,0,3,0,3,4
,,,,,,,0,0,0,0,1,1,0,0,1,2,4,2,7
,,,,,,,0,0,0,0,1,3,0,0,1,2,6,4,9
,,,,,,,0,0,0,0,0,1,0,0,1,1,4,1,6
,,,,,,,0,0,0,1,2,4,0,0,1,3,5,7,9
,,,,,,,0,0,0,0,0,2,0,0,0,0,5,2,5
,,,,,,,0,0,0,0,0,0,0,0,0,0,2,0,2
,,,,,,,0,0,0,0,0,0,0,0,0,0,0,0,0
,,,,,,,0,0,0,0,0,0,0,0,0,0,0,0,0
,,,,,,,0,0,0,0,0,0,0,0,0,0,0,0,0
,,,,,,,0,0,0,0,0,0,0,0,0,0,1,0,1
,,,,,,,0,0,0,0,0,0,0,0,0,0,0,0,0
,,,,,,,0,0,0,0,0,0,0,0,0,0,0,0,0
,,,,,,,0,0,0,0,0,0,0,0,0,0,3,0,3
,,,,,,,0,0,0,0,0,2,0,0,0,0,3,2,3
,,,,,,,0,0,0,0,0,0,1,0,0,0,0,0,1
,,,,,,,0,0,0,0,0,0,1,0,0,0,0,0,1
,,,,,,,0,0,0,0,0,0,0,0,1,1,3,0,5
,,,,,,,0,1,1,1,2,1,1,1,1,2,2,6,7
,,,,,,,0,0,0,0,0,2,1,1,0,2,2,2,6
,,,,,,,0,0,0,0,1,0,0,0,0,3,6,1,9
,,,,,,,0,1,0,0,2,2,1,0,0,5,4,5,10
,,,,,,,0,0,0,0,0,0,1,0,0,4,2,0,7
,,,,,,,0,0,0,0,1,1,0,0,1,1,5,2,7
,,,,,,,0,0,0,1,0,4,1,0,1,1,5,5,8
,,,,,,,0,0,0,0,0,1,0,0,0,0,3,1,3
,,,,,,,0,0,0,0,0,0,0,0,0,0,0,0,0
,,,,,,,0,0,0,0,0,1,0,0,0,0,2,1,2
,,,,,,,0,0,0,0,0,0,0,0,0,0,1,0,1
,,,,,,,0,2,0,1,1,1,3,1,1,5,4,5,14
,,,,,,,0,1,1,2,1,3,2,1,2,8,4,8,17
,,,,,,,0,0,0,1,2,2,1,0,2,6,4,5,13
,,,,,,,0,1,0,0,2,0,1,0,0,4,4,3,9
,,,,,,,0,0,0,0,1,3,0,0,0,2,4,4,6
,,,,,,,0,0,0,0,0,0,0,0,0,0,0,0,0
,,,,,,,0,0,0,0,0,0,0,0,0,0,0,0,0
,,,,,,,0,0,0,0,0,0,2,0,2,0,0,0,4
,,,,,,,0,0,0,0,0,0,0,0,1,2,0,0,3
,,,,,,,0,0,0,0,1,1,0,0,1,2,5,2,8
,,,,,,,0,2,0,1,1,4,4,1,3,2,7,8,17
,,,,,,,0,0,4,0,1,1,2,4,1,2,6,6,15
,,,,,,,0,0,0,0,0,0,0,4,0,1,2,0,7
,,,,,,,0,0,0,0,0,0,0,0,0,0,0,0,0
,,,,,,,0,0,0,0,0,2,1,0,1,2,3,2,7
,,,,,,,0,0,0,2,2,2,2,1,3,3,6,6,15
,,,,,,,0,2,1,1,2,2,2,1,3,4,6,8,16
,,,,,,,0,0,0,1,0,0,3,2,3,3,2,1,13
,,,,,,,0,0,2,0,1,2,2,4,0,2,3,5,11
,,,,,,,0,0,0,0,0,0,3,1,0,1,3,0,8
,,,,,,,0,1,1,0,0,0,5,8,0,3,0,2,16
,,,,,,,0,4,8,0,3,0,11,12,1,4,5,15,33
,,,,,,,0,1,5,0,3,5,9,9,5,5,10,14,38
,,,,,,,0,1,2,3,2,3,2,3,5,6,6,11,22
,,,,,,,0,0,1,0,0,1,2,4,0,3,1,2,10
,,,,,,,0,0,1,1,2,2,6,15,7,4,2,6,34
,,,,,,,0,5,3,5,5,2,10,19,7,8,3,20,47
,,,,,,,0,2,13,2,3,2,9,22,3,5,4,22,43
,,,,,,,0,2,8,2,1,2,8,22,3,2,4,15,39
,,,,,,,0,0,1,0,1,2,0,9,2,2,5,4,18
,,,,,,,0,1,12,1,2,6,2,21,1,4,9,22,37
,,,,,,,0,4,2,0,2,2,5,9,1,3,6,10,24
,,,,,,,0,0,1,0,0,0,8,1,1,2,2,1,14
,,,,,,,0,0,0,0,0,0,3,3,2,2,0,0,10
,,,,,,,0,6,4,3,4,0,9,6,5,7,4,17,31
,,,,,,,0,3,1,4,3,4,12,6,8,8,7,15,41
,,,,,,,0,13,9,5,2,1,22,16,12,7,7,30,64
,,,,,,,0,8,7,1,3,4,23,16,7,9,8,23,63
,,,,,,,0,6,4,3,3,2,17,11,6,5,8,18,47
,,,,,,,0,4,1,0,1,3,8,5,2,5,3,9,23
,,,,,,,0,1,1,0,1,1,2,1,1,4,3,4,11
,,,,,,,0,3,0,0,1,0,5,1,0,5,4,4,15
,,,,,,,0,5,1,0,0,1,8,1,0,1,3,7,13
,,,,,,,0,4,0,2,2,3,6,1,2,2,5,11,16
,,,,,,,0,2,0,4,5,2,7,0,5,11,15,13,38
,,,,,,,0,3,0,1,2,5,11,1,5,8,7,11,32
,,,,,,,0,2,1,0,2,2,10,1,2,5,4,7,22
,,,,,,,0,5,0,2,1,2,8,1,2,4,6,10,21
,,,,,,,0,9,2,0,1,1,20,5,2,3,3,13,33
,,,,,,,0,20,4,1,3,0,29,5,2,6,3,28,45
,,,,,,,0,1,0,0,0,0,6,0,1,0,1,1,8
,,,,,,,0,0,0,0,1,2,0,1,1,2,3,3,7
,,,,,,,0,0,0,0,0,2,1,0,1,2,6,2,10
,,,,,,,0,0,0,0,0,0,0,0,2,3,5,0,10
,,,,,,,0,0,0,0,1,2,0,1,3,4,6,3,14
,,,,,,,0,0,1,0,1,1,0,1,2,3,9,3,15
,,,,,,,0,0,0,2,2,3,0,0,3,2,4,7,9
,,,,,,,0,0,0,1,0,2,1,0,2,1,4,3,8
,,,,,,,0,0,0,0,0,1,0,0,0,1,2,1,3
,,,,,,,0,0,0,0,1,0,0,0,0,1,2,1,3
,,,,,,,0,0,0,0,0,0,0,0,0,0,0,0,0
,,,,,,,0,0,0,0,0,0,0,0,0,0,0,0,0
,,,,,,,0,0,0,0,1,0,0,0,0,1,3,1,4
,,,,,,,0,0,0,0,0,3,0,0,0,2,7,3,9
,,,,,,,0,0,0,0,0,3,0,1,1,5,7,3,14
,,,,,,,0,0,0,0,1,3,1,0,0,4,7,4,12
,,,,,,,0,0,0,0,0,3,1,0,0,2,7,3,10
,,,,,,,0,0,1,3,3,0,0,1,3,3,4,7,11
,,,,,,,0,0,2,1,1,2,1,3,4,4,3,6,15
,,,,,,,0,3,4,1,1,4,3,5,2,2,4,13,16
,,,,,,,0,0,0,0,0,0,0,3,1,2,3,0,9
,,,,,,,0,1,0,1,3,2,2,0,2,4,3,7,11
,,,,,,,0,1,0,1,1,2,2,0,2,2,3,5,9
,,,,,,,0,0,0,0,0,1,0,0,1,0,4,1,5
,,,,,,,0,0,0,0,0,3,0,0,0,1,3,3,4
,,,,,,,0,0,0,0,0,0,0,0,0,0,2,0,2
,,,,,,,0,0,0,0,0,4,1,0,1,0,6,4,8
,,,,,,,0,1,0,0,0,0,1,0,0,0,4,1,5
,,,,,,,0,0,0,0,0,3,1,0,2,2,7,3,12
,,,,,,,0,1,0,0,1,1,1,0,2,3,4,3,10
,,,,,,,0,1,0,0,0,0,2,0,3,1,2,1,8
,,,,,,,0,0,0,0,0,1,2,1,1,0,3,1,7
,,,,,,,0,0,0,1,2,3,3,1,2,2,8,6,16
,,,,,,,0,2,0,0,0,0,3,1,2,4,5,2,15
,,,,,,,0,1,1,1,2,0,2,1,6,6,2,5,17
,,,,,,,0,0,0,2,0,5,1,0,4,5,11,7,21
,,,,,,,0,0,0,1,2,2,1,0,3,6,8,5,18
,,,,,,,0,1,0,2,4,1,2,0,2,5,4,8,13
,,,,,,,0,1,0,0,1,2,2,0,1,4,5,4,12
,,,,,,,0,0,0,0,0,0,0,0,0,1,2,0,3
,,,,,,,0,1,0,0,0,0,1,0,0,0,0,1,1
,,,,,,,0,0,0,0,0,0,1,0,0,0,0,0,1
,,,,,,,0,0,0,0,0,0,0,0,0,0,0,0,0
,,,,,,,0,0,0,0,0,0,0,0,0,0,0,0,0
,,,,,,,0,0,0,0,0,0,0,0,0,0,0,0,0
,,,,,,,0,0,0,0,0,0,0,0,0,0,0,0,0
,,,,,,,0,0,0,0,0,0,0,0,2,0,3,0,5
,,,,,,,0,0,0,2,3,4,1,0,2,6,5,9,14
,,,,,,,0,1,0,0,0,3,1,0,0,2,4,4,7
,,,,,,,0,0,0,1,1,4,0,0,2,4,5,6,11
,,,,,,,0,2,0,3,6,1,2,0,4,8,4,12,18
,,,,,,,0,0,0,2,1,2,2,0,7,6,3,5,18
,,,,,,,0,0,0,0,1,2,0,0,2,3,2,3,7
,,,,,,,0,0,0,1,2,3,0,1,2,5,5,6,13
,,,,,,,0,0,0,0,0,1,0,2,1,3,6,1,12
,,,,,,,0,0,0,0,0,0,0,1,2,4,4,0,11
,,,,,,,0,0,0,0,2,0,0,0,4,8,1,2,13
,,,,,,,0,0,0,0,0,0,0,0,0,2,2,0,4
,,,,,,,0,0,0,0,1,1,0,0,0,1,3,2,4
,,,,,,,0,0,0,0,0,0,0,0,0,0,0,0,0
,,,,,,,0,0,0,0,0,0,0,0,0,1,0,0,1
,,,,,,,0,0,0,0,0,1,0,0,0,1,3,1,4
,,,,,,,0,0,0,0,1,1,0,0,0,1,2,2,3
,,,,,,,0,0,0,0,2,1,0,0,0,2,1,3,3
,,,,,,,0,0,0,0,0,1,0,0,0,3,2,1,5
,,,,,,,0,0,0,0,0,2,0,0,0,0,2,2,2
,,,,,,,0,0,0,0,0,0,0,0,0,0,2,0,2
,,,,,,,0,0,0,0,0,0,1,0,0,0,1,0,2
,,,,,,,0,0,0,0,0,0,1,0,0,0,4,0,5
,,,,,,,0,0,0,0,1,2,0,0,0,1,2,3,3
,,,,,,,0,0,0,0,1,0,0,0,1,2,0,1,3
,,,,,,,0,0,0,0,1,0,0,0,1,2,1,1,4
,,,,,,,0,0,0,0,2,3,0,0,0,5,4,5,9
,,,,,,,0,0,0,0,0,0,1,0,0,4,5,0,10
,,,,,,,0,0,0,0,1,0,1,0,0,2,0,1,3
,,,,,,,0,0,0,0,1,1,1,0,4,3,4,2,12
,,,,,,,0,1,0,2,1,1,1,0,4,4,6,5,15
,,,,,,,0,0,0,0,1,1,0,0,0,1,2,2,3
,,,,,,,0,0,0,0,0,1,0,0,0,1,2,1,3
,,,,,,,0,0,0,0,0,0,0,0,0,0,0,0,0
,,,,,,,0,0,0,0,0,1,0,0,0,1,5,1,6
,,,,,,,0,0,0,0,1,4,0,0,0,2,6,5,8
,,,,,,,0,0,0,0,0,0,0,0,3,1,5,0,9
,,,,,,,0,0,0,2,2,4,0,0,3,3,6,8,12
,,,,,,,0,0,0,1,0,3,0,0,1,3,6,4,10
,,,,,,,0,0,0,1,1,1,0,0,1,1,4,3,6
,,,,,,,0,0,0,0,1,0,0,0,0,2,0,1,2
,,,,,,,0,0,0,0,0,0,0,0,0,0,0,0,0
,,,,,,,0,0,0,0,0,0,0,0,0,0,0,0,0
,,,,,,,0,0,0,0,0,2,1,0,0,2,2,2,5
,,,,,,,0,1,0,0,2,0,7,0,1,4,3,3,15
,,,,,,,0,7,1,3,1,0,10,3,4,3,2,12,22
,,,,,,,0,1,1,1,0,0,5,5,3,1,2,3,16
,,,,,,,0,0,2,0,0,1,1,2,0,0,4,3,7
,,,,,,,0,0,0,0,0,1,2,2,0,0,2,1,6
,,,,,,,0,1,0,0,0,0,3,0,0,1,0,1,4
,,,,,,,0,0,0,0,0,0,3,0,0,1,2,0,6
,,,,,,,0,3,0,0,0,2,5,0,0,1,4,5,10
,,,,,,,0,1,0,0,0,2,2,0,0,0,4,3,6
,,,,,,,0,0,0,0,0,0,1,3,1,1,3,0,9
,,,,,,,0,3,3,3,3,2,3,7,3,4,4,14,21
,,,,,,,0,5,3,0,2,0,11,9,1,6,3,10,30
,,,,,,,0,12,0,1,3,0,16,11,3,5,4,16,39
,,,,,,,0,6,3,2,0,4,9,6,3,4,8,15,30
,,,,,,,0,0,0,1,2,2,2,4,2,6,6,5,20
,,,,,,,0,3,0,0,1,0,3,1,1,2,0,4,7
,,,,,,,0,0,3,2,1,0,3,5,3,1,0,6,12
,,,,,,,0,3,8,1,1,0,8,12,5,2,0,13,27
,,,,,,,0,3,6,0,1,1,15,23,5,4,2,11,49
,,,,,,,0,6,6,0,1,2,9,22,2,4,2,15,39
,,,,,,,0,0,0,0,0,0,0,4,0,2,2,0,8
,,,,,,,0,0,9,0,0,2,0,18,1,1,5,11,25
,,,,,,,0,0,1,0,1,0,8,14,1,4,3,2,30
,,,,,,,0,4,7,0,2,2,12,14,0,4,4,15,34
,,,,,,,0,5,4,2,1,2,8,6,2,4,3,14,23
,,,,,,,0,2,0,2,3,0,8,6,3,6,0,7,23
,,,,,,,0,4,0,2,2,1,13,6,6,4,4,9,33
,,,,,,,0,10,7,1,1,3,21,11,5,5,4,22,46
,,,,,,,0,1,0,0,2,1,14,10,3,6,4,4,37
,,,,,,,0,8,10,2,1,1,33,18,3,5,2,22,61
,,,,,,,0,1,0,1,2,0,41,11,5,7,2,4,66
,,,,,,,0,0,0,2,2,0,0,1,2,5,3,4,11
,,,,,,,0,0,0,0,2,2,2,0,0,3,3,4,8
,,,,,,,0,1,0,0,0,2,3,1,0,2,5,3,11
,,,,,,,0,2,1,0,1,5,3,2,2,1,11,9,19
,,,,,,,0,4,1,0,7,5,9,1,5,9,5,17,29
,,,,,,,0,2,0,0,0,0,12,0,1,10,0,2,23
,,,,,,,0,0,0,0,0,0,4,1,0,0,0,0,5
,,,,,,,0,0,0,0,0,0,7,2,1,1,0,0,11
,,,,,,,0,6,4,0,1,0,12,6,1,1,0,11,20
,,,,,,,0,6,1,0,1,2,14,5,0,1,2,10,22
,,,,,,,0,2,0,0,0,0,6,0,0,0,0,2,6
,,,,,,,0,1,1,1,3,1,2,1,1,3,2,7,9
,,,,,,,0,1,0,0,0,0,1,1,2,6,6,1,16
,,,,,,,0,0,0,1,3,1,0,0,1,3,2,5,6
,,,,,,,0,0,0,0,0,1,0,1,0,1,5,1,7
,,,,,,,0,1,0,1,3,4,1,1,1,3,6,9,12
,,,,,,,0,0,0,0,1,1,1,0,1,3,4,2,9
,,,,,,,0,0,0,0,0,0,1,0,0,0,0,0,1
,,,,,,,0,0,0,1,2,4,0,0,1,2,4,7,7
,,,,,,,0,0,0,0,0,0,1,0,1,4,6,0,12
,,,,,,,0,0,0,0,0,0,0,0,0,0,1,0,1
,,,,,,,0,0,0,0,0,0,0,0,0,0,0,0,0
,,,,,,,0,0,0,0,0,2,0,0,0,0,2,2,2
,,,,,,,0,0,0,0,0,0,0,0,0,0,5,0,5
,,,,,,,0,0,0,0,0,1,0,0,0,2,5,1,7
,,,,,,,0,0,0,0,3,4,1,0,1,5,9,7,16
,,,,,,,0,1,0,1,3,4,1,0,1,3,6,9,11
,,,,,,,0,0,0,0,0,0,0,1,2,2,0,0,5
,,,,,,,0,0,0,0,0,0,1,3,1,2,2,0,9
,,,,,,,0,1,0,0,0,1,2,6,2,1,5,2,16
,,,,,,,0,0,0,0,0,1,0,0,0,1,1,1,2
,,,,,,,0,0,0,0,1,1,1,0,2,4,1,2,8
,,,,,,,0,0,0,0,0,0,1,0,2,3,1,0,7
,,,,,,,0,0,0,1,2,0,0,1,1,2,2,3,6
,,,,,,,0,1,1,0,1,3,1,1,1,4,6,6,13
,,,,,,,0,0,0,0,0,0,1,0,1,3,3,0,8
,,,,,,,0,1,0,1,1,0,1,0,1,1,3,3,6
,,,,,,,0,0,0,0,0,0,0,0,0,0,5,0,5
,,,,,,,0,0,0,0,1,3,0,0,2,3,7,4,12
,,,,,,,0,0,0,2,2,0,1,0,2,4,4,4,11
,,,,,,,0,0,0,3,0,0,1,0,3,3,2,3,9
,,,,,,,0,2,2,1,2,3,2,2,3,2,7,10,16
,,,,,,,0,2,1,2,2,3,4,4,6,8,8,10,30
,,,,,,,0,0,0,1,2,0,2,1,6,5,4,3,18
,,,,,,,0,0,0,5,3,1,1,1,9,9,2,9,22
,,,,,,,0,1,1,4,6,6,2,1,10,13,11,18,37
,,,,,,,0,1,0,2,4,2,2,1,5,8,8,9,24
,,,,,,,0,0,0,0,1,3,2,0,2,4,5,4,13
,,,,,,,0,0,0,0,1,2,1,0,0,2,4,3,7
,,,,,,,0,0,0,0,0,0,0,0,0,0,1,0,1
,,,,,,,0,0,0,0,0,0,1,0,0,0,0,0,1
,,,,,,,0,0,0,0,0,0,2,0,1,2,4,0,9
,,,,,,,0,2,0,3,4,0,2,0,3,5,5,9,15
,,,,,,,0,0,0,0,0,0,0,0,0,2,1,0,3
,,,,,,,0,0,0,0,1,0,0,0,0,1,0,1,1
,,,,,,,0,0,0,0,0,0,0,0,0,1,0,0,1
,,,,,,,0,0,0,0,0,0,0,0,1,3,2,0,6
,,,,,,,0,0,0,1,3,2,0,0,1,4,5,6,10
,,,,,,,0,0,0,0,0,0,0,0,2,2,2,0,6
,,,,,,,0,0,0,0,0,0,0,0,1,1,1,0,3
,,,,,,,0,0,0,0,1,0,2,0,3,3,2,1,10
,,,,,,,0,1,0,3,2,0,3,0,5,4,2,6,14
,,,,,,,0,0,0,0,1,1,1,0,2,2,2,2,7
,,,,,,,0,0,0,1,1,3,0,1,1,4,5,5,11
,,,,,,,0,0,1,1,3,1,0,2,1,3,6,6,12
,,,,,,,0,0,0,1,0,2,0,1,4,8,2,3,15
,,,,,,,0,0,0,3,6,2,1,0,4,7,2,11,14
,,,,,,,0,1,0,0,0,1,1,0,0,0,7,2,8
,,,,,,,0,0,0,1,1,4,0,0,1,2,7,6,10
,,,,,,,0,0,0,0,0,0,0,0,1,1,2,0,4
,,,,,,,0,0,0,0,1,0,0,0,0,1,0,1,1
,,,,,,,0,0,0,0,0,2,0,0,0,1,3,2,4
,,,,,,,0,0,0,0,0,0,0,0,0,2,2,0,4
,,,,,,,0,0,0,0,1,0,0,0,0,2,1,1,3
,,,,,,,0,0,0,0,1,0,0,1,0,3,3,1,7
,,,,,,,0,0,1,0,4,3,0,1,0,5,7,8,13
,,,,,,,0,0,0,0,5,2,0,0,0,5,4,7,9
,,,,,,,0,1,0,1,1,0,1,0,1,1,4,3,7
,,,,,,,0,0,0,0,0,3,0,0,2,1,5,3,8
,,,,,,,0,1,0,0,1,3,1,0,2,3,6,5,12
,,,,,,,0,1,0,1,1,0,1,0,1,3,1,3,6
,,,,,,,0,0,0,1,1,2,1,0,1,4,5,4,11
,,,,,,,0,0,0,1,4,2,0,0,2,6,5,7,13
,,,,,,,0,0,0,0,1,0,1,0,1,4,2,1,8
,,,,,,,0,0,0,0,0,0,1,0,0,1,2,0,4
,,,,,,,0,0,0,0,0,3,0,0,2,2,4,3,8
,,,,,,,0,0,0,0,1,0,0,0,3,2,4,1,9
,,,,,,,0,1,0,0,1,2,1,0,2,4,4,4,11
,,,,,,,0,1,0,0,0,1,1,0,4,6,6,2,17
,,,,,,,0,0,0,0,0,1,1,0,2,1,5,1,9
,,,,,,,0,0,1,0,1,3,0,1,0,4,6,5,11
,,,,,,,0,0,0,1,4,0,1,1,1,4,4,5,11
,,,,,,,0,0,0,2,2,3,0,0,4,2,5,7,11
,,,,,,,0,0,0,2,1,4,0,0,6,3,10,7,19
,,,,,,,0,0,0,1,2,2,0,0,2,2,4,5,8
,,,,,,,0,0,0,0,1,0,0,0,0,3,0,1,3
,,,,,,,0,0,0,0,2,0,0,0,0,2,0,2,2
,,,,,,,0,0,0,0,0,0,0,0,0,0,0,0,0
,,,,,,,0,0,0,0,0,0,0,0,0,0,0,0,0
,,,,,,,0,0,0,0,0,1,1,0,0,0,2,1,3
,,,,,,,0,4,0,0,0,0,8,0,0,2,0,4,10
,,,,,,,0,1,2,1,0,0,10,2,1,1,0,4,14
,,,,,,,0,0,1,0,0,0,1,2,1,0,0,1,4
,,,,,,,0,0,0,0,0,1,2,0,0,1,3,1,6
,,,,,,,0,0,0,0,0,2,2,1,0,1,3,2,7
,,,,,,,0,2,1,0,1,2,3,1,0,2,2,6,8
,,,,,,,0,0,0,0,0,0,3,0,1,0,0,0,4
,,,,,,,0,3,2,0,0,0,3,3,0,0,0,5,6
,,,,,,,0,2,0,0,0,0,3,4,0,0,2,2,9
,,,,,,,0,0,0,0,0,0,2,2,0,0,1,0,5
,,,,,,,0,0,4,1,2,2,1,5,4,4,5,9,19
,,,,,,,0,0,3,1,2,3,1,7,2,5,7,9,22
,,,,,,,0,2,1,2,2,3,6,3,5,5,4,10,23
,,,,,,,0,3,1,2,2,2,9,5,3,4,3,10,24
,,,,,,,0,0,3,1,2,2,3,5,1,4,5,8,18
,,,,,,,0,0,0,0,1,1,3,3,0,3,2,2,11
,,,,,,,0,2,0,0,1,0,4,3,0,3,0,3,10
,,,,,,,0,4,2,1,3,0,14,6,2,5,0,10,27
,,,,,,,0,11,7,2,4,0,20,14,6,5,3,24,48
,,,,,,,0,4,2,1,0,1,6,9,3,4,4,8,26
,,,,,,,0,1,1,0,0,1,2,1,0,3,4,3,10
,,,,,,,0,1,2,0,0,2,6,7,1,1,4,5,19
,,,,,,,0,2,2,1,2,0,10,29,2,5,0,7,46
,,,,,,,0,9,20,1,3,0,18,35,2,6,0,33,61
,,,,,,,0,6,1,2,0,1,12,12,5,3,4,10,36
,,,,,,,0,6,1,1,2,1,13,7,4,5,4,11,33
,,,,,,,0,6,4,1,3,2,17,8,5,7,4,16,41
,,,,,,,0,5,1,1,2,1,12,4,4,6,2,10,28
,,,,,,,0,3,0,0,1,0,5,0,2,3,0,4,10
,,,,,,,0,26,6,1,0,0,61,9,4,4,0,33,78
,,,,,,,0,50,2,3,3,0,59,8,5,4,0,58,76
,,,,,,,0,0,0,0,0,0,5,4,2,4,2,0,17
,,,,,,,0,4,1,2,2,1,5,2,2,2,3,10,14
,,,,,,,0,2,0,0,0,1,4,0,1,1,4,3,10
,,,,,,,0,0,0,2,1,2,3,0,4,3,5,5,15
,,,,,,,0,1,0,1,1,0,5,1,4,2,2,3,14
,,,,,,,0,11,0,0,2,0,15,0,0,2,0,13,17
,,,,,,,0,6,0,1,0,0,15,0,2,3,0,7,20
,,,,,,,0,4,0,2,2,1,5,2,4,3,1,9,15
,,,,,,,0,0,2,0,0,0,8,4,2,2,1,2,17
,,,,,,,0,0,0,0,0,2,0,0,0,1,2,2,3
,,,,,,,0,0,1,0,1,0,1,1,0,1,0,2,3
,,,,,,,0,0,1,1,0,0,1,1,1,1,4,2,8
,,,,,,,0,0,0,1,0,5,1,0,2,3,8,6,14
,,,,,,,0,0,0,0,2,2,0,0,3,5,9,4,17
,,,,,,,0,0,0,1,1,4,0,0,1,2,4,6,7
,,,,,,,0,0,0,0,0,0,1,1,1,2,0,0,5
,,,,,,,0,1,0,0,1,0,2,0,0,3,0,2,5
,,,,,,,0,2,0,1,2,0,2,0,2,5,0,5,9
,,,,,,,0,0,0,0,2,2,1,0,3,4,5,4,13
,,,,,,,0,1,0,1,3,2,1,0,2,4,8,7,15
,,,,,,,0,0,0,1,0,2,0,0,1,3,4,3,8
,,,,,,,0,0,0,0,0,0,0,0,0,0,0,0,0
,,,,,,,0,0,0,0,0,0,0,0,0,0,1,0,1
,,,,,,,0,0,0,0,0,0,0,0,0,0,0,0,0
,,,,,,,0,0,0,0,0,0,0,0,0,0,1,0,1
,,,,,,,0,0,0,0,0,0,0,0,1,1,5,0,7
,,,,,,,0,0,0,0,0,1,0,0,1,2,5,1,8
,,,,,,,0,0,0,0,0,0,0,0,1,1,0,0,2
,,,,,,,0,0,0,0,0,0,0,1,0,0,0,0,1
,,,,,,,0,0,2,2,1,2,0,2,2,1,3,7,8
,,,,,,,0,0,1,2,1,0,0,1,2,1,4,4,8
,,,,,,,0,0,0,0,1,1,0,0,2,4,1,2,7
,,,,,,,0,0,0,1,3,0,0,0,3,6,0,4,9
,,,,,,,0,0,0,1,2,1,0,0,1,5,5,4,11
,,,,,,,0,0,0,0,1,1,1,1,0,2,7,2,11
,,,,,,,0,0,0,0,1,1,1,0,0,2,2,2,5
,,,,,,,0,0,0,0,0,0,0,0,0,0,0,0,0
,,,,,,,0,0,0,0,0,0,0,0,0,0,1,0,1
,,,,,,,0,0,0,0,2,2,0,0,0,2,4,4,6
,,,,,,,0,0,0,0,0,0,0,0,0,1,1,0,2
,,,,,,,0,0,0,0,0,0,1,0,0,2,2,0,5
,,,,,,,0,0,0,0,0,3,3,1,0,3,5,3,12
,,,,,,,0,3,1,2,5,2,3,3,5,8,5,13,24
,,,,,,,0,0,0,1,1,0,0,0,7,7,0,2,14
,,,,,,,0,0,0,2,1,0,0,0,3,2,0,3,5
,,,,,,,0,0,2,2,3,2,1,2,4,10,3,9,20
,,,,,,,0,0,0,0,0,1,1,2,2,7,3,1,15
,,,,,,,0,0,0,0,0,0,0,0,0,0,0,0,0
,,,,,,,0,0,0,0,0,0,0,0,0,0,1,0,1
,,,,,,,0,0,0,0,0,1,0,0,0,1,1,1,2
,,,,,,,0,0,0,0,1,3,2,0,0,2,4,4,8
,,,,,,,0,0,0,4,6,5,3,0,6,9,7,15,25
,,,,,,,0,0,0,0,1,0,0,0,3,5,4,1,12
,,,,,,,0,0,0,2,0,3,0,4,4,4,3,5,15
,,,,,,,0,0,0,1,1,0,0,1,2,1,3,2,7
,,,,,,,0,0,0,2,2,2,0,0,2,4,5,6,11
,,,,,,,0,0,0,0,1,2,0,0,1,3,6,3,10
,,,,,,,0,0,0,3,3,3,0,1,4,7,4,9,16
,,,,,,,0,0,0,2,4,3,1,0,4,9,4,9,18
,,,,,,,0,1,0,1,2,3,1,0,1,2,6,7,10
,,,,,,,0,0,0,0,0,0,1,0,1,0,6,0,8
,,,,,,,0,0,0,0,0,0,0,1,1,2,2,0,6
,,,,,,,0,0,1,1,1,2,0,1,2,2,5,5,10
,,,,,,,0,0,0,0,0,0,0,0,1,1,1,0,3
,,,,,,,0,0,0,0,0,0,0,0,0,1,0,0,1
,,,,,,,0,0,0,0,1,0,0,0,0,1,1,1,2
,,,,,,,0,0,0,0,0,1,0,0,0,1,2,1,3
,,,,,,,0,0,0,0,0,3,0,0,2,3,7,3,12
,,,,,,,0,0,0,0,0,1,0,0,4,3,5,1,12
,,,,,,,0,1,0,3,2,2,1,0,4,4,3,8,12
,,,,,,,0,0,0,0,1,0,0,0,0,2,3,1,5
,,,,,,,0,0,0,0,1,0,0,0,0,2,0,1,2
,,,,,,,0,0,0,0,1,0,1,0,1,3,0,1,5
,,,,,,,0,1,0,0,1,1,1,0,1,2,5,3,9
,,,,,,,0,0,0,0,1,2,0,1,0,1,9,3,11
,,,,,,,0,0,0,0,1,2,0,0,0,2,5,3,7
,,,,,,,0,1,0,0,1,3,1,0,1,2,4,5,8
,,,,,,,0,0,0,1,1,1,0,0,3,2,5,3,10
,,,,,,,0,0,0,3,2,4,0,0,4,4,10,9,18
,,,,,,,0,0,0,2,2,2,1,0,2,2,6,6,11
,,,,,,,0,1,0,1,1,2,1,1,1,3,4,5,10
,,,,,,,0,0,1,0,1,0,0,1,0,3,3,2,7
,,,,,,,0,0,0,0,0,2,3,0,1,1,3,2,8
,,,,,,,0,3,0,1,1,1,3,0,1,1,5,6,10
,,,,,,,0,0,0,0,0,0,0,0,0,0,2,0,2
,,,,,,,0,0,0,0,0,0,0,0,0,0,0,0,0
,,,,,,,0,0,0,1,0,1,0,0,2,5,5,2,12
,,,,,,,0,0,0,3,5,4,1,1,5,7,7,12,21
,,,,,,,0,1,1,2,2,4,1,1,6,3,8,10,19
,,,,,,,0,0,1,0,1,2,1,1,2,3,6,4,13
,,,,,,,0,2,2,1,4,1,2,3,2,8,6,10,21
,,,,,,,0,0,0,0,5,2,0,2,2,6,5,7,15
,,,,,,,0,0,0,1,1,2,2,0,3,3,8,4,16
,,,,,,,0,2,0,0,0,1,6,2,3,5,6,3,22
,,,,,,,0,0,0,0,1,0,0,0,0,3,4,1,7
,,,,,,,0,0,0,0,0,2,0,0,0,0,2,2,2
,,,,,,,0,0,0,0,0,0,0,0,0,0,0,0,0
,,,,,,,0,0,0,0,0,0,0,0,0,0,0,0,0
,,,,,,,0,0,0,0,0,0,2,0,0,0,0,0,2
,,,,,,,0,1,0,0,0,0,6,0,0,0,0,1,6
,,,,,,,0,4,1,1,0,0,4,1,2,2,0,6,9
,,,,,,,0,0,0,1,3,0,1,1,1,3,0,4,6
,,,,,,,0,1,0,0,1,0,1,0,0,2,1,2,4
,,,,,,,0,0,0,0,0,0,1,1,0,1,1,0,4
,,,,,,,0,0,0,0,1,0,0,2,2,1,2,1,7
,,,,,,,0,2,1,2,1,2,2,2,2,1,2,8,9
,,,,,,,0,0,2,0,0,0,0,4,0,0,0,2,4
,,,,,,,0,3,1,0,0,0,4,5,0,0,0,4,9
,,,,,,,0,2,1,0,0,0,7,3,0,0,0,3,10
,,,,,,,0,2,0,0,0,0,3,0,0,0,2,2,5
,,,,,,,0,0,0,0,0,2,0,1,0,0,2,2,3
,,,,,,,0,0,0,0,0,0,3,2,0,1,2,0,8
,,,,,,,0,3,2,0,0,2,6,6,2,3,2,7,19
,,,,,,,0,1,3,1,1,2,6,6,2,4,5,8,23
,,,,,,,0,2,1,0,2,0,9,11,4,3,8,5,35
,,,,,,,0,5,3,1,2,0,11,7,2,3,5,11,28
,,,,,,,0,5,1,0,1,1,10,3,0,3,4,8,20
,,,,,,,0,14,9,2,1,1,21,12,3,4,4,27,44
,,,,,,,0,5,2,3,2,2,21,12,6,4,3,14,46
,,,,,,,0,6,2,2,2,2,17,12,5,3,5,14,42
,,,,,,,0,6,7,1,0,2,15,20,2,1,4,16,42
,,,,,,,0,2,11,2,0,0,10,28,5,1,0,15,44
,,,,,,,0,4,9,0,2,0,12,33,4,4,0,15,53
,,,,,,,0,2,10,3,2,0,8,19,5,5,2,17,39
,,,,,,,0,3,9,2,3,2,10,17,5,6,5,19,43
,,,,,,,0,6,7,1,3,2,16,12,3,6,6,19,43
,,,,,,,0,6,1,2,2,0,13,3,4,3,2,11,25
,,,,,,,0,3,0,2,2,0,11,1,3,3,0,7,18
,,,,,,,0,12,0,2,5,0,24,3,7,7,2,19,43
,,,,,,,0,17,5,4,4,2,38,10,7,7,3,32,65
,,,,,,,0,15,3,0,4,1,27,11,5,7,4,23,54
,,,,,,,0,0,0,0,0,0,10,5,3,5,1,0,24
,,,,,,,0,0,0,1,4,0,1,0,2,4,2,5,9
,,,,,,,0,0,0,0,1,2,1,1,3,6,6,3,17
,,,,,,,0,0,0,0,2,1,1,1,0,2,6,3,10
,,,,,,,0,2,0,0,0,2,3,0,0,1,2,4,6
,,,,,,,0,1,0,0,0,0,6,0,1,0,1,1,8
,,,,,,,0,1,0,1,0,1,3,0,1,1,1,3,6
,,,,,,,0,0,0,0,0,0,0,0,0,0,1,0,1
,,,,,,,0,0,0,0,0,0,0,0,0,0,0,0,0
,,,,,,,0,0,0,0,1,0,0,1,0,2,2,1,5
,,,,,,,0,0,0,1,0,0,1,1,2,2,6,1,12
,,,,,,,0,1,0,1,1,2,5,0,3,2,6,5,16
,,,,,,,0,0,0,1,1,2,1,0,1,3,3,4,8
,,,,,,,0,0,0,0,0,0,0,0,1,2,3,0,6
,,,,,,,0,0,1,0,1,0,0,1,0,2,0,2,3
,,,,,,,0,0,0,0,1,0,0,1,1,2,1,1,5
,,,,,,,0,0,0,1,2,0,0,0,1,4,0,3,5
,,,,,,,0,1,0,0,1,1,1,0,0,6,5,3,12
,,,,,,,0,1,0,0,0,0,1,0,1,1,5,1,8
,,,,,,,0,0,0,0,0,0,0,0,1,1,2,0,4
,,,,,,,0,0,0,0,0,0,0,0,0,0,0,0,0
,,,,,,,0,0,0,0,0,0,0,0,0,0,0,0,0
,,,,,,,0,0,0,0,0,0,0,0,0,0,0,0,0
,,,,,,,0,0,0,0,0,0,0,0,0,0,0,0,0
,,,,,,,0,0,0,0,0,0,0,0,0,0,1,0,1
,,,,,,,0,0,0,1,0,2,0,0,1,1,4,3,6
,,,,,,,0,0,0,1,1,1,0,0,2,1,2,3,5
,,,,,,,0,0,0,0,0,0,0,0,0,0,0,0,0
,,,,,,,0,0,0,0,0,1,0,0,0,0,1,1,1
,,,,,,,0,0,0,0,0,2,0,1,0,2,5,2,8
,,,,,,,0,0,0,1,2,1,4,1,3,3,2,4,13
,,,,,,,0,0,0,4,4,0,4,1,7,7,3,8,22
,,,,,,,0,0,0,2,2,3,0,0,4,6,5,7,15
,,,,,,,0,0,0,0,1,0,0,1,0,2,2,1,5
,,,,,,,0,0,0,0,1,2,0,0,2,2,3,3,7
,,,,,,,0,0,0,1,1,0,0,0,1,1,3,2,5
,,,,,,,0,0,0,0,0,0,0,0,1,0,0,0,1
,,,,,,,0,0,0,0,0,1,1,0,0,2,3,1,6
,,,,,,,0,1,0,0,1,1,1,0,0,1,5,3,7
,,,,,,,0,1,2,0,2,3,1,5,1,3,5,8,15
,,,,,,,0,1,0,0,1,2,3,4,1,5,8,4,21
,,,,,,,0,0,2,2,2,4,3,2,3,7,5,10,20
,,,,,,,0,0,0,2,5,1,0,0,4,6,4,8,14
,,,,,,,0,0,0,0,0,0,0,0,0,2,2,0,4
,,,,,,,0,0,0,0,1,1,1,1,0,7,2,2,11
,,,,,,,0,0,0,0,0,0,1,1,0,3,2,0,7
,,,,,,,0,0,0,0,0,0,0,0,0,0,0,0,0
,,,,,,,0,0,0,0,0,0,0,0,0,0,0,0,0
,,,,,,,0,0,0,0,1,0,0,0,0,1,0,1,1
,,,,,,,0,0,0,0,0,0,0,0,0,1,0,0,1
,,,,,,,0,1,0,0,2,0,1,0,3,4,0,3,8
,,,,,,,0,1,0,1,1,0,1,1,4,3,0,3,9
,,,,,,,0,0,4,4,3,1,0,4,4,4,5,12,17
,,,,,,,0,0,0,0,0,3,0,3,1,1,3,3,8
,,,,,,,0,0,0,1,2,3,0,0,3,6,9,6,18
,,,,,,,0,0,0,0,3,2,0,1,3,7,8,5,19
,,,,,,,0,0,1,1,0,2,1,1,3,3,2,4,10
,,,,,,,0,1,0,0,0,0,1,0,2,4,7,1,14
,,,,,,,0,0,0,0,0,1,1,0,1,1,7,1,10
,,,,,,,0,0,0,0,1,2,0,0,2,2,5,3,9
,,,,,,,0,1,0,4,4,1,1,0,4,6,5,10,16
,,,,,,,0,0,1,2,3,3,3,6,5,8,6,9,28
,,,,,,,0,0,0,2,4,2,0,1,2,5,2,8,10
,,,,,,,0,0,0,0,0,0,0,0,2,1,3,0,6
,,,,,,,0,0,0,0,0,0,0,0,0,1,0,0,1
,,,,,,,0,0,1,2,2,1,3,2,4,5,3,6,17
,,,,,,,0,0,0,1,1,1,2,2,4,3,3,3,14
,,,,,,,0,0,0,0,0,0,0,0,3,2,0,0,5
,,,,,,,0,1,0,1,1,0,1,0,4,4,3,3,12
,,,,,,,0,0,0,0,1,1,0,0,0,3,3,2,6
,,,,,,,0,0,0,0,1,3,0,0,0,1,3,4,4
,,,,,,,0,0,0,0,0,2,1,0,2,2,5,2,10
,,,,,,,0,1,3,2,1,1,1,3,2,3,9,8,18
,,,,,,,0,0,2,0,3,2,0,4,2,5,7,7,18
,,,,,,,0,0,0,0,1,2,0,2,0,2,6,3,10
,,,,,,,0,0,2,0,5,0,0,2,2,5,4,7,13
,,,,,,,0,0,0,0,0,1,0,1,2,3,2,1,8
,,,,,,,0,0,1,0,2,3,0,1,3,4,7,6,15
,,,,,,,0,1,0,0,1,0,1,0,1,2,6,2,10
,,,,,,,0,0,0,0,0,0,1,0,0,0,2,0,3
,,,,,,,0,0,0,0,2,0,0,1,0,3,0,2,4
,,,,,,,0,0,0,0,0,0,0,0,1,3,2,0,6
,,,,,,,0,0,0,0,0,2,3,0,1,1,4,2,9
,,,,,,,0,0,0,0,0,0,0,0,0,0,0,0,0
,,,,,,,0,0,0,0,0,0,0,0,0,0,0,0,0
,,,,,,,0,0,0,0,1,0,0,0,0,2,0,1,2
,,,,,,,0,0,0,0,3,2,0,1,2,4,6,5,13
,,,,,,,0,0,0,1,2,3,0,1,1,3,7,6,12
,,,,,,,0,0,0,0,0,0,0,0,0,2,2,0,4
,,,,,,,0,0,0,0,0,0,1,2,1,5,2,0,11
,,,,,,,0,0,0,0,0,1,0,2,1,4,2,1,9
,,,,,,,0,0,1,1,1,3,2,2,3,3,5,6,15
,,,,,,,0,5,2,2,1,3,6,3,5,5,10,13,29
,,,,,,,0,0,0,2,1,3,1,1,2,5,5,6,14
,,,,,,,0,0,0,0,0,0,0,0,0,3,1,0,4
,,,,,,,0,0,0,0,0,0,0,0,1,0,0,0,1
,,,,,,,0,0,0,0,0,0,0,0,1,0,0,0,1
,,,,,,,0,0,0,0,0,0,0,0,1,0,0,0,1
,,,,,,,0,0,0,0,0,0,0,0,0,1,0,0,1
,,,,,,,0,0,0,0,1,0,1,2,0,2,0,1,5
,,,,,,,0,0,1,0,0,0,0,4,2,4,0,1,10
,,,,,,,0,0,0,0,0,0,1,1,0,1,0,0,3
,,,,,,,0,0,0,0,0,0,0,0,0,0,0,0,0
,,,,,,,0,0,0,0,0,0,0,1,0,0,0,0,1
,,,,,,,0,2,0,0,1,0,4,1,2,3,2,3,12
,,,,,,,0,0,1,0,0,0,1,2,0,1,1,1,5
,,,,,,,0,0,0,0,0,0,1,2,0,1,2,0,6
,,,,,,,0,1,1,0,0,0,2,1,0,0,0,2,3
,,,,,,,0,0,3,0,0,0,5,3,0,0,2,3,10
,,,,,,,0,1,1,0,0,0,4,2,0,0,2,2,8
,,,,,,,0,3,1,0,0,0,7,3,0,0,0,4,10
,,,,,,,0,2,3,0,0,0,3,7,0,0,0,5,10
,,,,,,,0,0,1,0,0,0,2,10,2,4,3,1,21
,,,,,,,0,5,7,1,1,5,7,9,3,2,7,19,28
,,,,,,,0,2,3,0,0,5,9,7,2,2,8,10,28
,,,,,,,0,0,0,0,0,0,3,2,0,2,4,0,11
,,,,,,,0,3,1,0,0,1,12,8,1,1,3,5,25
,,,,,,,0,4,4,0,0,1,20,11,5,5,2,9,43
,,,,,,,0,8,12,1,0,3,17,27,4,0,4,24,52
,,,,,,,0,1,9,0,1,0,13,26,1,2,4,11,46
,,,,,,,0,3,2,1,0,2,9,9,3,3,2,8,26
,,,,,,,0,4,9,1,0,3,12,16,4,7,7,17,46
,,,,,,,0,1,7,2,3,2,10,17,3,5,8,15,43
,,,,,,,0,4,2,0,2,0,10,13,2,2,2,8,29
,,,,,,,0,7,4,1,4,6,18,8,2,6,9,22,43
,,,,,,,0,4,2,0,3,4,16,5,1,8,8,13,38
,,,,,,,0,3,3,1,0,2,5,6,1,1,5,9,18
,,,,,,,0,10,2,5,5,2,27,5,10,6,5,24,53
,,,,,,,0,9,1,4,3,0,34,11,9,5,3,17,62
,,,,,,,0,5,3,1,0,0,19,9,2,6,0,9,36
,,,,,,,0,2,3,1,2,0,3,3,2,2,0,8,10
,,,,,,,0,0,0,0,0,2,3,2,2,5,3,2,15
,,,,,,,0,3,3,0,1,2,5,6,2,6,9,9,28
,,,,,,,0,0,1,1,2,1,4,4,2,4,7,5,21
,,,,,,,0,1,1,1,2,1,2,1,2,2,4,6,11
,,,,,,,0,1,0,0,1,1,1,0,0,1,1,3,3
,,,,,,,0,0,0,0,0,0,0,0,0,0,0,0,0
,,,,,,,0,0,0,0,0,0,0,0,0,0,0,0,0
,,,,,,,0,0,0,0,0,0,0,0,0,0,0,0,0
,,,,,,,0,1,0,0,0,1,1,0,0,2,2,2,5
,,,,,,,0,1,0,0,0,2,4,0,2,1,5,3,12
,,,,,,,0,7,0,1,1,1,9,0,1,2,5,10,17
,,,,,,,0,1,0,0,0,1,4,0,0,0,2,2,6
,,,,,,,0,0,0,0,0,1,0,0,0,0,2,1,2
,,,,,,,0,0,0,0,1,4,0,0,0,1,5,5,6
,,,,,,,0,0,1,0,0,3,0,1,0,1,6,4,8
,,,,,,,0,0,0,0,0,1,0,0,0,2,2,1,4
,,,,,,,0,0,0,0,1,1,0,0,0,2,3,2,5
,,,,,,,0,0,0,0,0,0,0,0,0,0,3,0,3
,,,,,,,0,0,0,0,0,0,0,0,0,0,0,0,0
,,,,,,,0,0,0,0,0,0,0,0,0,0,0,0,0
,,,,,,,0,0,0,0,0,0,0,0,0,0,0,0,0
,,,,,,,0,0,0,0,0,0,0,0,0,0,0,0,0
,,,,,,,0,0,0,0,0,0,0,0,0,0,0,0,0
,,,,,,,0,0,0,0,0,0,0,0,0,0,0,0,0
,,,,,,,0,0,0,0,0,0,0,0,1,0,3,0,4
,,,,,,,0,0,0,1,0,2,0,0,1,0,2,3,3
,,,,,,,0,0,0,0,0,0,0,0,0,0,0,0,0
,,,,,,,0,0,0,0,0,0,0,0,0,0,1,0,1
,,,,,,,0,1,1,1,1,5,1,1,1,3,5,9,11
,,,,,,,0,6,0,2,3,3,6,2,5,7,8,14,28
,,,,,,,0,4,3,2,4,2,8,4,6,10,8,15,36
,,,,,,,0,0,0,0,0,0,1,3,1,4,2,0,11
,,,,,,,0,0,1,0,2,2,0,1,0,2,2,5,5
,,,,,,,0,0,0,2,0,1,0,0,2,2,6,3,10
,,,,,,,0,0,0,1,1,2,0,0,4,2,3,4,9
,,,,,,,0,0,0,0,0,0,0,0,1,1,0,0,2
,,,,,,,0,0,0,0,0,0,1,0,0,1,0,0,2
,,,,,,,0,2,0,0,2,3,2,0,1,5,8,7,16
,,,,,,,0,1,4,3,3,4,3,6,6,10,11,15,36
,,,,,,,0,0,1,2,6,4,0,3,6,9,4,13,22
,,,,,,,0,0,1,2,0,0,0,1,4,3,3,3,11
,,,,,,,0,0,0,1,1,2,0,0,2,4,2,4,8
,,,,,,,0,0,0,1,1,1,0,0,1,2,4,3,7
,,,,,,,0,1,0,0,3,2,1,0,2,5,4,6,12
,,,,,,,0,0,0,0,0,0,0,0,0,2,2,0,4
,,,,,,,0,0,0,0,0,0,0,0,0,0,0,0,0
,,,,,,,0,1,0,0,0,0,1,0,0,1,0,1,2
,,,,,,,0,0,0,0,0,0,0,0,0,0,0,0,0
,,,,,,,0,0,0,0,0,0,0,0,0,1,0,0,1
,,,,,,,0,0,0,0,0,0,0,0,0,0,0,0,0
,,,,,,,0,0,0,0,0,2,0,0,0,1,5,2,6
,,,,,,,0,0,0,0,0,0,0,0,0,0,4,0,4
,,,,,,,0,0,0,0,2,1,0,0,2,5,5,3,12
,,,,,,,0,0,0,0,1,2,0,0,2,6,5,3,13
,,,,,,,0,0,0,2,1,1,1,0,6,3,4,4,14
,,,,,,,0,1,0,2,1,3,1,0,4,2,8,7,15
,,,,,,,0,0,0,0,0,2,0,0,0,0,8,2,8
,,,,,,,0,0,0,0,0,3,0,0,0,1,3,3,4
,,,,,,,0,1,0,1,0,3,3,3,4,4,7,5,21
,,,,,,,0,6,9,2,3,1,6,10,2,5,5,21,28
,,,,,,,0,0,0,1,1,2,4,5,2,5,5,4,21
,,,,,,,0,0,0,0,0,2,0,0,1,0,3,2,4
,,,,,,,0,0,0,0,0,1,0,0,1,5,3,1,9
,,,,,,,0,3,0,3,3,3,4,2,7,8,8,12,29
,,,,,,,0,1,0,2,1,2,4,2,5,2,6,6,19
,,,,,,,0,0,0,0,0,0,0,0,0,0,1,0,1
,,,,,,,0,0,0,1,0,0,0,0,1,1,0,1,2
,,,,,,,0,1,0,1,1,0,1,0,2,2,2,3,7
,,,,,,,0,1,0,1,1,2,1,0,1,2,4,5,8
,,,,,,,0,0,0,0,0,2,0,0,2,1,3,2,6
,,,,,,,0,1,0,3,3,2,2,4,5,3,6,9,20
,,,,,,,0,0,1,2,4,3,2,3,5,6,7,10,23
,,,,,,,0,0,1,0,0,3,0,2,2,4,5,4,13
,,,,,,,0,0,3,2,3,0,1,3,3,5,5,8,17
,,,,,,,0,0,0,1,1,2,1,1,5,3,3,4,13
,,,,,,,0,0,1,1,5,2,0,1,3,7,5,9,16
,,,,,,,0,0,0,0,3,1,4,0,1,6,8,4,19
,,,,,,,0,3,0,1,2,3,3,1,2,3,4,9,13
,,,,,,,0,0,1,1,1,0,0,1,2,3,2,3,8
,,,,,,,0,0,0,2,2,0,0,0,2,3,3,4,8
,,,,,,,0,0,0,0,1,2,0,0,1,1,2,3,4
,,,,,,,0,0,0,0,0,0,0,0,2,4,0,0,6
,,,,,,,0,0,0,1,2,0,2,0,3,5,2,3,12
,,,,,,,0,1,0,0,1,1,4,0,2,3,4,3,13
,,,,,,,0,0,0,0,0,0,4,1,2,5,2,0,14
,,,,,,,0,0,0,0,1,0,0,0,1,3,1,1,5
,,,,,,,0,0,0,2,1,2,0,0,2,1,2,5,5
,,,,,,,0,0,0,0,0,0,0,0,1,1,2,0,4
,,,,,,,0,0,0,1,0,0,0,0,1,1,0,1,2
,,,,,,,0,0,0,1,0,0,0,1,2,1,1,1,5
,,,,,,,0,0,1,1,3,2,1,1,3,3,3,7,11
,,,,,,,0,0,0,1,3,4,0,1,4,5,6,8,16
,,,,,,,0,0,0,0,0,0,1,0,0,3,3,0,7
,,,,,,,0,1,0,1,0,0,1,0,1,0,0,2,2
,,,,,,,0,0,0,1,0,0,0,0,2,0,0,1,2
,,,,,,,0,0,0,0,0,0,0,0,1,0,0,0,1
,,,,,,,0,0,0,0,0,0,0,0,0,0,0,0,0
,,,,,,,0,1,0,0,1,0,1,1,0,2,0,2,4
,,,,,,,0,0,3,1,2,1,3,5,1,7,2,7,18
,,,,,,,0,1,1,2,4,1,2,3,3,9,2,9,19
,,,,,,,0,2,1,2,2,0,2,2,3,3,0,7,10
,,,,,,,0,4,0,2,0,0,7,1,3,1,0,6,12
,,,,,,,0,8,0,2,4,0,16,1,2,6,0,14,25
,,,,,,,0,2,2,0,2,1,9,7,1,8,2,7,27
,,,,,,,0,0,0,1,1,1,2,1,2,3,2,3,10
,,,,,,,0,1,0,0,0,0,3,1,2,2,2,1,10
,,,,,,,0,4,2,1,1,0,5,3,1,1,3,8,13
,,,,,,,0,4,0,0,0,0,7,3,1,0,2,4,13
,,,,,,,0,2,0,0,0,0,6,1,0,0,0,2,7
,,,,,,,0,1,3,0,0,0,10,8,0,2,0,4,20
,,,,,,,0,5,4,0,2,0,11,11,0,2,0,11,24
,,,,,,,0,1,2,0,0,2,3,6,0,0,3,5,12
,,,,,,,0,6,1,0,0,2,9,1,0,1,7,9,18
,,,,,,,0,7,1,0,1,2,7,1,0,1,4,11,13
,,,,,,,0,0,2,0,0,1,4,5,1,0,3,3,13
,,,,,,,0,7,5,2,2,0,13,12,2,2,2,16,31
,,,,,,,0,5,12,0,0,0,11,23,1,2,3,17,40
,,,,,,,0,3,5,0,1,0,6,20,1,5,0,9,32
,,,,,,,0,5,0,1,0,1,15,11,2,4,3,7,35
,,,,,,,0,11,11,3,3,3,17,18,4,5,7,31,51
,,,,,,,0,9,13,3,3,4,18,31,5,8,8,32,70
,,,,,,,0,7,5,0,0,1,11,16,1,1,3,13,32
,,,,,,,0,4,4,0,0,2,14,10,2,5,10,10,41
,,,,,,,0,4,2,0,0,4,13,6,0,3,11,10,33
,,,,,,,0,8,1,3,2,2,12,6,3,2,7,16,30
,,,,,,,0,3,1,1,0,1,14,1,5,3,5,6,28
,,,,,,,0,4,0,0,0,1,7,0,1,2,4,5,14
,,,,,,,0,0,0,0,0,0,1,0,0,1,0,0,2
,,,,,,,0,0,0,0,1,0,2,0,0,2,0,1,4
,,,,,,,0,2,1,0,0,2,5,4,0,4,6,5,19
,,,,,,,0,0,4,0,0,1,5,7,0,4,8,5,24
,,,,,,,0,1,0,0,0,2,8,4,1,2,4,3,19
,,,,,,,0,0,0,2,3,1,2,1,3,5,3,6,14
,,,,,,,0,2,0,0,2,1,2,0,2,3,1,5,8
,,,,,,,0,0,0,0,1,0,0,0,0,2,0,1,2
,,,,,,,0,0,0,0,0,0,0,0,0,2,0,0,2
,,,,,,,0,0,0,0,0,0,0,0,0,1,0,0,1
,,,,,,,0,0,0,0,0,1,1,0,0,1,3,1,5
,,,,,,,0,0,0,0,1,1,2,0,0,1,4,2,7
,,,,,,,0,1,0,0,0,0,5,0,1,1,1,1,8
,,,,,,,0,0,0,0,0,0,1,0,0,0,0,0,1
,,,,,,,0,0,0,0,0,0,0,1,0,0,0,0,1
,,,,,,,0,0,1,0,0,1,0,1,0,0,5,2,6
,,,,,,,0,0,0,0,0,2,0,1,0,0,4,2,5
,,,,,,,0,0,0,0,0,0,0,0,0,0,0,0,0
,,,,,,,0,0,0,0,0,0,0,0,0,0,0,0,0
,,,,,,,0,0,0,0,0,0,0,0,0,0,0,0,0
,,,,,,,0,0,0,0,0,0,0,0,0,0,0,0,0
,,,,,,,0,0,0,0,0,0,0,0,0,0,0,0,0
,,,,,,,0,0,0,0,0,0,0,0,0,0,0,0,0
,,,,,,,0,0,0,0,0,0,0,0,0,0,0,0,0
,,,,,,,0,0,0,0,0,0,0,0,0,0,0,0,0
,,,,,,,0,0,0,0,0,0,0,0,0,0,0,0,0
,,,,,,,0,0,0,0,0,0,0,0,0,0,0,0,0
,,,,,,,0,1,0,0,1,2,1,0,0,2,4,4,7
,,,,,,,0,1,0,1,2,2,1,0,1,3,4,6,9
,,,,,,,0,0,0,0,0,0,0,0,3,1,3,0,7
,,,,,,,0,0,0,0,1,0,1,0,1,1,2,1,5
,,,,,,,0,1,0,3,3,1,1,0,7,10,5,8,23
,,,,,,,0,2,1,4,3,3,4,1,8,11,6,13,30
,,,,,,,0,0,0,0,1,3,1,1,1,2,3,4,8
,,,,,,,0,0,0,0,0,1,0,1,0,2,5,1,8
,,,,,,,0,0,0,0,0,2,0,1,1,2,3,2,7
,,,,,,,0,0,0,1,2,3,0,1,1,3,4,6,9
,,,,,,,0,0,0,0,0,0,0,0,0,0,1,0,1
,,,,,,,0,0,0,0,0,0,0,0,0,0,0,0,0
,,,,,,,0,1,0,0,0,0,1,0,5,3,4,1,13
,,,,,,,0,1,0,6,2,3,3,0,10,6,6,12,25
,,,,,,,0,0,0,3,1,0,0,1,5,7,3,4,16
,,,,,,,0,0,1,2,1,2,0,2,4,2,2,6,10
,,,,,,,0,0,0,0,0,0,0,1,2,2,4,0,9
,,,,,,,0,1,0,0,0,0,1,0,2,3,2,1,8
,,,,,,,0,2,0,2,1,1,2,0,2,2,6,6,12
,,,,,,,0,0,0,0,0,2,0,0,0,0,6,2,6
,,,,,,,0,0,0,0,1,2,0,0,0,1,5,3,6
,,,,,,,0,0,0,0,0,0,1,0,0,0,0,0,1
,,,,,,,0,0,0,0,0,0,0,0,0,0,0,0,0
,,,,,,,0,0,0,0,0,0,0,0,0,0,0,0,0
,,,,,,,0,0,0,1,0,0,2,0,1,0,0,1,3
,,,,,,,0,2,0,0,4,2,2,0,2,5,6,8,15
,,,,,,,0,0,0,2,3,1,1,0,2,6,6,6,15
,,,,,,,0,1,0,1,2,2,1,0,2,4,4,6,11
,,,,,,,0,0,0,0,1,0,0,0,1,2,1,1,4
,,,,,,,0,0,0,0,0,0,0,0,4,2,2,0,8
,,,,,,,0,0,0,1,0,2,1,0,2,1,5,3,9
,,,,,,,0,0,0,0,0,0,0,0,0,0,2,0,2
,,,,,,,0,0,0,0,0,0,0,0,1,1,2,0,4
,,,,,,,0,0,0,1,1,3,0,0,1,1,6,5,8
,,,,,,,0,0,0,0,0,1,3,5,0,2,5,1,15
,,,,,,,0,0,0,0,0,2,1,0,0,0,5,2,6
,,,,,,,0,0,0,0,0,3,0,0,0,0,3,3,3
,,,,,,,0,0,0,0,0,0,0,0,1,5,3,0,9
,,,,,,,0,0,0,2,3,4,0,0,4,6,9,9,19
,,,,,,,0,1,0,3,0,2,2,0,5,1,7,6,15
,,,,,,,0,1,0,0,0,2,1,0,1,1,2,3,5
,,,,,,,0,0,0,0,2,1,0,0,1,2,3,3,6
,,,,,,,0,0,0,0,0,2,1,0,2,1,3,2,7
,,,,,,,0,0,0,2,1,0,1,0,3,2,3,3,9
,,,,,,,0,0,0,0,0,0,0,0,0,0,0,0,0
,,,,,,,0,0,0,0,0,0,2,0,4,2,3,0,11
,,,,,,,0,0,0,1,0,1,1,0,1,2,4,2,8
,,,,,,,0,0,0,0,1,2,0,0,0,1,2,3,3
,,,,,,,0,0,0,0,0,0,1,0,1,1,3,0,6
,,,,,,,0,0,0,0,0,2,3,0,2,3,2,2,10
,,,,,,,0,2,0,2,3,2,2,0,5,8,5,9,20
,,,,,,,0,0,0,0,1,0,0,0,3,8,7,1,18
,,,,,,,0,0,0,0,0,1,3,0,1,3,3,1,10
,,,,,,,0,0,0,0,0,2,0,1,1,2,2,2,6
,,,,,,,0,0,0,0,0,4,0,0,1,1,7,4,9
,,,,,,,0,0,0,0,0,2,0,0,2,3,6,2,11
,,,,,,,0,0,0,0,1,2,1,0,2,5,3,3,11
,,,,,,,0,2,0,3,3,1,2,0,4,5,5,9,16
,,,,,,,0,5,0,3,4,4,6,0,4,5,4,16,19
,,,,,,,0,1,1,0,0,0,5,1,3,3,2,2,14
,,,,,,,0,1,0,0,0,0,1,1,0,1,0,1,3
,,,,,,,0,0,0,0,0,0,1,0,2,1,2,0,6
,,,,,,,0,1,0,0,0,2,1,0,0,0,3,3,4
,,,,,,,0,0,0,0,0,3,0,0,0,0,5,3,5
,,,,,,,0,0,0,0,0,0,2,0,0,0,3,0,5
,,,,,,,0,0,0,0,0,0,1,0,1,0,0,0,2
,,,,,,,0,0,0,1,0,0,0,0,1,1,3,1,5
,,,,,,,0,0,0,0,2,1,0,0,0,2,4,3,6
,,,,,,,0,0,0,0,1,2,1,0,0,1,3,3,5
,,,,,,,0,0,0,0,0,0,0,0,0,0,2,0,2
,,,,,,,0,0,0,0,0,0,3,0,0,0,0,0,3
,,,,,,,0,1,0,0,0,0,5,0,1,2,0,1,8
,,,,,,,0,0,0,0,0,0,1,0,0,2,0,0,3
,,,,,,,0,3,1,1,5,0,3,2,1,6,3,10,15
,,,,,,,0,1,0,0,0,0,3,3,5,10,4,1,25
,,,,,,,0,3,0,1,0,0,6,1,3,3,0,4,13
,,,,,,,0,0,0,0,0,0,7,1,1,0,0,0,9
,,,,,,,0,10,1,1,4,0,14,2,1,6,0,16,23
,,,,,,,0,6,5,1,3,0,12,6,1,6,0,15,25
,,,,,,,0,0,0,0,1,0,7,4,3,4,1,1,19
,,,,,,,0,4,2,2,3,3,6,4,3,3,6,14,22
,,,,,,,0,7,5,0,2,4,10,5,3,4,5,18,27
,,,,,,,0,2,2,0,0,2,8,3,1,2,4,6,18
,,,,,,,0,5,1,1,1,0,7,2,1,1,3,8,14
,,,,,,,0,4,1,0,0,0,13,9,0,2,2,5,26
,,,,,,,0,10,5,0,1,0,19,11,1,1,1,16,33
,,,,,,,0,5,3,0,1,2,7,7,0,1,7,11,22
,,,,,,,0,1,1,0,0,1,3,2,0,2,4,3,11
,,,,,,,0,0,0,0,0,3,3,2,0,1,5,3,11
,,,,,,,0,1,3,0,0,1,2,4,0,0,4,5,10
,,,,,,,0,2,3,0,0,4,8,13,0,1,6,9,28
,,,,,,,0,3,4,0,0,3,17,17,3,4,5,10,46
,,,,,,,0,7,7,2,3,1,17,21,3,5,2,20,48
,,,,,,,0,3,8,1,1,0,12,28,2,3,2,13,47
,,,,,,,0,1,2,0,0,0,12,21,2,1,2,3,38
,,,,,,,0,8,10,1,2,0,13,24,2,4,3,21,46
,,,,,,,0,1,5,0,0,3,13,17,0,1,4,9,35
,,,,,,,0,2,1,0,0,2,9,3,0,1,6,5,19
,,,,,,,0,5,1,0,1,3,9,2,0,2,9,10,22
,,,,,,,0,0,1,0,1,0,5,1,3,4,3,2,16
,,,,,,,0,0,0,1,1,0,3,2,4,3,1,2,13
,,,,,,,0,3,2,2,2,2,5,2,3,2,5,11,17
,,,,,,,0,0,0,0,0,0,2,2,1,0,1,0,6
,,,,,,,0,3,1,0,1,0,7,2,2,5,3,5,19
,,,,,,,0,5,0,2,4,3,8,0,3,11,6,14,28
,,,,,,,0,2,0,2,2,1,9,4,2,6,4,7,25
,,,,,,,0,9,2,1,1,1,10,2,5,3,6,14,26
,,,,,,,0,1,0,2,2,1,5,0,4,5,4,6,18
,,,,,,,0,2,0,0,1,0,5,0,0,1,2,3,8
,,,,,,,0,1,0,0,1,0,1,0,1,4,0,2,6
,,,,,,,0,0,0,0,3,0,0,0,2,5,2,3,9
,,,,,,,0,0,0,1,2,2,1,0,2,4,4,5,11
,,,,,,,0,2,0,0,0,3,2,0,0,1,5,5,8
,,,,,,,0,0,0,0,0,0,1,0,0,0,2,0,3
,,,,,,,0,0,0,0,0,0,0,0,0,0,0,0,0
,,,,,,,0,0,0,0,0,0,0,0,0,0,0,0,0
,,,,,,,0,0,1,0,0,0,0,1,0,0,1,1,2
,,,,,,,0,0,0,0,0,2,0,1,0,0,5,2,6
,,,,,,,0,0,0,0,0,2,0,0,0,0,2,2,2
,,,,,,,0,0,0,0,0,0,0,0,0,0,0,0,0
,,,,,,,0,0,0,0,0,0,0,1,0,0,0,0,1
,,,,,,,0,0,0,0,0,0,0,0,0,0,1,0,1
,,,,,,,0,1,0,0,0,1,2,0,0,0,2,2,4
,,,,,,,0,1,0,0,0,1,3,0,0,0,2,2,5
,,,,,,,0,0,0,0,0,0,2,0,0,0,1,0,3
,,,,,,,0,0,0,0,0,0,0,0,0,0,0,0,0
,,,,,,,0,0,0,0,0,0,0,0,0,0,0,0,0
,,,,,,,0,0,0,0,0,0,0,0,0,0,0,0,0
,,,,,,,0,0,0,0,0,0,1,0,1,1,3,0,6
,,,,,,,0,1,0,1,1,2,1,0,1,2,4,5,8
,,,,,,,0,0,0,1,0,0,0,0,3,3,3,1,9
,,,,,,,0,0,0,1,0,3,0,0,3,0,3,4,6
,,,,,,,0,0,0,3,1,0,0,0,4,3,3,4,10
,,,,,,,0,0,0,4,3,2,1,0,5,5,4,9,15
,,,,,,,0,0,0,0,0,0,0,0,3,2,3,0,8
,,,,,,,0,0,0,2,0,4,0,0,2,2,6,6,10
,,,,,,,0,0,0,2,1,2,0,1,2,3,5,5,11
,,,,,,,0,0,1,0,1,0,0,1,1,3,3,2,8
,,,,,,,0,0,1,0,2,1,0,1,1,3,4,4,9
,,,,,,,0,0,0,0,0,0,1,0,0,1,1,0,3
,,,,,,,0,1,0,0,0,0,1,0,0,1,0,1,2
,,,,,,,0,0,0,0,0,0,0,0,0,0,0,0,0
,,,,,,,0,0,0,0,1,0,1,0,2,1,3,1,7
,,,,,,,0,1,0,0,2,2,2,0,3,4,4,5,13
,,,,,,,0,0,0,0,0,0,1,1,2,4,3,0,11
,,,,,,,0,0,0,0,1,2,1,1,1,6,3,3,12
,,,,,,,0,1,0,0,3,3,2,0,1,6,6,7,15
,,,,,,,0,0,0,1,1,3,1,0,2,2,8,5,13
,,,,,,,0,0,0,0,0,0,0,0,0,0,7,0,7
,,,,,,,0,0,0,0,0,0,0,0,0,0,0,0,0
,,,,,,,0,0,0,0,0,0,0,0,0,0,0,0,0
,,,,,,,0,0,0,0,0,0,0,0,0,0,0,0,0
,,,,,,,0,0,0,0,0,0,0,0,0,0,0,0,0
,,,,,,,0,0,0,0,0,0,0,0,1,0,0,0,1
,,,,,,,0,1,0,0,1,2,2,0,0,4,4,4,10
,,,,,,,0,0,0,0,1,2,0,0,2,3,6,3,11
,,,,,,,0,1,0,0,1,3,1,0,0,4,3,5,8
,,,,,,,0,0,0,0,0,0,2,0,0,2,1,0,5
,,,,,,,0,0,0,0,0,0,1,0,1,1,0,0,3
,,,,,,,0,0,0,0,0,2,0,0,0,0,4,2,4
,,,,,,,0,0,0,0,1,0,0,0,0,1,1,1,2
,,,,,,,0,0,0,1,1,0,0,0,1,2,1,2,4
,,,,,,,0,0,0,1,1,2,0,0,2,1,3,4,6
,,,,,,,0,0,0,0,0,1,0,0,0,0,3,1,3
,,,,,,,0,0,0,0,0,0,0,0,0,0,1,0,1
,,,,,,,0,0,0,0,0,0,0,0,0,0,2,0,2
,,,,,,,0,0,0,0,0,0,0,0,0,0,2,0,2
,,,,,,,0,0,0,0,0,3,0,0,0,2,5,3,7
,,,,,,,0,0,0,0,0,2,2,0,1,0,4,2,7
,,,,,,,0,0,0,0,2,2,2,0,0,2,4,4,8
,,,,,,,0,0,0,0,2,0,1,0,0,3,3,2,7
,,,,,,,0,1,0,0,0,3,1,0,0,0,7,4,8
,,,,,,,0,0,0,1,1,0,0,0,2,2,4,2,8
,,,,,,,0,0,0,0,2,0,0,0,0,2,2,2,4
,,,,,,,0,0,0,0,0,0,0,0,0,0,4,0,4
,,,,,,,0,0,0,0,1,0,0,0,0,2,4,1,6
,,,,,,,0,0,0,0,1,2,0,0,0,2,5,3,7
,,,,,,,0,0,0,0,1,0,0,0,0,4,7,1,11
,,,,,,,0,0,0,0,2,0,1,1,1,3,3,2,9
,,,,,,,0,0,1,4,3,3,2,2,10,6,8,11,28
,,,,,,,0,0,1,1,2,1,0,1,9,8,8,5,26
,,,,,,,0,0,0,0,1,1,0,0,0,3,6,2,9
,,,,,,,0,0,0,2,1,0,1,0,3,5,2,3,11
,,,,,,,0,0,0,1,2,1,0,0,1,3,5,4,9
,,,,,,,0,0,0,1,1,1,0,0,1,1,4,3,6
,,,,,,,0,0,0,0,1,2,0,0,1,2,3,3,6
,,,,,,,0,0,0,0,0,0,0,0,0,1,3,0,4
,,,,,,,0,0,0,0,2,1,2,0,1,3,2,3,8
,,,,,,,0,0,0,0,0,0,1,0,0,1,0,0,2
,,,,,,,0,1,0,0,0,0,1,0,0,0,0,1,1
,,,,,,,0,0,0,0,0,0,0,0,0,0,0,0,0
,,,,,,,0,0,0,0,0,0,1,0,0,0,3,0,4
,,,,,,,0,0,0,0,0,0,1,0,0,0,3,0,4
,,,,,,,0,2,0,0,0,2,2,0,0,0,3,4,5
,,,,,,,0,1,0,0,0,0,2,0,0,0,3,1,5
,,,,,,,0,0,0,0,0,0,0,0,0,1,0,0,1
,,,,,,,0,0,0,0,0,0,1,0,0,1,0,0,2
,,,,,,,0,0,0,0,1,0,1,0,0,2,3,1,6
,,,,,,,0,0,0,0,1,2,0,0,0,3,3,3,6
,,,,,,,0,3,0,0,0,1,7,1,1,2,3,4,14
,,,,,,,0,6,1,2,3,2,8,1,2,3,4,14,18
,,,,,,,0,1,0,0,2,1,2,0,1,3,1,4,7
,,,,,,,0,0,0,2,2,1,4,2,4,7,5,5,22
,,,,,,,0,0,1,1,1,0,3,2,3,4,3,3,15
,,,,,,,0,4,0,0,1,1,6,0,2,5,4,6,17
,,,,,,,0,0,0,0,0,0,4,0,1,4,3,0,12
,,,,,,,0,0,0,1,3,2,0,1,2,3,4,6,10
,,,,,,,0,0,0,0,0,2,0,1,2,2,2,2,7
,,,,,,,0,0,0,1,0,0,1,2,1,0,0,1,4
,,,,,,,0,2,4,0,0,3,5,5,2,0,3,9,15
,,,,,,,0,0,1,0,0,0,5,3,1,0,5,1,14
,,,,,,,0,2,0,0,0,0,6,0,1,4,5,2,16
,,,,,,,0,2,1,1,0,0,12,4,4,6,6,4,32
,,,,,,,0,4,7,0,1,4,8,10,2,3,6,16,29
,,,,,,,0,2,2,1,3,3,7,8,1,3,5,11,24
,,,,,,,0,3,2,0,1,3,6,5,1,2,5,9,19
,,,,,,,0,1,0,0,0,1,1,1,0,1,4,2,7
,,,,,,,0,0,0,0,0,0,0,0,0,0,1,0,1
,,,,,,,0,0,0,0,0,0,0,0,0,0,0,0,0
,,,,,,,0,0,0,0,0,0,8,6,1,1,0,0,16
,,,,,,,0,9,11,2,1,0,14,20,3,3,3,23,43
,,,,,,,0,3,7,2,1,2,16,25,3,3,6,15,53
,,,,,,,0,6,16,0,0,0,10,34,1,1,2,22,48
,,,,,,,0,3,8,2,0,1,8,25,3,2,2,14,40
,,,,,,,0,5,4,2,2,0,10,18,2,2,5,13,37
,,,,,,,0,3,9,0,0,2,6,15,0,1,5,14,27
,,,,,,,0,0,1,0,1,0,14,4,1,2,0,2,21
,,,,,,,0,4,4,0,0,2,6,5,0,2,6,10,19
,,,,,,,0,3,0,2,2,0,5,7,2,2,2,7,18
,,,,,,,0,0,2,1,2,0,3,2,4,3,3,5,15
,,,,,,,0,0,0,1,1,3,3,1,2,1,5,5,12
,,,,,,,0,2,1,1,0,4,3,2,1,0,4,8,10
,,,,,,,0,2,0,0,2,2,4,3,2,3,6,6,18
,,,,,,,0,1,1,0,0,5,3,1,3,6,6,7,19
,,,,,,,0,0,0,2,0,2,4,0,4,3,7,4,18
,,,,,,,0,2,2,4,1,5,10,3,6,3,7,14,29
,,,,,,,0,3,1,0,1,2,4,3,4,4,6,7,21
,,,,,,,0,1,0,0,1,2,3,0,0,1,4,4,8
,,,,,,,0,1,0,0,0,0,5,0,1,0,1,1,7
,,,,,,,0,2,0,2,0,2,2,0,3,3,4,6,12
,,,,,,,0,0,0,1,1,2,0,0,2,3,4,4,9
,,,,,,,0,0,0,0,0,0,2,0,0,2,3,0,7
,,,,,,,0,0,0,0,0,0,0,0,0,0,3,0,3
,,,,,,,0,0,0,0,0,2,0,1,0,2,2,2,5
,,,,,,,0,0,0,0,1,2,1,1,0,1,3,3,6
,,,,,,,0,1,0,1,2,0,2,1,1,2,5,4,11
,,,,,,,0,0,0,0,0,3,1,1,0,0,5,3,7
,,,,,,,0,1,1,0,0,2,1,1,0,0,2,4,4
,,,,,,,0,0,0,0,0,0,1,1,0,0,1,0,3
,,,,,,,0,2,1,0,0,1,3,1,0,0,2,4,6
,,,,,,,0,0,0,0,0,2,3,1,0,0,3,2,7
,,,,,,,0,2,0,0,0,2,5,0,0,0,3,4,8
,,,,,,,0,3,0,0,0,1,7,0,0,0,3,4,10
,,,,,,,0,1,0,0,0,1,5,0,0,0,2,2,7
,,,,,,,0,0,0,0,0,0,1,0,0,0,1,0,2
,,,,,,,0,0,0,0,0,0,0,0,0,0,0,0,0
,,,,,,,0,0,0,0,0,0,2,0,0,0,0,0,2
,,,,,,,0,3,0,1,1,2,5,0,3,2,4,7,14
,,,,,,,0,0,0,1,0,1,4,0,4,2,7,2,17
,,,,,,,0,0,0,2,1,2,0,0,3,4,5,5,12
,,,,,,,0,0,0,0,0,0,0,0,2,0,4,0,6
,,,,,,,0,0,0,0,0,0,0,1,1,1,3,0,6
,,,,,,,0,0,0,0,0,0,0,0,1,3,4,0,8
,,,,,,,0,0,0,0,0,1,0,0,0,0,3,1,3
,,,,,,,0,0,0,1,1,2,0,0,1,2,4,4,7
,,,,,,,0,0,0,0,0,0,0,1,1,5,6,0,13
,,,,,,,0,0,0,0,0,2,1,1,0,2,4,2,8
,,,,,,,0,0,0,0,0,2,0,0,0,0,2,2,2
,,,,,,,0,0,0,0,0,1,0,0,1,1,5,1,7
,,,,,,,0,0,0,0,0,0,1,0,0,1,2,0,4
,,,,,,,0,0,0,0,0,0,0,0,0,0,0,0,0
,,,,,,,0,0,0,0,0,0,0,0,0,0,0,0,0
,,,,,,,0,0,0,0,1,2,1,0,1,2,3,3,7
,,,,,,,0,0,0,0,2,1,2,0,1,4,4,3,11
,,,,,,,0,0,0,2,1,1,2,0,3,6,3,4,14
,,,,,,,0,1,0,0,5,3,4,0,1,7,5,9,17
,,,,,,,0,0,0,1,1,2,3,0,1,1,3,4,8
,,,,,,,0,1,0,0,0,2,1,0,0,0,4,3,5
,,,,,,,0,0,0,0,0,0,0,0,0,0,0,0,0
,,,,,,,0,0,0,0,0,0,0,0,0,0,0,0,0
,,,,,,,0,0,0,0,0,1,0,0,0,0,1,1,1
,,,,,,,0,0,0,0,0,0,0,0,0,0,1,0,1
,,,,,,,0,0,0,0,0,0,0,0,0,0,0,0,0
,,,,,,,0,0,0,0,0,0,0,0,0,0,0,0,0
,,,,,,,0,0,0,0,0,0,0,0,0,0,0,0,0
,,,,,,,0,0,0,0,0,0,0,0,0,1,1,0,2
,,,,,,,0,0,0,1,0,1,1,0,2,1,2,2,6
,,,,,,,0,1,0,1,1,2,1,0,2,2,7,5,12
,,,,,,,0,0,0,0,0,4,0,0,0,1,6,4,7
,,,,,,,0,0,0,0,0,0,0,0,0,1,3,0,4
,,,,,,,0,0,0,0,1,1,0,0,0,2,4,2,6
,,,,,,,0,0,0,0,1,0,0,0,0,2,4,1,6
,,,,,,,0,0,0,0,0,0,0,0,0,0,2,0,2
,,,,,,,0,0,0,0,0,1,0,0,0,0,1,1,1
,,,,,,,0,0,0,0,0,0,0,0,0,0,0,0,0
,,,,,,,0,0,0,0,0,0,0,0,0,0,2,0,2
,,,,,,,0,0,0,0,0,2,0,0,0,0,2,2,2
,,,,,,,0,0,0,0,0,1,1,0,0,0,2,1,3
,,,,,,,0,0,0,0,0,0,1,0,0,0,3,0,4
,,,,,,,0,0,0,0,0,1,2,0,1,0,5,1,8
,,,,,,,0,0,0,0,1,4,2,0,2,2,8,5,14
,,,,,,,0,0,0,0,0,1,1,1,1,2,7,1,12
,,,,,,,0,0,0,0,0,2,0,0,0,2,2,2,4
,,,,,,,0,0,0,1,0,3,0,0,1,0,4,4,5
,,,,,,,0,0,0,0,1,3,0,0,1,3,6,4,10
,,,,,,,0,0,0,0,1,1,0,0,0,2,6,2,8
,,,,,,,0,0,0,0,1,5,0,0,0,3,6,6,9
,,,,,,,0,0,1,0,0,1,0,1,0,2,3,2,6
,,,,,,,0,2,0,1,1,3,3,2,7,2,7,7,21
,,,,,,,0,3,1,2,2,2,3,1,6,6,9,10,25
,,,,,,,0,0,0,0,0,2,1,1,0,2,4,2,8
,,,,,,,0,1,1,2,4,1,2,1,2,5,3,9,13
,,,,,,,0,0,0,0,2,2,0,0,1,6,5,4,12
,,,,,,,0,0,0,0,0,2,0,0,0,0,4,2,4
,,,,,,,0,0,0,0,0,2,1,0,0,0,3,2,4
,,,,,,,0,1,0,0,0,0,1,0,0,0,1,1,2
,,,,,,,0,1,0,0,1,2,1,0,0,1,2,4,4
,,,,,,,0,1,0,0,0,0,1,0,0,0,1,1,2
,,,,,,,0,0,0,0,0,0,0,0,0,0,1,0,1
,,,,,,,0,0,0,0,0,0,1,0,1,3,5,0,10
,,,,,,,0,1,0,2,2,1,5,2,4,4,6,6,21
,,,,,,,0,4,2,2,1,0,6,2,3,4,2,9,17
,,,,,,,0,0,0,0,1,0,0,0,0,1,5,1,6
,,,,,,,0,0,1,0,2,4,2,1,0,4,4,7,11
,,,,,,,0,1,2,2,6,0,2,2,2,6,0,11,12
,,,,,,,0,1,0,0,0,2,1,1,2,1,2,3,7
,,,,,,,0,1,0,0,0,1,5,0,0,2,2,2,9
,,,,,,,0,3,1,0,3,1,7,1,0,4,3,8,15
,,,,,,,0,0,0,0,0,1,3,1,0,5,6,1,15
,,,,,,,0,0,0,0,1,4,2,1,1,4,8,5,16
,,,,,,,0,10,6,0,2,2,22,8,1,3,6,20,40
,,,,,,,0,13,1,2,2,4,29,7,3,6,9,22,54
,,,,,,,0,6,1,1,0,3,9,2,4,6,7,11,28
,,,,,,,0,0,0,2,4,4,5,0,3,7,7,10,22
,,,,,,,0,2,0,1,2,1,3,1,1,3,5,6,13
,,,,,,,0,1,0,0,2,1,3,2,5,5,5,4,20
,,,,,,,0,3,1,4,1,1,4,1,6,4,4,10,19
,,,,,,,0,0,0,1,0,1,2,1,3,3,1,2,10
,,,,,,,0,6,2,1,5,1,14,8,5,5,6,15,38
,,,,,,,0,1,3,1,0,2,10,5,3,4,7,7,29
,,,,,,,0,4,1,1,4,3,6,2,1,7,4,13,20
,,,,,,,0,3,0,2,3,3,6,3,3,5,3,11,20
,,,,,,,0,1,1,0,0,0,7,4,2,0,4,2,17
,,,,,,,0,9,2,0,0,0,11,4,0,2,3,11,20
,,,,,,,0,0,0,0,0,0,5,4,0,0,0,0,9
,,,,,,,0,0,1,0,0,0,1,2,0,0,2,1,5
,,,,,,,0,0,0,0,0,0,0,1,0,0,0,0,1
,,,,,,,0,0,0,0,0,0,0,0,0,0,1,0,1
,,,,,,,0,1,3,0,0,0,3,5,1,2,0,4,11
,,,,,,,0,8,10,0,2,0,12,21,1,2,0,20,36
,,,,,,,0,0,7,0,0,3,11,24,4,6,4,10,49
,,,,,,,0,2,14,1,2,1,14,28,5,6,4,20,57
,,,,,,,0,3,7,3,1,1,12,20,5,4,4,15,45
,,,,,,,0,5,6,3,3,2,11,15,4,5,7,19,42
,,,,,,,0,1,7,2,2,1,12,20,3,2,6,13,43
,,,,,,,0,18,6,2,2,2,26,11,5,4,3,30,49
,,,,,,,0,5,3,2,1,4,12,9,3,4,6,15,34
,,,,,,,0,0,0,0,0,1,1,3,1,1,5,1,11
,,,,,,,0,0,0,0,0,1,3,3,2,0,4,1,12
,,,,,,,0,0,0,0,0,1,1,0,0,0,4,1,5
,,,,,,,0,1,0,0,1,0,1,2,1,1,1,2,6
,,,,,,,0,0,1,0,1,2,0,4,0,1,5,4,10
,,,,,,,0,0,1,0,1,4,0,1,0,2,8,6,11
,,,,,,,0,0,0,2,4,1,0,0,3,6,6,7,15
,,,,,,,0,0,0,1,2,1,2,2,4,6,5,4,19
,,,,,,,0,0,0,0,1,0,3,3,1,4,1,1,12
,,,,,,,0,1,0,0,1,0,1,0,0,2,1,2,4
,,,,,,,0,0,0,0,0,0,2,0,0,1,0,0,3
,,,,,,,0,0,0,1,0,0,2,0,1,1,0,1,4
,,,,,,,0,1,0,0,0,1,1,0,0,0,2,2,3
,,,,,,,0,0,0,0,2,0,1,0,0,2,3,2,6
,,,,,,,0,0,0,0,1,3,2,0,0,7,5,4,14
,,,,,,,0,0,0,0,4,4,1,1,1,7,5,8,15
,,,,,,,0,1,1,1,2,1,2,1,1,3,4,6,11
,,,,,,,0,0,0,2,1,1,2,0,4,4,3,4,13
,,,,,,,0,2,0,0,0,3,3,1,4,6,5,5,19
,,,,,,,0,2,0,1,3,2,4,1,1,5,4,8,15
,,,,,,,0,0,0,0,0,0,1,0,0,1,0,0,2
,,,,,,,0,2,0,0,0,1,4,1,0,0,4,3,9
,,,,,,,0,1,1,0,0,0,5,2,0,0,5,2,12
,,,,,,,0,4,0,0,0,1,5,0,0,0,1,5,6
,,,,,,,0,2,0,0,0,0,8,1,0,0,1,2,10
,,,,,,,0,0,0,0,0,0,4,0,0,0,2,0,6
,,,,,,,0,0,0,0,0,0,0,0,0,0,1,0,1
,,,,,,,0,0,0,0,0,0,0,0,0,0,0,0,0
,,,,,,,0,1,0,0,0,0,2,0,1,0,2,1,5
,,,,,,,0,1,0,1,1,2,5,0,4,4,3,5,16
,,,,,,,0,2,0,2,2,1,6,2,4,6,3,7,21
,,,,,,,0,0,0,2,3,2,5,2,4,4,5,7,20
,,,,,,,0,0,0,0,1,1,1,0,2,1,5,2,9
,,,,,,,0,0,1,0,0,3,0,1,0,1,5,4,7
,,,,,,,0,0,0,0,2,2,0,1,0,4,4,4,9
,,,,,,,0,0,0,0,1,0,0,0,0,4,2,1,6
,,,,,,,0,0,0,1,1,0,0,0,1,2,3,2,6
,,,,,,,0,0,1,0,1,4,1,1,1,3,5,6,11
,,,,,,,0,1,0,0,0,0,1,1,0,2,3,1,7
,,,,,,,0,1,0,1,3,3,1,0,1,3,5,8,10
,,,,,,,0,0,0,1,0,4,1,0,2,3,6,5,12
,,,,,,,0,0,0,0,0,1,0,0,2,1,3,1,6
,,,,,,,0,0,0,0,0,0,0,0,0,0,0,0,0
,,,,,,,0,0,0,0,0,0,0,0,0,0,0,0,0
,,,,,,,0,0,0,0,0,0,0,0,0,0,0,0,0
,,,,,,,0,1,0,0,1,2,1,1,2,4,5,4,13
,,,,,,,0,1,1,3,3,2,2,1,3,3,6,10,15
,,,,,,,0,2,0,1,1,0,3,0,1,4,1,4,9
,,,,,,,0,1,0,1,1,2,3,0,1,1,3,5,8
,,,,,,,0,1,0,0,0,2,1,0,0,0,2,3,3
,,,,,,,0,0,0,0,0,0,0,0,0,0,0,0,0
,,,,,,,0,0,0,0,0,0,0,0,0,0,0,0,0
,,,,,,,0,0,0,0,0,1,0,0,0,0,3,1,3
,,,,,,,0,0,0,0,0,1,0,0,0,0,3,1,3
,,,,,,,0,0,0,0,0,0,0,0,0,0,0,0,0
,,,,,,,0,0,0,0,0,0,0,0,0,0,0,0,0
,,,,,,,0,0,0,0,0,0,0,0,0,0,0,0,0
,,,,,,,0,0,0,0,0,0,0,0,0,0,0,0,0
,,,,,,,0,0,0,0,0,0,0,0,0,0,0,0,0
,,,,,,,0,0,0,0,0,0,0,0,0,1,3,0,4
,,,,,,,0,0,0,0,1,1,0,0,0,1,5,2,6
,,,,,,,0,0,0,0,0,1,0,0,0,0,4,1,4
,,,,,,,0,0,0,0,0,3,0,0,0,0,5,3,5
,,,,,,,0,0,0,0,0,0,0,0,0,1,3,0,4
,,,,,,,0,0,0,0,0,0,0,0,0,0,0,0,0
,,,,,,,0,0,0,0,0,1,0,0,0,0,2,1,2
,,,,,,,0,0,0,0,0,0,0,0,0,0,1,0,1
,,,,,,,0,0,0,0,0,2,0,0,0,0,3,2,3
,,,,,,,0,0,0,0,0,0,0,0,0,0,3,0,3
,,,,,,,0,0,0,0,0,1,0,0,0,0,1,1,1
,,,,,,,0,0,0,0,0,0,0,0,0,0,1,0,1
,,,,,,,0,1,0,1,0,0,1,0,1,1,2,2,5
,,,,,,,0,0,0,2,0,1,3,1,2,3,6,3,15
,,,,,,,0,1,1,1,1,0,2,1,1,1,2,4,7
,,,,,,,0,0,0,0,0,0,0,0,0,0,0,0,0
,,,,,,,0,0,0,0,0,0,0,0,1,0,2,0,3
,,,,,,,0,0,0,0,0,0,0,0,0,0,2,0,2
,,,,,,,0,0,0,0,0,0,0,0,0,0,0,0,0
,,,,,,,0,0,0,0,0,0,0,0,0,0,1,0,1
,,,,,,,0,0,0,0,0,0,0,0,0,0,0,0,0
,,,,,,,0,0,1,0,0,0,3,1,4,3,2,1,13
,,,,,,,0,0,0,2,2,0,0,1,2,2,2,4,7
,,,,,,,0,0,0,0,0,0,1,0,0,1,0,0,2
,,,,,,,0,1,0,1,2,0,1,0,1,3,0,4,5
,,,,,,,0,0,0,1,1,1,0,0,2,2,2,3,6
,,,,,,,0,0,0,1,1,0,0,0,1,1,3,2,5
,,,,,,,0,0,0,0,0,1,1,0,2,2,6,1,11
,,,,,,,0,0,0,1,1,1,1,0,1,2,2,3,6
,,,,,,,0,1,0,0,0,1,1,0,0,0,1,2,2
,,,,,,,0,2,0,1,1,2,2,0,1,1,2,6,6
,,,,,,,0,0,0,0,0,2,1,0,1,1,3,2,6
,,,,,,,0,1,0,0,2,3,2,0,1,3,9,6,15
,,,,,,,0,2,0,1,0,1,5,1,4,4,9,4,23
,,,,,,,0,1,0,1,1,1,6,2,3,2,2,4,15
,,,,,,,0,0,0,0,0,0,0,0,0,1,1,0,2
,,,,,,,0,0,0,0,0,2,1,1,0,1,4,2,7
,,,,,,,0,2,0,0,0,1,4,1,1,3,3,3,12
,,,,,,,0,3,1,1,1,1,5,1,1,1,5,7,13
,,,,,,,0,4,0,2,1,2,8,1,2,2,2,9,15
,,,,,,,0,4,1,1,0,0,9,2,1,3,3,6,18
,,,,,,,0,4,0,1,1,2,4,1,1,2,5,8,13
,,,,,,,0,3,0,0,1,0,5,0,1,2,3,4,11
,,,,,,,0,4,4,0,0,0,26,13,0,4,1,8,44
,,,,,,,0,8,3,0,3,0,23,9,2,3,3,14,40
,,,,,,,0,1,0,1,0,2,2,1,2,1,5,4,11
,,,,,,,0,0,0,0,0,2,2,0,2,2,6,2,12
,,,,,,,0,2,0,0,0,1,8,2,0,2,3,3,15
,,,,,,,0,4,0,1,3,2,8,2,3,4,5,10,22
,,,,,,,0,4,1,4,2,0,11,1,10,5,5,11,32
,,,,,,,0,3,2,1,1,3,9,4,5,4,4,10,26
,,,,,,,0,11,5,2,0,5,19,10,5,6,7,23,47
,,,,,,,0,6,3,1,1,5,16,10,3,4,6,16,39
,,,,,,,0,5,3,0,0,1,10,10,1,2,2,9,25
,,,,,,,0,3,3,0,0,0,11,8,1,0,3,6,23
,,,,,,,0,3,0,0,0,1,7,4,2,1,3,4,17
,,,,,,,0,10,4,3,0,1,18,13,4,1,3,18,39
,,,,,,,0,6,0,0,1,2,16,9,2,7,4,9,38
,,,,,,,0,7,3,0,0,6,14,12,1,2,8,16,37
,,,,,,,0,0,4,0,0,1,3,6,0,0,8,5,17
,,,,,,,0,0,1,0,0,3,2,3,0,0,5,4,10
,,,,,,,0,1,5,0,1,1,6,9,1,2,3,8,21
,,,,,,,0,2,6,1,0,0,10,24,5,5,0,9,44
,,,,,,,0,4,14,3,3,2,13,23,6,4,6,26,52
,,,,,,,0,17,7,5,4,3,21,21,6,6,3,36,57
,,,,,,,0,0,0,0,0,0,13,10,2,3,0,0,28
,,,,,,,0,4,7,0,0,0,10,14,1,2,1,11,28
,,,,,,,0,5,9,0,0,0,16,23,4,0,3,14,46
,,,,,,,0,7,6,1,0,0,16,11,4,1,3,14,35
,,,,,,,0,2,0,1,2,2,6,1,5,5,3,7,20
,,,,,,,0,0,0,0,0,0,4,0,4,7,0,0,15
,,,,,,,0,2,1,1,1,0,9,2,3,4,3,5,21
,,,,,,,0,0,0,0,0,2,0,0,1,0,2,2,3
,,,,,,,0,0,3,1,0,0,0,4,2,1,1,4,8
,,,,,,,0,0,3,1,0,1,0,5,2,1,4,5,12
,,,,,,,0,0,0,0,1,2,0,0,3,2,6,3,11
,,,,,,,0,0,0,2,4,1,0,0,4,6,5,7,15
,,,,,,,0,0,0,2,2,1,0,0,3,4,4,5,11
,,,,,,,0,0,0,0,0,0,0,0,0,1,0,0,1
,,,,,,,0,0,0,0,0,0,0,0,0,1,0,0,1
,,,,,,,0,0,0,0,0,0,0,0,0,0,0,0,0
,,,,,,,0,0,0,0,0,1,0,0,0,0,2,1,2
,,,,,,,0,1,0,0,0,1,2,0,0,0,2,2,4
,,,,,,,0,0,0,0,0,0,2,0,0,0,0,0,2
,,,,,,,0,2,0,0,1,0,3,0,0,2,4,3,9
,,,,,,,0,0,0,1,3,1,1,1,1,3,3,5,9
,,,,,,,0,0,0,0,0,0,1,0,1,3,0,0,5
,,,,,,,0,0,0,0,1,0,0,0,3,2,1,1,6
,,,,,,,0,2,1,2,5,2,2,1,2,8,3,12,16
,,,,,,,0,2,0,0,2,2,7,1,2,8,4,6,22
,,,,,,,0,1,0,0,0,0,12,6,0,2,2,1,22
,,,,,,,0,1,0,0,1,2,5,3,1,1,4,4,14
,,,,,,,0,2,3,0,0,0,3,3,1,0,2,5,9
,,,,,,,0,0,1,0,0,0,5,4,0,0,0,1,9
,,,,,,,0,3,2,0,0,1,8,5,0,0,5,6,18
,,,,,,,0,1,2,0,0,5,3,2,0,0,6,8,11
,,,,,,,0,0,0,0,0,2,0,0,0,0,2,2,2
,,,,,,,0,0,0,0,0,0,0,0,0,0,0,0,0
,,,,,,,0,0,0,0,0,2,0,0,0,2,3,2,5
,,,,,,,0,0,0,1,0,2,0,1,1,2,4,3,8
,,,,,,,0,3,3,2,2,0,7,4,3,6,4,10,24
,,,,,,,0,6,1,1,1,2,8,3,3,2,3,11,19
,,,,,,,0,0,0,0,0,3,2,0,1,1,3,3,7
,,,,,,,0,0,0,0,0,2,1,0,0,0,5,2,6
,,,,,,,0,0,0,0,0,0,1,0,0,2,4,0,7
,,,,,,,0,0,0,0,1,4,0,0,0,3,7,5,10
,,,,,,,0,0,0,0,0,3,0,0,1,2,6,3,9
,,,,,,,0,0,0,0,0,1,0,0,1,1,2,1,4
,,,,,,,0,0,0,0,0,0,0,1,0,1,2,0,4
,,,,,,,0,0,1,0,1,2,1,1,2,5,3,4,12
,,,,,,,0,0,0,0,0,0,1,0,3,4,1,0,9
,,,,,,,0,0,0,1,1,2,0,0,2,2,2,4,6
,,,,,,,0,0,0,0,0,0,0,0,0,0,0,0,0
,,,,,,,0,0,0,0,0,0,0,0,0,0,0,0,0
,,,,,,,0,0,0,0,0,0,0,0,0,0,0,0,0
,,,,,,,0,0,0,0,0,0,0,1,0,2,2,0,5
,,,,,,,0,0,0,0,1,2,0,1,0,3,4,3,8
,,,,,,,0,0,0,0,0,0,0,0,1,2,2,0,5
,,,,,,,0,0,0,0,1,2,0,0,3,1,4,3,8
,,,,,,,0,0,0,0,0,0,0,0,0,0,0,0,0
,,,,,,,0,0,0,0,0,0,0,0,0,0,0,0,0
,,,,,,,0,0,0,0,0,1,0,0,0,0,3,1,3
,,,,,,,0,0,0,0,0,0,0,0,0,0,1,0,1
,,,,,,,0,0,0,0,0,1,0,0,0,0,1,1,1
,,,,,,,0,0,0,0,0,0,0,0,0,0,1,0,1
,,,,,,,0,0,0,0,0,0,0,0,1,0,0,0,1
,,,,,,,0,0,0,0,0,0,0,0,1,0,0,0,1
,,,,,,,0,0,0,0,0,0,0,0,0,0,0,0,0
,,,,,,,0,0,0,0,0,0,0,0,0,0,2,0,2
,,,,,,,0,0,0,0,0,1,0,0,0,0,2,1,2
,,,,,,,0,0,0,0,0,0,0,0,0,0,0,0,0
,,,,,,,0,0,0,0,0,0,0,0,0,0,0,0,0
,,,,,,,0,0,0,0,0,0,0,0,0,0,0,0,0
,,,,,,,0,0,0,0,0,0,0,0,0,0,0,0,0
,,,,,,,0,0,0,0,0,2,0,0,0,0,2,2,2
,,,,,,,0,0,0,0,0,0,0,0,0,0,2,0,2
,,,,,,,0,0,0,0,0,0,0,0,0,0,0,0,0
,,,,,,,0,0,0,0,0,0,0,0,0,0,0,0,0
,,,,,,,0,0,0,0,0,0,0,0,0,0,0,0,0
,,,,,,,0,0,0,0,0,0,0,0,0,0,0,0,0
,,,,,,,0,0,0,0,0,0,0,0,0,0,2,0,2
,,,,,,,0,1,0,0,1,2,1,0,0,1,2,4,4
,,,,,,,0,0,0,0,0,0,1,0,0,1,2,0,4
,,,,,,,0,0,0,0,0,0,0,0,0,0,2,0,2
,,,,,,,0,0,0,0,0,1,0,0,0,0,2,1,2
,,,,,,,0,0,0,0,0,0,0,0,0,0,0,0,0
,,,,,,,0,0,0,0,0,0,0,0,0,0,0,0,0
,,,,,,,0,0,0,0,0,2,0,0,0,1,4,2,5
,,,,,,,0,0,0,1,1,0,2,0,2,2,2,2,8
,,,,,,,0,3,0,3,1,0,3,1,3,2,0,7,9
,,,,,,,0,0,0,0,0,0,0,1,1,0,0,0,2
,,,,,,,0,0,0,0,0,0,0,0,0,0,0,0,0
,,,,,,,0,0,0,0,0,1,0,1,0,1,1,1,3
,,,,,,,0,0,0,0,1,1,0,1,0,2,3,2,6
,,,,,,,0,0,0,0,0,1,2,0,1,1,1,1,5
,,,,,,,0,1,0,2,0,2,3,0,2,1,2,5,8
,,,,,,,0,0,0,0,1,0,1,0,3,2,3,1,9
,,,,,,,0,2,0,0,0,0,2,0,0,0,1,2,3
,,,,,,,0,0,0,0,1,0,2,0,1,1,2,1,6
,,,,,,,0,0,0,0,0,0,0,1,0,0,1,0,2
,,,,,,,0,0,0,0,0,2,0,0,2,1,4,2,7
,,,,,,,0,0,0,0,0,1,1,0,0,0,5,1,6
,,,,,,,0,0,0,0,0,2,0,0,0,0,2,2,2
,,,,,,,0,0,0,0,0,1,0,0,0,0,3,1,3
,,,,,,,0,0,0,0,0,2,0,0,0,0,4,2,4
,,,,,,,0,0,0,0,0,1,0,0,0,0,4,1,4
,,,,,,,0,0,0,0,0,2,2,1,0,0,6,2,9
,,,,,,,0,0,0,0,0,1,3,2,1,2,5,1,13
,,,,,,,0,1,2,0,1,3,2,3,1,1,4,7,11
,,,,,,,0,0,0,0,0,0,1,0,1,0,4,0,6
,,,,,,,0,0,0,0,0,0,1,0,0,0,0,0,1
,,,,,,,0,0,1,0,0,0,1,1,0,0,0,1,2
,,,,,,,0,0,0,0,0,0,1,2,1,0,0,0,4
,,,,,,,0,0,1,0,0,0,1,1,2,0,0,1,4
,,,,,,,0,0,0,1,1,0,1,0,2,2,1,2,6
,,,,,,,0,1,0,1,2,0,4,1,1,2,2,4,10
,,,,,,,0,3,1,0,0,2,8,2,1,4,3,6,18
,,,,,,,0,3,0,1,2,0,6,2,4,4,1,6,17
,,,,,,,0,0,0,0,0,0,9,5,4,3,1,0,22
,,,,,,,0,3,1,0,2,0,9,5,1,3,2,6,20
,,,,,,,0,1,3,2,3,2,12,8,2,5,3,11,30
,,,,,,,0,5,4,1,1,0,10,6,2,2,1,11,21
,,,,,,,0,4,2,1,0,2,13,7,4,5,3,9,32
,,,,,,,0,8,3,2,2,1,14,6,5,7,1,16,33
,,,,,,,0,7,10,3,2,2,19,15,7,7,4,24,52
,,,,,,,0,12,3,2,7,3,22,12,4,8,4,27,50
,,,,,,,0,6,6,0,1,0,17,11,1,3,5,13,37
,,,,,,,0,1,1,0,0,2,4,9,0,0,6,4,19
,,,,,,,0,1,1,0,0,0,3,3,0,0,5,2,11
,,,,,,,0,1,2,0,0,1,4,5,0,0,3,4,12
,,,,,,,0,0,7,1,0,0,4,12,3,1,3,8,23
,,,,,,,0,2,3,0,0,3,8,15,3,2,8,8,36
,,,,,,,0,3,3,0,1,1,22,10,1,2,4,8,39
,,,,,,,0,2,0,0,0,0,10,7,1,1,0,2,19
,,,,,,,0,2,8,1,3,2,14,12,1,5,2,16,34
,,,,,,,0,4,2,2,2,0,15,15,3,7,4,10,44
,,,,,,,0,1,1,1,1,0,21,12,6,5,6,4,50
,,,,,,,0,2,0,1,1,3,4,3,3,5,8,7,23
,,,,,,,0,4,0,2,3,1,11,3,4,6,4,10,28
,,,,,,,0,8,1,2,3,0,19,7,6,9,3,14,44
,,,,,,,0,1,1,2,0,0,5,2,6,5,3,4,21
,,,,,,,0,0,0,1,1,0,1,2,4,4,0,2,11
,,,,,,,0,0,0,2,2,0,2,1,4,2,0,4,9
,,,,,,,0,1,0,4,3,1,2,1,5,4,4,9,16
,,,,,,,0,0,0,0,0,0,3,1,3,4,6,0,17
,,,,,,,0,0,0,0,0,0,0,0,1,0,4,0,5
,,,,,,,0,0,0,0,0,0,0,0,0,0,0,0,0
,,,,,,,0,0,0,0,0,0,0,0,0,0,0,0,0
,,,,,,,0,0,0,0,0,1,1,0,0,2,1,1,4
,,,,,,,0,1,0,0,1,2,1,0,0,2,2,4,5
,,,,,,,0,0,0,0,0,1,1,0,0,0,1,1,2
,,,,,,,0,1,0,0,1,1,1,0,0,1,3,3,5
,,,,,,,0,0,0,0,1,0,2,0,0,2,3,1,7
,,,,,,,0,0,1,0,0,2,1,1,1,3,4,3,10
,,,,,,,0,1,0,1,1,3,2,1,1,4,4,6,12
,,,,,,,0,3,0,1,3,1,3,0,3,8,5,8,19
,,,,,,,0,0,0,2,5,2,1,0,3,5,6,9,15
,,,,,,,0,1,0,0,1,3,17,5,1,2,4,5,29
,,,,,,,0,12,6,0,0,2,15,9,0,1,4,20,29
,,,,,,,0,1,1,1,0,0,4,4,1,1,4,3,14
,,,,,,,0,1,1,1,0,0,5,4,1,0,0,3,10
,,,,,,,0,6,0,0,0,2,8,3,0,0,3,8,14
,,,,,,,0,2,1,0,1,2,6,3,0,1,4,6,14
,,,,,,,0,0,0,0,1,1,3,1,0,1,4,2,9
,,,,,,,0,0,0,0,0,0,0,0,0,0,1,0,1
,,,,,,,0,0,0,0,0,0,0,0,0,0,1,0,1
,,,,,,,0,2,0,1,3,1,2,0,1,3,4,7,10
,,,,,,,0,1,0,0,0,0,3,0,1,3,3,1,10
,,,,,,,0,0,0,0,0,0,2,1,0,0,1,0,4
,,,,,,,0,0,0,0,0,0,2,0,0,0,2,0,4
,,,,,,,0,0,0,0,0,0,0,0,0,0,2,0,2
,,,,,,,0,0,0,0,0,2,1,0,0,0,2,2,3
,,,,,,,0,0,0,0,0,0,1,0,0,0,0,0,1
,,,,,,,0,0,0,0,0,0,0,0,0,1,3,0,4
,,,,,,,0,0,0,0,0,0,0,0,0,0,6,0,6
,,,,,,,0,1,0,0,3,3,1,0,1,3,5,7,10
,,,,,,,0,0,0,1,1,3,1,0,2,5,5,5,13
,,,,,,,0,0,0,1,2,1,0,0,2,3,2,4,7
,,,,,,,0,0,0,0,3,0,0,0,1,4,3,3,8
,,,,,,,0,0,0,1,3,2,0,1,1,4,4,6,10
,,,,,,,0,0,0,0,0,0,0,0,0,0,0,0,0
,,,,,,,0,0,0,0,0,0,0,0,0,0,0,0,0
,,,,,,,0,0,0,0,0,0,0,0,0,0,0,0,0
,,,,,,,0,0,0,0,0,0,0,0,0,0,1,0,1
,,,,,,,0,0,0,0,0,0,0,0,1,3,2,0,6
,,,,,,,0,0,0,1,3,2,0,0,1,4,4,6,9
,,,,,,,0,0,0,3,1,2,0,0,4,5,4,6,13
,,,,,,,0,0,0,0,0,0,0,0,0,0,0,0,0
,,,,,,,0,0,0,0,0,0,0,0,0,0,1,0,1
,,,,,,,0,0,0,0,0,1,0,0,0,0,1,1,1
,,,,,,,0,0,0,0,0,0,0,0,0,0,1,0,1
,,,,,,,0,0,0,0,0,1,0,0,0,0,3,1,3
,,,,,,,0,0,0,0,0,2,0,0,0,0,3,2,3
,,,,,,,0,0,0,0,0,2,0,0,1,0,3,2,4
,,,,,,,0,0,0,1,0,1,0,0,1,0,3,2,4
,,,,,,,0,0,0,0,0,2,0,0,0,0,2,2,2
,,,,,,,0,0,0,0,0,1,0,0,0,0,2,1,2
,,,,,,,0,0,0,0,0,0,0,0,0,0,5,0,5
,,,,,,,0,0,0,0,0,2,0,0,0,0,2,2,2
,,,,,,,0,0,0,0,0,0,0,0,0,0,0,0,0
,,,,,,,0,0,0,0,0,0,0,0,0,0,0,0,0
,,,,,,,0,0,0,0,0,0,0,0,0,0,0,0,0
,,,,,,,0,0,0,0,0,0,0,0,0,0,0,0,0
,,,,,,,0,0,0,0,0,0,0,0,0,0,0,0,0
,,,,,,,0,0,0,0,0,0,0,0,0,0,0,0,0
,,,,,,,0,0,0,0,0,0,0,0,0,0,0,0,0
,,,,,,,0,0,0,0,0,0,0,0,0,0,0,0,0
,,,,,,,0,0,0,0,0,0,0,0,0,0,2,0,2
,,,,,,,0,0,0,0,0,2,0,0,0,0,2,2,2
,,,,,,,0,0,0,0,0,0,0,0,0,0,2,0,2
,,,,,,,0,0,0,0,0,2,0,0,0,0,3,2,3
,,,,,,,0,0,0,0,0,2,0,0,0,0,4,2,4
,,,,,,,0,0,0,0,0,0,0,0,0,0,3,0,3
,,,,,,,0,0,0,0,0,0,0,0,0,0,1,0,1
,,,,,,,0,0,0,0,0,0,0,0,0,0,3,0,3
,,,,,,,0,0,0,0,0,2,0,0,0,1,2,2,3
,,,,,,,0,0,0,0,0,0,0,0,0,2,0,0,2
,,,,,,,0,0,0,0,1,0,0,0,1,1,0,1,2
,,,,,,,0,0,0,0,0,0,0,0,0,0,0,0,0
,,,,,,,0,0,0,0,0,0,0,0,0,0,0,0,0
,,,,,,,0,0,1,0,0,0,0,1,0,1,2,1,4
,,,,,,,0,0,1,0,1,2,0,1,0,1,3,4,5
,,,,,,,0,0,0,0,0,0,2,0,0,0,1,0,3
,,,,,,,0,2,0,0,0,0,2,0,1,0,0,2,3
,,,,,,,0,0,0,0,0,0,1,0,0,0,0,0,1
,,,,,,,0,1,0,0,0,0,2,0,0,0,0,1,2
,,,,,,,0,0,0,0,0,0,1,2,0,1,0,0,4
,,,,,,,0,1,2,1,2,0,1,2,1,2,0,6,6
,,,,,,,0,0,0,2,0,2,0,0,4,2,2,4,8
,,,,,,,0,0,0,0,0,2,0,0,0,0,2,2,2
,,,,,,,0,0,0,0,0,0,0,0,0,0,2,0,2
,,,,,,,0,0,0,0,0,0,0,0,0,0,4,0,4
,,,,,,,0,0,0,0,0,2,0,0,0,0,2,2,2
,,,,,,,0,0,0,0,0,0,0,0,0,0,0,0,0
,,,,,,,0,0,0,0,0,0,3,0,0,1,1,0,5
,,,,,,,0,3,2,3,2,0,8,5,4,2,0,10,19
,,,,,,,0,2,3,1,1,1,5,7,4,2,5,8,23
,,,,,,,0,0,0,0,0,1,1,1,0,0,4,1,6
,,,,,,,0,1,0,0,0,2,2,1,0,0,2,3,5
,,,,,,,0,0,0,0,1,2,0,0,0,1,2,3,3
,,,,,,,0,0,0,0,0,0,0,0,0,2,2,0,4
,,,,,,,0,0,0,0,0,0,1,0,1,0,0,0,2
,,,,,,,0,1,0,1,0,0,1,0,1,1,0,2,3
,,,,,,,0,2,0,0,0,0,2,0,2,1,0,2,5
,,,,,,,0,2,1,0,1,0,6,2,1,3,0,4,12
,,,,,,,0,2,1,0,1,0,8,4,1,4,0,4,17
,,,,,,,0,1,1,1,1,0,4,3,1,2,0,4,10
,,,,,,,0,0,1,0,0,0,13,4,2,6,1,1,26
,,,,,,,0,8,1,2,3,1,19,8,5,6,5,15,43
,,,,,,,0,4,0,2,1,0,12,1,4,2,0,7,19
,,,,,,,0,2,1,0,0,2,8,3,5,6,2,5,24
,,,,,,,0,4,1,2,2,0,15,3,4,6,0,9,28
,,,,,,,0,8,1,1,0,0,15,1,4,3,0,10,23
,,,,,,,0,3,1,1,2,2,12,1,2,3,4,9,22
,,,,,,,0,1,0,0,0,2,4,4,0,1,6,3,15
,,,,,,,0,0,0,0,0,2,0,0,0,0,6,2,6
,,,,,,,0,0,0,0,0,0,1,2,1,0,3,0,7
,,,,,,,0,7,3,1,0,7,21,12,3,2,8,18,46
,,,,,,,0,6,8,2,0,1,24,15,4,2,8,17,53
,,,,,,,0,6,7,1,2,2,19,12,3,4,2,18,40
,,,,,,,0,27,9,1,0,1,38,14,2,2,1,38,57
,,,,,,,0,16,4,1,1,0,36,17,4,3,1,22,61
,,,,,,,0,9,4,2,1,0,12,16,3,6,3,16,40
,,,,,,,0,5,4,0,1,2,16,12,5,6,3,12,42
,,,,,,,0,10,5,3,3,3,18,9,5,5,7,24,44
,,,,,,,0,0,3,0,1,3,4,4,0,3,6,7,17
,,,,,,,0,3,3,0,0,1,10,10,1,1,4,7,26
,,,,,,,0,12,6,2,3,3,14,10,3,7,6,26,40
,,,,,,,0,6,0,4,6,5,10,2,8,12,8,21,40
,,,,,,,0,5,1,4,7,3,9,3,8,11,5,20,36
,,,,,,,0,5,2,3,3,3,6,4,5,6,3,16,24
,,,,,,,0,5,2,4,2,4,10,6,6,8,7,17,37
,,,,,,,0,5,3,3,4,4,7,5,4,5,11,19,32
,,,,,,,0,0,0,0,1,4,0,0,0,1,5,5,6
,,,,,,,0,0,0,0,0,0,0,0,0,0,0,0,0
,,,,,,,0,0,0,0,0,0,0,0,0,0,0,0,0
,,,,,,,0,1,0,1,1,3,3,0,1,3,4,6,11
,,,,,,,0,0,0,0,0,0,2,0,2,3,5,0,12
,,,,,,,0,0,0,2,2,0,3,0,4,5,5,4,17
,,,,,,,0,2,1,2,3,0,5,4,7,7,6,8,29
,,,,,,,0,0,0,1,1,0,4,3,2,2,4,2,15
,,,,,,,0,0,0,0,0,0,0,0,0,0,2,0,2
,,,,,,,0,0,0,0,0,0,1,0,0,2,4,0,7
,,,,,,,0,0,1,0,0,1,6,1,3,4,6,2,20
,,,,,,,0,2,0,1,1,2,8,0,3,3,7,6,21
,,,,,,,0,8,0,2,2,4,9,0,2,2,7,16,20
,,,,,,,0,3,1,0,0,1,6,2,1,1,5,5,15
,,,,,,,0,0,1,0,0,1,3,4,0,0,5,2,12
,,,,,,,0,0,3,0,0,3,2,4,0,0,4,6,10
,,,,,,,0,1,0,0,0,0,5,2,1,0,4,1,12
,,,,,,,0,0,1,0,2,1,3,1,1,3,3,4,11
,,,,,,,0,1,0,0,0,0,2,1,1,1,1,1,6
,,,,,,,0,0,0,0,0,1,0,1,0,0,2,1,3
,,,,,,,0,0,1,0,0,1,1,2,1,1,4,2,9
,,,,,,,0,0,1,0,1,2,1,3,4,5,6,4,19
,,,,,,,0,0,0,0,0,1,1,2,2,4,3,1,12
,,,,,,,0,0,0,0,1,0,0,0,2,3,0,1,5
,,,,,,,0,0,0,0,0,0,1,0,0,1,0,0,2
,,,,,,,0,0,0,0,0,0,0,0,1,2,1,0,4
,,,,,,,0,0,0,0,0,0,0,0,0,0,0,0,0
,,,,,,,0,0,0,0,0,0,0,0,0,0,0,0,0
,,,,,,,0,0,0,0,0,0,1,0,0,0,1,0,2
,,,,,,,0,0,0,0,0,2,0,1,0,0,2,2,3
,,,,,,,0,0,1,2,1,1,3,1,3,5,7,5,19
,,,,,,,0,0,0,0,0,1,2,0,4,2,7,1,15
,,,,,,,0,1,0,0,0,0,2,0,4,4,2,1,12
,,,,,,,0,0,0,0,0,2,0,1,2,5,4,2,12
,,,,,,,0,0,1,2,1,1,0,1,4,6,2,5,13
,,,,,,,0,1,0,3,1,0,2,0,4,3,0,5,9
,,,,,,,0,0,0,0,1,0,1,0,0,1,0,1,2
,,,,,,,0,0,1,0,0,0,0,1,0,0,2,1,3
,,,,,,,0,0,0,0,0,1,0,1,0,0,2,1,3
,,,,,,,0,0,0,0,0,0,0,0,0,0,0,0,0
,,,,,,,0,0,0,0,2,2,0,0,1,4,2,4,7
,,,,,,,0,0,0,1,2,1,0,0,1,5,2,4,8
,,,,,,,0,0,0,0,0,0,0,0,0,0,0,0,0
,,,,,,,0,0,0,0,0,0,0,0,0,0,0,0,0
,,,,,,,0,0,0,0,0,0,0,0,0,2,3,0,5
,,,,,,,0,0,0,0,0,0,0,0,0,0,2,0,2
,,,,,,,0,0,0,0,0,1,0,0,0,0,5,1,5
,,,,,,,0,0,0,0,0,3,0,0,1,1,7,3,9
,,,,,,,0,0,0,0,1,2,0,0,1,2,6,3,9
,,,,,,,0,0,0,0,0,2,0,0,0,1,6,2,7
,,,,,,,0,0,0,0,0,1,0,0,0,0,2,1,2
,,,,,,,0,0,0,0,0,2,0,0,0,0,3,2,3
,,,,,,,0,0,0,0,0,0,0,0,0,0,3,0,3
,,,,,,,0,0,0,0,0,0,0,0,0,0,2,0,2
,,,,,,,0,0,0,0,0,0,0,0,0,0,0,0,0
,,,,,,,0,0,0,0,0,0,0,0,0,0,0,0,0
,,,,,,,0,0,0,0,0,0,0,0,0,0,0,0,0
,,,,,,,0,0,0,0,0,0,0,0,0,0,0,0,0
,,,,,,,0,0,0,0,0,0,0,0,0,0,1,0,1
,,,,,,,0,0,0,0,0,0,0,0,0,0,1,0,1
,,,,,,,0,0,0,0,0,0,0,0,0,0,0,0,0
,,,,,,,0,0,0,0,0,0,0,0,0,0,0,0,0
,,,,,,,0,0,0,0,0,0,0,0,2,0,2,0,4
,,,,,,,0,0,0,1,0,2,0,0,2,0,4,3,6
,,,,,,,0,0,0,0,0,2,0,0,0,0,2,2,2
,,,,,,,0,0,0,0,0,0,0,0,0,0,3,0,3
,,,,,,,0,0,0,0,0,2,0,0,0,0,6,2,6
,,,,,,,0,0,0,0,0,2,0,0,0,0,4,2,4
,,,,,,,0,0,0,0,0,1,0,0,0,0,6,1,6
,,,,,,,0,0,0,0,0,4,0,0,0,0,4,4,4
,,,,,,,0,0,0,0,0,0,0,1,0,0,0,0,1
,,,,,,,0,0,0,0,0,0,0,0,0,0,0,0,0
,,,,,,,0,0,0,0,0,0,0,0,0,0,0,0,0
,,,,,,,0,0,0,0,0,0,0,0,0,0,0,0,0
,,,,,,,0,0,0,0,0,0,0,0,0,0,1,0,1
,,,,,,,0,0,0,0,0,3,0,0,0,0,3,3,3
,,,,,,,0,0,0,0,0,0,0,0,0,0,5,0,5
,,,,,,,0,0,0,0,0,3,1,0,0,0,3,3,4
,,,,,,,0,0,0,0,0,0,0,0,0,0,0,0,0
,,,,,,,0,0,0,0,0,0,0,0,0,0,0,0,0
,,,,,,,0,0,0,0,0,0,0,0,0,0,0,0,0
,,,,,,,0,0,0,0,0,0,0,0,1,0,0,0,1
,,,,,,,0,0,0,0,0,0,3,1,5,4,0,0,13
,,,,,,,0,1,0,3,2,0,3,0,4,3,0,6,10
,,,,,,,0,1,0,0,0,0,1,0,0,0,2,1,3
,,,,,,,0,0,0,0,0,1,0,0,1,0,4,1,5
,,,,,,,0,0,0,1,0,2,0,0,1,0,2,3,3
,,,,,,,0,0,0,0,0,0,0,0,0,0,0,0,0
,,,,,,,0,0,0,0,0,1,0,0,0,0,2,1,2
,,,,,,,0,0,0,0,0,1,1,0,0,0,3,1,4
,,,,,,,0,3,0,2,0,0,7,2,4,2,1,5,16
,,,,,,,0,2,0,1,0,1,5,2,3,0,2,4,12
,,,,,,,0,0,0,0,0,1,4,3,0,0,4,1,11
,,,,,,,0,4,4,0,0,2,4,6,0,1,5,10,16
,,,,,,,0,1,1,0,1,0,2,1,0,3,4,3,10
,,,,,,,0,0,0,0,1,2,0,1,1,2,4,3,8
,,,,,,,0,0,0,0,0,0,0,0,0,1,2,0,3
,,,,,,,0,0,0,0,0,0,0,0,0,0,0,0,0
,,,,,,,0,0,0,0,0,0,1,0,1,0,0,0,2
,,,,,,,0,0,0,0,0,0,3,1,1,1,0,0,6
,,,,,,,0,3,0,0,0,0,5,1,0,1,0,3,7
,,,,,,,0,0,0,0,0,0,3,0,1,2,0,0,6
,,,,,,,0,0,0,1,1,0,9,6,3,7,1,2,26
,,,,,,,0,8,6,3,6,3,26,10,7,12,7,26,62
,,,,,,,0,5,5,2,3,2,16,6,5,6,4,17,37
,,,,,,,0,4,3,0,1,0,15,10,1,2,1,8,29
,,,,,,,0,3,1,0,0,0,13,6,1,1,2,4,23
,,,,,,,0,2,1,0,0,0,6,3,0,3,2,3,14
,,,,,,,0,1,1,0,3,3,3,2,0,4,6,8,15
,,,,,,,0,1,1,0,0,2,1,1,0,0,7,4,9
,,,,,,,0,0,0,0,0,2,0,0,0,0,5,2,5
,,,,,,,0,0,0,0,0,0,0,2,1,0,5,0,8
,,,,,,,0,17,7,2,2,2,19,13,2,2,6,30,42
,,,,,,,0,1,1,0,0,0,30,13,4,4,1,2,52
,,,,,,,0,16,6,2,2,2,31,9,4,4,2,28,50
,,,,,,,0,4,2,0,0,0,17,10,0,1,0,6,28
,,,,,,,0,7,0,0,1,0,23,13,3,4,1,8,44
,,,,,,,0,7,3,1,2,0,11,7,3,4,2,13,27
,,,,,,,0,0,0,0,0,0,5,5,0,2,1,0,13
,,,,,,,0,5,3,1,1,2,8,5,2,1,2,12,18
,,,,,,,0,1,3,0,0,0,6,4,1,1,2,4,14
,,,,,,,0,0,0,1,0,0,2,4,2,2,0,1,10
,,,,,,,0,1,1,1,2,0,2,3,2,4,0,5,11
,,,,,,,0,1,0,0,0,0,1,0,1,4,3,1,9
,,,,,,,0,2,0,0,1,1,5,2,2,6,7,4,22
,,,,,,,0,3,2,0,1,2,7,5,3,5,4,8,24
,,,,,,,0,0,0,0,0,0,2,3,1,3,2,0,11
,,,,,,,0,0,0,0,0,1,0,2,2,3,4,1,11
,,,,,,,0,0,0,0,1,1,0,0,0,1,4,2,5
,,,,,,,0,0,0,0,0,0,0,0,0,0,0,0,0
,,,,,,,0,0,0,0,0,0,0,0,0,0,0,0,0
,,,,,,,0,2,0,1,1,1,2,0,1,2,4,5,9
,,,,,,,0,1,0,1,2,1,4,0,1,5,5,5,15
,,,,,,,0,2,0,2,4,1,6,1,9,7,7,9,30
,,,,,,,0,3,4,5,2,2,8,6,9,8,7,16,38
,,,,,,,0,4,3,3,1,4,6,6,3,6,4,15,25
,,,,,,,0,0,0,1,3,3,3,3,3,3,4,7,16
,,,,,,,0,1,2,0,0,2,2,2,1,1,3,5,9
,,,,,,,0,1,1,0,0,4,2,1,1,1,8,6,13
,,,,,,,0,1,0,0,0,4,3,1,2,1,13,5,20
,,,,,,,0,0,0,0,0,3,4,0,1,0,12,3,17
,,,,,,,0,1,0,0,0,2,5,0,0,0,6,3,11
,,,,,,,0,1,0,0,0,4,2,0,0,0,7,5,9
,,,,,,,0,0,0,0,1,2,0,1,0,1,6,3,8
,,,,,,,0,0,0,1,0,2,0,0,1,0,3,3,4
,,,,,,,0,1,0,1,1,3,2,0,2,3,5,6,12
,,,,,,,0,1,0,0,0,1,2,0,1,2,3,2,8
,,,,,,,0,1,0,0,0,1,1,1,1,0,2,2,5
,,,,,,,0,5,2,2,2,1,5,3,2,2,7,12,19
,,,,,,,0,3,0,2,3,4,8,3,4,9,8,12,32
,,,,,,,0,0,1,2,5,3,3,1,5,7,6,11,22
,,,,,,,0,0,0,1,1,2,1,0,2,4,4,4,11
,,,,,,,0,1,0,0,0,0,1,0,0,1,0,1,2
,,,,,,,0,0,0,2,2,3,1,1,2,4,3,7,11
,,,,,,,0,0,0,0,0,0,1,0,2,3,4,0,10
,,,,,,,0,0,0,0,0,0,0,0,0,1,1,0,2
,,,,,,,0,1,0,0,0,0,1,0,0,0,2,1,3
,,,,,,,0,0,0,0,2,2,1,0,1,3,4,4,9
,,,,,,,0,3,2,2,4,2,3,2,4,6,6,13,21
,,,,,,,0,0,0,0,1,2,4,1,6,5,5,3,21
,,,,,,,0,1,0,4,4,2,2,0,4,4,2,11,12
,,,,,,,0,0,0,0,1,2,0,0,0,4,3,3,7
,,,,,,,0,0,0,0,2,1,0,0,3,5,4,3,12
,,,,,,,0,1,0,3,3,2,2,0,5,7,2,9,16
,,,,,,,0,0,0,1,1,0,1,0,1,4,0,2,6
,,,,,,,0,0,0,0,1,0,0,1,0,1,3,1,5
,,,,,,,0,0,0,0,0,2,0,0,0,0,2,2,2
,,,,,,,0,0,0,0,0,0,0,0,0,0,0,0,0
,,,,,,,0,0,0,0,0,0,0,0,0,0,0,0,0
,,,,,,,0,0,0,0,1,2,0,0,1,1,2,3,4
,,,,,,,0,0,0,0,1,0,0,0,1,2,2,1,5
,,,,,,,0,0,0,1,2,3,0,0,2,4,4,6,10
,,,,,,,0,0,0,0,1,1,0,0,1,1,4,2,6
,,,,,,,0,0,0,0,0,1,0,0,0,1,7,1,8
,,,,,,,0,0,0,2,0,1,0,0,2,2,7,3,11
,,,,,,,0,0,0,0,1,0,0,0,4,6,3,1,13
,,,,,,,0,0,0,0,0,2,0,0,0,1,3,2,4
,,,,,,,0,0,0,0,0,0,0,0,0,0,3,0,3
,,,,,,,0,0,0,0,0,0,0,0,0,0,0,0,0
,,,,,,,0,0,0,0,0,0,0,0,0,0,0,0,0
,,,,,,,0,0,0,0,0,0,0,0,0,0,0,0,0
,,,,,,,0,0,0,0,0,0,0,0,0,1,0,0,1
,,,,,,,0,0,0,0,0,0,0,0,0,0,0,0,0
,,,,,,,0,0,0,0,0,0,0,0,0,0,0,0,0
,,,,,,,0,0,0,0,0,0,0,0,0,0,0,0,0
,,,,,,,0,0,0,0,0,1,0,0,1,2,3,1,6
,,,,,,,0,0,0,0,0,0,0,1,1,1,3,0,6
,,,,,,,0,0,0,0,0,0,0,0,0,1,0,0,1
,,,,,,,0,0,0,0,0,0,0,0,0,0,2,0,2
,,,,,,,0,0,0,0,0,0,0,0,2,0,3,0,5
,,,,,,,0,0,0,0,0,1,0,0,2,0,3,1,5
,,,,,,,0,0,0,0,0,0,0,0,0,0,2,0,2
,,,,,,,0,0,0,0,0,0,0,0,0,0,1,0,1
,,,,,,,0,0,0,0,0,1,0,0,0,0,5,1,5
,,,,,,,0,0,0,0,0,3,0,0,0,0,7,3,7
,,,,,,,0,0,0,0,0,3,0,0,0,0,4,3,4
,,,,,,,0,0,0,0,0,2,0,1,0,0,4,2,5
,,,,,,,0,0,1,0,0,0,0,1,0,0,0,1,1
,,,,,,,0,0,0,0,0,0,0,0,0,0,0,0,0
,,,,,,,0,0,0,0,0,0,1,1,1,2,0,0,5
,,,,,,,0,0,0,0,0,0,1,3,1,1,3,0,9
,,,,,,,0,0,0,0,0,2,0,0,1,0,2,2,3
,,,,,,,0,0,0,0,0,1,0,0,0,0,3,1,3
,,,,,,,0,0,0,0,0,0,0,0,0,0,2,0,2
,,,,,,,0,1,0,0,0,2,1,0,0,0,5,3,6
,,,,,,,0,0,0,0,0,0,1,0,0,0,1,0,2
,,,,,,,0,0,0,0,0,0,0,0,0,0,0,0,0
,,,,,,,0,0,0,0,0,0,0,0,0,0,0,0,0
,,,,,,,0,0,0,0,0,0,0,0,1,0,0,0,1
,,,,,,,0,0,0,2,1,0,2,0,3,2,0,3,7
,,,,,,,0,3,0,1,2,0,3,0,4,3,0,6,10
,,,,,,,0,0,0,0,2,2,1,0,0,2,2,4,5
,,,,,,,0,0,0,0,0,0,0,0,1,0,2,0,3
,,,,,,,0,0,0,0,0,0,0,0,1,0,0,0,1
,,,,,,,0,0,0,0,0,0,0,0,0,0,0,0,0
,,,,,,,0,0,0,0,0,0,0,0,0,0,2,0,2
,,,,,,,0,0,0,0,0,2,0,0,0,0,4,2,4
,,,,,,,0,1,0,0,0,0,3,0,1,0,3,1,7
,,,,,,,0,1,0,0,0,0,2,0,0,0,1,1,3
,,,,,,,0,0,0,0,0,2,0,0,0,1,3,2,4
,,,,,,,0,3,3,0,1,1,3,5,0,1,3,8,12
,,,,,,,0,1,0,1,4,2,2,0,1,6,2,8,11
,,,,,,,0,0,0,3,4,2,2,0,4,8,6,9,20
,,,,,,,0,0,0,0,1,3,0,1,3,3,5,4,12
,,,,,,,0,1,0,0,0,0,2,0,0,2,1,1,5
,,,,,,,0,1,0,0,2,0,2,0,0,3,0,3,5
,,,,,,,0,0,0,0,0,0,1,0,0,0,0,0,1
,,,,,,,0,1,0,0,1,0,5,0,0,1,0,2,6
,,,,,,,0,3,0,0,0,0,8,1,0,2,0,3,11
,,,,,,,0,6,3,0,1,0,11,7,2,5,3,10,28
,,,,,,,0,7,5,2,2,1,17,8,4,8,4,17,41
,,,,,,,0,2,4,0,1,1,10,11,2,3,3,8,29
,,,,,,,0,6,6,1,1,3,15,9,1,1,3,17,29
,,,,,,,0,3,1,0,0,2,9,5,0,1,4,6,19
,,,,,,,0,0,1,0,0,0,0,2,0,0,3,1,5
,,,,,,,0,0,0,0,0,1,1,1,0,3,4,1,9
,,,,,,,0,0,0,0,0,1,1,3,0,0,4,1,8
,,,,,,,0,0,2,0,0,2,2,4,0,0,10,4,16
,,,,,,,0,1,4,0,0,5,5,6,0,1,6,10,18
,,,,,,,0,3,3,0,0,0,16,10,0,1,1,6,28
,,,,,,,0,8,2,0,0,0,13,7,0,0,0,10,20
,,,,,,,0,14,8,1,5,1,26,19,4,7,4,29,60
,,,,,,,0,5,4,1,0,0,21,13,4,7,1,10,46
,,,,,,,0,4,1,1,2,0,13,3,2,3,0,8,21
,,,,,,,0,1,2,0,1,1,11,7,0,3,2,5,23
,,,,,,,0,5,8,0,0,2,10,12,2,1,4,15,29
,,,,,,,0,3,2,0,0,1,5,6,0,0,3,6,14
,,,,,,,0,0,0,0,1,0,2,2,1,3,0,1,8
,,,,,,,0,2,1,1,3,0,2,2,3,4,0,7,11
,,,,,,,0,0,0,2,4,3,1,1,3,6,4,9,15
,,,,,,,0,0,0,0,1,2,0,0,1,5,6,3,12
,,,,,,,0,1,0,1,1,2,1,0,1,3,3,5,8
,,,,,,,0,1,1,0,0,0,3,1,1,2,1,2,8
,,,,,,,0,0,0,0,0,0,0,0,0,1,0,0,1
,,,,,,,0,0,0,0,1,0,0,0,0,1,0,1,1
,,,,,,,0,0,0,0,0,0,0,0,0,0,0,0,0
,,,,,,,0,0,0,0,0,0,0,0,0,0,0,0,0
,,,,,,,0,0,0,0,0,0,0,0,0,0,0,0,0
,,,,,,,0,0,0,0,0,0,1,0,0,0,1,0,2
,,,,,,,0,2,0,0,1,2,3,0,1,2,2,5,8
,,,,,,,0,1,0,1,0,2,2,0,2,3,3,4,10
,,,,,,,0,1,0,1,1,1,2,0,2,1,2,4,7
,,,,,,,0,0,0,0,0,0,3,1,2,1,1,0,8
,,,,,,,0,0,0,1,0,1,1,0,3,4,4,2,12
,,,,,,,0,1,0,1,1,1,2,2,2,4,4,4,14
,,,,,,,0,1,0,1,0,1,2,0,2,1,11,3,16
,,,,,,,0,0,0,2,0,12,1,0,2,2,18,14,23
,,,,,,,0,0,0,0,1,6,0,0,0,2,9,7,11
,,,,,,,0,0,0,0,0,1,0,0,0,0,3,1,3
,,,,,,,0,1,0,0,0,2,1,0,0,0,6,3,7
,,,,,,,0,0,0,0,1,1,0,0,0,1,3,2,4
,,,,,,,0,1,0,0,1,2,1,0,1,3,2,4,7
,,,,,,,0,0,0,1,3,0,0,0,1,3,3,4,7
,,,,,,,0,0,0,0,0,0,2,0,0,0,0,0,2
,,,,,,,0,1,0,0,0,0,1,0,0,0,0,1,1
,,,,,,,0,0,0,0,0,2,4,1,1,1,3,2,10
,,,,,,,0,0,0,0,0,2,2,0,0,3,6,2,11
,,,,,,,0,0,0,0,1,2,0,0,1,5,5,3,11
,,,,,,,0,0,0,3,1,3,1,0,5,5,6,7,17
,,,,,,,0,0,0,0,1,0,0,2,1,3,3,1,9
,,,,,,,0,1,2,1,3,2,1,2,2,3,4,9,12
,,,,,,,0,0,0,0,2,2,1,0,2,4,3,4,10
,,,,,,,0,0,0,1,2,3,0,0,2,3,5,6,10
,,,,,,,0,0,0,0,0,0,0,0,0,1,1,0,2
,,,,,,,0,0,0,0,0,0,0,0,0,1,2,0,3
,,,,,,,0,0,0,1,2,0,1,1,1,2,3,3,8
,,,,,,,0,0,0,1,1,1,1,1,2,5,2,3,11
,,,,,,,0,0,0,0,0,1,0,0,1,1,3,1,5
,,,,,,,0,0,0,0,0,3,1,0,1,2,5,3,9
,,,,,,,0,0,0,0,0,1,1,0,1,4,5,1,11
,,,,,,,0,0,0,0,0,0,0,0,2,5,1,0,8
,,,,,,,0,0,0,0,1,2,0,0,2,2,2,3,6
,,,,,,,0,0,0,0,0,2,1,0,0,0,5,2,6
,,,,,,,0,1,0,0,0,1,1,0,0,0,3,2,4
,,,,,,,0,0,0,0,0,0,0,0,0,0,0,0,0
,,,,,,,0,0,0,0,0,0,0,0,0,0,0,0,0
,,,,,,,0,0,0,2,1,0,0,0,2,2,4,3,8
,,,,,,,0,0,0,1,3,0,0,0,3,5,3,4,11
,,,,,,,0,0,0,1,1,4,0,0,5,4,5,6,14
,,,,,,,0,0,0,2,0,3,0,0,3,2,4,5,9
,,,,,,,0,1,0,1,1,2,1,0,2,3,6,5,12
,,,,,,,0,1,0,0,0,2,2,0,3,5,8,3,18
,,,,,,,0,1,0,2,4,2,1,0,3,5,3,9,12
,,,,,,,0,0,0,0,1,0,0,0,0,2,2,1,4
,,,,,,,0,0,0,0,0,4,0,0,0,0,4,4,4
,,,,,,,0,0,0,0,0,0,0,0,0,0,2,0,2
,,,,,,,0,0,0,0,0,0,0,0,0,0,0,0,0
,,,,,,,0,0,0,0,0,0,0,0,0,1,0,0,1
,,,,,,,0,0,0,0,1,0,0,0,0,1,2,1,3
,,,,,,,0,0,0,0,0,0,0,0,0,0,1,0,1
,,,,,,,0,0,0,0,0,0,0,0,0,0,0,0,0
,,,,,,,0,0,0,0,0,0,0,0,0,0,0,0,0
,,,,,,,0,0,0,0,1,0,0,1,1,2,2,1,6
,,,,,,,0,0,1,1,1,0,0,1,1,3,2,3,7
,,,,,,,0,0,0,0,1,0,0,0,0,2,2,1,4
,,,,,,,0,0,0,0,1,3,0,0,0,3,4,4,7
,,,,,,,0,0,0,0,2,3,0,0,1,3,5,5,9
,,,,,,,0,0,0,0,0,4,0,0,0,0,5,4,5
,,,,,,,0,0,0,0,0,1,0,0,0,0,2,1,2
,,,,,,,0,0,0,0,0,2,0,0,0,0,2,2,2
,,,,,,,0,0,0,0,0,1,0,0,0,1,7,1,8
,,,,,,,0,0,0,0,0,0,0,0,0,0,3,0,3
,,,,,,,0,0,0,0,0,0,0,0,0,0,0,0,0
,,,,,,,0,0,0,0,0,0,0,0,0,0,0,0,0
,,,,,,,0,0,0,0,0,3,0,0,0,0,3,3,3
,,,,,,,0,0,0,0,0,1,0,0,0,0,2,1,2
,,,,,,,0,2,1,2,3,0,3,2,3,4,4,8,16
,,,,,,,0,1,3,2,4,8,4,3,4,6,12,18,29
,,,,,,,0,0,0,1,1,1,1,0,1,2,9,3,13
,,,,,,,0,0,0,0,0,0,1,0,0,0,0,0,1
,,,,,,,0,0,0,0,0,1,0,0,0,0,1,1,1
,,,,,,,0,0,0,0,1,2,1,0,0,3,8,3,12
,,,,,,,0,0,0,0,1,3,0,0,0,4,6,4,10
,,,,,,,0,0,0,0,1,2,0,0,0,2,3,3,5
,,,,,,,0,0,0,0,0,0,0,0,1,1,3,0,5
,,,,,,,0,0,0,0,0,0,0,0,0,0,0,0,0
,,,,,,,0,0,0,0,0,0,1,0,1,1,0,0,3
,,,,,,,0,0,0,0,1,0,1,0,2,2,0,1,5
,,,,,,,0,0,0,0,3,2,0,0,0,5,2,5,7
,,,,,,,0,0,0,0,0,2,0,0,0,1,2,2,3
,,,,,,,0,0,0,0,0,0,0,0,0,0,0,0,0
,,,,,,,0,0,0,0,0,0,0,0,0,0,0,0,0
,,,,,,,0,0,0,0,0,0,0,0,0,0,0,0,0
,,,,,,,0,0,0,0,0,0,0,0,0,0,1,0,1
,,,,,,,0,0,0,0,0,1,1,1,0,0,3,1,5
,,,,,,,0,0,1,0,0,0,1,2,1,1,1,1,6
,,,,,,,0,1,0,0,0,2,1,0,0,0,2,3,3
,,,,,,,0,0,0,0,0,0,0,0,0,0,2,0,2
,,,,,,,0,0,0,0,0,0,0,0,1,1,0,0,2
,,,,,,,0,1,0,0,0,0,1,1,2,2,2,1,8
,,,,,,,0,0,1,0,0,2,0,1,0,0,3,3,4
,,,,,,,0,1,0,0,0,2,3,0,0,3,3,3,9
,,,,,,,0,1,0,0,1,1,6,0,0,6,3,3,15
,,,,,,,0,3,0,0,0,0,4,0,0,3,1,3,8
,,,,,,,0,1,0,1,0,0,7,0,2,3,0,2,12
,,,,,,,0,3,0,0,0,0,7,1,0,2,1,3,11
,,,,,,,0,3,2,0,3,2,13,6,0,5,4,10,28
,,,,,,,0,4,3,0,1,0,9,6,2,2,2,8,21
,,,,,,,0,1,1,0,0,0,2,3,0,1,0,2,6
,,,,,,,0,0,0,0,0,1,2,1,1,2,2,1,8
,,,,,,,0,1,1,0,0,2,3,1,3,4,5,4,16
,,,,,,,0,0,2,1,1,0,2,2,2,3,3,4,12
,,,,,,,0,3,0,0,1,0,5,4,0,1,3,4,13
,,,,,,,0,1,1,0,0,2,3,4,0,1,6,4,14
,,,,,,,0,1,1,0,1,3,1,5,0,1,4,6,11
,,,,,,,0,0,0,0,0,0,6,5,0,2,0,0,13
,,,,,,,0,6,2,0,1,0,17,5,0,1,0,9,23
,,,,,,,0,4,3,0,0,0,13,9,1,1,0,7,24
,,,,,,,0,13,9,2,1,2,20,15,2,6,2,27,45
,,,,,,,0,14,5,0,1,0,25,13,4,7,3,20,52
,,,,,,,0,2,1,0,1,0,8,1,1,2,0,4,12
,,,,,,,0,1,0,0,1,0,9,6,5,2,0,2,22
,,,,,,,0,7,6,5,1,2,16,11,6,4,7,21,44
,,,,,,,0,8,4,1,2,0,17,7,2,4,4,15,34
,,,,,,,0,1,0,0,1,0,7,1,1,1,0,2,10
,,,,,,,0,0,2,1,2,1,2,4,1,4,2,6,13
,,,,,,,0,0,1,0,1,2,0,2,2,3,2,4,9
,,,,,,,0,0,0,0,0,0,0,0,1,0,3,0,4
,,,,,,,0,0,0,0,0,0,0,0,0,0,0,0,0
,,,,,,,0,0,0,0,0,0,0,0,0,0,0,0,0
,,,,,,,0,0,0,0,0,0,0,0,0,0,0,0,0
,,,,,,,0,0,0,0,0,0,0,0,0,0,0,0,0
,,,,,,,0,0,0,0,0,0,0,0,0,0,0,0,0
,,,,,,,0,0,0,0,0,0,0,0,0,0,0,0,0
,,,,,,,0,0,0,0,0,0,0,0,0,0,0,0,0
,,,,,,,0,0,0,0,0,0,1,0,0,1,0,0,2
,,,,,,,0,2,0,1,1,0,2,0,2,3,1,4,8
,,,,,,,0,1,0,0,0,0,3,0,5,1,2,1,11
,,,,,,,0,1,0,2,1,3,2,0,3,2,3,7,10
,,,,,,,0,0,0,1,0,1,0,0,1,3,4,2,8
,,,,,,,0,0,0,3,1,3,0,0,3,3,7,7,13
,,,,,,,0,1,1,1,4,3,2,1,3,5,7,10,18
,,,,,,,0,2,0,0,4,4,4,1,1,8,5,10,19
,,,,,,,0,2,2,0,2,5,2,2,0,5,11,11,20
,,,,,,,0,0,0,1,1,0,0,2,2,4,7,2,15
,,,,,,,0,0,0,2,2,3,0,0,2,3,6,7,11
,,,,,,,0,0,0,0,0,3,0,0,0,0,6,3,6
,,,,,,,0,0,0,0,0,0,0,0,0,1,4,0,5
,,,,,,,0,1,0,0,0,2,1,0,0,0,4,3,5
,,,,,,,0,0,0,0,1,0,0,0,0,1,2,1,3
,,,,,,,0,1,0,0,0,0,2,0,0,0,2,1,4
,,,,,,,0,0,0,0,0,2,2,0,0,0,3,2,5
,,,,,,,0,0,0,0,0,0,0,0,0,0,2,0,2
,,,,,,,0,0,0,0,0,2,2,0,0,1,3,2,6
,,,,,,,0,0,0,0,0,0,1,0,2,5,3,0,11
,,,,,,,0,1,0,5,3,3,1,0,6,4,5,12,16
,,,,,,,0,0,0,1,1,2,0,0,3,2,7,4,12
,,,,,,,0,0,0,0,0,1,0,1,1,1,4,1,7
,,,,,,,0,0,0,0,1,2,0,0,1,2,4,3,7
,,,,,,,0,0,0,1,2,4,0,0,2,3,6,7,11
,,,,,,,0,0,0,0,0,0,0,0,0,2,2,0,4
,,,,,,,0,0,0,0,0,0,1,0,0,2,0,0,3
,,,,,,,0,1,0,0,0,0,1,0,0,0,1,1,2
,,,,,,,0,0,0,1,4,2,0,0,1,4,5,7,10
,,,,,,,0,0,0,0,0,2,0,0,2,3,4,2,9
,,,,,,,0,1,0,1,2,0,1,0,2,5,5,4,13
,,,,,,,0,0,0,2,0,2,1,0,3,3,3,4,10
,,,,,,,0,0,0,0,1,0,0,0,3,2,2,1,7
,,,,,,,0,0,0,1,0,0,0,0,1,1,0,1,2
,,,,,,,0,0,1,1,2,2,1,1,2,3,3,6,10
,,,,,,,0,0,0,1,1,0,1,0,1,1,2,2,5
,,,,,,,0,0,0,0,1,0,0,0,0,1,0,1,1
,,,,,,,0,0,0,0,0,0,0,0,0,1,0,0,1
,,,,,,,0,0,0,0,0,1,0,0,0,0,4,1,4
,,,,,,,0,0,0,2,2,2,0,0,4,4,3,6,11
,,,,,,,0,0,0,1,1,2,0,0,3,3,5,4,11
,,,,,,,0,0,0,0,0,0,0,0,1,1,0,0,2
,,,,,,,0,0,0,1,0,2,1,0,3,3,2,3,9
,,,,,,,0,0,0,1,0,0,0,0,2,2,4,1,8
,,,,,,,0,0,0,0,0,2,0,0,0,1,4,2,5
,,,,,,,0,0,0,0,0,1,0,0,0,3,4,1,7
,,,,,,,0,0,0,0,0,0,0,0,0,1,3,0,4
,,,,,,,0,0,0,0,1,2,0,0,0,1,2,3,3
,,,,,,,0,0,0,0,1,0,0,0,0,1,2,1,3
,,,,,,,0,0,0,0,1,0,0,0,1,1,0,1,2
,,,,,,,0,0,0,0,0,4,0,0,0,0,4,4,4
,,,,,,,0,0,0,0,0,0,0,0,0,0,4,0,4
,,,,,,,0,0,0,0,0,0,0,0,0,0,0,0,0
,,,,,,,0,0,0,0,0,0,0,0,0,0,0,0,0
,,,,,,,0,0,0,0,0,0,1,0,1,1,0,0,3
,,,,,,,0,1,0,1,1,0,1,0,1,1,0,3,3
,,,,,,,0,0,0,0,0,0,0,0,2,2,2,0,6
,,,,,,,0,0,0,1,2,1,0,0,1,3,2,4,6
,,,,,,,0,0,0,1,1,0,0,0,2,4,4,2,10
,,,,,,,0,0,0,0,0,0,0,0,1,2,5,0,8
,,,,,,,0,0,0,0,0,0,0,0,0,0,1,0,1
,,,,,,,0,0,0,0,0,0,1,0,3,5,2,0,11
,,,,,,,0,1,0,3,5,3,2,1,4,10,6,12,23
,,,,,,,0,0,0,0,0,1,0,0,0,1,4,1,5
,,,,,,,0,0,0,0,0,0,1,0,0,2,3,0,6
,,,,,,,0,1,0,0,0,2,1,0,0,2,3,3,6
,,,,,,,0,0,0,0,0,0,1,0,0,1,3,0,5
,,,,,,,0,0,0,0,0,0,0,0,0,0,0,0,0
,,,,,,,0,0,0,0,0,0,1,0,0,2,2,0,5
,,,,,,,0,0,0,0,0,5,2,0,1,3,8,5,14
,,,,,,,0,0,0,0,0,1,1,0,0,1,3,1,5
,,,,,,,0,1,0,0,0,0,1,0,0,0,0,1,1
,,,,,,,0,0,0,0,0,0,1,0,0,0,0,0,1
,,,,,,,0,1,0,0,3,0,1,0,0,3,4,4,8
,,,,,,,0,0,0,0,0,1,1,0,0,4,6,1,11
,,,,,,,0,0,0,0,1,1,0,0,1,2,5,2,8
,,,,,,,0,0,0,1,1,2,0,0,1,1,4,4,6
,,,,,,,0,0,0,0,0,2,0,0,0,0,2,2,2
,,,,,,,0,1,0,0,1,0,1,0,0,1,0,2,2
,,,,,,,0,0,0,1,0,0,1,0,3,6,0,1,10
,,,,,,,0,0,0,1,2,0,0,0,3,8,1,3,12
,,,,,,,0,0,0,0,0,2,0,0,1,1,3,2,5
,,,,,,,0,0,0,1,0,1,1,0,2,0,4,2,7
,,,,,,,0,0,0,0,0,0,3,0,0,1,2,0,6
,,,,,,,0,0,0,0,0,0,0,0,0,0,0,0,0
,,,,,,,0,0,0,0,0,0,0,0,0,0,0,0,0
,,,,,,,0,0,0,0,0,2,0,1,0,0,3,2,4
,,,,,,,0,0,1,1,2,0,0,2,1,2,5,4,10
,,,,,,,0,1,0,0,1,0,2,2,0,2,2,2,8
,,,,,,,0,0,2,0,0,1,3,2,1,3,2,3,11
,,,,,,,0,7,1,1,0,0,14,5,2,3,0,9,24
,,,,,,,0,4,1,1,1,0,14,6,1,2,0,7,23
,,,,,,,0,0,0,0,0,0,1,0,0,1,0,0,2
,,,,,,,0,0,0,0,0,0,0,0,0,0,0,0,0
,,,,,,,0,0,1,0,0,0,0,1,0,3,2,1,6
,,,,,,,0,2,0,0,3,2,9,2,1,5,4,7,21
,,,,,,,0,8,1,2,2,1,11,1,3,4,4,14,23
,,,,,,,0,2,0,0,1,3,7,0,2,3,6,6,18
,,,,,,,0,1,0,1,3,4,2,0,1,3,5,9,11
,,,,,,,0,0,0,0,0,0,0,0,0,1,1,0,2
,,,,,,,0,0,0,0,1,0,0,0,0,1,0,1,1
,,,,,,,0,0,0,0,1,0,4,1,0,5,4,1,14
,,,,,,,0,5,1,2,2,6,17,6,4,5,8,16,40
,,,,,,,0,11,4,3,5,4,23,18,9,9,13,27,72
,,,,,,,0,9,7,3,2,2,20,10,5,6,6,23,47
,,,,,,,0,3,2,0,0,0,11,7,1,0,5,5,24
,,,,,,,0,2,1,0,0,1,10,5,0,1,7,4,23
,,,,,,,0,3,1,0,0,0,5,2,1,1,2,4,11
,,,,,,,0,3,1,1,0,0,7,2,2,0,0,5,11
,,,,,,,0,2,0,1,1,0,8,3,1,3,0,4,15
,,,,,,,0,5,2,0,2,0,16,3,2,5,0,9,26
,,,,,,,0,13,3,1,4,2,19,5,1,6,3,23,34
,,,,,,,0,3,0,0,3,1,12,3,2,3,6,7,26
,,,,,,,0,3,2,2,1,2,8,2,2,3,2,10,17
,,,,,,,0,3,1,1,0,3,10,3,5,2,7,8,27
,,,,,,,0,5,1,1,2,1,16,4,3,4,5,10,32
,,,,,,,0,5,0,0,0,6,15,2,3,5,8,11,33
,,,,,,,0,1,0,0,0,2,7,2,0,4,5,3,18
,,,,,,,0,0,0,0,1,0,5,2,0,4,0,1,11
,,,,,,,0,0,0,0,2,0,0,0,0,2,0,2,2
,,,,,,,0,0,0,0,0,0,2,1,0,1,0,0,4
,,,,,,,0,0,0,0,0,0,0,0,0,0,0,0,0
,,,,,,,0,0,0,0,0,0,0,0,0,0,0,0,0
,,,,,,,0,0,0,0,0,1,0,0,0,0,2,1,2
,,,,,,,0,0,0,0,0,0,0,0,0,0,2,0,2
,,,,,,,0,0,0,0,0,0,0,0,0,0,0,0,0
,,,,,,,0,0,0,0,0,0,0,0,0,0,0,0,0
,,,,,,,0,0,0,0,0,0,0,0,0,1,0,0,1
,,,,,,,0,0,0,0,0,0,1,0,0,1,0,0,2
,,,,,,,0,0,0,0,0,0,0,0,0,0,0,0,0
,,,,,,,0,0,0,0,0,0,1,0,1,1,2,0,5
,,,,,,,0,1,0,1,3,1,1,0,3,6,4,6,14
,,,,,,,0,0,0,0,0,0,0,0,1,5,4,0,10
,,,,,,,0,0,0,1,1,2,0,0,1,3,3,4,7
,,,,,,,0,0,0,0,1,0,0,0,0,4,0,1,4
,,,,,,,0,0,0,0,1,0,0,2,0,2,5,1,9
,,,,,,,0,1,0,0,2,3,1,1,1,5,6,6,14
,,,,,,,0,0,0,0,1,3,2,0,1,3,6,4,12
,,,,,,,0,1,0,0,1,0,1,0,0,1,1,2,3
,,,,,,,0,0,0,0,3,3,0,0,0,4,3,6,7
,,,,,,,0,0,0,0,1,1,0,0,0,3,4,2,7
,,,,,,,0,0,0,0,0,0,0,0,0,3,1,0,4
,,,,,,,0,0,0,0,2,2,1,0,0,2,3,4,6
,,,,,,,0,1,0,0,0,0,1,0,0,0,4,1,5
,,,,,,,0,0,0,0,0,0,0,0,0,0,0,0,0
,,,,,,,0,2,0,0,1,1,2,0,0,2,5,4,9
,,,,,,,0,0,0,0,2,1,2,0,1,4,1,3,8
,,,,,,,0,0,0,0,0,0,0,0,2,2,3,0,7
,,,,,,,0,0,2,1,5,2,1,2,4,8,6,10,21
,,,,,,,0,1,0,0,1,1,1,2,1,5,5,3,14
,,,,,,,0,0,0,0,0,0,0,0,1,0,1,0,2
,,,,,,,0,0,0,0,0,0,0,0,0,0,0,0,0
,,,,,,,0,0,0,0,0,1,0,0,0,2,1,1,3
,,,,,,,0,0,0,0,1,0,0,0,0,5,2,1,7
,,,,,,,0,0,0,0,0,1,0,0,0,1,3,1,4
,,,,,,,0,0,1,0,2,4,1,1,0,2,4,7,8
,,,,,,,0,1,0,0,0,2,1,1,0,2,6,3,10
,,,,,,,0,0,0,0,3,3,1,0,1,3,5,6,10
,,,,,,,0,0,0,0,0,0,0,0,1,1,3,0,5
,,,,,,,0,1,0,0,0,2,1,0,2,3,2,3,8
,,,,,,,0,0,0,0,0,0,1,0,0,1,0,0,2
,,,,,,,0,0,1,1,1,2,0,1,2,4,6,5,13
,,,,,,,0,0,0,0,1,0,0,0,0,2,2,1,4
,,,,,,,0,0,0,0,0,0,0,0,0,0,2,0,2
,,,,,,,0,0,0,0,0,2,0,0,0,0,2,2,2
,,,,,,,0,0,0,0,0,0,0,1,0,0,2,0,3
,,,,,,,0,0,1,0,0,2,0,1,0,0,3,3,4
,,,,,,,0,0,0,1,0,1,0,0,2,1,4,2,7
,,,,,,,0,0,0,1,1,0,0,0,1,1,3,2,5
,,,,,,,0,1,0,0,0,2,1,0,0,0,3,3,4
,,,,,,,0,0,0,0,0,2,0,0,1,0,5,2,6
,,,,,,,0,0,0,0,0,2,0,0,1,0,3,2,4
,,,,,,,0,0,0,0,0,0,1,0,1,3,4,0,9
,,,,,,,0,1,0,2,5,2,1,0,2,5,5,10,13
,,,,,,,0,0,0,0,0,1,0,0,1,2,3,1,6
,,,,,,,0,0,0,0,0,0,0,0,1,3,2,0,6
,,,,,,,0,0,0,2,2,0,0,0,3,2,3,4,8
,,,,,,,0,0,0,2,0,3,0,0,4,1,3,5,8
,,,,,,,0,0,0,0,1,3,0,0,2,2,7,4,11
,,,,,,,0,0,0,0,0,0,0,0,0,0,3,0,3
,,,,,,,0,0,0,0,0,0,0,0,0,0,0,0,0
,,,,,,,0,0,0,0,0,0,0,0,0,0,0,0,0
,,,,,,,0,0,0,0,0,2,1,0,1,2,2,2,6
,,,,,,,0,1,0,1,2,2,1,0,2,3,4,6,10
,,,,,,,0,0,0,1,0,2,0,0,3,3,9,3,15
,,,,,,,0,0,0,0,0,2,1,0,2,4,5,2,12
,,,,,,,0,1,0,1,3,3,1,0,1,3,4,8,9
,,,,,,,0,0,0,0,2,0,1,0,2,2,6,2,11
,,,,,,,0,1,0,0,0,0,3,1,3,4,2,1,13
,,,,,,,0,0,1,3,4,5,2,1,5,9,8,13,25
,,,,,,,0,2,2,4,6,6,3,2,7,11,12,20,35
,,,,,,,0,1,0,1,3,0,4,2,2,5,4,5,17
,,,,,,,0,1,0,0,2,2,2,0,1,5,4,5,12
,,,,,,,0,1,0,0,1,4,2,1,3,4,6,6,16
,,,,,,,0,1,0,1,1,2,1,1,3,3,4,5,12
,,,,,,,0,1,0,1,2,0,1,0,1,2,2,4,6
,,,,,,,0,0,0,0,0,0,0,0,0,1,0,0,1
,,,,,,,0,3,0,0,0,0,3,0,0,0,0,3,3
,,,,,,,0,0,0,0,0,0,2,0,0,0,0,0,2
,,,,,,,0,0,0,0,0,0,0,0,0,0,0,0,0
,,,,,,,0,0,0,0,0,2,0,0,0,0,2,2,2
,,,,,,,0,0,0,0,0,0,1,0,0,0,3,0,4
,,,,,,,0,0,0,0,0,2,0,0,0,0,5,2,5
,,,,,,,0,0,0,0,0,1,0,2,0,1,2,1,5
,,,,,,,0,0,0,0,0,2,0,0,0,0,4,2,4
,,,,,,,0,0,0,0,0,2,1,0,1,1,4,2,7
,,,,,,,0,1,0,2,0,0,3,0,2,4,0,3,9
,,,,,,,0,0,0,1,1,0,0,0,1,4,0,2,5
,,,,,,,0,0,0,1,3,0,1,0,1,7,2,4,11
,,,,,,,0,0,0,0,0,2,0,0,0,1,4,2,5
,,,,,,,0,1,0,1,1,1,2,0,2,1,3,4,8
,,,,,,,0,3,0,1,2,1,4,1,2,2,3,7,12
,,,,,,,0,0,0,0,0,0,3,1,1,2,2,0,9
,,,,,,,0,0,0,0,0,0,0,0,0,0,0,0,0
,,,,,,,0,0,0,0,0,0,0,0,0,0,4,0,4
,,,,,,,0,0,0,0,0,3,0,0,0,1,4,3,5
,,,,,,,0,0,0,0,0,0,1,2,0,2,3,0,8
,,,,,,,0,4,0,3,3,1,6,2,4,7,3,11,22
,,,,,,,0,7,3,4,7,4,27,9,12,15,5,25,68
,,,,,,,0,6,4,0,4,1,15,10,6,9,5,15,45
,,,,,,,0,0,1,1,1,0,2,1,2,1,1,3,7
,,,,,,,0,0,0,0,0,0,1,1,0,2,0,0,4
,,,,,,,0,1,1,0,0,0,1,1,0,0,0,2,2
,,,,,,,0,0,0,0,0,1,3,1,0,1,3,1,8
,,,,,,,0,0,0,0,0,1,2,1,1,1,4,1,9
,,,,,,,0,0,0,0,0,1,2,0,1,0,5,1,8
,,,,,,,0,0,0,0,0,2,0,0,0,0,2,2,2
,,,,,,,0,1,0,0,0,0,1,0,0,0,4,1,5
,,,,,,,0,1,1,0,0,0,4,1,1,2,2,2,10
,,,,,,,0,2,0,1,2,2,9,4,2,3,7,7,25
,,,,,,,0,7,0,2,1,4,17,9,5,6,10,14,47
,,,,,,,0,8,12,2,2,5,23,13,7,5,13,29,61
,,,,,,,0,4,2,0,0,2,18,12,4,4,8,8,46
,,,,,,,0,8,3,4,2,2,16,7,4,2,4,19,33
,,,,,,,0,5,2,3,2,4,10,8,3,2,7,16,30
,,,,,,,0,2,2,0,1,2,6,4,1,1,4,7,16
,,,,,,,0,3,1,2,4,2,5,2,4,6,5,12,22
,,,,,,,0,1,2,2,5,1,9,14,4,9,5,11,41
,,,,,,,0,4,4,3,3,2,12,14,5,8,4,16,43
,,,,,,,0,5,3,1,2,2,11,8,3,4,5,13,31
,,,,,,,0,7,4,1,3,6,15,8,2,8,6,21,39
,,,,,,,0,1,0,1,1,0,8,3,2,5,5,3,23
,,,,,,,0,3,0,0,0,0,7,0,1,1,2,3,11
,,,,,,,0,0,0,0,1,2,10,2,2,5,4,3,23
,,,,,,,0,10,2,2,5,2,11,3,2,6,12,21,34
,,,,,,,0,5,2,1,3,4,16,3,1,9,6,15,35
,,,,,,,0,5,0,0,3,0,9,1,1,7,0,8,18
,,,,,,,0,0,0,0,1,0,0,0,0,2,0,1,2
,,,,,,,0,3,1,0,0,0,5,1,1,2,0,4,9
,,,,,,,0,1,1,0,0,0,8,2,0,1,2,2,13
,,,,,,,0,1,0,0,0,1,2,0,0,1,2,2,5
,,,,,,,0,1,0,0,0,2,3,0,1,2,9,3,15
,,,,,,,0,0,0,0,0,1,0,0,0,0,4,1,4
,,,,,,,0,0,0,0,0,1,0,0,0,0,2,1,2
,,,,,,,0,0,0,0,0,2,0,0,0,0,2,2,2
,,,,,,,0,0,0,0,0,2,0,0,0,0,2,2,2
,,,,,,,0,0,0,0,0,0,0,0,0,0,0,0,0
,,,,,,,0,0,0,0,0,0,0,0,0,0,0,0,0
,,,,,,,0,0,0,0,1,0,0,0,0,1,1,1,2
,,,,,,,0,0,0,2,2,2,1,0,3,5,3,6,12
,,,,,,,0,0,0,0,2,4,0,0,3,5,7,6,15
,,,,,,,0,0,0,0,1,0,0,0,1,3,7,1,11
,,,,,,,0,0,0,0,0,0,0,0,0,1,3,0,4
,,,,,,,0,1,0,0,0,3,1,1,2,5,6,4,15
,,,,,,,0,1,0,2,4,3,2,0,3,5,5,10,15
,,,,,,,0,0,0,0,0,0,2,0,2,2,2,0,8
,,,,,,,0,0,0,0,0,0,0,0,0,1,0,0,1
,,,,,,,0,1,0,0,0,2,1,0,0,1,5,3,7
,,,,,,,0,1,0,0,1,1,2,0,2,5,6,3,15
,,,,,,,0,1,1,1,2,5,2,2,3,9,7,10,23
,,,,,,,0,0,0,0,1,0,1,1,0,3,2,1,7
,,,,,,,0,0,0,0,0,0,0,0,0,0,0,0,0
,,,,,,,0,0,0,0,0,0,4,1,0,1,0,0,6
,,,,,,,0,0,0,0,0,2,1,0,0,0,2,2,3
,,,,,,,0,0,0,0,1,0,0,0,1,5,4,1,10
,,,,,,,0,0,0,1,1,1,0,0,2,4,1,3,7
,,,,,,,0,0,0,2,4,1,0,2,3,7,3,7,15
,,,,,,,0,0,0,0,0,2,1,0,3,2,7,2,13
,,,,,,,0,1,0,1,0,0,2,0,2,1,4,2,9
,,,,,,,0,0,0,0,0,0,0,0,0,0,0,0,0
,,,,,,,0,0,0,0,0,0,0,0,0,3,1,0,4
,,,,,,,0,0,0,0,3,0,0,0,0,5,0,3,5
,,,,,,,0,0,0,3,4,1,0,0,5,7,3,8,15
,,,,,,,0,0,0,0,0,0,0,1,2,4,4,0,11
,,,,,,,0,0,0,0,0,0,2,0,0,0,2,0,4
,,,,,,,0,1,0,0,0,0,2,0,0,0,3,1,5
,,,,,,,0,0,0,0,0,2,0,0,2,3,3,2,8
,,,,,,,0,0,0,2,3,4,1,0,2,4,6,9,13
,,,,,,,0,0,0,0,0,1,2,0,3,4,3,1,12
,,,,,,,0,1,0,2,4,4,1,1,5,7,5,11,19
,,,,,,,0,0,0,0,0,0,0,0,1,3,2,0,6
,,,,,,,0,0,0,0,2,1,0,0,0,2,4,3,6
,,,,,,,0,0,0,0,1,2,0,0,0,2,4,3,6
,,,,,,,0,0,0,0,0,0,0,0,0,0,3,0,3
,,,,,,,0,0,0,0,1,3,0,0,0,1,7,4,8
,,,,,,,0,0,0,0,0,4,0,0,1,1,9,4,11
,,,,,,,0,0,0,0,1,4,1,0,3,4,7,5,15
,,,,,,,0,2,0,2,2,1,2,0,2,3,6,7,13
,,,,,,,0,0,0,0,0,2,0,1,0,1,5,2,7
,,,,,,,0,0,0,0,0,0,0,1,1,2,3,0,7
,,,,,,,0,0,0,0,1,0,1,0,2,3,2,1,8
,,,,,,,0,0,0,0,0,2,1,0,3,4,4,2,12
,,,,,,,0,0,0,3,2,1,0,0,4,5,3,6,12
,,,,,,,0,0,0,2,1,1,0,0,4,6,2,4,12
,,,,,,,0,0,0,0,1,2,0,0,3,5,4,3,12
,,,,,,,0,0,0,1,3,2,1,0,5,7,7,6,20
,,,,,,,0,0,0,0,1,2,1,0,2,6,8,3,17
,,,,,,,0,0,0,0,0,0,0,1,0,0,6,0,7
,,,,,,,0,0,0,0,0,2,0,0,0,0,2,2,2
,,,,,,,0,0,0,0,0,0,0,0,0,0,4,0,4
,,,,,,,0,0,0,0,1,2,0,0,0,1,4,3,5
,,,,,,,0,0,0,0,0,0,0,0,1,2,6,0,9
,,,,,,,0,0,0,0,0,2,0,0,1,1,4,2,6
,,,,,,,0,0,0,0,2,0,0,0,0,2,4,2,6
,,,,,,,0,0,0,0,0,1,0,0,0,2,5,1,7
,,,,,,,0,0,0,0,1,3,1,0,1,1,5,4,8
,,,,,,,0,1,0,1,0,2,3,1,2,3,3,4,12
,,,,,,,0,0,0,1,2,0,2,1,3,4,6,3,16
,,,,,,,0,0,0,1,0,1,0,1,3,5,3,2,12
,,,,,,,0,0,0,0,3,0,1,0,1,8,1,3,11
,,,,,,,0,0,0,0,0,0,1,0,1,7,1,0,10
,,,,,,,0,0,1,1,2,0,0,1,2,2,5,4,10
,,,,,,,0,0,0,1,1,0,1,2,3,1,4,2,11
,,,,,,,0,1,0,0,0,2,2,0,0,1,2,3,5
,,,,,,,0,0,0,0,0,0,0,0,0,0,0,0,0
,,,,,,,0,1,0,0,0,0,3,0,0,0,0,1,3
,,,,,,,0,0,0,0,0,0,1,0,0,0,0,0,1
,,,,,,,0,0,0,0,0,0,0,0,0,0,0,0,0
,,,,,,,0,0,0,0,0,0,1,0,0,0,1,0,2
,,,,,,,0,1,0,0,0,0,1,0,0,0,2,1,3
,,,,,,,0,0,0,0,0,3,0,2,0,1,5,3,8
,,,,,,,0,0,2,0,1,2,0,2,0,1,3,5,6
,,,,,,,0,0,0,1,1,2,1,3,3,2,4,4,13
,,,,,,,0,1,0,4,4,0,3,0,4,6,1,9,14
,,,,,,,0,2,0,2,3,0,7,1,6,8,4,7,26
,,,,,,,0,1,0,2,3,0,2,0,3,6,4,6,15
,,,,,,,0,2,1,1,1,0,3,1,1,5,1,5,11
,,,,,,,0,0,0,0,0,2,0,0,0,1,5,2,6
,,,,,,,0,0,0,0,0,2,0,0,0,0,2,2,2
,,,,,,,0,0,0,0,0,0,5,1,1,1,2,0,10
,,,,,,,0,4,1,1,1,2,8,1,1,1,3,9,14
,,,,,,,0,3,0,0,0,0,5,1,1,2,2,3,11
,,,,,,,0,0,0,0,0,1,0,0,0,0,2,1,2
,,,,,,,0,0,0,0,0,0,0,0,0,1,2,0,3
,,,,,,,0,0,0,1,3,3,0,0,1,4,3,7,8
,,,,,,,0,0,0,0,2,2,4,1,2,6,6,4,19
,,,,,,,0,3,1,5,5,4,5,3,8,10,7,18,33
,,,,,,,0,0,1,2,1,3,4,3,8,7,7,7,29
,,,,,,,0,2,1,1,1,1,2,3,1,2,4,6,12
,,,,,,,0,0,1,0,2,1,2,1,1,6,2,4,12
,,,,,,,0,0,2,1,3,0,1,2,3,6,4,6,16
,,,,,,,0,0,0,2,0,0,0,2,3,2,0,2,7
,,,,,,,0,0,1,0,0,1,0,3,3,3,2,2,11
,,,,,,,0,0,0,0,0,0,0,2,3,3,2,0,10
,,,,,,,0,0,1,0,0,1,0,1,0,0,5,2,6
,,,,,,,0,0,2,1,1,6,6,3,5,5,7,10,26
,,,,,,,0,2,2,1,2,1,8,4,3,4,5,8,24
,,,,,,,0,2,1,0,0,2,6,5,1,5,7,5,24
,,,,,,,0,4,2,0,1,2,13,6,6,7,8,9,40
,,,,,,,0,6,1,1,1,0,12,5,7,6,7,9,37
,,,,,,,0,1,0,2,2,2,2,1,2,3,2,7,10
,,,,,,,0,3,2,1,1,2,5,4,1,1,5,9,16
,,,,,,,0,0,0,2,2,1,1,4,3,3,2,5,13
,,,,,,,0,0,0,0,0,0,3,0,2,1,2,0,8
,,,,,,,0,4,0,2,3,2,5,1,2,4,5,11,17
,,,,,,,0,1,4,2,7,0,10,13,4,9,3,14,39
,,,,,,,0,1,1,2,6,0,14,16,4,10,2,10,46
,,,,,,,0,8,5,1,5,0,18,8,2,7,3,19,38
,,,,,,,0,2,1,0,0,1,7,7,1,4,5,4,24
,,,,,,,0,5,0,0,1,2,7,1,0,4,5,8,17
,,,,,,,0,7,1,0,0,1,12,1,0,1,5,9,19
,,,,,,,0,4,2,0,0,1,12,5,1,2,8,7,28
,,,,,,,0,3,3,0,1,1,9,4,1,4,3,8,21
,,,,,,,0,3,3,0,4,0,9,4,2,8,2,10,25
,,,,,,,0,2,1,1,0,0,4,3,2,6,1,4,16
,,,,,,,0,0,0,1,1,0,1,0,2,1,3,2,7
,,,,,,,0,2,0,2,2,3,4,0,4,4,8,9,20
,,,,,,,0,4,0,1,1,2,7,1,3,3,5,8,19
,,,,,,,0,2,0,0,2,0,3,0,1,2,3,4,9
,,,,,,,0,1,0,2,2,5,3,0,2,4,8,10,17
,,,,,,,0,0,0,0,0,1,2,0,1,2,4,1,9
,,,,,,,0,0,0,0,0,0,0,0,0,0,0,0,0
,,,,,,,0,0,0,0,0,0,0,0,0,0,1,0,1
,,,,,,,0,0,0,0,0,2,0,0,0,0,2,2,2
,,,,,,,0,0,0,0,0,1,0,0,0,0,3,1,3
,,,,,,,0,0,0,0,0,0,0,0,0,0,2,0,2
,,,,,,,0,0,0,0,0,0,0,0,0,0,0,0,0
,,,,,,,0,0,0,0,0,0,1,0,0,1,0,0,2
,,,,,,,0,1,0,2,2,0,1,0,2,5,5,5,13
,,,,,,,0,0,0,0,2,2,0,0,1,3,4,4,8
,,,,,,,0,0,0,0,1,1,1,1,1,2,2,2,7
,,,,,,,0,0,1,1,3,3,1,1,2,5,7,8,16
,,,,,,,0,0,0,0,0,0,1,0,2,2,5,0,10
,,,,,,,0,1,0,0,0,0,1,0,0,0,0,1,1
,,,,,,,0,0,0,0,1,0,1,0,0,3,2,1,6
,,,,,,,0,0,0,0,3,3,1,0,2,5,7,6,15
,,,,,,,0,2,0,4,2,3,3,0,4,7,8,11,22
,,,,,,,0,0,1,2,3,3,3,2,4,6,7,9,22
,,,,,,,0,0,0,0,0,0,0,2,1,4,0,0,7
,,,,,,,0,0,0,0,0,0,1,0,0,0,1,0,2
,,,,,,,0,6,3,0,1,0,7,5,0,2,0,10,14
,,,,,,,0,2,4,0,1,0,7,5,0,2,0,7,14
,,,,,,,0,0,0,0,1,0,0,0,0,1,0,1,1
,,,,,,,0,0,0,0,0,1,0,0,1,1,2,1,4
,,,,,,,0,0,0,0,0,0,0,0,0,2,3,0,5
,,,,,,,0,0,0,0,1,2,1,0,1,2,3,3,7
,,,,,,,0,2,0,1,2,3,2,0,2,3,4,8,11
,,,,,,,0,0,1,0,1,0,1,1,0,2,4,2,8
,,,,,,,0,2,0,2,3,3,2,1,2,5,4,10,14
,,,,,,,0,0,0,1,1,0,2,0,2,5,1,2,10
,,,,,,,0,0,0,7,4,6,0,0,13,9,8,17,30
,,,,,,,0,0,0,0,0,0,0,0,9,5,5,0,19
,,,,,,,0,0,0,0,1,0,1,0,0,1,0,1,2
,,,,,,,0,0,0,0,0,0,1,0,0,1,0,0,2
,,,,,,,0,0,0,0,0,0,0,0,0,0,0,0,0
,,,,,,,0,0,0,0,1,5,0,0,0,1,6,6,7
,,,,,,,0,0,0,1,3,4,1,1,7,7,9,8,25
,,,,,,,0,2,1,9,4,8,3,1,13,9,10,24,36
,,,,,,,0,0,0,2,1,1,2,0,6,2,4,4,14
,,,,,,,0,0,0,1,3,2,0,1,1,5,5,6,12
,,,,,,,0,0,0,0,0,2,0,0,1,1,3,2,5
,,,,,,,0,0,0,0,1,2,0,0,1,3,8,3,12
,,,,,,,0,0,0,1,2,2,0,0,1,4,7,5,12
,,,,,,,0,0,0,0,0,0,1,0,0,3,4,0,8
,,,,,,,0,0,0,0,0,0,1,0,3,3,3,0,10
,,,,,,,0,0,0,1,1,5,0,1,2,3,8,7,14
,,,,,,,0,0,1,1,5,2,2,1,3,6,7,9,19
,,,,,,,0,1,0,2,3,3,2,0,2,6,4,9,14
,,,,,,,0,0,0,0,1,0,0,0,0,3,2,1,5
,,,,,,,0,0,0,2,1,0,0,0,3,4,2,3,9
,,,,,,,0,0,0,2,2,0,0,0,4,4,2,4,10
,,,,,,,0,0,0,0,1,1,0,0,2,6,4,2,12
,,,,,,,0,0,0,2,2,1,1,0,2,5,5,5,13
,,,,,,,0,1,0,0,0,0,1,1,1,2,5,1,10
,,,,,,,0,0,1,0,0,4,0,1,0,0,6,5,7
,,,,,,,0,0,0,0,0,0,0,0,0,0,5,0,5
,,,,,,,0,0,0,0,0,0,0,0,0,0,1,0,1
,,,,,,,0,0,0,0,0,1,0,0,1,0,5,1,6
,,,,,,,0,0,0,1,1,4,0,0,2,4,7,6,13
,,,,,,,0,0,0,2,4,0,0,0,2,5,4,6,11
,,,,,,,0,0,0,2,2,1,1,0,3,7,3,5,14
,,,,,,,0,1,0,2,1,2,1,0,2,4,2,6,9
,,,,,,,0,0,0,0,0,2,0,0,0,1,4,2,5
,,,,,,,0,0,0,0,0,2,0,0,0,0,6,2,6
,,,,,,,0,0,0,0,0,0,0,0,0,0,1,0,1
,,,,,,,0,0,0,1,1,0,0,1,1,5,0,2,7
,,,,,,,0,0,0,1,4,0,0,1,1,8,0,5,10
,,,,,,,0,0,0,0,2,0,0,0,0,4,3,2,7
,,,,,,,0,0,0,0,1,2,0,0,0,1,3,3,4
,,,,,,,0,0,1,1,1,0,1,1,1,1,2,3,6
,,,,,,,0,0,0,0,0,0,1,1,0,0,2,0,4
,,,,,,,0,0,0,0,0,0,0,0,0,0,0,0,0
,,,,,,,0,0,0,0,0,0,1,0,0,0,0,0,1
,,,,,,,0,0,0,0,0,0,0,0,0,0,0,0,0
,,,,,,,0,0,0,0,0,0,0,0,0,0,0,0,0
,,,,,,,0,0,0,0,0,0,0,0,0,0,0,0,0
,,,,,,,0,0,0,0,0,0,0,0,0,0,0,0,0
,,,,,,,0,0,0,0,0,0,0,0,0,0,2,0,2
,,,,,,,0,0,0,0,0,0,0,1,0,0,2,0,3
,,,,,,,0,1,3,0,0,1,3,3,1,2,2,5,11
,,,,,,,0,3,1,1,2,0,6,4,5,4,3,7,22
,,,,,,,0,5,3,7,3,4,5,3,9,7,9,22,33
,,,,,,,0,1,1,4,4,4,4,2,11,10,6,14,33
,,,,,,,0,1,1,2,2,1,2,1,5,7,1,7,16
,,,,,,,0,1,0,0,0,2,1,0,0,2,3,3,6
,,,,,,,0,0,0,0,0,0,0,0,0,0,0,0,0
,,,,,,,0,0,0,0,0,1,1,0,0,0,2,1,3
,,,,,,,0,1,0,0,0,4,4,0,1,0,6,5,11
,,,,,,,0,4,2,0,1,3,5,2,0,1,4,10,12
,,,,,,,0,0,0,0,0,0,1,2,0,1,0,0,4
,,,,,,,0,0,0,0,0,0,0,0,0,0,0,0,0
,,,,,,,0,0,0,0,1,2,0,1,1,4,4,3,10
,,,,,,,0,0,1,0,3,4,1,1,0,5,6,8,13
,,,,,,,0,1,0,0,0,0,1,1,1,3,6,1,12
,,,,,,,0,0,3,0,2,4,0,4,1,2,7,9,14
,,,,,,,0,0,2,0,2,4,0,3,0,4,7,8,14
,,,,,,,0,0,0,1,1,0,0,0,2,2,5,2,9
,,,,,,,0,0,0,3,1,2,0,2,3,5,3,6,13
,,,,,,,0,0,1,0,0,0,0,2,2,3,2,1,9
,,,,,,,0,0,0,1,1,2,0,3,4,3,2,4,12
,,,,,,,0,0,1,3,3,0,1,2,4,4,3,7,14
,,,,,,,0,0,0,0,0,0,1,1,7,5,4,0,18
,,,,,,,0,4,4,4,5,3,9,4,7,7,6,20,33
,,,,,,,0,7,1,2,3,3,10,6,4,7,8,16,35
,,,,,,,0,0,1,1,2,2,3,5,2,6,4,6,20
,,,,,,,0,5,3,3,2,2,12,6,7,6,5,15,36
,,,,,,,0,5,3,4,1,2,9,6,7,6,3,15,31
,,,,,,,0,0,0,0,0,0,3,2,1,3,2,0,11
,,,,,,,0,4,1,0,0,3,4,2,0,0,7,8,13
,,,,,,,0,2,0,1,1,0,4,0,2,2,6,4,14
,,,,,,,0,4,0,0,0,2,10,0,1,2,3,6,16
,,,,,,,0,2,1,0,0,2,14,3,0,1,3,5,21
,,,,,,,0,4,2,0,1,0,5,2,0,1,0,7,8
,,,,,,,0,1,0,0,0,0,7,1,0,1,1,1,10
,,,,,,,0,5,1,1,1,0,13,3,1,5,2,8,24
,,,,,,,0,0,0,0,0,2,0,1,0,0,3,2,4
,,,,,,,0,4,0,1,1,3,5,0,1,3,3,9,12
,,,,,,,0,4,0,1,3,2,7,1,1,7,8,10,24
,,,,,,,0,3,0,1,1,0,9,1,1,5,8,5,24
,,,,,,,0,1,0,0,1,0,10,3,1,3,1,2,18
,,,,,,,0,0,0,0,0,0,2,2,1,3,2,0,10
,,,,,,,0,6,0,4,4,5,7,0,8,5,5,19,25
,,,,,,,0,1,0,4,3,3,6,0,8,7,10,11,31
,,,,,,,0,2,0,0,0,2,3,0,2,2,6,4,13
,,,,,,,0,0,0,0,0,1,2,0,1,0,3,1,6
,,,,,,,0,0,0,0,2,2,1,0,0,3,3,4,7
,,,,,,,0,1,0,0,1,2,1,0,0,3,6,4,10
,,,,,,,0,2,0,0,0,0,3,0,0,0,1,2,4
,,,,,,,0,0,0,0,0,0,1,1,0,0,0,0,2
,,,,,,,0,0,0,0,0,0,1,0,0,0,0,0,1
,,,,,,,0,0,0,0,0,0,0,0,0,0,0,0,0
,,,,,,,0,0,0,0,0,2,0,0,0,0,2,2,2
,,,,,,,0,0,0,0,0,1,0,0,0,0,4,1,4
,,,,,,,0,0,0,0,0,0,0,0,0,0,0,0,0
,,,,,,,0,0,0,0,0,0,0,0,0,0,0,0,0
,,,,,,,0,0,0,0,0,0,1,0,1,1,0,0,3
,,,,,,,0,0,0,0,0,0,0,0,0,1,0,0,1
,,,,,,,0,1,0,0,0,0,1,0,0,2,2,1,5
,,,,,,,0,1,0,0,3,2,1,0,0,3,4,6,8
,,,,,,,0,0,0,0,0,0,0,0,0,0,0,0,0
,,,,,,,0,0,0,0,0,0,0,0,0,1,0,0,1
,,,,,,,0,0,0,0,2,2,1,0,0,3,4,4,8
,,,,,,,0,0,0,0,0,3,0,0,2,5,6,3,13
,,,,,,,0,0,0,0,1,2,1,0,3,6,7,3,17
,,,,,,,0,1,0,0,2,2,1,0,0,3,2,5,6
,,,,,,,0,0,0,0,0,0,1,0,0,0,1,0,2
,,,,,,,0,0,0,0,0,4,0,0,0,0,5,4,5
,,,,,,,0,2,0,0,0,0,4,1,1,0,4,2,10
,,,,,,,0,1,0,0,0,0,3,2,1,1,1,1,8
,,,,,,,0,0,0,0,0,0,1,0,0,0,0,0,1
,,,,,,,0,1,0,0,0,0,1,0,0,1,1,1,3
,,,,,,,0,0,0,0,1,0,0,0,0,1,1,1,2
,,,,,,,0,0,0,0,1,0,0,0,0,1,1,1,2
,,,,,,,0,0,0,3,3,2,0,0,3,4,3,8,10
,,,,,,,0,0,0,0,1,0,0,1,2,4,4,1,11
,,,,,,,0,0,0,0,0,3,2,0,3,2,5,3,12
,,,,,,,0,0,0,0,0,0,0,0,4,4,2,0,10
,,,,,,,0,0,0,5,5,7,0,1,13,7,9,17,30
,,,,,,,0,0,1,2,1,1,0,1,7,4,6,5,18
,,,,,,,0,0,1,1,1,2,0,1,1,2,2,5,6
,,,,,,,0,0,1,0,0,0,0,1,1,1,1,1,4
,,,,,,,0,0,0,0,0,0,0,0,0,0,3,0,3
,,,,,,,0,1,0,0,0,1,1,0,0,1,3,2,5
,,,,,,,0,0,0,0,1,1,1,0,2,3,5,2,11
,,,,,,,0,0,0,1,0,2,2,0,8,2,10,3,22
,,,,,,,0,0,0,0,0,0,2,0,5,0,3,0,10
,,,,,,,0,0,1,0,2,1,0,1,3,5,4,4,13
,,,,,,,0,0,0,1,1,2,0,0,1,1,4,4,6
,,,,,,,0,0,0,0,0,1,0,0,1,2,4,1,7
,,,,,,,0,0,0,0,1,2,0,0,0,4,4,3,8
,,,,,,,0,0,0,1,1,4,0,0,2,6,4,6,12
,,,,,,,0,0,0,1,3,0,0,0,2,4,3,4,9
,,,,,,,0,0,0,1,1,1,0,0,4,5,6,3,15
,,,,,,,0,0,0,0,0,3,1,0,1,4,6,3,12
,,,,,,,0,1,0,0,0,0,1,0,0,0,5,1,6
,,,,,,,0,0,0,0,0,0,0,0,0,1,3,0,4
,,,,,,,0,0,0,0,1,1,0,0,0,1,2,2,3
,,,,,,,0,0,0,0,0,0,0,0,0,0,2,0,2
,,,,,,,0,0,0,0,1,3,0,0,0,1,4,4,5
,,,,,,,0,0,0,0,0,3,0,0,0,1,4,3,5
,,,,,,,0,0,0,0,0,1,0,0,0,0,2,1,2
,,,,,,,0,0,0,0,0,1,0,0,0,0,2,1,2
,,,,,,,0,0,0,0,0,0,0,0,0,0,2,0,2
,,,,,,,0,0,0,0,0,0,0,0,0,0,0,0,0
,,,,,,,0,0,0,0,0,0,3,0,0,0,3,0,6
,,,,,,,0,0,0,0,0,4,3,0,2,2,9,4,16
,,,,,,,0,0,0,2,1,5,0,0,2,6,7,8,15
,,,,,,,0,0,0,1,2,0,0,0,2,6,2,3,10
,,,,,,,0,0,0,0,2,0,1,0,2,4,0,2,7
,,,,,,,0,0,0,0,1,0,0,0,2,4,3,1,9
,,,,,,,0,0,0,1,1,3,0,0,1,1,5,5,7
,,,,,,,0,0,0,0,0,0,1,0,1,2,4,0,8
,,,,,,,0,0,1,1,3,1,1,1,3,6,2,6,13
,,,,,,,0,0,0,0,1,2,0,1,2,3,3,3,9
,,,,,,,0,0,0,0,0,2,0,0,0,0,4,2,4
,,,,,,,0,0,0,0,2,0,0,0,0,3,3,2,6
,,,,,,,0,0,0,0,1,2,0,0,1,3,2,3,6
,,,,,,,0,0,0,0,0,0,0,0,0,0,0,0,0
,,,,,,,0,0,0,0,0,0,1,0,0,0,0,0,1
,,,,,,,0,3,0,0,0,0,4,0,0,0,0,3,4
,,,,,,,0,1,0,0,0,0,2,0,0,0,0,1,2
,,,,,,,0,0,0,0,0,0,0,0,0,0,0,0,0
,,,,,,,0,1,0,0,0,0,1,0,0,0,0,1,1
,,,,,,,0,0,0,0,0,0,1,0,0,0,0,0,1
,,,,,,,0,0,0,0,0,0,0,0,0,0,0,0,0
,,,,,,,0,4,4,0,0,0,4,4,0,0,0,8,8
,,,,,,,0,1,4,0,0,0,4,4,0,0,1,5,9
,,,,,,,0,1,0,0,0,0,2,0,0,1,3,1,6
,,,,,,,0,0,0,0,0,0,0,0,4,0,5,0,9
,,,,,,,0,0,0,0,2,2,0,0,5,6,2,4,13
,,,,,,,0,0,0,0,0,0,1,0,2,6,0,0,9
,,,,,,,0,1,0,0,1,0,2,0,1,3,3,2,9
,,,,,,,0,0,0,0,0,1,0,0,0,0,4,1,4
,,,,,,,0,0,0,0,0,0,1,0,0,0,2,0,3
,,,,,,,0,0,0,0,0,0,4,2,0,0,1,0,7
,,,,,,,0,0,0,0,0,0,3,1,0,0,1,0,5
,,,,,,,0,1,0,0,0,0,1,0,0,0,0,1,1
,,,,,,,0,0,0,0,0,0,1,0,0,0,1,0,2
,,,,,,,0,0,0,1,1,2,0,1,2,4,6,4,13
,,,,,,,0,0,0,0,2,1,0,1,4,9,5,3,19
,,,,,,,0,0,0,1,3,3,1,0,2,4,5,7,12
,,,,,,,0,0,0,0,0,0,1,0,1,2,2,0,6
,,,,,,,0,0,0,0,1,1,1,2,0,3,3,2,9
,,,,,,,0,0,0,0,0,1,2,2,0,2,4,1,10
,,,,,,,0,0,0,0,0,0,1,0,0,1,0,0,2
,,,,,,,0,0,0,0,0,0,0,0,0,2,2,0,4
,,,,,,,0,0,0,0,0,0,0,0,2,2,2,0,6
,,,,,,,0,1,0,2,3,2,1,0,3,4,4,8,12
,,,,,,,0,1,0,2,3,2,3,0,4,4,3,8,14
,,,,,,,0,0,1,0,1,3,1,2,7,7,4,5,21
,,,,,,,0,1,0,1,3,1,3,3,4,7,7,6,24
,,,,,,,0,0,2,1,1,1,0,2,2,4,3,5,11
,,,,,,,0,1,0,2,2,2,8,3,4,5,2,7,22
,,,,,,,0,3,0,1,3,0,5,3,4,4,2,7,18
,,,,,,,0,0,0,1,0,0,1,3,1,0,1,1,6
,,,,,,,0,1,5,0,1,4,1,5,0,2,8,11,16
,,,,,,,0,1,0,0,0,4,1,2,0,1,7,5,11
,,,,,,,0,4,0,0,0,0,10,2,0,0,0,4,12
,,,,,,,0,10,2,0,0,1,11,2,0,1,1,13,15
,,,,,,,0,0,0,0,0,0,2,1,0,1,2,0,6
,,,,,,,0,0,0,0,0,1,1,0,0,0,1,1,2
,,,,,,,0,0,0,0,0,0,1,0,0,0,0,0,1
,,,,,,,0,1,1,0,0,0,1,1,1,1,6,2,10
,,,,,,,0,1,0,1,1,1,1,1,1,3,1,4,7
,,,,,,,0,2,1,0,2,6,5,1,0,8,7,11,21
,,,,,,,0,1,0,0,0,3,7,2,0,5,6,4,20
,,,,,,,0,4,0,0,0,0,13,3,0,4,4,4,24
,,,,,,,0,5,3,0,2,2,13,3,0,6,5,12,27
,,,,,,,0,0,1,0,0,0,6,1,4,3,5,1,19
,,,,,,,0,0,0,3,2,6,1,0,4,4,7,11,16
,,,,,,,0,0,0,0,1,0,1,0,1,1,4,1,7
,,,,,,,0,0,0,0,0,1,1,0,1,0,3,1,5
,,,,,,,0,0,0,0,0,2,0,0,1,1,3,2,5
,,,,,,,0,1,0,1,1,3,1,0,1,1,4,6,7
,,,,,,,0,1,1,0,0,0,3,3,0,0,3,2,9
,,,,,,,0,1,1,0,0,0,3,1,0,0,0,2,4
,,,,,,,0,2,0,0,0,0,2,0,0,0,0,2,2
,,,,,,,0,0,0,0,0,0,0,0,0,0,0,0,0
,,,,,,,0,0,0,0,0,0,0,0,0,0,0,0,0
,,,,,,,0,0,0,0,0,2,0,0,0,0,2,2,2
,,,,,,,0,0,0,0,0,0,0,0,0,0,1,0,1
,,,,,,,0,0,0,0,0,0,0,0,0,0,0,0,0
,,,,,,,0,0,0,0,0,0,0,0,0,0,0,0,0
,,,,,,,0,0,0,0,0,0,0,0,0,0,1,0,1
,,,,,,,0,0,0,0,0,2,0,0,0,0,2,2,2
,,,,,,,0,0,0,0,0,0,0,0,0,0,1,0,1
,,,,,,,0,0,0,0,0,0,0,0,0,0,0,0,0
,,,,,,,0,0,0,0,0,0,0,0,0,0,1,0,1
,,,,,,,0,2,0,1,0,3,2,0,1,1,4,6,8
,,,,,,,0,0,0,0,0,0,2,0,1,0,3,0,6
,,,,,,,0,0,0,0,1,0,0,0,0,2,3,1,5
,,,,,,,0,0,0,0,1,0,1,0,0,3,2,1,6
,,,,,,,0,0,0,0,0,0,1,0,0,0,2,0,3
,,,,,,,0,0,0,0,0,1,0,0,0,0,3,1,3
,,,,,,,0,0,0,0,0,1,1,0,1,0,2,1,4
,,,,,,,0,0,0,0,0,1,0,0,1,0,2,1,3
,,,,,,,0,0,0,0,0,0,1,0,0,0,1,0,2
,,,,,,,0,1,0,0,0,2,2,0,0,0,2,3,4
,,,,,,,0,0,0,0,0,2,0,0,0,0,3,2,3
,,,,,,,0,0,0,0,0,0,0,0,1,1,2,0,4
,,,,,,,0,0,0,0,0,0,0,0,3,4,5,0,12
,,,,,,,0,0,0,0,2,0,0,0,3,4,8,2,15
,,,,,,,0,0,0,1,0,0,0,0,1,2,4,1,7
,,,,,,,0,0,0,0,0,0,0,0,3,0,2,0,5
,,,,,,,0,0,0,2,0,2,0,0,6,3,4,4,13
,,,,,,,0,1,0,1,2,0,1,1,2,2,2,4,8
,,,,,,,0,0,0,0,1,1,0,0,1,2,4,2,7
,,,,,,,0,0,0,0,0,0,0,0,0,0,2,0,2
,,,,,,,0,0,0,0,0,3,0,0,0,0,3,3,3
,,,,,,,0,0,0,0,0,0,2,0,0,0,2,0,4
,,,,,,,0,1,0,0,0,1,1,1,0,1,2,2,5
,,,,,,,0,0,0,1,0,2,0,1,1,2,4,3,8
,,,,,,,0,0,0,0,0,0,0,0,1,1,1,0,3
,,,,,,,0,0,0,2,2,3,0,0,2,3,4,7,9
,,,,,,,0,0,0,0,0,2,0,0,0,0,2,2,2
,,,,,,,0,0,0,0,1,1,0,0,0,2,4,2,6
,,,,,,,0,0,0,0,1,0,0,0,1,3,6,1,10
,,,,,,,0,0,0,2,2,1,0,0,3,4,7,5,14
,,,,,,,0,0,0,1,1,0,0,0,3,4,0,2,7
,,,,,,,0,0,0,1,2,2,0,0,1,2,2,5,5
,,,,,,,0,0,0,0,1,1,0,0,1,2,4,2,7
,,,,,,,0,1,0,0,0,1,1,0,0,1,4,2,6
,,,,,,,0,0,0,0,0,1,1,0,0,0,3,1,4
,,,,,,,0,0,0,0,0,1,0,0,0,1,2,1,3
,,,,,,,0,0,0,0,0,0,0,0,0,0,1,0,1
,,,,,,,0,0,0,0,0,0,0,0,0,0,2,0,2
,,,,,,,0,0,0,0,0,0,0,0,0,0,0,0,0
,,,,,,,0,0,0,0,0,0,0,0,0,0,2,0,2
,,,,,,,0,0,0,0,0,2,0,0,0,0,3,2,3
,,,,,,,0,0,0,0,0,0,0,0,0,0,1,0,1
,,,,,,,0,0,0,0,0,0,0,0,0,0,1,0,1
,,,,,,,0,0,0,0,0,2,3,0,0,0,2,2,5
,,,,,,,0,3,0,0,0,2,3,0,0,0,4,5,7
,,,,,,,0,1,0,0,0,1,1,0,0,1,6,2,8
,,,,,,,0,1,0,0,0,1,1,1,0,3,2,2,7
,,,,,,,0,0,1,0,1,0,0,1,1,4,2,2,8
,,,,,,,0,0,0,2,2,3,0,0,2,4,4,7,10
,,,,,,,0,0,0,0,0,1,0,0,3,7,3,1,13
,,,,,,,0,1,0,1,2,2,1,0,3,6,4,6,14
,,,,,,,0,1,0,2,2,1,1,0,5,5,4,6,15
,,,,,,,0,0,0,0,0,1,0,0,2,3,3,1,8
,,,,,,,0,0,0,0,1,0,0,0,1,2,3,1,6
,,,,,,,0,0,0,1,2,2,0,0,1,4,2,5,7
,,,,,,,0,0,0,0,0,0,0,0,0,0,0,0,0
,,,,,,,0,0,0,0,0,0,0,0,0,0,0,0,0
,,,,,,,0,0,0,0,0,0,0,0,0,0,0,0,0
,,,,,,,0,0,0,0,0,0,0,0,0,0,0,0,0
,,,,,,,0,0,0,0,0,0,0,0,0,0,0,0,0
,,,,,,,0,0,0,0,0,0,0,0,0,0,0,0,0
,,,,,,,0,0,0,0,0,0,1,0,0,0,0,0,1
,,,,,,,0,0,0,0,0,0,0,0,0,0,0,0,0
,,,,,,,0,0,0,0,0,0,0,0,0,0,0,0,0
,,,,,,,0,1,0,0,0,0,3,0,0,0,0,1,3
,,,,,,,0,0,0,0,0,0,1,0,0,0,1,0,2
,,,,,,,0,0,0,0,0,3,0,0,1,1,4,3,6
,,,,,,,0,0,0,1,0,1,0,0,2,1,4,2,7
,,,,,,,0,0,0,1,1,1,1,0,2,5,4,3,12
,,,,,,,0,1,0,0,2,0,1,0,1,4,2,3,8
,,,,,,,0,0,0,1,1,1,1,0,2,3,2,3,8
,,,,,,,0,0,0,0,0,0,0,0,2,2,6,0,10
,,,,,,,0,1,0,0,0,2,2,0,0,0,3,3,5
,,,,,,,0,6,2,0,0,0,6,3,0,0,1,8,10
,,,,,,,0,2,0,0,0,0,5,2,0,0,0,2,7
,,,,,,,0,0,0,0,0,0,2,0,0,0,0,0,2
,,,,,,,0,0,0,0,0,0,0,0,0,0,1,0,1
,,,,,,,0,0,0,2,1,2,0,0,4,4,4,5,12
,,,,,,,0,0,0,1,1,0,0,0,3,6,2,2,11
,,,,,,,0,0,0,1,1,0,4,1,2,4,3,2,14
,,,,,,,0,6,3,1,0,1,6,3,1,1,2,11,13
,,,,,,,0,0,0,0,1,0,4,4,0,4,1,1,13
,,,,,,,0,2,1,4,5,3,3,2,4,5,6,15,20
,,,,,,,0,2,0,3,2,1,2,0,6,7,5,8,20
,,,,,,,0,0,0,0,3,5,2,0,2,4,5,8,13
,,,,,,,0,0,0,0,1,2,0,0,0,1,2,3,3
,,,,,,,0,0,0,0,1,0,0,0,2,3,2,1,7
,,,,,,,0,2,0,1,2,1,2,1,3,8,2,6,16
,,,,,,,0,0,0,2,5,1,3,2,5,8,4,8,22
,,,,,,,0,1,0,0,1,0,2,0,3,5,2,2,12
,,,,,,,0,0,0,0,0,0,1,0,2,2,2,0,7
,,,,,,,0,2,0,3,3,2,3,0,4,4,3,10,14
,,,,,,,0,1,0,0,1,0,4,0,2,6,3,2,15
,,,,,,,0,1,0,0,1,1,1,0,2,4,1,3,8
,,,,,,,0,1,1,1,2,1,3,6,2,4,4,6,19
,,,,,,,0,1,0,0,0,3,2,1,1,2,5,4,11
,,,,,,,0,0,0,0,0,0,0,0,0,1,4,0,5
,,,,,,,0,0,0,0,0,0,1,1,0,1,2,0,5
,,,,,,,0,3,1,0,0,0,4,3,0,0,1,4,8
,,,,,,,0,0,2,0,0,0,5,2,0,0,0,2,7
,,,,,,,0,0,0,0,0,0,0,0,0,0,2,0,2
,,,,,,,0,0,0,0,0,6,0,1,0,1,7,6,9
,,,,,,,0,0,0,0,3,2,1,1,2,4,8,5,16
,,,,,,,0,1,0,0,2,2,2,1,2,5,3,5,13
,,,,,,,0,4,1,0,3,2,10,1,3,6,2,10,22
,,,,,,,0,4,0,1,1,2,18,5,3,7,7,8,40
,,,,,,,0,11,1,0,3,2,20,4,0,7,6,17,37
,,,,,,,0,0,0,0,0,0,7,0,0,2,2,0,11
,,,,,,,0,0,0,0,2,0,0,0,1,2,2,2,5
,,,,,,,0,0,0,0,0,0,0,0,2,2,3,0,7
,,,,,,,0,1,1,2,3,4,1,3,4,4,5,11,17
,,,,,,,0,0,0,0,0,0,4,2,5,6,2,0,19
,,,,,,,0,0,0,0,1,3,8,0,1,3,6,4,18
,,,,,,,0,3,1,0,0,0,6,2,0,0,3,4,11
,,,,,,,0,1,1,0,0,0,3,2,0,0,0,2,5
,,,,,,,0,0,0,0,0,0,2,0,0,0,0,0,2
,,,,,,,0,0,0,0,0,0,0,0,0,0,0,0,0
,,,,,,,0,0,0,0,0,0,0,0,0,0,0,0,0
,,,,,,,0,0,0,0,0,2,0,0,0,0,2,2,2
,,,,,,,0,0,0,0,0,0,0,0,0,0,2,0,2
,,,,,,,0,0,0,0,0,0,0,0,0,0,0,0,0
,,,,,,,0,0,0,0,0,0,0,0,0,0,0,0,0
,,,,,,,0,0,0,0,0,0,0,0,0,0,1,0,1
,,,,,,,0,0,0,0,0,0,0,0,0,0,2,0,2
,,,,,,,0,0,0,0,0,0,0,0,0,0,0,0,0
,,,,,,,0,0,0,0,0,0,0,0,0,0,0,0,0
,,,,,,,0,0,0,0,0,0,0,0,0,0,0,0,0
,,,,,,,0,0,0,0,0,1,1,0,1,0,3,1,5
,,,,,,,0,0,0,0,0,0,0,0,0,0,2,0,2
,,,,,,,0,0,0,0,0,0,0,0,0,0,0,0,0
,,,,,,,0,0,0,0,0,0,0,0,0,0,0,0,0
,,,,,,,0,0,0,0,0,0,0,0,0,0,0,0,0
,,,,,,,0,0,0,0,0,0,0,0,0,0,0,0,0
,,,,,,,0,0,0,0,0,0,0,0,0,0,0,0,0
,,,,,,,0,0,0,0,0,0,0,0,0,0,0,0,0
,,,,,,,0,0,0,0,0,0,0,0,0,0,0,0,0
,,,,,,,0,0,0,0,0,0,1,0,0,0,2,0,3
,,,,,,,0,0,0,0,0,2,0,0,0,0,4,2,4
,,,,,,,0,0,0,1,0,2,0,0,1,0,2,3,3
,,,,,,,0,0,0,1,2,3,0,0,2,2,7,6,11
,,,,,,,0,0,0,2,1,5,0,0,3,3,10,8,16
,,,,,,,0,0,0,0,1,1,0,0,1,1,3,2,5
,,,,,,,0,0,0,2,1,4,1,0,2,3,7,7,13
,,,,,,,0,1,1,2,3,3,1,1,6,4,8,10,20
,,,,,,,0,1,0,2,3,0,1,0,7,3,4,6,15
,,,,,,,0,0,0,0,0,1,0,0,1,2,3,1,6
,,,,,,,0,0,0,0,0,0,0,0,0,0,0,0,0
,,,,,,,0,0,0,0,0,0,0,0,0,0,1,0,1
,,,,,,,0,0,0,0,0,0,0,0,0,1,0,0,1
,,,,,,,0,0,0,0,0,1,1,1,0,1,1,1,4
,,,,,,,0,0,1,1,3,2,0,2,1,3,6,7,12
,,,,,,,0,0,0,0,0,2,0,0,1,2,4,2,7
,,,,,,,0,0,0,0,0,3,0,0,0,1,4,3,5
,,,,,,,0,0,0,0,1,1,0,0,0,2,4,2,6
,,,,,,,0,0,0,0,0,0,0,0,0,3,6,0,9
,,,,,,,0,0,0,0,1,2,0,0,1,2,7,3,10
,,,,,,,0,0,0,1,1,2,1,0,2,4,4,4,11
,,,,,,,0,0,0,0,0,1,0,0,0,0,2,1,2
,,,,,,,0,0,0,0,0,0,0,0,0,0,0,0,0
,,,,,,,0,0,0,0,0,0,0,0,0,0,0,0,0
,,,,,,,0,0,0,0,0,0,0,0,0,0,0,0,0
,,,,,,,0,0,0,0,0,0,0,0,0,0,0,0,0
,,,,,,,0,0,0,0,0,0,0,0,0,0,0,0,0
,,,,,,,0,0,0,0,0,0,0,0,0,0,0,0,0
,,,,,,,0,0,0,0,0,0,0,0,0,0,0,0,0
,,,,,,,0,0,0,0,0,1,0,0,0,0,3,1,3
,,,,,,,0,0,0,0,0,0,0,0,0,0,3,0,3
,,,,,,,0,0,0,0,0,0,1,0,0,0,0,0,1
,,,,,,,0,0,0,0,0,0,1,0,0,0,0,0,1
,,,,,,,0,0,0,0,0,0,1,0,0,0,0,0,1
,,,,,,,0,0,0,0,0,0,1,0,0,0,0,0,1
,,,,,,,0,0,0,0,0,0,0,0,0,0,2,0,2
,,,,,,,0,0,0,0,1,0,0,1,0,2,2,1,5
,,,,,,,0,0,0,0,1,4,0,1,0,4,6,5,11
,,,,,,,0,0,0,0,0,2,0,0,1,2,5,2,8
,,,,,,,0,0,0,1,2,2,0,0,2,4,3,5,9
,,,,,,,0,0,0,0,1,2,0,0,2,6,4,3,12
,,,,,,,0,0,0,2,2,2,0,0,2,2,2,6,6
,,,,,,,0,0,0,0,0,0,0,0,3,1,0,0,4
,,,,,,,0,0,0,0,1,2,0,0,3,3,3,3,9
,,,,,,,0,0,0,0,0,1,0,0,1,2,3,1,6
,,,,,,,0,0,0,0,0,0,0,0,0,0,0,0,0
,,,,,,,0,0,0,0,0,0,0,0,0,0,0,0,0
,,,,,,,0,0,0,0,0,0,0,0,0,0,0,0,0
,,,,,,,0,0,0,0,0,0,0,0,0,0,0,0,0
,,,,,,,0,0,0,0,0,0,0,0,0,0,0,0,0
,,,,,,,0,0,0,0,0,0,0,0,0,0,0,0,0
,,,,,,,0,0,0,0,0,0,0,0,0,0,0,0,0
,,,,,,,0,0,0,0,0,0,0,0,0,0,0,0,0
,,,,,,,0,0,0,0,0,0,0,0,0,0,0,0,0
,,,,,,,0,0,0,0,0,0,0,0,0,0,0,0,0
,,,,,,,0,0,0,0,0,0,0,0,0,0,0,0,0
,,,,,,,0,0,1,1,2,2,0,1,1,2,2,6,6
,,,,,,,0,0,0,1,1,1,0,1,1,2,3,3,7
,,,,,,,0,0,0,0,0,0,0,0,0,2,4,0,6
,,,,,,,0,0,1,1,2,3,0,1,1,3,6,7,11
,,,,,,,0,0,0,0,0,0,0,1,2,2,0,0,5
,,,,,,,0,0,0,1,0,2,0,0,1,1,4,3,6
,,,,,,,0,0,0,0,0,1,0,0,0,0,6,1,6
,,,,,,,0,0,0,0,0,2,1,0,0,0,2,2,3
,,,,,,,0,0,0,0,0,0,0,0,0,0,0,0,0
,,,,,,,0,0,0,0,0,0,0,0,0,0,2,0,2
,,,,,,,0,0,0,0,0,1,0,0,0,0,3,1,3
,,,,,,,0,0,0,2,1,2,0,0,2,2,2,5,6
,,,,,,,0,0,0,2,2,0,0,0,3,3,1,4,7
,,,,,,,0,1,0,2,3,1,1,0,4,4,3,7,12
,,,,,,,0,0,2,0,1,2,5,4,0,1,5,5,15
,,,,,,,0,0,0,0,0,0,0,2,0,2,6,0,10
,,,,,,,0,1,0,3,4,6,2,0,5,5,8,14,20
,,,,,,,0,1,0,2,1,2,1,0,5,4,2,6,12
,,,,,,,0,0,0,0,0,1,1,0,1,1,4,1,7
,,,,,,,0,0,0,0,0,2,0,0,0,1,2,2,3
,,,,,,,0,0,0,0,0,0,1,0,0,2,2,0,5
,,,,,,,0,0,3,2,2,4,2,4,2,2,5,11,15
,,,,,,,0,0,1,0,0,1,2,4,2,3,6,2,17
,,,,,,,0,2,0,0,1,3,3,0,1,1,5,6,10
,,,,,,,0,0,0,1,0,2,0,1,2,1,3,3,7
,,,,,,,0,0,1,0,0,0,1,1,1,2,3,1,8
,,,,,,,0,0,0,0,0,0,0,0,0,4,1,0,5
,,,,,,,0,3,0,2,1,1,3,1,5,5,4,7,18
,,,,,,,0,8,1,7,3,5,15,2,10,5,7,24,39
,,,,,,,0,3,0,0,0,1,10,0,1,0,9,4,20
,,,,,,,0,1,0,1,2,1,1,0,1,3,4,5,9
,,,,,,,0,0,0,0,1,1,1,0,2,3,3,2,9
,,,,,,,0,2,1,0,0,0,5,3,2,2,2,3,14
,,,,,,,0,1,0,0,0,0,4,3,1,2,0,1,10
,,,,,,,0,2,2,1,2,0,4,4,1,3,2,7,14
,,,,,,,0,2,1,0,1,2,3,4,2,1,7,6,17
,,,,,,,0,2,0,3,0,0,6,0,4,3,4,5,17
,,,,,,,0,7,1,2,3,2,10,2,4,3,2,15,21
,,,,,,,0,10,1,7,3,2,24,5,11,14,6,23,60
,,,,,,,0,7,3,4,4,4,18,4,10,9,8,22,49
,,,,,,,0,4,3,0,1,2,10,4,1,3,3,10,21
,,,,,,,0,0,0,0,0,0,0,1,0,0,0,0,1
,,,,,,,0,0,0,0,0,0,0,0,0,1,0,0,1
,,,,,,,0,1,1,1,1,0,1,1,2,1,2,4,7
,,,,,,,0,1,3,3,4,3,4,8,5,8,5,14,30
,,,,,,,0,7,4,6,4,6,9,8,9,8,7,27,41
,,,,,,,0,6,2,2,2,4,11,3,7,6,9,16,36
,,,,,,,0,1,2,0,0,2,7,2,1,2,3,5,15
,,,,,,,0,1,0,0,0,0,1,1,0,0,2,1,4
,,,,,,,0,1,0,0,0,0,1,0,0,0,0,1,1
,,,,,,,0,1,0,0,0,0,1,0,0,0,0,1,1
,,,,,,,0,1,0,0,0,0,2,0,0,0,0,1,2
,,,,,,,0,0,0,0,0,1,1,0,0,0,4,1,5
,,,,,,,0,0,0,0,0,0,0,0,0,0,2,0,2
,,,,,,,0,0,0,0,0,0,0,0,0,0,2,0,2
,,,,,,,0,0,0,0,0,0,0,0,0,0,0,0,0
,,,,,,,0,0,0,0,0,3,0,0,0,0,3,3,3
,,,,,,,0,0,0,0,0,0,0,0,0,0,3,0,3
,,,,,,,0,0,0,0,0,0,0,0,0,0,0,0,0
,,,,,,,0,0,0,0,0,0,0,0,0,0,0,0,0
,,,,,,,0,0,0,0,0,0,0,0,0,0,0,0,0
,,,,,,,0,0,0,0,0,2,0,0,0,0,4,2,4
,,,,,,,0,0,0,0,0,0,0,0,0,0,4,0,4
,,,,,,,0,0,0,0,0,0,0,0,0,0,0,0,0
,,,,,,,0,0,0,0,0,0,0,0,0,0,0,0,0
,,,,,,,0,0,0,0,0,0,0,0,0,0,0,0,0
,,,,,,,0,0,0,0,0,0,0,0,0,0,0,0,0
,,,,,,,0,0,0,0,0,0,0,0,0,0,0,0,0
,,,,,,,0,0,0,0,0,0,0,0,0,0,0,0,0
,,,,,,,0,0,0,0,0,0,0,0,2,4,4,0,10
,,,,,,,0,0,0,2,3,4,0,1,4,6,5,9,16
,,,,,,,0,0,0,0,0,1,0,1,3,4,5,1,13
,,,,,,,0,0,0,0,0,0,0,0,0,0,0,0,0
,,,,,,,0,0,0,0,0,0,0,0,0,0,0,0,0
,,,,,,,0,0,0,2,1,1,0,0,4,3,4,4,11
,,,,,,,0,0,0,1,2,1,1,0,5,3,8,4,17
,,,,,,,0,1,0,1,2,3,4,0,3,5,10,7,22
,,,,,,,0,1,1,2,5,2,1,1,7,7,7,11,23
,,,,,,,0,0,0,2,1,1,0,0,5,3,3,4,11
,,,,,,,0,0,0,0,1,2,0,0,1,1,3,3,5
,,,,,,,0,0,0,0,0,1,0,0,0,1,3,1,4
,,,,,,,0,0,0,0,0,2,0,0,0,2,5,2,7
,,,,,,,0,1,0,0,1,1,2,1,0,1,2,3,6
,,,,,,,0,0,0,0,0,0,0,0,0,0,1,0,1
,,,,,,,0,0,1,1,1,4,0,1,1,1,4,7,7
,,,,,,,0,0,0,0,0,1,0,1,1,1,5,1,8
,,,,,,,0,0,0,0,1,2,0,1,0,1,4,3,6
,,,,,,,0,0,0,0,0,1,0,0,0,0,2,1,2
,,,,,,,0,0,0,0,1,2,0,0,0,1,6,3,7
,,,,,,,0,0,0,0,1,3,1,0,1,6,6,4,14
,,,,,,,0,1,0,1,3,2,1,0,1,5,6,7,13
,,,,,,,0,0,0,0,0,2,0,0,0,1,3,2,4
,,,,,,,0,0,0,0,0,0,0,0,0,0,0,0,0
,,,,,,,0,0,0,0,0,0,0,0,0,0,0,0,0
,,,,,,,0,0,0,0,0,0,0,0,0,0,0,0,0
,,,,,,,0,0,0,0,0,0,0,0,0,0,0,0,0
,,,,,,,0,0,0,0,0,0,0,0,0,0,0,0,0
,,,,,,,0,0,0,0,0,0,0,0,0,0,0,0,0
,,,,,,,0,0,0,0,0,0,0,0,0,0,0,0,0
,,,,,,,0,0,0,0,0,0,0,0,0,0,1,0,1
,,,,,,,0,0,0,0,0,0,0,0,0,0,0,0,0
,,,,,,,0,1,0,0,0,0,1,0,0,0,0,1,1
,,,,,,,0,0,0,0,0,0,1,0,0,0,0,0,1
,,,,,,,0,0,1,0,0,0,1,1,0,0,0,1,2
,,,,,,,0,1,1,0,0,0,1,1,0,0,4,2,6
,,,,,,,0,0,0,0,0,2,0,0,0,0,3,2,3
,,,,,,,0,0,0,0,0,0,0,0,0,0,0,0,0
,,,,,,,0,0,0,0,0,0,0,0,0,0,3,0,3
,,,,,,,0,0,0,0,0,2,0,0,0,0,3,2,3
,,,,,,,0,0,0,0,0,3,0,0,1,1,5,3,7
,,,,,,,0,0,0,0,0,2,0,0,1,0,5,2,6
,,,,,,,0,0,0,0,0,0,0,0,0,0,2,0,2
,,,,,,,0,0,0,1,0,1,0,0,2,1,6,2,9
,,,,,,,0,0,0,2,1,1,0,0,2,1,5,4,8
,,,,,,,0,0,0,0,0,0,0,0,0,0,0,0,0
,,,,,,,0,0,0,0,0,0,0,0,0,0,0,0,0
,,,,,,,0,0,0,0,0,2,0,0,0,0,2,2,2
,,,,,,,0,0,0,0,0,1,0,0,0,0,2,1,2
,,,,,,,0,0,0,0,0,0,0,0,0,0,0,0,0
,,,,,,,0,0,0,0,0,0,0,0,0,0,0,0,0
,,,,,,,0,0,0,0,0,0,0,0,0,0,0,0,0
,,,,,,,0,0,0,0,0,0,0,0,0,0,0,0,0
,,,,,,,0,0,0,0,0,0,0,0,0,0,0,0,0
,,,,,,,0,0,0,0,0,0,0,0,0,0,0,0,0
,,,,,,,0,0,0,0,0,0,0,0,0,0,0,0,0
,,,,,,,0,0,0,0,0,0,0,0,0,0,0,0,0
,,,,,,,0,0,0,0,0,1,0,0,0,0,4,1,4
,,,,,,,0,0,0,0,0,2,0,0,0,2,6,2,8
,,,,,,,0,0,0,1,3,2,0,0,1,3,3,6,7
,,,,,,,0,0,0,2,2,2,0,1,3,6,5,6,15
,,,,,,,0,0,0,0,1,2,0,0,2,9,6,3,17
,,,,,,,0,0,0,0,0,2,0,0,0,2,5,2,7
,,,,,,,0,0,0,0,0,2,0,0,0,0,2,2,2
,,,,,,,0,0,0,0,0,0,0,0,0,0,1,0,1
,,,,,,,0,0,0,0,0,0,0,0,0,0,0,0,0
,,,,,,,0,0,0,0,0,0,0,0,0,0,2,0,2
,,,,,,,0,0,0,0,0,1,1,0,0,1,2,1,4
,,,,,,,0,2,0,3,5,4,2,0,4,8,4,14,18
,,,,,,,0,1,0,3,8,0,2,0,9,11,7,12,29
,,,,,,,0,1,0,2,2,2,2,0,5,6,3,7,16
,,,,,,,0,1,0,0,0,2,1,1,0,0,3,3,5
,,,,,,,0,1,0,0,0,0,1,1,0,0,2,1,4
,,,,,,,0,1,0,0,0,1,1,0,0,0,5,2,6
,,,,,,,0,0,0,0,0,0,1,0,0,0,2,0,3
,,,,,,,0,0,0,0,0,0,0,0,0,0,0,0,0
,,,,,,,0,0,0,0,0,0,0,0,0,0,4,0,4
,,,,,,,0,1,0,0,0,2,1,0,0,0,5,3,6
,,,,,,,0,1,0,0,0,0,2,2,1,0,4,1,9
,,,,,,,0,1,0,0,0,0,1,1,0,0,4,1,6
,,,,,,,0,0,0,0,1,1,2,0,0,1,5,2,8
,,,,,,,0,0,0,0,0,1,0,0,0,2,4,1,6
,,,,,,,0,0,0,0,3,2,0,0,1,5,3,5,9
,,,,,,,0,0,0,1,2,0,0,0,2,6,4,3,12
,,,,,,,0,0,0,0,2,2,3,0,1,5,4,4,13
,,,,,,,0,2,0,1,3,3,8,0,6,3,5,9,22
,,,,,,,0,0,0,0,0,2,4,0,0,1,3,2,8
,,,,,,,0,0,0,0,1,2,1,0,2,2,5,3,10
,,,,,,,0,0,0,0,0,0,0,0,2,2,3,0,7
,,,,,,,0,0,0,2,2,2,0,0,2,3,4,6,9
,,,,,,,0,0,0,0,1,2,0,0,1,3,2,3,6
,,,,,,,0,2,1,0,0,0,4,3,1,2,7,3,17
,,,,,,,0,2,1,0,0,5,5,5,0,1,8,8,19
,,,,,,,0,0,0,0,0,2,5,1,1,2,3,2,12
,,,,,,,0,4,0,0,2,3,9,0,0,4,6,9,19
,,,,,,,0,8,3,2,5,0,16,4,6,6,4,18,36
,,,,,,,0,2,2,0,2,2,14,4,7,11,5,8,41
,,,,,,,0,1,1,2,1,2,4,2,4,7,5,7,22
,,,,,,,0,0,0,0,0,0,0,0,1,0,0,0,1
,,,,,,,0,0,0,0,0,0,0,0,0,0,0,0,0
,,,,,,,0,0,0,0,0,0,0,0,0,0,2,0,2
,,,,,,,0,0,0,0,1,2,1,2,0,3,6,3,12
,,,,,,,0,0,0,1,1,3,4,4,4,6,8,5,26
,,,,,,,0,2,0,2,1,0,5,2,5,7,3,5,22
,,,,,,,0,0,0,1,4,0,2,0,1,4,3,5,10
,,,,,,,0,0,0,0,0,2,0,0,0,0,2,2,2
,,,,,,,0,0,0,0,0,1,1,0,0,0,3,1,4
,,,,,,,0,0,0,0,0,1,2,0,0,0,5,1,7
,,,,,,,0,2,0,0,0,1,2,0,0,0,2,3,4
,,,,,,,0,0,0,0,0,2,1,0,0,0,3,2,4
,,,,,,,0,0,0,0,0,1,0,0,0,0,4,1,4
,,,,,,,0,0,0,0,0,2,0,0,0,0,2,2,2
,,,,,,,0,0,0,0,0,2,0,0,0,0,3,2,3
,,,,,,,0,0,0,0,0,2,1,0,0,0,4,2,5
,,,,,,,0,0,0,0,0,0,0,0,0,0,0,0,0
,,,,,,,0,0,0,0,0,0,0,0,0,0,0,0,0
,,,,,,,0,0,0,0,0,0,0,0,0,0,0,0,0
,,,,,,,0,0,0,0,0,0,0,0,0,0,0,0,0
,,,,,,,0,0,0,0,0,3,0,0,0,0,4,3,4
,,,,,,,0,0,0,0,0,2,0,0,0,0,4,2,4
,,,,,,,0,0,0,0,0,0,0,0,0,0,0,0,0
,,,,,,,0,0,0,0,0,0,0,0,0,0,0,0,0
,,,,,,,0,0,0,0,0,0,0,0,0,0,0,0,0
,,,,,,,0,0,0,0,0,0,0,0,0,0,0,0,0
,,,,,,,0,0,0,0,0,1,0,0,0,0,1,1,1
,,,,,,,0,0,0,0,0,0,0,0,0,0,3,0,3
,,,,,,,0,0,0,1,1,2,0,0,1,2,3,4,6
,,,,,,,0,0,0,0,3,0,0,1,3,8,6,3,18
,,,,,,,0,0,1,2,4,3,0,1,2,8,4,10,15
,,,,,,,0,0,0,0,0,2,1,0,1,3,5,2,10
,,,,,,,0,0,0,0,0,0,0,0,0,0,3,0,3
,,,,,,,0,0,0,1,2,0,0,0,3,6,2,3,11
,,,,,,,0,0,0,1,3,4,2,0,3,6,6,8,17
,,,,,,,0,3,0,0,0,2,3,0,1,1,5,5,10
,,,,,,,0,0,0,2,1,0,2,0,3,4,6,3,15
,,,,,,,0,2,0,2,2,2,2,0,2,4,2,8,10
,,,,,,,0,0,0,0,0,0,0,2,2,2,3,0,9
,,,,,,,0,0,2,1,2,3,0,2,1,3,5,8,11
,,,,,,,0,0,0,1,4,2,1,0,3,5,5,7,14
,,,,,,,0,3,1,2,4,2,3,1,3,6,3,12,16
,,,,,,,0,1,1,1,1,0,1,1,1,4,5,4,12
,,,,,,,0,1,0,0,1,0,1,1,0,1,4,2,7
,,,,,,,0,0,0,0,0,0,0,1,0,0,2,0,3
,,,,,,,0,0,1,0,0,1,0,1,0,1,2,2,4
,,,,,,,0,0,0,0,0,1,0,0,1,1,2,1,4
,,,,,,,0,0,0,1,1,0,0,0,1,2,1,2,4
,,,,,,,0,0,0,0,2,0,0,0,0,3,2,2,5
,,,,,,,0,0,0,0,0,2,0,0,0,1,5,2,6
,,,,,,,0,0,0,0,0,0,0,0,0,0,0,0,0
,,,,,,,0,0,0,0,0,0,0,0,0,0,0,0,0
,,,,,,,0,0,0,0,0,0,0,0,0,0,0,0,0
,,,,,,,0,0,0,0,0,0,0,0,0,0,0,0,0
,,,,,,,0,0,0,0,0,0,0,0,0,0,0,0,0
,,,,,,,0,0,0,0,0,0,0,0,0,0,0,0,0
,,,,,,,0,0,0,0,0,0,0,0,0,0,0,0,0
,,,,,,,0,0,0,0,0,0,0,0,0,0,0,0,0
,,,,,,,0,0,0,0,0,0,0,0,0,0,0,0,0
,,,,,,,0,0,0,0,0,0,0,0,0,0,0,0,0
,,,,,,,0,0,0,0,0,0,1,0,0,0,0,0,1
,,,,,,,0,0,0,0,0,0,0,0,0,0,0,0,0
,,,,,,,0,0,0,0,0,2,0,0,0,0,2,2,2
,,,,,,,0,0,0,0,0,0,0,0,0,0,2,0,2
,,,,,,,0,0,0,0,0,0,0,0,0,0,0,0,0
,,,,,,,0,0,0,0,0,0,0,0,0,0,0,0,0
,,,,,,,0,0,0,0,0,0,0,0,0,0,0,0,0
,,,,,,,0,0,0,0,0,0,0,0,0,0,0,0,0
,,,,,,,0,0,0,0,0,2,0,0,0,0,2,2,2
,,,,,,,0,0,0,0,0,2,0,0,0,0,4,2,4
,,,,,,,0,0,0,0,0,6,1,0,0,1,8,6,10
,,,,,,,0,0,0,0,0,0,1,0,0,1,3,0,5
,,,,,,,0,0,0,0,0,0,0,0,0,0,0,0,0
,,,,,,,0,0,0,0,0,0,0,0,0,0,0,0,0
,,,,,,,0,0,0,0,0,0,0,0,0,0,3,0,3
,,,,,,,0,0,0,0,0,2,0,0,0,0,3,2,3
,,,,,,,0,0,0,0,0,0,0,0,0,0,0,0,0
,,,,,,,0,0,0,0,0,0,0,0,0,0,0,0,0
,,,,,,,0,0,0,0,0,0,0,0,0,0,0,0,0
,,,,,,,0,0,0,0,0,0,0,0,0,0,0,0,0
,,,,,,,0,0,0,0,0,0,0,0,0,0,0,0,0
,,,,,,,0,0,0,0,0,0,0,0,0,0,0,0,0
,,,,,,,0,0,0,0,0,0,0,0,0,0,0,0,0
,,,,,,,0,0,0,0,0,0,0,0,0,0,0,0,0
,,,,,,,0,0,0,0,0,3,0,0,0,0,5,3,5
,,,,,,,0,1,0,0,0,3,3,0,0,1,7,4,11
,,,,,,,0,0,0,0,0,1,3,0,1,3,5,1,12
,,,,,,,0,0,0,0,1,0,0,0,1,6,0,1,7
,,,,,,,0,0,0,0,4,0,0,0,1,7,3,4,11
,,,,,,,0,0,0,0,0,0,0,0,0,1,0,0,1
,,,,,,,0,0,0,0,0,1,0,0,1,1,3,1,5
,,,,,,,0,0,0,0,0,0,0,0,0,0,2,0,2
,,,,,,,0,0,0,0,0,0,0,0,0,0,0,0,0
,,,,,,,0,0,0,0,0,0,1,0,0,1,0,0,2
,,,,,,,0,4,1,0,1,1,4,1,0,1,2,7,8
,,,,,,,0,3,0,1,2,2,8,1,3,8,5,8,25
,,,,,,,0,1,0,1,0,3,6,0,4,9,5,5,24
,,,,,,,0,1,0,0,0,0,2,0,3,4,3,1,12
,,,,,,,0,0,0,0,0,0,0,0,0,0,1,0,1
,,,,,,,0,0,0,0,0,2,0,0,0,0,2,2,2
,,,,,,,0,0,0,0,0,0,0,0,0,0,4,0,4
,,,,,,,0,1,0,0,0,2,1,0,0,0,4,3,5
,,,,,,,0,0,0,1,0,0,3,0,3,1,0,1,7
,,,,,,,0,0,0,0,0,1,2,0,1,3,3,1,9
,,,,,,,0,0,0,0,0,2,0,0,0,0,5,2,5
,,,,,,,0,0,0,0,2,0,0,0,0,2,0,2,2
,,,,,,,0,0,0,0,0,0,0,0,0,1,1,0,2
,,,,,,,0,0,0,0,0,1,0,0,0,1,2,1,3
,,,,,,,0,0,0,0,1,0,1,0,0,4,3,1,8
,,,,,,,0,0,0,0,2,2,1,0,0,5,6,4,12
,,,,,,,0,0,0,2,3,3,0,0,2,3,5,8,10
,,,,,,,0,0,0,0,1,0,0,0,1,2,3,1,6
,,,,,,,0,0,0,0,0,0,0,0,1,1,2,0,4
,,,,,,,0,0,0,2,0,1,0,0,3,0,2,3,5
,,,,,,,0,0,0,1,0,2,0,0,2,0,3,3,5
,,,,,,,0,0,0,0,0,0,0,0,0,0,3,0,3
,,,,,,,0,0,0,0,0,0,0,0,0,1,4,0,5
,,,,,,,0,0,0,0,2,0,1,0,0,3,3,2,7
,,,,,,,0,0,0,0,0,4,1,0,0,1,4,4,6
,,,,,,,0,1,0,0,0,0,2,0,0,0,2,1,4
,,,,,,,0,0,0,0,0,0,1,0,0,0,0,0,1
,,,,,,,0,0,0,0,0,1,5,0,0,2,7,1,14
,,,,,,,0,2,0,1,0,3,3,1,2,2,5,6,13
,,,,,,,0,1,0,1,0,1,4,0,4,3,4,3,15
,,,,,,,0,0,0,2,4,2,3,2,6,6,6,8,23
,,,,,,,0,1,1,1,1,1,3,3,2,2,3,5,13
,,,,,,,0,0,0,0,0,0,0,0,0,0,0,0,0
,,,,,,,0,1,2,0,1,3,1,2,0,1,4,7,8
,,,,,,,0,0,0,1,1,1,1,2,1,2,8,3,14
,,,,,,,0,0,0,0,0,0,0,0,1,1,6,0,8
,,,,,,,0,0,0,0,0,2,0,0,1,1,2,2,4
,,,,,,,0,0,0,0,0,0,0,0,1,4,2,0,7
,,,,,,,0,0,0,1,2,0,0,0,3,3,0,3,6
,,,,,,,0,0,0,1,1,3,1,0,1,1,3,5,6
,,,,,,,0,0,0,0,0,0,1,0,0,0,4,0,5
,,,,,,,0,0,0,0,0,0,0,0,0,0,2,0,2
,,,,,,,0,0,0,0,0,0,0,0,0,0,0,0,0
,,,,,,,0,0,0,0,0,0,0,0,0,0,0,0,0
,,,,,,,0,0,0,0,0,0,0,0,0,0,0,0,0
,,,,,,,0,0,0,0,0,0,2,0,0,0,2,0,4
,,,,,,,0,1,0,0,0,4,3,2,0,0,6,5,11
,,,,,,,0,0,0,0,0,0,0,0,0,0,3,0,3
,,,,,,,0,0,0,0,0,0,0,0,0,0,0,0,0
,,,,,,,0,0,0,0,0,0,0,0,0,0,2,0,2
,,,,,,,0,0,0,0,0,0,0,0,0,0,0,0,0
,,,,,,,0,0,0,0,0,0,0,0,0,0,2,0,2
,,,,,,,0,0,0,0,0,0,0,0,0,0,1,0,1
,,,,,,,0,0,0,0,0,0,0,0,0,0,0,0,0
,,,,,,,0,0,0,0,0,0,0,0,0,0,0,0,0
,,,,,,,0,0,0,0,0,0,0,0,0,0,0,0,0
,,,,,,,0,0,0,0,0,0,0,0,0,0,0,0,0
,,,,,,,0,0,0,0,0,0,0,0,0,0,2,0,2
,,,,,,,0,0,0,0,0,2,0,0,0,0,2,2,2
,,,,,,,0,0,0,0,0,0,0,0,0,0,1,0,1
,,,,,,,0,0,0,0,0,0,0,0,0,1,0,0,1
,,,,,,,0,0,0,0,0,0,1,0,0,3,0,0,4
,,,,,,,0,1,0,0,1,3,1,0,0,1,4,5,6
,,,,,,,0,0,0,0,0,1,0,1,3,2,4,1,10
,,,,,,,0,0,0,3,3,0,0,1,3,4,1,6,9
,,,,,,,0,0,0,0,0,0,0,0,0,3,0,0,3
,,,,,,,0,0,0,0,1,0,0,0,0,1,2,1,3
,,,,,,,0,2,1,2,2,1,3,1,4,5,4,8,17
,,,,,,,0,2,0,3,3,0,6,1,5,6,5,8,23
,,,,,,,0,0,0,0,3,2,0,1,1,4,4,5,10
,,,,,,,0,0,1,0,1,0,0,2,2,2,5,2,11
,,,,,,,0,0,0,0,0,0,0,0,1,3,0,0,4
,,,,,,,0,0,0,0,1,0,0,0,2,3,6,1,11
,,,,,,,0,0,0,2,1,6,1,1,2,3,8,9,15
,,,,,,,0,0,0,1,1,3,1,1,1,4,5,5,12
,,,,,,,0,0,0,0,0,0,0,1,0,0,0,0,1
,,,,,,,0,0,0,0,0,0,0,0,0,0,0,0,0
,,,,,,,0,0,0,0,0,0,0,0,1,1,2,0,4
,,,,,,,0,0,0,0,2,2,0,0,0,5,5,4,10
,,,,,,,0,0,0,0,1,1,0,0,0,3,6,2,9
,,,,,,,0,0,0,0,0,0,0,0,0,0,0,0,0
,,,,,,,0,0,0,0,0,0,0,0,0,0,0,0,0
,,,,,,,0,0,0,0,0,0,0,0,0,0,0,0,0
,,,,,,,0,0,0,0,0,0,0,0,0,0,0,0,0
,,,,,,,0,0,0,0,0,0,0,0,0,0,0,0,0
,,,,,,,0,0,0,0,0,0,0,0,0,0,0,0,0
,,,,,,,0,0,0,0,0,0,0,0,0,0,0,0,0
,,,,,,,0,0,0,0,0,0,0,0,0,0,0,0,0
,,,,,,,0,0,0,0,0,0,0,0,0,0,0,0,0
,,,,,,,0,0,0,0,0,0,1,0,2,1,3,0,7
,,,,,,,0,1,0,0,0,3,1,0,0,1,5,4,7
,,,,,,,0,0,0,0,0,2,1,0,0,0,3,2,4
,,,,,,,0,0,0,0,0,0,0,0,0,0,3,0,3
,,,,,,,0,0,0,0,0,0,0,0,0,0,0,0,0
,,,,,,,0,0,0,0,0,0,0,0,0,0,0,0,0
,,,,,,,0,0,0,0,0,0,0,0,0,0,0,0,0
,,,,,,,0,0,0,0,0,0,0,0,0,0,0,0,0
,,,,,,,0,0,0,0,0,0,0,0,0,0,0,0,0
,,,,,,,0,0,0,0,0,0,0,0,0,0,1,0,1
,,,,,,,0,0,0,0,1,3,0,0,4,4,4,4,12
,,,,,,,0,1,0,2,3,0,1,0,2,4,2,6,9
,,,,,,,0,0,0,0,0,0,1,0,0,2,0,0,3
,,,,,,,0,0,0,0,0,0,0,0,0,0,0,0,0
,,,,,,,0,0,0,0,0,0,0,0,0,0,0,0,0
,,,,,,,0,0,0,0,0,0,0,0,0,1,0,0,1
,,,,,,,0,0,0,0,0,0,0,0,0,1,3,0,4
,,,,,,,0,0,0,0,0,0,0,0,0,0,0,0,0
,,,,,,,0,0,0,0,0,0,0,0,0,0,0,0,0
,,,,,,,0,0,0,0,0,0,0,0,0,0,0,0,0
,,,,,,,0,0,0,0,0,0,0,0,0,0,0,0,0
,,,,,,,0,0,0,0,0,0,0,0,0,0,0,0,0
,,,,,,,0,0,0,0,0,0,0,0,0,0,0,0,0
,,,,,,,0,0,0,0,0,0,0,0,0,0,0,0,0
,,,,,,,0,0,0,0,0,0,0,0,0,0,0,0,0
,,,,,,,0,0,0,0,0,2,0,0,0,0,4,2,4
,,,,,,,0,0,0,0,0,2,4,0,1,4,5,2,14
,,,,,,,0,1,0,1,0,2,3,0,2,4,6,4,15
,,,,,,,0,0,0,1,1,0,1,0,1,3,7,2,12
,,,,,,,0,1,0,0,0,4,2,0,0,1,6,5,9
,,,,,,,0,0,0,0,0,2,2,0,0,1,5,2,8
,,,,,,,0,0,0,1,2,5,0,0,1,2,7,8,10
,,,,,,,0,0,0,0,0,0,0,0,0,0,2,0,2
,,,,,,,0,0,0,0,0,0,0,0,0,0,0,0,0
,,,,,,,0,0,0,0,0,0,1,0,0,0,0,0,1
,,,,,,,0,0,0,0,0,0,3,1,0,0,0,0,4
,,,,,,,0,2,0,0,0,0,4,0,0,0,1,2,5
,,,,,,,0,1,0,0,0,0,4,0,0,0,1,1,5
,,,,,,,0,0,0,0,0,0,1,0,0,0,0,0,1
,,,,,,,0,0,0,0,0,0,0,0,0,0,0,0,0
,,,,,,,0,0,0,0,0,1,0,0,0,0,3,1,3
,,,,,,,0,0,0,0,0,1,1,0,0,1,3,1,5
,,,,,,,0,0,0,0,0,2,3,0,3,1,4,2,11
,,,,,,,0,2,0,3,2,0,5,1,4,5,4,7,19
,,,,,,,0,3,1,0,4,3,3,1,0,4,3,11,11
,,,,,,,0,0,0,0,0,0,1,0,0,2,1,0,4
,,,,,,,0,1,0,0,2,0,1,0,0,3,1,3,5
,,,,,,,0,0,0,0,0,0,0,0,0,1,2,0,3
,,,,,,,0,0,0,0,0,0,0,0,0,0,0,0,0
,,,,,,,0,1,1,0,0,1,2,1,1,4,3,3,11
,,,,,,,0,0,0,1,0,3,2,1,1,4,8,4,16
,,,,,,,0,0,0,0,0,0,0,0,0,1,4,0,5
,,,,,,,0,0,0,0,0,0,0,0,0,0,0,0,0
,,,,,,,0,0,0,0,0,1,1,0,0,0,4,1,5
,,,,,,,0,1,0,0,0,2,1,0,2,0,4,3,7
,,,,,,,0,0,0,0,0,2,0,0,1,0,2,2,3
,,,,,,,0,0,0,0,0,2,0,0,0,0,5,2,5
,,,,,,,0,0,0,0,0,2,0,0,0,0,4,2,4
,,,,,,,0,0,1,0,0,2,1,1,0,1,2,3,5
,,,,,,,0,1,0,0,1,1,1,0,0,1,3,3,5
,,,,,,,0,0,0,0,0,0,1,0,0,0,0,0,1
,,,,,,,0,0,0,0,0,0,1,0,0,0,1,0,2
,,,,,,,0,1,0,0,0,2,1,0,0,0,4,3,5
,,,,,,,0,0,0,0,0,2,1,0,0,0,6,2,7
,,,,,,,0,1,0,0,0,1,2,0,2,2,3,2,9
,,,,,,,0,2,0,1,2,2,5,1,1,2,6,7,15
,,,,,,,0,3,4,1,1,2,3,4,1,2,8,11,18
,,,,,,,0,0,0,0,0,0,3,3,1,0,8,0,15
,,,,,,,0,0,1,0,0,2,2,2,2,1,5,3,12
,,,,,,,0,0,0,0,0,2,1,0,1,0,4,2,6
,,,,,,,0,0,0,0,0,3,1,0,1,0,7,3,9
,,,,,,,0,1,0,0,0,0,2,0,2,2,7,1,13
,,,,,,,0,0,0,3,3,3,1,0,5,4,4,9,14
,,,,,,,0,0,0,1,2,0,0,0,3,3,0,3,6
,,,,,,,0,0,0,0,1,0,0,0,0,1,2,1,3
,,,,,,,0,0,0,0,0,0,1,0,0,0,2,0,3
,,,,,,,0,0,0,0,0,0,0,0,0,0,0,0,0
,,,,,,,0,0,0,0,0,0,0,0,0,0,0,0,0
,,,,,,,0,0,0,0,0,0,0,0,0,0,0,0,0
,,,,,,,0,0,0,0,0,0,0,0,0,0,0,0,0
,,,,,,,0,0,0,1,2,2,2,2,3,3,2,5,12
,,,,,,,0,2,2,1,3,0,2,2,5,5,6,8,20
,,,,,,,0,0,0,0,0,0,0,0,1,1,0,0,2
,,,,,,,0,0,0,0,0,0,0,0,0,0,0,0,0
,,,,,,,0,0,0,0,0,2,0,0,0,0,2,2,2
,,,,,,,0,0,0,0,0,0,0,0,0,0,3,0,3
,,,,,,,0,0,0,0,0,0,0,0,0,0,2,0,2
,,,,,,,0,0,0,0,0,1,0,0,0,0,2,1,2
,,,,,,,0,0,0,0,0,0,0,0,0,0,0,0,0
,,,,,,,0,0,0,0,0,0,0,0,0,0,0,0,0
,,,,,,,0,0,0,0,0,0,0,0,0,0,0,0,0
,,,,,,,0,0,0,0,0,0,0,0,0,0,0,0,0
,,,,,,,0,0,0,0,0,0,0,0,0,0,0,0,0
,,,,,,,0,0,0,0,0,0,0,0,0,0,0,0,0
,,,,,,,0,0,0,0,0,0,0,0,0,0,0,0,0
,,,,,,,0,0,0,0,0,0,0,0,0,0,0,0,0
,,,,,,,0,0,0,0,0,0,0,0,0,0,0,0,0
,,,,,,,0,0,0,0,0,0,0,0,1,0,0,0,1
,,,,,,,0,0,0,1,1,1,0,1,2,4,2,3,9
,,,,,,,0,0,1,0,0,1,0,1,2,4,1,2,8
,,,,,,,0,0,0,0,1,0,0,0,0,1,0,1,1
,,,,,,,0,0,0,0,0,0,0,0,0,0,0,0,0
,,,,,,,0,0,0,0,0,0,2,1,1,1,3,0,8
,,,,,,,0,1,0,0,1,3,2,0,2,3,6,5,13
,,,,,,,0,0,0,0,2,1,0,0,2,5,5,3,12
,,,,,,,0,0,0,1,0,2,0,0,3,2,4,3,9
,,,,,,,0,1,0,0,0,2,1,0,1,3,7,3,12
,,,,,,,0,0,0,0,1,2,0,0,0,2,6,3,8
,,,,,,,0,0,0,0,0,0,0,0,0,2,4,0,6
,,,,,,,0,0,1,0,2,3,0,1,1,2,4,6,8
,,,,,,,0,0,1,0,0,0,0,1,0,0,0,1,1
,,,,,,,0,0,0,0,0,0,0,0,0,0,0,0,0
,,,,,,,0,0,0,0,0,0,0,0,0,1,2,0,3
,,,,,,,0,0,0,0,1,2,0,0,0,4,6,3,10
,,,,,,,0,0,0,0,2,2,0,0,0,4,3,4,7
,,,,,,,0,0,0,0,0,0,0,0,0,0,1,0,1
,,,,,,,0,0,0,0,0,0,0,0,0,0,0,0,0
,,,,,,,0,0,0,0,0,0,0,0,0,0,0,0,0
,,,,,,,0,0,0,0,0,0,0,0,0,0,0,0,0
,,,,,,,0,0,0,0,0,0,0,0,0,0,0,0,0
,,,,,,,0,0,0,0,0,0,0,0,0,0,0,0,0
,,,,,,,0,0,0,0,0,0,0,0,0,0,0,0,0
,,,,,,,0,0,0,0,0,0,0,0,0,0,2,0,2
,,,,,,,0,0,0,0,0,4,1,0,2,0,4,4,7
,,,,,,,0,1,0,5,5,2,1,0,6,6,5,13,18
,,,,,,,0,0,0,0,0,4,0,0,4,5,6,4,15
,,,,,,,0,0,0,0,1,3,0,0,0,1,8,4,9
,,,,,,,0,0,0,1,1,2,0,0,2,4,7,4,13
,,,,,,,0,0,0,2,3,2,0,0,2,4,2,7,8
,,,,,,,0,0,0,0,1,0,0,0,0,2,0,1,2
,,,,,,,0,0,0,0,0,0,0,0,0,0,0,0,0
,,,,,,,0,0,0,0,0,0,0,0,0,0,0,0,0
,,,,,,,0,0,0,0,0,0,0,0,0,0,0,0,0
,,,,,,,0,0,0,0,0,0,0,0,0,0,1,0,1
,,,,,,,0,0,0,3,2,3,0,0,3,4,4,8,11
,,,,,,,0,0,0,3,2,0,0,0,5,6,0,5,11
,,,,,,,0,0,0,0,0,0,0,0,0,0,2,0,2
,,,,,,,0,0,0,0,0,0,0,0,0,0,2,0,2
,,,,,,,0,0,0,0,0,0,0,0,0,0,0,0,0
,,,,,,,0,0,0,0,0,1,0,0,0,1,2,1,3
,,,,,,,0,0,0,0,1,2,0,0,0,1,2,3,3
,,,,,,,0,0,0,0,0,0,0,0,0,0,0,0,0
,,,,,,,0,0,0,0,0,0,0,0,0,0,0,0,0
,,,,,,,0,0,0,0,0,0,0,0,0,0,0,0,0
,,,,,,,0,0,0,0,0,0,0,0,0,0,0,0,0
,,,,,,,0,0,0,0,0,0,0,0,0,0,1,0,1
,,,,,,,0,0,0,0,0,0,0,0,0,0,0,0,0
,,,,,,,0,0,0,0,0,0,0,0,0,0,0,0,0
,,,,,,,0,0,0,0,0,0,0,0,0,0,0,0,0
,,,,,,,0,0,0,0,0,1,0,0,0,0,4,1,4
,,,,,,,0,0,0,1,3,2,1,0,2,4,5,6,12
,,,,,,,0,1,1,1,2,1,2,1,2,4,6,6,15
,,,,,,,0,1,1,0,1,2,1,2,1,2,4,5,10
,,,,,,,0,0,0,1,0,1,3,2,1,1,5,2,12
,,,,,,,0,0,0,0,0,2,2,0,0,0,5,2,7
,,,,,,,0,0,0,0,0,3,0,0,0,1,6,3,7
,,,,,,,0,0,0,0,0,0,0,0,0,0,1,0,1
,,,,,,,0,0,0,0,0,0,0,0,0,0,0,0,0
,,,,,,,0,1,0,0,0,0,1,0,0,0,0,1,1
,,,,,,,0,0,0,0,0,0,1,0,0,0,0,0,1
,,,,,,,0,0,0,0,0,0,0,0,0,0,0,0,0
,,,,,,,0,1,0,0,0,1,1,0,0,0,1,2,2
,,,,,,,0,1,0,0,0,0,3,0,0,2,2,1,7
,,,,,,,0,0,0,0,0,0,1,0,0,2,1,0,4
,,,,,,,0,0,0,0,0,0,1,0,0,2,2,0,5
,,,,,,,0,1,0,0,2,2,1,0,0,2,2,5,5
,,,,,,,0,0,0,0,0,1,1,0,0,1,5,1,7
,,,,,,,0,0,0,0,0,4,1,1,1,1,7,4,11
,,,,,,,0,0,1,0,0,2,1,2,0,0,5,3,8
,,,,,,,0,0,0,0,0,0,0,0,0,0,0,0,0
,,,,,,,0,0,0,0,0,0,1,0,0,1,2,0,4
,,,,,,,0,0,0,0,1,2,0,0,0,1,2,3,3
,,,,,,,0,0,0,0,1,0,0,0,0,3,1,1,4
,,,,,,,0,0,0,0,2,1,1,1,1,4,3,3,10
,,,,,,,0,0,0,0,1,0,1,1,1,4,4,1,11
,,,,,,,0,0,0,0,0,0,0,0,0,1,1,0,2
,,,,,,,0,0,0,0,0,0,0,0,0,0,2,0,2
,,,,,,,0,0,0,0,0,0,0,0,0,0,1,0,1
,,,,,,,0,0,0,0,0,0,1,1,0,0,1,0,3
,,,,,,,0,1,2,0,1,0,3,2,0,2,1,4,8
,,,,,,,0,0,0,0,0,0,2,1,0,2,2,0,7
,,,,,,,0,0,0,0,1,0,1,0,0,3,4,1,8
,,,,,,,0,1,1,0,1,2,2,1,0,3,3,5,9
,,,,,,,0,0,0,0,0,0,0,0,0,0,0,0,0
,,,,,,,0,0,0,0,0,0,0,0,0,0,1,0,1
,,,,,,,0,0,0,0,0,2,0,0,1,1,3,2,5
,,,,,,,0,0,0,0,0,1,0,0,0,0,4,1,4
,,,,,,,0,0,0,0,0,0,0,0,0,0,1,0,1
,,,,,,,0,0,0,0,1,1,0,0,0,2,2,2,4
,,,,,,,0,1,0,0,2,2,2,0,0,3,5,5,10
,,,,,,,0,2,0,1,0,2,8,2,1,2,8,5,21
,,,,,,,0,5,1,1,0,4,11,1,4,2,10,11,28
,,,,,,,0,1,0,2,1,2,4,0,3,2,6,6,15
,,,,,,,0,0,0,0,0,0,0,0,0,1,0,0,1
,,,,,,,0,1,0,0,0,0,1,0,0,0,4,1,5
,,,,,,,0,0,0,0,1,1,2,0,0,1,6,2,9
,,,,,,,0,1,0,0,1,3,3,2,3,3,6,5,17
,,,,,,,0,0,0,0,1,0,3,2,2,4,2,1,13
,,,,,,,0,0,0,1,1,1,1,0,1,1,3,3,6
,,,,,,,0,1,0,0,0,1,1,0,0,0,2,2,3
,,,,,,,0,0,0,0,0,0,0,0,0,0,0,0,0
,,,,,,,0,0,0,0,0,0,0,0,0,0,0,0,0
,,,,,,,0,0,0,0,0,0,0,0,0,0,0,0,0
,,,,,,,0,0,0,0,0,2,0,0,0,0,2,2,2
,,,,,,,0,0,0,0,0,0,0,0,3,1,4,0,8
,,,,,,,0,0,0,2,1,0,0,0,5,5,2,3,12
,,,,,,,0,0,0,0,0,0,1,0,2,3,0,0,6
,,,,,,,0,0,0,0,0,0,0,0,0,0,0,0,0
,,,,,,,0,0,0,0,0,1,0,0,0,0,2,1,2
,,,,,,,0,0,0,0,0,2,0,0,0,0,2,2,2
,,,,,,,0,0,0,0,0,1,0,0,0,0,1,1,1
,,,,,,,0,0,0,0,0,0,0,0,0,0,2,0,2
,,,,,,,0,0,0,0,0,0,0,0,0,0,0,0,0
,,,,,,,0,0,0,0,0,0,0,0,0,0,0,0,0
,,,,,,,0,0,0,0,0,0,0,0,0,0,0,0,0
,,,,,,,0,0,0,0,0,0,0,0,0,0,0,0,0
,,,,,,,0,0,0,0,0,0,0,0,0,0,0,0,0
,,,,,,,0,0,0,0,0,0,0,0,0,0,0,0,0
,,,,,,,0,0,0,0,0,0,0,0,0,0,0,0,0
,,,,,,,0,0,0,0,0,0,0,0,0,0,0,0,0
,,,,,,,0,0,0,0,0,0,0,0,0,0,0,0,0
,,,,,,,0,0,0,0,0,0,0,0,2,2,0,0,4
,,,,,,,0,0,0,1,1,0,0,1,2,4,0,2,7
,,,,,,,0,0,0,0,1,1,0,0,0,3,2,2,5
,,,,,,,0,0,1,0,1,2,0,1,0,4,2,4,7
,,,,,,,0,0,0,0,0,0,0,0,0,0,0,0,0
,,,,,,,0,0,0,0,0,0,0,0,0,0,4,0,4
,,,,,,,0,0,0,0,0,2,0,0,0,1,3,2,4
,,,,,,,0,0,0,0,0,0,0,0,2,1,1,0,4
,,,,,,,0,0,0,2,1,1,0,0,2,2,2,4,6
,,,,,,,0,1,0,1,3,2,1,0,2,4,7,7,14
,,,,,,,0,0,0,0,0,0,1,0,1,3,6,0,11
,,,,,,,0,0,0,0,0,0,0,0,0,0,1,0,1
,,,,,,,0,0,0,0,0,1,0,0,0,0,4,1,4
,,,,,,,0,0,0,0,0,0,0,0,0,0,0,0,0
,,,,,,,0,0,0,0,0,0,0,0,0,0,0,0,0
,,,,,,,0,0,0,0,0,0,0,0,0,0,1,0,1
,,,,,,,0,0,0,0,0,0,0,0,0,0,0,0,0
,,,,,,,0,0,0,0,0,0,0,0,0,0,0,0,0
,,,,,,,0,0,0,0,0,0,0,0,0,0,0,0,0
,,,,,,,0,0,0,0,0,0,0,0,0,0,0,0,0
,,,,,,,0,0,0,0,0,0,0,0,0,0,0,0,0
,,,,,,,0,0,0,0,0,0,0,0,0,0,0,0,0
,,,,,,,0,0,0,0,0,0,0,0,0,0,0,0,0
,,,,,,,0,0,0,0,0,0,0,0,0,0,4,0,4
,,,,,,,0,0,0,0,0,2,0,0,0,0,3,2,3
,,,,,,,0,0,0,0,0,0,0,0,0,0,4,0,4
,,,,,,,0,0,0,0,1,0,0,0,4,4,0,1,8
,,,,,,,0,0,0,0,0,0,0,0,1,4,0,0,5
,,,,,,,0,0,0,0,2,2,0,0,0,3,4,4,7
,,,,,,,0,0,0,0,1,0,0,0,0,1,3,1,4
,,,,,,,0,0,0,1,0,3,0,0,2,5,4,4,11
,,,,,,,0,0,0,0,1,0,0,1,1,2,2,1,6
,,,,,,,0,0,0,0,0,0,0,0,0,0,0,0,0
,,,,,,,0,0,0,0,0,0,0,0,0,0,1,0,1
,,,,,,,0,0,0,0,0,1,0,0,0,1,2,1,3
,,,,,,,0,0,0,0,1,0,0,0,0,1,0,1,1
,,,,,,,0,0,0,0,0,0,0,0,0,0,0,0,0
,,,,,,,0,0,0,0,0,0,0,0,0,0,0,0,0
,,,,,,,0,0,0,0,0,2,0,0,0,0,3,2,3
,,,,,,,0,1,0,1,0,2,2,0,2,0,4,4,8
,,,,,,,0,0,0,0,0,2,0,0,1,0,3,2,4
,,,,,,,0,0,0,0,0,0,0,0,0,0,2,0,2
,,,,,,,0,0,0,0,0,2,1,1,0,1,3,2,6
,,,,,,,0,1,1,0,4,1,1,1,0,4,2,7,8
,,,,,,,0,0,0,0,0,0,0,0,0,1,0,0,1
,,,,,,,0,0,0,0,0,0,0,0,0,0,2,0,2
,,,,,,,0,0,0,0,0,1,0,0,0,0,2,1,2
,,,,,,,0,0,0,0,0,1,0,0,0,0,3,1,3
,,,,,,,0,0,0,0,0,1,0,0,0,0,3,1,3
,,,,,,,0,0,0,0,0,0,0,0,0,0,0,0,0
,,,,,,,0,0,0,0,0,0,0,0,0,0,0,0,0
,,,,,,,0,0,0,0,0,0,0,0,0,0,2,0,2
,,,,,,,0,1,0,0,0,1,1,0,1,3,3,2,8
,,,,,,,0,1,0,0,1,1,1,0,1,2,5,3,9
,,,,,,,0,0,0,1,1,2,0,1,1,2,3,4,7
,,,,,,,0,1,1,0,0,0,2,2,1,1,3,2,9
,,,,,,,0,1,0,0,0,0,2,1,0,0,2,1,5
,,,,,,,0,0,0,0,0,0,0,0,0,0,0,0,0
,,,,,,,0,0,0,0,0,0,0,0,0,0,0,0,0
,,,,,,,0,0,0,0,0,0,0,0,0,0,0,0,0
,,,,,,,0,0,0,0,0,0,0,0,0,0,0,0,0
,,,,,,,0,0,0,0,0,0,0,0,0,0,0,0,0
,,,,,,,0,0,0,0,0,0,0,0,0,0,2,0,2
,,,,,,,0,0,0,0,0,2,1,0,0,0,3,2,4
,,,,,,,0,2,0,0,1,1,2,0,0,2,3,4,7
,,,,,,,0,0,0,0,1,2,1,0,0,3,3,3,7
,,,,,,,0,0,0,0,1,1,0,0,0,1,1,2,2
,,,,,,,0,0,0,0,0,0,0,0,0,1,0,0,1
,,,,,,,0,0,0,0,0,0,0,0,0,0,0,0,0
,,,,,,,0,0,0,0,0,0,0,0,0,0,3,0,3
,,,,,,,0,0,0,0,0,0,0,0,0,0,2,0,2
,,,,,,,0,0,0,0,0,0,0,0,0,0,0,0,0
,,,,,,,0,0,0,0,0,0,0,0,0,0,0,0,0
,,,,,,,0,0,0,0,0,2,0,0,0,0,2,2,2
,,,,,,,0,1,0,0,1,0,1,0,0,4,0,2,5
,,,,,,,0,1,0,0,2,2,2,0,0,5,4,5,11
,,,,,,,0,1,0,0,2,0,1,0,1,3,3,3,8
,,,,,,,0,0,0,0,0,1,1,0,0,0,2,1,3
,,,,,,,0,0,0,0,0,2,0,0,0,1,4,2,5
,,,,,,,0,0,0,0,0,1,0,1,1,1,4,1,7
,,,,,,,0,1,0,1,2,2,2,0,3,2,4,6,11
,,,,,,,0,3,0,0,2,0,4,3,1,4,2,5,14
,,,,,,,0,1,0,0,2,2,3,1,1,3,2,5,10
,,,,,,,0,0,0,0,0,1,2,0,1,3,3,1,9
,,,,,,,0,1,0,1,3,1,2,0,1,4,3,6,10
,,,,,,,0,1,0,0,1,2,1,0,1,2,3,4,7
,,,,,,,0,1,0,2,4,2,2,0,4,6,5,9,17
,,,,,,,0,0,0,2,3,2,2,0,4,6,4,7,16
,,,,,,,0,0,0,0,1,0,1,0,0,1,0,1,2
,,,,,,,0,0,0,0,0,0,0,0,1,2,0,0,3
,,,,,,,0,0,0,0,0,0,0,0,0,2,0,0,2
,,,,,,,0,1,0,0,1,0,1,0,0,3,1,2,5
,,,,,,,0,2,0,0,1,1,7,0,1,2,2,4,12
,,,,,,,0,2,0,0,2,3,10,0,3,6,6,7,25
,,,,,,,0,2,1,0,1,4,4,1,0,4,6,8,15
,,,,,,,0,0,0,0,0,1,1,1,0,0,3,1,5
,,,,,,,0,0,0,0,0,0,0,0,0,0,0,0,0
,,,,,,,0,0,0,0,0,0,2,0,0,0,2,0,4
,,,,,,,0,1,1,0,0,2,3,3,1,2,4,4,13
,,,,,,,0,1,2,1,2,0,3,2,1,2,2,6,10
,,,,,,,0,0,0,0,0,0,0,0,1,2,0,0,3
,,,,,,,0,0,0,0,0,0,0,0,0,0,2,0,2
,,,,,,,0,0,0,0,0,0,0,0,0,0,2,0,2
,,,,,,,0,0,0,0,0,0,0,0,0,0,0,0,0
,,,,,,,0,0,0,0,0,0,2,0,3,4,2,0,11
,,,,,,,0,0,0,1,1,0,1,0,2,3,4,2,10
,,,,,,,0,0,0,0,0,0,0,1,0,2,0,0,3
,,,,,,,0,0,1,0,2,0,0,1,1,3,0,3,5
,,,,,,,0,2,0,2,2,0,2,0,2,5,0,6,9
,,,,,,,0,0,0,0,1,0,2,0,1,2,0,1,5
,,,,,,,0,0,0,0,0,0,0,0,0,0,2,0,2
,,,,,,,0,0,0,0,0,1,0,0,0,0,2,1,2
,,,,,,,0,0,0,0,0,0,0,0,0,0,1,0,1
,,,,,,,0,0,0,0,0,0,0,0,0,0,0,0,0
,,,,,,,0,0,0,0,0,0,0,0,0,0,0,0,0
,,,,,,,0,0,0,0,0,0,0,0,0,0,0,0,0
,,,,,,,0,0,0,0,0,0,0,0,0,0,0,0,0
,,,,,,,0,0,0,0,0,0,0,0,0,0,0,0,0
,,,,,,,0,0,0,0,0,0,0,0,0,0,0,0,0
,,,,,,,0,0,0,0,0,0,0,0,0,0,0,0,0
,,,,,,,0,0,0,0,0,0,0,0,0,0,0,0,0
,,,,,,,0,0,0,0,0,0,0,0,0,0,0,0,0
,,,,,,,0,0,0,0,0,0,0,0,0,0,0,0,0
,,,,,,,0,0,0,0,0,0,0,0,0,1,0,0,1
,,,,,,,0,0,1,0,1,0,0,1,0,1,0,2,2
,,,,,,,0,0,0,0,0,0,0,0,0,0,1,0,1
,,,,,,,0,0,1,0,2,0,1,1,1,2,3,3,8
,,,,,,,0,0,0,0,0,1,1,0,3,4,5,1,13
,,,,,,,0,0,0,0,0,2,0,0,0,0,2,2,2
,,,,,,,0,0,0,0,0,0,0,0,0,0,2,0,2
,,,,,,,0,0,0,1,0,0,1,0,1,1,2,1,5
,,,,,,,0,1,0,0,1,2,1,0,1,1,2,4,5
,,,,,,,0,0,0,0,0,2,0,0,0,1,3,2,4
,,,,,,,0,0,0,0,0,0,0,0,0,0,3,0,3
,,,,,,,0,1,0,0,1,0,1,0,0,1,1,2,3
,,,,,,,0,1,0,0,1,2,1,0,0,1,4,4,6
,,,,,,,0,0,0,0,0,0,0,0,0,0,0,0,0
,,,,,,,0,0,0,0,0,0,0,0,0,0,0,0,0
,,,,,,,0,0,0,0,0,0,0,0,0,0,0,0,0
,,,,,,,0,0,0,0,0,0,0,0,0,0,0,0,0
,,,,,,,0,0,0,0,0,0,0,0,0,0,0,0,0
,,,,,,,0,0,0,0,0,0,0,0,0,0,0,0,0
,,,,,,,0,0,0,0,0,0,0,0,0,0,0,0,0
,,,,,,,0,0,0,0,0,0,0,0,0,1,3,0,4
,,,,,,,0,0,0,1,2,2,0,0,1,3,3,5,7
,,,,,,,0,0,0,0,0,0,0,0,1,2,5,0,8
,,,,,,,0,0,0,0,0,3,0,0,2,2,7,3,11
,,,,,,,0,0,0,0,0,2,1,0,3,4,4,2,12
,,,,,,,0,0,0,1,2,2,1,0,1,4,3,5,9
,,,,,,,0,0,0,0,1,2,0,0,0,5,4,3,9
,,,,,,,0,0,0,0,2,1,0,0,0,4,3,3,7
,,,,,,,0,1,0,1,5,0,1,1,4,8,3,7,17
,,,,,,,0,2,1,2,4,1,2,2,3,9,3,10,19
,,,,,,,0,0,0,0,0,0,1,0,0,0,2,0,3
,,,,,,,0,0,0,0,0,0,0,0,0,0,0,0,0
,,,,,,,0,0,0,0,0,2,0,0,0,0,2,2,2
,,,,,,,0,0,0,0,0,2,0,0,0,0,2,2,2
,,,,,,,0,0,0,0,0,1,0,0,0,0,2,1,2
,,,,,,,0,0,0,0,0,0,0,0,0,0,0,0,0
,,,,,,,0,0,0,0,0,0,0,0,1,1,1,0,3
,,,,,,,0,2,0,1,4,1,3,0,3,5,1,8,12
,,,,,,,0,1,0,0,1,2,2,0,1,4,5,4,12
,,,,,,,0,0,0,0,0,4,0,0,0,0,5,4,5
,,,,,,,0,0,0,0,0,2,0,0,0,0,6,2,6
,,,,,,,0,0,0,0,1,1,1,0,0,4,3,2,8
,,,,,,,0,0,0,1,0,0,0,0,1,1,5,1,7
,,,,,,,0,0,0,0,0,2,0,0,0,0,5,2,5
,,,,,,,0,0,0,0,0,2,0,0,0,0,2,2,2
,,,,,,,0,0,0,0,0,0,0,0,0,0,2,0,2
,,,,,,,0,0,0,0,0,0,0,0,0,0,2,0,2
,,,,,,,0,0,0,0,0,0,0,0,0,0,0,0,0
,,,,,,,0,0,0,0,0,0,0,0,0,0,0,0,0
,,,,,,,0,0,0,0,0,0,0,0,0,0,0,0,0
,,,,,,,0,0,0,0,1,2,0,0,0,1,3,3,4
,,,,,,,0,0,0,0,0,2,0,0,0,2,4,2,6
,,,,,,,0,0,0,0,1,0,0,0,1,2,6,1,9
,,,,,,,0,0,0,0,0,2,0,0,0,1,4,2,5
,,,,,,,0,0,0,0,0,0,1,0,0,0,0,0,1
,,,,,,,0,0,0,0,0,0,0,0,0,0,0,0,0
,,,,,,,0,0,0,0,0,0,0,0,0,0,0,0,0
,,,,,,,0,0,0,0,0,0,0,0,0,0,0,0,0
,,,,,,,0,0,0,0,0,0,0,0,0,0,2,0,2
,,,,,,,0,0,0,0,0,1,0,0,0,0,2,1,2
,,,,,,,0,0,0,0,0,3,0,0,0,0,6,3,6
,,,,,,,0,0,0,0,0,0,0,0,0,0,4,0,4
,,,,,,,0,0,0,0,0,0,0,0,0,0,0,0,0
,,,,,,,0,0,0,0,0,0,0,0,0,0,0,0,0
,,,,,,,0,0,0,0,0,0,0,0,0,0,0,0,0
,,,,,,,0,0,0,0,0,0,0,0,0,0,1,0,1
,,,,,,,0,0,0,0,0,0,0,0,0,0,0,0,0
,,,,,,,0,0,0,0,0,0,0,0,0,0,0,0,0
,,,,,,,0,0,0,0,0,0,1,0,0,0,0,0,1
,,,,,,,0,0,0,0,0,0,0,0,0,0,3,0,3
,,,,,,,0,0,0,0,0,0,0,0,0,0,4,0,4
,,,,,,,0,0,0,0,0,2,0,0,0,0,3,2,3
,,,,,,,0,0,1,0,1,0,2,1,0,3,1,2,7
,,,,,,,0,0,0,0,1,2,1,1,1,5,5,3,13
,,,,,,,0,0,0,1,1,1,2,0,2,2,2,3,8
,,,,,,,0,1,0,0,0,0,2,0,0,0,1,1,3
,,,,,,,0,0,0,0,1,3,3,0,0,2,4,4,9
,,,,,,,0,3,3,3,0,1,4,4,7,3,3,10,21
,,,,,,,0,3,1,3,3,2,3,4,8,4,5,12,24
,,,,,,,0,2,2,1,4,2,8,4,4,6,3,11,25
,,,,,,,0,4,0,1,1,2,10,4,4,4,5,8,27
,,,,,,,0,3,0,1,1,0,4,0,1,1,3,5,9
,,,,,,,0,0,0,0,0,0,3,0,1,4,4,0,12
,,,,,,,0,1,0,0,1,1,1,0,0,2,5,3,8
,,,,,,,0,2,0,1,2,1,2,0,2,4,2,6,10
,,,,,,,0,1,0,1,1,0,3,0,3,4,0,3,10
,,,,,,,0,1,0,0,0,0,1,0,1,2,0,1,4
,,,,,,,0,0,0,1,1,0,0,0,2,2,0,2,4
,,,,,,,0,0,0,0,1,0,0,0,2,6,0,1,8
,,,,,,,0,0,0,0,1,1,0,0,1,3,1,2,5
,,,,,,,0,0,0,0,0,0,0,0,0,2,2,0,4
,,,,,,,0,5,0,5,6,2,8,0,9,10,3,18,30
,,,,,,,0,6,0,3,4,0,15,2,7,9,4,13,37
,,,,,,,0,3,0,0,0,3,5,0,0,0,4,6,9
,,,,,,,0,1,0,0,0,2,3,0,0,2,4,3,9
,,,,,,,0,3,0,0,1,3,4,0,0,2,4,7,10
,,,,,,,0,0,1,0,0,1,5,3,1,0,4,2,13
,,,,,,,0,0,1,0,0,0,3,3,1,2,3,1,12
,,,,,,,0,0,0,0,0,0,2,1,0,1,0,0,4
,,,,,,,0,0,0,0,1,1,3,2,1,2,3,2,11
,,,,,,,0,0,0,0,0,1,1,0,1,0,3,1,5
,,,,,,,0,0,0,1,2,0,1,0,2,2,0,3,5
,,,,,,,0,1,0,2,5,3,2,0,4,6,4,11,16
,,,,,,,0,0,0,0,1,2,2,0,4,7,6,3,19
,,,,,,,0,0,0,0,1,0,0,0,0,2,0,1,2
,,,,,,,0,0,0,0,0,0,0,1,0,2,0,0,3
,,,,,,,0,0,0,0,3,0,2,0,1,4,0,3,7
,,,,,,,0,0,0,0,0,0,1,0,0,3,0,0,4
,,,,,,,0,0,0,0,0,0,0,0,0,0,2,0,2
,,,,,,,0,0,0,0,0,2,0,0,0,0,2,2,2
,,,,,,,0,0,0,0,0,0,0,0,0,0,0,0,0
,,,,,,,0,0,0,0,0,0,0,0,0,0,0,0,0
,,,,,,,0,0,0,0,0,0,0,0,0,0,0,0,0
,,,,,,,0,0,0,0,0,0,0,0,0,0,0,0,0
,,,,,,,0,0,0,0,0,0,0,0,0,0,0,0,0
,,,,,,,0,0,0,0,0,0,0,0,0,0,0,0,0
,,,,,,,0,0,0,0,0,0,0,0,0,0,0,0,0
,,,,,,,0,0,0,0,0,0,0,0,0,0,0,0,0
,,,,,,,0,0,0,0,0,0,0,0,0,0,0,0,0
,,,,,,,0,0,0,0,0,0,0,0,0,0,0,0,0
,,,,,,,0,0,0,0,0,0,0,0,0,0,0,0,0
,,,,,,,0,0,0,0,0,0,0,0,0,0,0,0,0
,,,,,,,0,0,0,0,0,0,0,0,0,0,0,0,0
,,,,,,,0,0,0,0,0,0,0,0,0,0,0,0,0
,,,,,,,0,1,0,1,0,0,2,0,1,1,4,2,8
,,,,,,,0,0,0,2,2,4,2,0,3,3,8,8,16
,,,,,,,0,0,0,0,0,1,0,1,1,2,4,1,8
,,,,,,,0,0,0,0,0,0,0,0,0,1,2,0,3
,,,,,,,0,0,0,0,2,0,0,0,0,2,1,2,3
,,,,,,,0,0,0,0,1,1,0,0,0,1,4,2,5
,,,,,,,0,0,0,1,2,1,0,0,1,3,4,4,8
,,,,,,,0,0,0,0,0,2,0,0,1,0,4,2,5
,,,,,,,0,0,0,0,0,1,0,0,0,0,5,1,5
,,,,,,,0,0,0,0,0,2,0,0,0,0,3,2,3
,,,,,,,0,0,0,0,0,0,0,0,0,0,0,0,0
,,,,,,,0,0,0,0,0,0,0,0,0,0,0,0,0
,,,,,,,0,0,0,0,0,0,0,0,0,0,0,0,0
,,,,,,,0,0,0,0,0,0,0,0,0,0,0,0,0
,,,,,,,0,0,0,0,0,0,0,0,0,0,0,0,0
,,,,,,,0,0,0,0,0,0,0,0,0,0,0,0,0
,,,,,,,0,0,0,0,0,1,0,0,0,1,2,1,3
,,,,,,,0,0,0,0,0,2,0,0,1,3,4,2,8
,,,,,,,0,1,0,1,2,0,1,0,3,8,4,4,16
,,,,,,,0,0,0,0,1,0,1,0,2,5,1,1,9
,,,,,,,0,0,0,2,4,5,0,0,2,4,5,11,11
,,,,,,,0,1,0,1,2,2,1,0,2,4,5,6,12
,,,,,,,0,0,0,1,3,0,1,0,2,5,3,4,11
,,,,,,,0,0,0,0,0,0,0,0,1,2,3,0,6
,,,,,,,0,0,0,0,0,2,1,4,0,2,5,2,12
,,,,,,,0,0,0,0,0,2,4,3,2,4,4,2,17
,,,,,,,0,1,1,0,1,3,1,1,2,4,5,6,13
,,,,,,,0,0,0,0,0,2,1,1,0,0,2,2,4
,,,,,,,0,0,0,0,0,0,0,0,0,0,0,0,0
,,,,,,,0,0,0,0,0,0,0,0,0,0,0,0,0
,,,,,,,0,0,0,0,0,0,0,0,0,0,1,0,1
,,,,,,,0,0,0,0,0,0,0,0,0,1,0,0,1
,,,,,,,0,0,0,0,0,0,0,0,0,0,0,0,0
,,,,,,,0,0,0,1,0,2,1,0,1,1,3,3,6
,,,,,,,0,1,0,1,1,2,1,0,1,4,4,5,10
,,,,,,,0,0,0,0,0,2,2,0,0,2,7,2,11
,,,,,,,0,0,0,0,0,0,1,0,0,2,6,0,9
,,,,,,,0,0,0,0,0,2,0,0,0,0,3,2,3
,,,,,,,0,0,0,0,0,2,0,0,0,0,4,2,4
,,,,,,,0,0,0,1,1,2,0,0,1,1,5,4,7
,,,,,,,0,0,0,0,0,2,0,0,1,0,4,2,5
,,,,,,,0,0,0,0,0,0,0,0,0,0,0,0,0
,,,,,,,0,0,0,0,0,0,0,0,0,0,0,0,0
,,,,,,,0,0,0,0,0,0,0,0,0,0,0,0,0
,,,,,,,0,0,0,0,0,0,0,0,0,0,0,0,0
,,,,,,,0,0,0,0,0,0,0,0,0,0,0,0,0
,,,,,,,0,0,0,0,0,0,0,0,0,0,0,0,0
,,,,,,,0,0,0,0,0,0,0,0,0,0,0,0,0
,,,,,,,0,0,0,0,0,0,0,0,0,0,2,0,2
,,,,,,,0,0,0,0,0,0,0,0,0,0,2,0,2
,,,,,,,0,0,0,0,0,2,0,0,0,0,2,2,2
,,,,,,,0,0,0,0,0,0,0,0,0,0,0,0,0
,,,,,,,0,0,0,0,0,0,0,0,0,0,0,0,0
,,,,,,,0,0,0,0,0,0,0,0,0,0,2,0,2
,,,,,,,0,0,0,0,0,1,0,0,0,0,3,1,3
,,,,,,,0,0,0,0,0,3,0,0,0,0,3,3,3
,,,,,,,0,0,0,0,0,0,0,0,0,0,3,0,3
,,,,,,,0,0,0,0,0,2,0,0,0,0,4,2,4
,,,,,,,0,0,0,0,0,0,1,0,0,1,3,0,5
,,,,,,,0,0,0,0,0,0,1,0,0,1,1,0,3
,,,,,,,0,0,0,0,0,0,0,0,0,0,0,0,0
,,,,,,,0,0,0,0,0,0,0,0,0,0,1,0,1
,,,,,,,0,0,0,0,0,2,0,0,0,0,2,2,2
,,,,,,,0,1,0,0,1,0,1,0,0,1,2,2,4
,,,,,,,0,0,0,0,0,0,1,0,0,1,1,0,3
,,,,,,,0,1,0,0,0,0,1,0,0,0,1,1,2
,,,,,,,0,0,0,0,0,2,1,0,1,0,5,2,7
,,,,,,,0,0,0,2,0,4,0,0,2,0,4,6,6
,,,,,,,0,0,0,0,0,2,0,0,1,3,4,2,8
,,,,,,,0,2,0,1,2,4,3,1,2,4,4,9,14
,,,,,,,0,0,0,1,1,2,1,0,1,2,5,4,9
,,,,,,,0,0,0,1,1,0,0,0,1,1,2,2,4
,,,,,,,0,0,0,0,0,0,1,0,0,0,0,0,1
,,,,,,,0,0,0,0,0,0,1,0,0,0,1,0,2
,,,,,,,0,1,0,0,0,0,4,1,5,1,0,1,11
,,,,,,,0,0,0,1,0,0,4,2,5,5,1,1,17
,,,,,,,0,4,3,2,5,0,5,5,7,8,3,14,28
,,,,,,,0,3,3,1,2,2,10,3,4,3,5,11,25
,,,,,,,0,2,0,0,0,0,5,1,1,2,2,2,11
,,,,,,,0,2,0,0,1,2,2,0,1,2,2,5,7
,,,,,,,0,0,0,0,1,1,2,0,0,2,4,2,8
,,,,,,,0,0,0,0,1,0,0,0,0,3,1,1,4
,,,,,,,0,0,0,0,2,1,0,0,1,4,1,3,6
,,,,,,,0,0,0,0,0,0,0,0,1,1,3,0,5
,,,,,,,0,0,0,1,1,0,3,0,2,6,2,2,13
,,,,,,,0,0,0,1,4,2,1,0,3,6,2,7,12
,,,,,,,0,0,0,1,1,0,0,0,1,2,1,2,4
,,,,,,,0,0,0,0,0,0,0,0,0,0,0,0,0
,,,,,,,0,4,0,3,1,0,6,1,5,4,1,8,17
,,,,,,,0,4,1,0,0,0,9,1,6,3,0,5,19
,,,,,,,0,2,0,0,0,0,3,1,0,1,0,2,5
,,,,,,,0,2,0,0,2,0,3,0,0,2,2,4,7
,,,,,,,0,1,1,0,1,0,3,1,0,3,4,3,11
,,,,,,,0,3,1,1,2,2,8,5,4,3,5,9,25
,,,,,,,0,2,1,1,1,0,8,3,1,2,5,5,19
,,,,,,,0,3,2,2,0,0,6,3,4,3,2,7,18
,,,,,,,0,4,2,3,2,2,5,3,4,2,4,13,18
,,,,,,,0,1,0,0,0,2,1,0,2,1,6,3,10
,,,,,,,0,1,0,0,0,0,1,0,3,4,4,1,12
,,,,,,,0,0,0,0,1,2,0,0,1,2,3,3,6
,,,,,,,0,0,0,0,1,3,0,0,0,3,4,4,7
,,,,,,,0,0,0,0,0,1,0,0,0,2,4,1,6
,,,,,,,0,0,0,1,4,0,1,0,2,7,1,5,11
,,,,,,,0,1,0,1,3,0,1,0,2,7,0,5,10
,,,,,,,0,0,0,0,0,0,0,0,0,0,0,0,0
,,,,,,,0,0,0,0,0,0,0,0,0,0,0,0,0
,,,,,,,0,0,0,0,0,0,0,0,0,0,1,0,1
,,,,,,,0,0,0,0,0,0,0,0,0,0,0,0,0
,,,,,,,0,0,0,0,0,0,0,0,0,0,0,0,0
,,,,,,,0,0,0,0,0,0,0,0,0,0,0,0,0
,,,,,,,0,0,0,0,0,0,0,0,0,0,0,0,0
,,,,,,,0,0,0,0,0,0,0,0,0,0,0,0,0
,,,,,,,0,0,0,0,0,0,0,0,0,0,0,0,0
,,,,,,,0,0,0,0,0,0,0,0,0,0,0,0,0
,,,,,,,0,0,0,0,0,0,0,0,0,0,0,0,0
,,,,,,,0,0,0,0,0,0,0,0,0,0,0,0,0
,,,,,,,0,0,0,0,0,0,0,0,0,0,0,0,0
,,,,,,,0,0,0,0,0,0,0,0,0,0,0,0,0
,,,,,,,0,0,0,0,0,0,0,0,0,0,0,0,0
,,,,,,,0,0,0,0,0,0,0,0,0,0,0,0,0
,,,,,,,0,0,0,0,0,0,0,0,0,0,0,0,0
,,,,,,,0,0,0,0,0,0,1,0,0,0,2,0,3
,,,,,,,0,0,0,0,0,2,2,0,0,0,5,2,7
,,,,,,,0,0,1,0,2,2,1,1,1,4,5,5,12
,,,,,,,0,1,0,1,1,4,1,1,1,5,7,7,15
,,,,,,,0,0,0,0,1,1,1,0,1,4,4,2,10
,,,,,,,0,1,0,1,1,2,1,0,1,3,4,5,9
,,,,,,,0,2,0,1,4,3,4,0,3,7,8,10,22
,,,,,,,0,2,0,1,1,4,3,0,2,4,10,8,19
,,,,,,,0,0,0,0,0,3,0,0,0,0,4,3,4
,,,,,,,0,0,0,0,0,0,0,0,0,0,1,0,1
,,,,,,,0,0,0,0,0,0,0,0,0,0,0,0,0
,,,,,,,0,0,0,0,0,0,0,0,0,0,0,0,0
,,,,,,,0,0,0,0,0,0,0,0,0,0,1,0,1
,,,,,,,0,0,0,0,0,0,0,0,0,0,3,0,3
,,,,,,,0,0,0,0,1,2,0,0,0,1,4,3,5
,,,,,,,0,0,0,1,2,3,0,0,1,4,4,6,9
,,,,,,,0,1,0,1,3,2,1,0,5,9,3,7,18
,,,,,,,0,0,0,2,2,0,1,1,5,6,2,4,15
,,,,,,,0,0,0,1,2,3,0,0,3,3,9,6,15
,,,,,,,0,0,0,2,2,3,0,0,3,5,7,7,15
,,,,,,,0,0,0,0,1,2,1,0,1,5,2,3,9
,,,,,,,0,2,0,0,0,2,2,1,1,1,6,4,11
,,,,,,,0,1,1,0,0,3,5,5,1,1,8,5,20
,,,,,,,0,4,3,2,2,1,4,4,2,4,6,12,20
,,,,,,,0,0,1,3,4,4,0,1,4,5,4,12,14
,,,,,,,0,0,0,0,0,0,0,1,3,3,1,0,8
,,,,,,,0,0,0,0,0,0,0,0,0,0,0,0,0
,,,,,,,0,0,0,0,0,0,0,0,0,0,0,0,0
,,,,,,,0,0,0,0,0,2,0,0,0,3,2,2,5
,,,,,,,0,0,0,0,3,1,0,0,0,3,2,4,5
,,,,,,,0,0,0,0,0,0,0,0,0,0,0,0,0
,,,,,,,0,0,0,0,1,2,0,0,0,1,3,3,4
,,,,,,,0,0,0,0,0,1,1,0,3,3,4,1,11
,,,,,,,0,0,0,2,1,4,1,0,3,4,6,7,14
,,,,,,,0,0,0,2,2,2,1,0,2,4,4,6,11
,,,,,,,0,0,0,0,0,0,0,0,3,2,2,0,7
,,,,,,,0,0,0,1,1,2,0,0,1,1,4,4,6
,,,,,,,0,0,0,0,0,1,0,0,0,0,4,1,4
,,,,,,,0,0,0,0,0,1,0,0,0,0,3,1,3
,,,,,,,0,0,0,0,0,0,0,0,0,0,2,0,2
,,,,,,,0,0,0,0,0,0,0,0,0,0,2,0,2
,,,,,,,0,0,0,0,0,0,0,0,0,0,0,0,0
,,,,,,,0,0,0,0,0,0,0,0,0,0,0,0,0
,,,,,,,0,0,0,0,0,0,0,0,0,0,1,0,1
,,,,,,,0,0,0,0,0,1,0,0,0,2,2,1,4
,,,,,,,0,0,0,0,0,1,0,0,0,4,4,1,8
,,,,,,,0,0,0,0,1,2,0,0,0,3,2,3,5
,,,,,,,0,0,0,0,0,1,0,0,0,1,2,1,3
,,,,,,,0,0,0,0,0,0,0,0,0,1,1,0,2
,,,,,,,0,0,0,0,0,1,0,0,0,0,2,1,2
,,,,,,,0,0,0,0,0,0,0,0,1,0,0,0,1
,,,,,,,0,0,0,0,0,1,0,0,0,0,2,1,2
,,,,,,,0,0,0,0,0,1,0,0,0,0,2,1,2
,,,,,,,0,0,0,0,0,0,0,0,0,0,1,0,1
,,,,,,,0,0,0,0,0,1,0,0,0,0,1,1,1
,,,,,,,0,0,0,0,0,0,0,0,0,0,0,0,0
,,,,,,,0,1,0,0,1,0,1,0,0,1,1,2,3
,,,,,,,0,0,0,0,0,1,1,0,0,1,1,1,3
,,,,,,,0,0,0,0,0,0,0,0,0,0,0,0,0
,,,,,,,0,0,0,0,0,0,0,1,0,0,2,0,3
,,,,,,,0,0,0,0,0,0,0,0,0,0,1,0,1
,,,,,,,0,0,0,0,1,1,1,0,0,2,2,2,5
,,,,,,,0,0,0,0,0,0,0,0,0,0,1,0,1
,,,,,,,0,3,0,1,2,0,3,0,1,2,3,6,9
,,,,,,,0,0,0,0,0,3,3,0,1,2,3,3,9
,,,,,,,0,0,0,0,0,0,0,0,3,1,0,0,4
,,,,,,,0,1,0,0,0,1,1,0,1,3,4,2,9
,,,,,,,0,2,0,1,2,2,3,0,2,5,7,7,17
,,,,,,,0,0,0,0,1,2,0,0,0,1,2,3,3
,,,,,,,0,1,0,0,0,1,1,0,0,0,2,2,3
,,,,,,,0,0,0,0,0,0,0,0,0,0,0,0,0
,,,,,,,0,0,0,0,0,0,0,0,0,0,0,0,0
,,,,,,,0,1,0,0,0,0,2,0,0,0,0,1,2
,,,,,,,0,1,0,0,0,0,3,0,4,6,4,1,17
,,,,,,,0,5,0,2,5,3,9,2,6,13,9,15,39
,,,,,,,0,5,1,2,3,4,10,2,5,6,6,15,29
,,,,,,,0,1,1,0,2,0,6,1,2,3,2,4,14
,,,,,,,0,1,0,1,3,4,2,1,2,5,4,9,14
,,,,,,,0,1,0,1,3,3,3,0,1,5,6,8,15
,,,,,,,0,0,0,0,1,0,1,0,1,4,3,1,9
,,,,,,,0,0,0,1,2,1,0,0,1,6,5,4,12
,,,,,,,0,0,0,1,2,2,0,0,2,3,3,5,8
,,,,,,,0,2,0,0,2,0,3,0,1,4,1,4,9
,,,,,,,0,0,0,0,0,0,3,0,1,1,1,0,6
,,,,,,,0,0,0,0,1,3,0,0,0,1,3,4,4
,,,,,,,0,0,0,0,1,0,0,1,0,2,6,1,9
,,,,,,,0,0,1,0,1,2,2,2,0,2,2,4,8
,,,,,,,0,1,0,0,0,1,5,1,1,1,3,2,11
,,,,,,,0,0,0,0,0,1,2,0,1,1,1,1,5
,,,,,,,0,0,0,1,1,0,0,0,1,1,0,2,2
,,,,,,,0,1,0,0,0,0,1,1,2,2,0,1,6
,,,,,,,0,1,2,3,2,0,8,3,3,4,2,8,20
,,,,,,,0,1,0,3,1,6,7,3,3,5,6,11,24
,,,,,,,0,1,0,1,1,2,3,1,4,6,7,5,21
,,,,,,,0,0,0,0,0,2,2,1,2,2,5,2,12
,,,,,,,0,0,0,1,4,3,0,0,4,6,7,8,17
,,,,,,,0,0,0,2,2,2,0,0,6,10,5,6,21
,,,,,,,0,0,0,1,2,3,0,0,2,3,5,6,10
,,,,,,,0,0,0,0,0,0,1,0,1,3,3,0,8
,,,,,,,0,0,1,1,1,1,0,1,2,5,2,4,10
,,,,,,,0,0,1,4,6,0,0,1,4,8,3,11,16
,,,,,,,0,0,0,1,5,2,1,0,1,6,4,8,12
,,,,,,,0,0,0,0,0,0,1,0,0,2,1,0,4
,,,,,,,0,0,0,0,0,0,0,0,0,0,2,0,2
,,,,,,,0,0,0,0,0,2,0,0,0,0,2,2,2
,,,,,,,0,0,0,0,0,0,0,0,0,0,0,0,0
,,,,,,,0,0,0,0,0,0,0,0,0,0,0,0,0
,,,,,,,0,0,0,0,0,0,0,0,0,0,0,0,0
,,,,,,,0,0,0,0,0,0,0,0,0,0,0,0,0
,,,,,,,0,0,0,0,0,0,0,0,0,0,0,0,0
,,,,,,,0,0,0,0,0,0,0,0,0,0,0,0,0
,,,,,,,0,0,0,0,0,0,0,0,0,0,0,0,0
,,,,,,,0,0,0,0,0,0,0,0,0,0,0,0,0
,,,,,,,0,0,0,0,0,0,0,0,0,0,0,0,0
,,,,,,,0,0,0,0,0,0,0,0,0,0,0,0,0
,,,,,,,0,0,0,0,0,0,0,0,0,0,0,0,0
,,,,,,,0,0,0,0,0,0,0,0,0,0,0,0,0
,,,,,,,0,0,0,0,0,0,0,0,0,0,0,0,0
,,,,,,,0,0,0,0,0,0,0,0,0,0,0,0,0
,,,,,,,0,0,0,0,0,0,1,0,0,0,0,0,1
,,,,,,,0,1,0,0,0,0,1,0,0,0,0,1,1
,,,,,,,0,0,0,1,0,1,0,0,1,2,3,2,6
,,,,,,,0,0,0,0,0,2,1,0,2,2,5,2,10
,,,,,,,0,0,0,0,2,4,0,0,1,4,4,6,9
,,,,,,,0,0,0,0,2,0,2,0,2,4,4,2,12
,,,,,,,0,2,0,1,4,2,4,0,1,4,4,9,13
,,,,,,,0,0,0,0,0,0,1,0,0,3,5,0,9
,,,,,,,0,0,0,0,0,0,0,0,0,0,2,0,2
,,,,,,,0,0,0,0,0,0,0,0,0,0,0,0,0
,,,,,,,0,0,0,0,0,0,0,0,0,0,2,0,2
,,,,,,,0,0,0,0,1,2,0,0,1,4,2,3,7
,,,,,,,0,0,0,0,0,1,0,0,1,1,2,1,4
,,,,,,,0,0,0,1,0,3,0,0,1,0,6,4,7
,,,,,,,0,2,0,0,0,0,2,1,2,3,4,2,12
,,,,,,,0,0,1,1,1,2,1,1,2,5,2,5,11
,,,,,,,0,1,1,1,1,7,4,1,6,5,13,11,29
,,,,,,,0,1,1,1,2,7,2,2,9,6,15,12,34
,,,,,,,0,0,1,1,2,1,0,3,3,6,4,5,16
,,,,,,,0,0,1,1,3,3,2,2,2,4,5,8,15
,,,,,,,0,0,2,0,3,4,0,3,1,4,8,9,16
,,,,,,,0,0,1,1,2,1,0,3,2,5,6,5,16
,,,,,,,0,0,0,0,0,0,1,2,5,6,5,0,19
,,,,,,,0,0,0,1,2,1,1,1,2,4,2,4,10
,,,,,,,0,0,0,0,0,0,0,0,0,1,0,0,1
,,,,,,,0,0,0,0,0,0,0,0,0,0,0,0,0
,,,,,,,0,0,0,0,2,0,0,0,1,4,3,2,8
,,,,,,,0,0,0,1,3,0,0,0,1,4,2,4,7
,,,,,,,0,0,0,0,0,0,0,0,0,0,0,0,0
,,,,,,,0,0,0,0,0,2,0,0,0,2,3,2,5
,,,,,,,0,0,0,1,1,0,0,0,1,2,4,2,7
,,,,,,,0,0,0,3,3,2,2,0,7,7,2,8,18
,,,,,,,0,0,0,0,1,2,0,0,4,4,2,3,10
,,,,,,,0,0,0,0,0,2,0,0,3,2,7,2,12
,,,,,,,0,0,0,0,0,1,0,0,1,1,6,1,8
,,,,,,,0,0,0,0,0,0,0,0,0,0,2,0,2
,,,,,,,0,0,0,0,2,2,0,0,0,2,4,4,6
,,,,,,,0,0,0,0,0,1,0,0,0,1,4,1,5
,,,,,,,0,0,0,0,0,1,0,0,0,0,5,1,5
,,,,,,,0,0,0,0,0,3,0,0,0,0,4,3,4
,,,,,,,0,0,0,0,0,2,0,0,0,0,4,2,4
,,,,,,,0,0,0,1,1,1,1,0,1,3,2,3,7
,,,,,,,0,1,0,0,4,1,2,0,1,7,5,6,15
,,,,,,,0,0,0,0,2,0,1,0,1,8,4,2,14
,,,,,,,0,0,0,0,1,0,0,0,1,4,2,1,7
,,,,,,,0,0,0,0,1,2,1,0,0,6,2,3,9
,,,,,,,0,0,0,0,1,0,0,0,0,2,5,1,7
,,,,,,,0,0,0,0,0,1,0,0,0,1,3,1,4
,,,,,,,0,0,0,1,1,2,0,0,2,3,4,4,9
,,,,,,,0,0,0,0,0,0,0,0,3,3,2,0,8
,,,,,,,0,0,0,0,0,0,0,0,0,0,0,0,0
,,,,,,,0,0,0,0,0,0,0,0,0,0,0,0,0
,,,,,,,0,0,0,0,0,0,0,0,0,0,0,0,0
,,,,,,,0,0,0,0,0,0,0,0,0,0,0,0,0
,,,,,,,0,0,0,0,0,0,0,0,0,0,0,0,0
,,,,,,,0,0,0,0,0,0,0,0,0,0,0,0,0
,,,,,,,0,0,0,0,0,1,0,0,0,0,1,1,1
,,,,,,,0,0,1,0,1,3,1,1,0,1,3,5,6
,,,,,,,0,0,0,0,0,0,0,1,0,0,2,0,3
,,,,,,,0,0,0,0,1,1,0,0,0,2,1,2,3
,,,,,,,0,0,0,0,0,0,0,0,1,0,0,0,1
,,,,,,,0,0,0,0,0,2,3,0,1,2,3,2,9
,,,,,,,0,0,0,0,0,3,3,0,1,1,3,3,8
,,,,,,,0,0,0,1,1,0,0,0,1,2,0,2,3
,,,,,,,0,0,0,1,1,1,0,0,2,2,2,3,6
,,,,,,,0,0,0,0,0,0,0,0,1,2,3,0,6
,,,,,,,0,0,0,0,0,2,0,0,0,1,3,2,4
,,,,,,,0,1,0,0,1,5,1,0,0,1,7,7,9
,,,,,,,0,0,0,0,0,1,0,0,0,1,3,1,4
,,,,,,,0,0,0,0,0,0,0,0,0,1,3,0,4
,,,,,,,0,1,0,1,3,1,1,0,1,4,3,6,9
,,,,,,,0,2,0,3,4,3,4,0,4,10,5,12,23
,,,,,,,0,4,0,2,6,2,9,0,5,11,8,14,33
,,,,,,,0,0,0,0,1,0,7,1,3,4,3,1,18
,,,,,,,0,0,0,0,1,0,1,1,0,1,0,1,3
,,,,,,,0,0,0,0,0,0,1,0,1,1,3,0,6
,,,,,,,0,2,0,1,2,1,3,0,1,3,2,6,9
,,,,,,,0,0,0,0,0,1,1,0,1,3,4,1,9
,,,,,,,0,0,0,0,2,2,0,0,1,3,3,4,7
,,,,,,,0,0,0,0,0,0,0,0,1,1,0,0,2
,,,,,,,0,0,0,0,0,0,0,0,0,0,0,0,0
,,,,,,,0,0,0,0,0,0,0,0,0,0,0,0,0
,,,,,,,0,0,0,0,0,0,0,0,1,1,5,0,7
,,,,,,,0,0,1,2,1,2,0,3,3,4,5,6,15
,,,,,,,0,0,3,1,0,3,7,6,9,3,10,7,35
,,,,,,,0,7,2,7,2,3,8,4,7,4,7,21,30
,,,,,,,0,0,0,0,0,1,2,0,0,2,3,1,7
,,,,,,,0,0,0,0,0,0,0,0,1,1,0,0,2
,,,,,,,0,0,0,0,0,0,1,0,0,1,0,0,2
,,,,,,,0,4,0,0,1,0,4,0,1,4,0,5,9
,,,,,,,0,2,0,4,5,1,6,0,7,8,5,12,26
,,,,,,,0,1,0,0,2,1,4,0,4,11,3,4,22
,,,,,,,0,0,0,0,1,0,2,0,0,3,2,1,7
,,,,,,,0,0,0,2,1,1,0,0,2,5,2,4,9
,,,,,,,0,0,0,1,4,3,0,0,3,7,4,8,14
,,,,,,,0,0,0,1,1,0,0,0,1,3,4,2,8
,,,,,,,0,1,0,1,3,2,1,0,1,5,2,7,9
,,,,,,,0,0,0,0,1,2,1,1,1,4,3,3,10
,,,,,,,0,0,0,1,1,0,0,1,3,5,2,2,11
,,,,,,,0,0,0,0,1,4,2,0,0,5,6,5,13
,,,,,,,0,0,0,0,1,0,1,0,0,2,2,1,5
,,,,,,,0,0,0,0,0,0,0,0,0,1,1,0,2
,,,,,,,0,0,0,0,0,2,0,0,0,0,3,2,3
,,,,,,,0,0,0,0,0,0,0,0,0,0,0,0,0
,,,,,,,0,0,0,0,0,0,0,0,0,0,0,0,0
,,,,,,,0,0,0,0,0,0,0,0,0,0,0,0,0
,,,,,,,0,0,0,0,0,0,0,0,0,0,0,0,0
,,,,,,,0,0,0,0,0,0,0,0,0,0,0,0,0
,,,,,,,0,0,0,0,0,0,0,0,0,0,0,0,0
,,,,,,,0,0,0,0,0,0,0,0,0,0,0,0,0
,,,,,,,0,0,0,0,0,0,0,0,0,0,0,0,0
,,,,,,,0,0,0,0,0,0,0,0,0,0,0,0,0
,,,,,,,0,0,0,0,0,0,0,0,0,0,0,0,0
,,,,,,,0,0,0,0,0,0,0,0,0,0,0,0,0
,,,,,,,0,0,0,0,0,0,0,0,0,0,0,0,0
,,,,,,,0,0,0,0,0,0,0,0,0,0,0,0,0
,,,,,,,0,0,0,0,0,0,0,0,0,0,0,0,0
,,,,,,,0,0,0,0,0,0,0,0,0,0,0,0,0
,,,,,,,0,0,0,0,0,0,0,0,0,0,0,0,0
,,,,,,,0,0,0,0,0,0,0,0,0,0,0,0,0
,,,,,,,0,0,0,0,0,1,0,0,0,0,2,1,2
,,,,,,,0,0,0,1,3,3,0,0,3,4,7,7,14
,,,,,,,0,0,0,2,3,4,0,0,4,7,8,9,19
,,,,,,,0,0,0,1,2,3,0,0,1,5,7,6,13
,,,,,,,0,0,0,0,0,0,0,0,0,1,1,0,2
,,,,,,,0,0,0,0,0,0,0,0,0,0,0,0,0
,,,,,,,0,0,0,0,0,0,0,0,0,1,1,0,2
,,,,,,,0,0,0,1,4,3,0,0,1,5,5,8,11
,,,,,,,0,2,0,0,2,1,4,1,3,5,3,5,16
,,,,,,,0,2,0,1,1,3,3,1,4,3,6,7,17
,,,,,,,0,2,1,0,1,0,2,1,3,3,5,4,14
,,,,,,,0,0,0,1,3,2,2,1,2,5,5,6,15
,,,,,,,0,2,0,0,3,3,3,1,6,5,5,8,20
,,,,,,,0,0,0,4,1,3,2,1,6,1,8,8,18
,,,,,,,0,0,0,0,1,0,0,1,3,3,4,1,11
,,,,,,,0,0,0,0,0,0,0,2,2,5,1,0,10
,,,,,,,0,0,0,0,0,0,1,1,2,1,3,0,8
,,,,,,,0,1,0,0,0,0,1,1,3,2,5,1,12
,,,,,,,0,0,0,0,1,0,1,2,2,5,4,1,14
,,,,,,,0,1,1,0,1,1,1,2,2,5,4,4,14
,,,,,,,0,0,0,0,0,0,0,0,0,0,0,0,0
,,,,,,,0,0,0,0,0,0,0,0,0,0,0,0,0
,,,,,,,0,0,0,1,0,3,0,0,1,1,4,4,6
,,,,,,,0,0,0,1,1,0,0,0,2,2,3,2,7
,,,,,,,0,0,0,0,0,0,0,0,0,0,0,0,0
,,,,,,,0,0,0,0,0,1,0,0,0,2,3,1,5
,,,,,,,0,0,0,0,1,0,0,0,0,2,4,1,6
,,,,,,,0,2,0,2,2,1,2,0,4,5,6,7,17
,,,,,,,0,0,0,0,2,1,2,0,2,5,4,3,13
,,,,,,,0,0,0,1,1,2,0,0,1,2,7,4,10
,,,,,,,0,0,0,0,0,2,0,0,1,0,7,2,8
,,,,,,,0,0,0,0,0,1,0,0,0,0,4,1,4
,,,,,,,0,0,0,0,1,0,0,0,0,2,5,1,7
,,,,,,,0,0,0,0,0,0,0,0,0,1,2,0,3
,,,,,,,0,0,0,0,0,0,0,0,0,0,2,0,2
,,,,,,,0,0,0,0,0,0,0,0,0,0,3,0,3
,,,,,,,0,0,0,0,0,2,1,0,0,0,4,2,5
,,,,,,,0,2,0,1,1,2,2,0,1,2,6,6,11
,,,,,,,0,0,0,1,1,2,1,0,2,5,5,4,13
,,,,,,,0,1,0,2,1,2,2,0,4,6,4,6,16
,,,,,,,0,1,0,3,4,2,3,0,4,7,4,10,18
,,,,,,,0,2,0,1,6,2,2,0,1,7,3,11,13
,,,,,,,0,0,0,1,3,3,0,0,1,4,3,7,8
,,,,,,,0,0,1,2,2,1,0,1,4,4,3,6,12
,,,,,,,0,0,0,1,1,1,0,1,6,7,6,3,20
,,,,,,,0,0,0,1,2,2,1,0,5,6,5,5,17
,,,,,,,0,0,0,0,1,0,0,0,1,1,3,1,5
,,,,,,,0,0,0,0,0,0,0,0,0,0,2,0,2
,,,,,,,0,0,0,0,0,1,0,0,0,1,4,1,5
,,,,,,,0,1,0,0,2,1,1,0,0,3,3,4,7
,,,,,,,0,1,0,0,0,0,1,0,0,0,1,1,2
,,,,,,,0,0,0,2,0,0,0,0,2,0,2,2,4
,,,,,,,0,0,1,0,0,2,1,1,2,0,2,3,6
,,,,,,,0,1,1,0,0,0,1,1,0,1,2,2,5
,,,,,,,0,0,0,0,0,1,0,0,0,0,2,1,2
,,,,,,,0,1,0,0,2,0,1,0,2,3,5,3,11
,,,,,,,0,1,0,2,0,1,1,0,3,3,4,4,11
,,,,,,,0,0,0,0,0,2,0,0,1,0,2,2,3
,,,,,,,0,0,0,0,0,0,0,0,0,0,1,0,1
,,,,,,,0,0,0,0,1,0,0,0,0,1,0,1,1
,,,,,,,0,0,0,0,0,1,0,0,1,1,2,1,4
,,,,,,,0,0,0,0,0,0,0,0,1,0,0,0,1
,,,,,,,0,0,0,0,0,0,0,0,0,1,5,0,6
,,,,,,,0,0,0,0,0,4,0,0,0,2,6,4,8
,,,,,,,0,0,0,0,0,0,0,0,0,1,2,0,3
,,,,,,,0,0,0,0,0,0,0,0,0,0,3,0,3
,,,,,,,0,0,0,0,0,0,1,0,1,3,2,0,7
,,,,,,,0,0,0,0,0,2,0,0,0,1,2,2,3
,,,,,,,0,0,0,0,1,0,0,0,0,2,3,1,5
,,,,,,,0,0,0,0,1,2,0,0,0,1,2,3,3
,,,,,,,0,0,0,0,0,0,0,0,0,0,0,0,0
,,,,,,,0,0,0,0,0,0,0,0,0,0,0,0,0
,,,,,,,0,0,0,0,0,0,0,0,0,0,0,0,0
,,,,,,,0,0,0,0,0,0,0,0,0,0,0,0,0
,,,,,,,0,0,0,0,0,0,0,0,0,0,0,0,0
,,,,,,,0,0,0,0,0,0,0,0,0,0,0,0,0
,,,,,,,0,0,0,0,0,1,0,0,1,1,4,1,6
,,,,,,,0,0,0,0,0,2,0,0,0,1,5,2,6
,,,,,,,0,0,0,0,2,2,0,1,1,3,4,4,9
,,,,,,,0,0,1,3,2,1,0,2,5,4,6,7,17
,,,,,,,0,4,0,4,3,4,4,3,8,5,8,15,28
,,,,,,,0,5,0,4,4,3,10,2,9,6,8,16,35
,,,,,,,0,1,0,0,0,2,1,0,0,1,2,3,4
,,,,,,,0,0,0,0,0,0,0,0,0,0,0,0,0
,,,,,,,0,0,0,0,0,0,0,0,0,0,0,0,0
,,,,,,,0,0,0,0,0,0,1,0,0,1,0,0,2
,,,,,,,0,0,0,1,0,2,0,0,4,6,2,3,12
,,,,,,,0,0,0,0,3,0,0,0,2,5,4,3,11
,,,,,,,0,0,0,0,1,0,1,0,1,5,0,1,7
,,,,,,,0,0,0,1,3,0,1,0,4,5,0,4,10
,,,,,,,0,1,0,0,1,0,1,0,3,5,1,2,10
,,,,,,,0,0,0,0,2,0,0,0,0,3,0,2,3
,,,,,,,0,0,0,0,2,0,0,0,1,7,1,2,9
,,,,,,,0,0,0,0,0,1,0,0,1,4,3,1,8
,,,,,,,0,0,0,1,2,4,0,0,1,4,4,7,9
,,,,,,,0,1,0,0,3,1,1,0,0,4,4,5,9
,,,,,,,0,0,0,0,0,0,0,0,0,1,0,0,1
,,,,,,,0,0,0,0,0,0,0,0,0,0,0,0,0
,,,,,,,0,0,0,0,0,0,0,0,0,0,4,0,4
,,,,,,,0,0,0,0,0,0,0,0,0,0,0,0,0
,,,,,,,0,0,0,0,0,0,0,0,0,0,0,0,0
,,,,,,,0,0,0,0,0,0,0,0,0,0,0,0,0
,,,,,,,0,0,0,0,0,0,0,0,0,0,0,0,0
,,,,,,,0,0,0,0,0,0,0,0,0,0,0,0,0
,,,,,,,0,0,0,0,0,0,0,0,0,0,0,0,0
,,,,,,,0,0,0,0,0,0,0,0,0,0,0,0,0
,,,,,,,0,0,0,0,0,0,0,0,0,0,0,0,0
,,,,,,,0,0,0,0,0,0,0,0,0,0,0,0,0
,,,,,,,0,0,0,0,0,0,0,0,0,0,0,0,0
,,,,,,,0,0,0,0,0,0,0,0,0,0,0,0,0
,,,,,,,0,0,0,0,0,0,0,0,0,0,0,0,0
,,,,,,,0,0,0,0,0,0,0,0,0,0,0,0,0
,,,,,,,0,0,0,0,0,0,0,0,0,0,0,0,0
,,,,,,,0,0,0,0,0,0,0,0,0,0,0,0,0
,,,,,,,0,0,0,0,0,0,0,0,0,0,0,0,0
,,,,,,,0,0,0,0,0,0,0,0,0,0,0,0,0
,,,,,,,0,0,0,0,0,0,0,0,0,0,1,0,1
,,,,,,,0,0,0,0,0,1,0,0,3,2,5,1,10
,,,,,,,0,0,0,2,1,3,0,0,2,3,8,6,13
,,,,,,,0,0,0,0,1,1,0,0,0,4,5,2,9
,,,,,,,0,0,0,0,0,0,0,0,0,0,1,0,1
,,,,,,,0,0,0,0,1,1,0,0,0,1,4,2,5
,,,,,,,0,1,0,0,0,0,2,1,0,2,1,1,6
,,,,,,,0,0,0,4,2,2,0,2,6,2,3,8,13
,,,,,,,0,0,1,2,1,0,0,2,6,4,3,4,15
,,,,,,,0,0,0,1,0,0,0,0,2,2,2,1,6
,,,,,,,0,0,0,1,1,0,1,0,2,3,3,2,9
,,,,,,,0,1,0,0,0,3,1,2,3,2,8,4,16
,,,,,,,0,0,0,0,1,2,0,0,2,2,5,3,9
,,,,,,,0,0,0,2,2,2,0,1,4,3,2,6,10
,,,,,,,0,0,1,2,1,1,0,1,4,2,3,5,10
,,,,,,,0,0,0,1,1,4,1,0,2,1,5,6,9
,,,,,,,0,0,0,0,1,2,0,0,0,2,6,3,8
,,,,,,,0,0,0,0,0,0,0,0,0,3,2,0,5
,,,,,,,0,0,0,0,0,0,0,0,0,0,0,0,0
,,,,,,,0,0,0,0,0,0,0,0,0,0,0,0,0
,,,,,,,0,0,0,0,0,2,0,0,0,0,3,2,3
,,,,,,,0,0,0,0,0,0,0,0,0,1,2,0,3
,,,,,,,0,0,0,0,0,0,0,0,0,0,0,0,0
,,,,,,,0,0,0,0,0,0,0,1,0,1,2,0,4
,,,,,,,0,0,0,0,1,0,0,1,0,2,4,1,7
,,,,,,,0,0,0,1,1,3,0,1,2,4,7,5,14
,,,,,,,0,0,0,1,2,4,0,0,2,5,8,7,15
,,,,,,,0,0,0,0,1,3,0,0,0,2,4,4,6
,,,,,,,0,0,0,0,0,0,1,0,0,1,3,0,5
,,,,,,,0,1,0,0,0,3,1,0,0,0,4,4,5
,,,,,,,0,0,0,0,0,0,1,0,0,1,3,0,5
,,,,,,,0,2,0,1,1,3,4,0,3,2,4,7,13
,,,,,,,0,0,0,0,0,0,0,0,0,0,0,0,0
,,,,,,,0,0,0,0,0,0,0,0,0,0,0,0,0
,,,,,,,0,0,0,0,0,0,1,0,0,0,0,0,1
,,,,,,,0,0,0,0,0,0,1,0,0,0,2,0,3
,,,,,,,0,0,0,0,0,1,0,0,0,1,1,1,2
,,,,,,,0,1,0,0,1,1,2,0,0,1,3,3,6
,,,,,,,0,0,0,0,0,2,0,0,2,3,4,2,9
,,,,,,,0,0,0,0,1,1,0,0,1,3,4,2,8
,,,,,,,0,0,0,0,1,0,0,0,1,3,2,1,6
,,,,,,,0,0,0,3,2,0,0,1,3,3,3,5,10
,,,,,,,0,1,0,6,1,1,2,0,10,6,6,9,24
,,,,,,,0,2,0,6,3,6,2,0,8,5,10,17,25
,,,,,,,0,0,0,0,0,2,0,0,0,0,5,2,5
,,,,,,,0,0,0,0,0,2,0,0,0,0,2,2,2
,,,,,,,0,0,0,0,0,0,0,0,0,3,5,0,8
,,,,,,,0,0,0,0,3,1,2,0,0,3,3,4,8
,,,,,,,0,1,1,0,0,1,2,1,2,2,6,3,13
,,,,,,,0,0,0,1,0,3,0,1,4,1,6,4,12
,,,,,,,0,0,0,0,0,2,1,1,4,1,6,2,13
,,,,,,,0,0,0,0,3,2,1,1,3,3,7,5,15
,,,,,,,0,0,0,0,0,1,0,0,0,2,4,1,6
,,,,,,,0,0,0,0,2,1,1,0,3,6,4,3,14
,,,,,,,0,0,0,0,1,2,1,0,3,6,4,3,14
,,,,,,,0,0,0,0,0,1,0,0,0,0,2,1,2
,,,,,,,0,0,0,0,0,0,0,0,0,0,0,0,0
,,,,,,,0,0,0,0,0,0,0,0,1,1,0,0,2
,,,,,,,0,0,0,0,0,2,3,0,1,1,4,2,9
,,,,,,,0,0,0,0,0,1,2,0,0,0,4,1,6
,,,,,,,0,0,0,0,1,0,0,0,0,1,1,1,2
,,,,,,,0,0,0,0,0,0,0,0,0,1,2,0,3
,,,,,,,0,0,0,0,0,0,0,0,0,0,0,0,0
,,,,,,,0,0,0,0,0,0,0,0,0,0,0,0,0
,,,,,,,0,0,0,0,0,0,0,0,0,0,2,0,2
,,,,,,,0,0,0,0,1,0,1,0,0,2,1,1,4
,,,,,,,0,0,0,0,0,0,1,0,0,2,0,0,3
,,,,,,,0,0,0,0,0,0,0,0,0,0,1,0,1
,,,,,,,0,0,0,0,0,0,0,0,0,0,0,0,0
,,,,,,,0,0,0,0,0,0,0,0,0,0,0,0,0
,,,,,,,0,0,0,0,0,0,0,0,0,1,0,0,1
,,,,,,,0,0,0,0,1,0,0,0,0,2,0,1,2
,,,,,,,0,0,0,0,0,0,0,1,1,3,4,0,9
,,,,,,,0,0,0,0,1,2,0,0,1,4,4,3,9
,,,,,,,0,0,0,2,3,2,0,0,2,5,5,7,12
,,,,,,,0,0,0,0,1,1,0,0,1,1,5,2,7
,,,,,,,0,0,0,0,0,0,0,0,0,1,0,0,1
,,,,,,,0,0,0,2,2,2,1,0,3,3,2,6,9
,,,,,,,0,0,0,1,3,0,2,0,5,5,0,4,12
,,,,,,,0,1,0,1,1,0,2,0,3,3,0,3,8
,,,,,,,0,0,0,0,0,2,0,0,0,0,3,2,3
,,,,,,,0,0,0,0,0,0,0,1,0,0,1,0,2
,,,,,,,0,0,0,0,0,0,1,0,1,1,0,0,3
,,,,,,,0,1,0,2,2,0,2,0,2,2,0,5,6
,,,,,,,0,0,0,0,2,0,0,0,1,4,2,2,7
,,,,,,,0,0,0,0,2,2,0,0,0,3,2,4,5
,,,,,,,0,1,0,0,1,0,1,0,1,4,0,2,6
,,,,,,,0,0,0,0,1,0,1,0,4,5,0,1,10
,,,,,,,0,1,0,1,1,0,2,0,3,2,0,3,7
,,,,,,,0,1,0,0,1,0,1,0,1,9,0,2,11
,,,,,,,0,0,0,1,6,0,1,0,1,9,0,7,11
,,,,,,,0,0,0,0,2,0,0,0,2,4,0,2,6
,,,,,,,0,0,0,0,1,1,0,0,2,4,5,2,11
,,,,,,,0,0,0,0,0,1,0,0,0,1,2,1,3
,,,,,,,0,0,0,0,0,1,0,0,0,0,1,1,1
,,,,,,,0,0,0,0,0,1,0,0,0,0,2,1,2
,,,,,,,0,0,0,0,0,3,0,0,0,0,3,3,3
,,,,,,,0,0,0,0,0,0,0,0,0,0,2,0,2
,,,,,,,0,0,0,0,0,0,0,0,0,0,0,0,0
,,,,,,,0,0,0,0,0,0,0,0,0,0,0,0,0
,,,,,,,0,0,0,0,0,0,0,0,0,0,0,0,0
,,,,,,,0,0,0,0,0,0,0,0,0,0,0,0,0
,,,,,,,0,0,0,0,0,0,0,0,0,0,0,0,0
,,,,,,,0,0,0,0,0,0,0,0,0,0,0,0,0
,,,,,,,0,0,0,0,0,0,0,0,0,0,0,0,0
,,,,,,,0,0,0,0,0,0,0,0,0,0,0,0,0
,,,,,,,0,0,0,0,0,0,0,0,0,0,0,0,0
,,,,,,,0,0,0,0,0,0,0,0,0,0,0,0,0
,,,,,,,0,0,0,0,0,0,0,0,0,0,0,0,0
,,,,,,,0,0,0,0,0,0,0,0,0,0,0,0,0
,,,,,,,0,0,0,0,0,0,0,0,0,0,0,0,0
,,,,,,,0,0,0,0,0,0,0,0,0,0,0,0,0
,,,,,,,0,0,0,0,0,0,0,0,0,0,0,0,0
,,,,,,,0,0,0,0,0,0,0,0,0,0,0,0,0
,,,,,,,0,0,0,0,0,0,0,0,0,0,0,0,0
,,,,,,,0,0,0,0,0,1,0,0,0,0,3,1,3
,,,,,,,0,0,0,0,2,2,0,1,0,3,4,4,8
,,,,,,,0,0,0,0,0,0,0,0,0,0,0,0,0
,,,,,,,0,0,0,0,0,0,0,0,0,1,0,0,1
,,,,,,,0,1,0,2,2,0,1,1,4,3,1,5,10
,,,,,,,0,1,1,1,1,2,2,1,4,2,4,6,13
,,,,,,,0,1,0,3,2,2,1,0,3,3,3,8,10
,,,,,,,0,1,0,2,4,3,1,0,4,6,5,10,16
,,,,,,,0,2,2,1,1,2,3,2,3,6,10,8,24
,,,,,,,0,0,0,0,1,0,1,2,2,4,6,1,15
,,,,,,,0,0,0,1,1,0,0,0,2,4,0,2,6
,,,,,,,0,0,0,1,2,0,0,1,3,4,2,3,10
,,,,,,,0,0,0,1,0,2,0,1,2,1,5,3,9
,,,,,,,0,0,0,0,0,2,0,0,2,2,3,2,7
,,,,,,,0,0,0,0,1,1,0,0,2,2,3,2,7
,,,,,,,0,0,0,0,0,0,0,0,0,0,0,0,0
,,,,,,,0,0,0,0,0,1,0,0,0,0,3,1,3
,,,,,,,0,0,0,0,0,3,0,0,0,1,4,3,5
,,,,,,,0,0,0,0,0,0,2,0,0,0,2,0,4
,,,,,,,0,1,0,0,0,0,1,0,0,0,0,1,1
,,,,,,,0,0,0,0,0,2,0,1,0,1,2,2,4
,,,,,,,0,0,0,0,3,1,0,2,1,4,4,4,11
,,,,,,,0,0,1,2,3,2,0,1,5,6,3,8,15
,,,,,,,0,1,0,0,0,0,1,0,3,5,3,1,12
,,,,,,,0,0,1,0,4,2,0,1,0,5,4,7,10
,,,,,,,0,0,0,0,1,0,0,1,0,3,2,1,6
,,,,,,,0,0,0,0,0,1,2,0,0,0,3,1,5
,,,,,,,0,0,0,2,0,2,4,0,3,1,5,4,13
,,,,,,,0,4,0,3,2,3,5,0,5,3,4,12,17
,,,,,,,0,0,0,0,0,0,1,0,2,2,0,0,5
,,,,,,,0,0,0,1,0,0,0,0,1,0,0,1,1
,,,,,,,0,0,0,0,0,0,0,0,0,0,0,0,0
,,,,,,,0,0,0,0,0,0,0,0,0,1,0,0,1
,,,,,,,0,0,0,0,1,0,0,0,0,1,0,1,1
,,,,,,,0,0,0,0,0,0,0,0,0,0,0,0,0
,,,,,,,0,0,0,0,0,0,0,0,0,0,2,0,2
,,,,,,,0,0,0,0,0,0,0,0,0,2,4,0,6
,,,,,,,0,0,0,0,0,3,2,0,0,1,3,3,6
,,,,,,,0,0,0,0,0,2,0,0,0,0,3,2,3
,,,,,,,0,0,0,0,0,2,0,0,0,1,8,2,9
,,,,,,,0,0,1,0,0,0,0,1,1,2,9,1,13
,,,,,,,0,0,0,0,1,1,0,0,0,1,4,2,5
,,,,,,,0,0,0,0,0,1,0,0,2,6,4,1,12
,,,,,,,0,0,0,4,3,2,1,0,5,7,4,9,17
,,,,,,,0,0,0,0,1,1,0,0,3,1,2,2,6
,,,,,,,0,0,1,0,0,1,2,1,2,1,2,2,8
,,,,,,,0,1,0,1,1,2,1,0,7,8,6,5,22
,,,,,,,0,0,0,3,7,1,2,0,8,10,5,11,25
,,,,,,,0,0,0,4,3,3,1,0,4,6,7,10,18
,,,,,,,0,0,0,0,1,0,0,0,2,4,4,1,10
,,,,,,,0,1,0,1,2,0,2,1,2,4,3,4,12
,,,,,,,0,3,1,1,4,4,3,1,2,5,4,13,15
,,,,,,,0,0,0,0,0,2,1,0,0,1,4,2,6
,,,,,,,0,0,0,0,0,0,0,0,0,0,1,0,1
,,,,,,,0,1,1,1,0,0,2,1,1,1,0,3,5
,,,,,,,0,2,0,1,1,1,5,0,1,1,4,5,11
,,,,,,,0,2,0,0,0,3,3,0,0,0,5,5,8
,,,,,,,0,0,0,0,1,2,0,0,1,2,4,3,7
,,,,,,,0,0,0,0,0,0,0,0,1,3,2,0,6
,,,,,,,0,0,0,0,0,0,0,0,0,0,2,0,2
,,,,,,,0,0,0,0,0,0,0,0,0,0,0,0,0
,,,,,,,0,0,0,0,0,3,0,0,0,0,3,3,3
,,,,,,,0,1,0,0,1,0,1,0,0,2,2,2,5
,,,,,,,0,1,0,0,0,0,1,0,0,1,0,1,2
,,,,,,,0,0,0,0,0,0,0,0,0,0,0,0,0
,,,,,,,0,0,0,0,0,0,1,0,0,0,0,0,1
,,,,,,,0,0,0,0,0,0,1,1,0,1,0,0,3
,,,,,,,0,1,0,1,1,0,1,1,1,4,2,3,9
,,,,,,,0,0,0,1,4,2,1,1,2,8,5,7,17
,,,,,,,0,0,1,0,2,3,0,1,2,5,4,6,12
,,,,,,,0,0,0,1,2,0,0,0,1,3,2,3,6
,,,,,,,0,0,0,0,2,1,0,0,1,3,1,3,5
,,,,,,,0,0,0,0,0,2,1,0,0,2,3,2,6
,,,,,,,0,0,0,0,1,2,0,0,0,2,4,3,6
,,,,,,,0,1,0,1,2,0,2,0,2,3,3,4,10
,,,,,,,0,0,0,0,3,0,1,1,3,8,1,3,14
,,,,,,,0,1,1,0,0,0,1,1,2,5,0,2,9
,,,,,,,0,2,0,3,1,4,2,0,3,2,9,10,16
,,,,,,,0,0,1,0,0,2,1,1,3,2,7,3,14
,,,,,,,0,0,0,0,1,0,1,1,1,2,0,1,5
,,,,,,,0,1,0,0,1,0,2,0,2,3,0,2,7
,,,,,,,0,0,0,0,0,0,2,0,0,1,0,0,3
,,,,,,,0,1,0,1,1,3,1,0,1,1,3,6,6
,,,,,,,0,1,0,0,0,0,1,0,0,0,1,1,2
,,,,,,,0,0,0,0,0,0,1,0,0,0,0,0,1
,,,,,,,0,0,0,0,0,0,1,0,0,0,0,0,1
,,,,,,,0,0,0,0,0,0,1,0,0,3,0,0,4
,,,,,,,0,0,0,0,1,0,2,0,1,7,0,1,10
,,,,,,,0,2,0,5,2,3,2,0,5,3,3,12,13
,,,,,,,0,0,0,1,1,0,0,0,4,3,1,2,8
,,,,,,,0,0,0,0,0,0,0,0,0,0,2,0,2
,,,,,,,0,0,0,0,0,1,0,0,0,0,2,1,2
,,,,,,,0,0,0,0,0,0,0,0,0,0,0,0,0
,,,,,,,0,0,0,0,0,0,0,0,0,0,1,0,1
,,,,,,,0,0,0,0,0,0,0,0,0,0,0,0,0
,,,,,,,0,0,0,0,0,0,0,0,0,0,0,0,0
,,,,,,,0,0,0,0,0,0,0,0,0,0,0,0,0
,,,,,,,0,0,0,0,0,0,0,0,0,0,0,0,0
,,,,,,,0,0,0,0,0,0,0,0,0,0,0,0,0
,,,,,,,0,0,0,0,0,0,0,0,0,0,0,0,0
,,,,,,,0,0,0,0,0,0,0,0,0,0,0,0,0
,,,,,,,0,0,0,0,0,0,0,0,0,0,0,0,0
,,,,,,,0,0,0,0,0,0,0,0,0,0,0,0,0
,,,,,,,0,0,0,0,0,0,0,0,0,0,0,0,0
,,,,,,,0,0,0,0,0,0,0,0,0,0,0,0,0
,,,,,,,0,0,0,0,0,0,0,0,0,0,0,0,0
,,,,,,,0,0,0,0,0,0,0,0,0,0,0,0,0
,,,,,,,0,0,0,0,0,0,0,0,0,0,0,0,0
,,,,,,,0,0,0,0,0,0,0,0,0,0,0,0,0
,,,,,,,0,0,0,0,0,0,0,0,0,0,0,0,0
,,,,,,,0,0,0,0,0,0,0,0,0,0,0,0,0
,,,,,,,0,0,0,0,0,0,0,0,0,0,0,0,0
,,,,,,,0,0,0,0,0,0,0,0,0,0,0,0,0
,,,,,,,0,0,0,0,1,0,0,0,0,3,1,1,4
,,,,,,,0,0,0,0,0,0,0,0,0,0,0,0,0
,,,,,,,0,2,0,0,0,0,2,0,0,1,0,2,3
,,,,,,,0,0,0,0,1,0,3,0,1,3,0,1,7
,,,,,,,0,1,0,2,3,4,2,0,3,5,5,10,15
,,,,,,,0,0,0,0,0,0,2,0,4,5,4,0,15
,,,,,,,0,0,0,0,0,0,0,0,2,4,2,0,8
,,,,,,,0,0,0,0,0,2,0,0,2,3,4,2,9
,,,,,,,0,0,0,0,0,2,0,0,0,2,2,2,4
,,,,,,,0,0,0,0,0,0,0,0,0,5,0,0,5
,,,,,,,0,0,0,0,0,0,0,0,2,6,1,0,9
,,,,,,,0,0,1,3,3,2,0,1,5,4,2,9,12
,,,,,,,0,0,0,0,1,0,0,1,4,2,3,1,10
,,,,,,,0,0,0,2,2,2,0,0,2,4,3,6,9
,,,,,,,0,0,0,0,0,0,0,0,1,2,0,0,3
,,,,,,,0,0,0,0,2,2,0,0,1,4,2,4,7
,,,,,,,0,0,0,0,1,0,1,2,3,6,4,1,16
,,,,,,,0,2,0,0,0,0,3,2,2,2,1,2,10
,,,,,,,0,1,0,0,0,0,3,0,0,0,0,1,3
,,,,,,,0,0,0,0,0,0,0,0,0,3,4,0,7
,,,,,,,0,1,0,1,1,0,1,0,2,5,5,3,13
,,,,,,,0,1,0,5,4,2,2,0,7,8,5,12,22
,,,,,,,0,0,0,0,1,0,2,0,6,6,0,1,14
,,,,,,,0,0,0,0,0,0,0,1,1,4,2,0,8
,,,,,,,0,1,1,0,1,2,1,1,0,2,4,5,8
,,,,,,,0,0,1,0,1,0,1,1,1,1,4,2,8
,,,,,,,0,1,0,0,0,2,1,0,1,0,7,3,9
,,,,,,,0,0,0,0,0,0,1,0,1,0,4,0,6
,,,,,,,0,0,0,0,0,0,1,1,0,1,2,0,5
,,,,,,,0,1,0,0,1,0,1,0,1,1,2,2,5
,,,,,,,0,0,0,0,0,0,1,0,0,0,3,0,4
,,,,,,,0,1,0,0,1,2,2,0,0,3,3,4,8
,,,,,,,0,1,0,0,0,1,2,0,1,1,3,2,7
,,,,,,,0,0,0,0,0,1,0,0,1,2,4,1,7
,,,,,,,0,0,0,2,2,3,1,0,2,3,3,7,9
,,,,,,,0,2,0,0,2,0,2,0,1,4,3,4,10
,,,,,,,0,2,0,1,4,2,3,0,1,5,3,9,12
,,,,,,,0,0,0,0,0,0,2,0,1,2,3,0,8
,,,,,,,0,0,0,0,0,2,0,0,0,0,5,2,5
,,,,,,,0,0,1,0,0,2,0,1,0,0,4,3,5
,,,,,,,0,0,0,0,1,1,0,0,0,3,2,2,5
,,,,,,,0,3,0,0,0,1,4,0,4,9,5,4,22
,,,,,,,0,2,0,2,4,1,5,0,7,9,4,9,25
,,,,,,,0,0,0,0,0,0,1,0,0,2,0,0,3
,,,,,,,0,1,0,1,2,0,2,0,1,3,0,4,6
,,,,,,,0,0,0,0,1,2,1,0,3,6,4,3,14
,,,,,,,0,0,0,3,6,0,0,0,4,9,4,9,17
,,,,,,,0,0,0,1,1,0,0,0,2,3,3,2,8
,,,,,,,0,0,0,1,2,2,0,0,2,3,3,5,8
,,,,,,,0,0,0,0,0,0,0,0,0,3,2,0,5
,,,,,,,0,0,0,0,1,1,2,0,1,4,4,2,11
,,,,,,,0,0,0,0,0,2,0,0,0,1,4,2,5
,,,,,,,0,0,0,0,0,1,0,0,1,0,3,1,4
,,,,,,,0,0,0,2,1,0,2,2,3,2,0,3,9
,,,,,,,0,1,0,0,0,3,2,1,1,2,3,4,9
,,,,,,,0,1,0,1,0,2,1,0,2,1,3,4,7
,,,,,,,0,0,0,0,0,0,1,0,3,3,5,0,12
,,,,,,,0,0,0,0,1,0,0,0,1,3,4,1,8
,,,,,,,0,0,0,0,0,3,0,0,0,1,4,3,5
,,,,,,,0,0,0,0,0,4,0,0,0,0,6,4,6
,,,,,,,0,0,0,0,1,4,0,0,0,1,5,5,6
,,,,,,,0,0,0,0,0,0,0,0,0,0,0,0,0
,,,,,,,0,0,0,0,0,0,0,0,0,0,0,0,0
,,,,,,,0,0,0,0,0,0,0,0,0,0,2,0,2
,,,,,,,0,2,0,0,0,2,3,0,0,0,4,4,7
,,,,,,,0,0,0,0,1,2,4,1,0,3,5,3,13
,,,,,,,0,0,1,1,2,3,1,1,1,4,6,7,13
,,,,,,,0,0,0,2,6,1,0,0,4,9,6,9,19
,,,,,,,0,0,0,1,1,4,0,0,3,7,4,6,14
,,,,,,,0,0,0,1,0,2,0,0,1,3,2,3,6
,,,,,,,0,0,0,0,0,0,1,0,0,0,2,0,3
,,,,,,,0,2,1,2,1,1,3,1,2,4,2,7,12
,,,,,,,0,1,0,1,3,2,2,0,2,5,4,7,13
,,,,,,,0,1,0,0,1,3,1,0,0,1,5,5,7
,,,,,,,0,0,1,1,1,1,1,2,2,4,2,4,11
,,,,,,,0,0,1,3,5,0,2,2,3,8,1,9,16
,,,,,,,0,1,0,1,4,2,2,0,6,7,5,8,20
,,,,,,,0,0,0,1,2,2,0,0,2,4,6,5,12
,,,,,,,0,0,0,0,1,2,1,0,1,2,4,3,8
,,,,,,,0,0,0,0,0,0,1,0,1,1,0,0,3
,,,,,,,0,0,0,1,1,0,0,0,1,1,0,2,2
,,,,,,,0,0,0,2,2,2,1,0,2,2,6,6,11
,,,,,,,0,0,0,0,0,0,1,0,1,1,3,0,6
,,,,,,,0,0,0,0,0,0,0,0,0,0,0,0,0
,,,,,,,0,0,0,0,0,0,0,0,0,0,0,0,0
,,,,,,,0,0,0,0,0,0,0,0,0,0,0,0,0
,,,,,,,0,0,0,2,1,0,0,0,3,1,0,3,4
,,,,,,,0,0,0,0,0,0,2,0,3,3,3,0,11
,,,,,,,0,0,0,0,2,0,0,0,0,2,0,2,2
,,,,,,,0,0,0,0,0,0,0,0,0,1,1,0,2
,,,,,,,0,0,0,0,0,2,0,0,0,0,2,2,2
,,,,,,,0,0,0,0,0,0,0,0,0,0,0,0,0
,,,,,,,0,0,0,0,0,0,0,0,0,0,0,0,0
,,,,,,,0,0,0,0,0,0,0,0,0,0,0,0,0
,,,,,,,0,0,0,0,0,0,0,0,0,0,0,0,0
,,,,,,,0,0,0,0,0,0,0,0,0,0,0,0,0
,,,,,,,0,0,0,0,0,0,0,0,0,0,0,0,0
,,,,,,,0,0,0,0,0,0,0,0,0,0,0,0,0
,,,,,,,0,0,0,0,0,0,0,0,0,0,0,0,0
,,,,,,,0,0,0,0,0,0,0,0,0,0,0,0,0
,,,,,,,0,0,0,0,0,0,0,0,0,0,0,0,0
,,,,,,,0,0,0,0,0,0,0,0,0,0,0,0,0
,,,,,,,0,0,0,0,0,0,0,0,0,0,0,0,0
,,,,,,,0,0,0,0,0,0,0,0,0,0,0,0,0
,,,,,,,0,0,0,0,0,0,0,0,0,0,0,0,0
,,,,,,,0,0,0,0,0,0,0,0,0,0,0,0,0
,,,,,,,0,0,0,0,0,0,0,0,0,0,0,0,0
,,,,,,,0,0,0,0,0,0,0,0,0,0,0,0,0
,,,,,,,0,0,0,0,0,0,0,0,0,0,0,0,0
,,,,,,,0,0,0,0,0,0,0,0,0,0,0,0,0
,,,,,,,0,0,0,0,0,0,0,0,0,0,0,0,0
,,,,,,,0,0,0,0,0,0,0,0,0,0,0,0,0
,,,,,,,0,0,0,0,0,2,2,0,0,0,2,2,4
,,,,,,,0,1,0,0,2,0,1,0,1,2,2,3,6
,,,,,,,0,0,0,1,3,0,2,1,4,7,6,4,20
,,,,,,,0,0,1,1,3,3,1,2,2,5,7,8,17
,,,,,,,0,0,1,0,2,1,0,1,1,4,7,4,13
,,,,,,,0,0,0,0,0,2,0,0,1,2,10,2,13
,,,,,,,0,0,0,1,3,3,0,0,1,3,7,7,11
,,,,,,,0,0,0,0,2,2,0,0,1,6,3,4,10
,,,,,,,0,0,0,1,1,1,0,0,4,4,3,3,11
,,,,,,,0,0,0,3,2,4,0,0,6,9,6,9,21
,,,,,,,0,0,0,2,4,2,0,0,3,6,7,8,16
,,,,,,,0,0,0,0,1,4,0,0,1,2,5,5,8
,,,,,,,0,0,0,1,2,2,0,0,1,3,3,5,7
,,,,,,,0,0,0,0,1,1,1,0,3,6,4,2,14
,,,,,,,0,1,2,4,3,0,1,2,5,9,2,10,19
,,,,,,,0,0,1,1,2,2,1,2,3,3,3,6,12
,,,,,,,0,0,0,0,0,0,2,0,0,0,0,0,2
,,,,,,,0,0,0,0,2,1,0,0,0,5,3,3,8
,,,,,,,0,0,0,0,4,0,1,0,0,6,5,4,12
,,,,,,,0,1,1,4,4,5,3,1,5,6,7,15,22
,,,,,,,0,1,0,4,4,3,6,4,10,14,9,12,43
,,,,,,,0,2,0,2,6,2,2,3,4,8,3,12,20
,,,,,,,0,1,1,2,1,2,1,3,2,4,7,7,17
,,,,,,,0,1,1,1,2,4,1,3,2,3,7,9,16
,,,,,,,0,1,0,0,1,2,1,0,1,1,4,4,7
,,,,,,,0,0,0,0,0,3,0,0,0,0,6,3,6
,,,,,,,0,1,1,0,0,2,1,1,0,0,4,4,6
,,,,,,,0,0,0,0,0,3,2,2,0,3,4,3,11
,,,,,,,0,0,1,0,2,2,1,1,0,3,7,5,12
,,,,,,,0,0,0,0,2,3,1,0,2,3,4,5,10
,,,,,,,0,0,0,1,0,0,1,0,2,1,3,1,7
,,,,,,,0,0,0,0,0,1,0,0,2,2,6,1,10
,,,,,,,0,0,0,0,0,3,1,0,2,3,7,3,13
,,,,,,,0,0,0,0,3,0,2,0,1,5,2,3,10
,,,,,,,0,0,0,0,0,0,0,0,1,7,2,0,10
,,,,,,,0,0,0,0,0,0,0,0,0,0,0,0,0
,,,,,,,0,0,0,0,0,0,0,0,0,0,0,0,0
,,,,,,,0,1,0,1,1,1,2,0,1,1,2,4,6
,,,,,,,0,0,0,0,1,0,1,0,2,4,2,1,9
,,,,,,,0,0,0,1,2,0,3,0,2,5,3,3,13
,,,,,,,0,1,0,1,3,2,3,0,2,5,2,7,12
,,,,,,,0,0,0,1,3,0,1,0,1,5,0,4,7
,,,,,,,0,1,0,1,3,0,1,0,1,5,0,5,7
,,,,,,,0,0,0,0,1,1,0,1,1,4,4,2,10
,,,,,,,0,0,1,1,0,0,0,1,2,4,4,2,11
,,,,,,,0,0,0,0,0,0,0,0,2,1,1,0,4
,,,,,,,0,0,0,1,2,3,0,0,4,6,7,6,17
,,,,,,,0,0,0,0,1,1,0,0,4,6,6,2,16
,,,,,,,0,0,0,0,0,1,0,0,0,2,3,1,5
,,,,,,,0,0,0,0,0,0,0,0,0,0,0,0,0
,,,,,,,0,0,0,0,1,2,2,2,2,2,3,3,11
,,,,,,,0,0,1,1,0,0,0,1,2,2,2,2,7
,,,,,,,0,0,0,0,0,2,1,1,2,1,4,2,9
,,,,,,,0,0,0,2,2,1,1,0,3,2,4,5,10
,,,,,,,0,0,0,1,1,2,0,0,2,2,2,4,6
,,,,,,,0,0,0,0,0,0,0,0,0,0,0,0,0
,,,,,,,0,0,0,0,0,1,0,0,0,0,2,1,2
,,,,,,,0,0,0,0,0,0,0,0,0,0,4,0,4
,,,,,,,0,0,0,0,1,0,0,0,0,1,2,1,3
,,,,,,,0,0,0,0,0,0,0,0,0,0,0,0,0
,,,,,,,0,0,0,0,0,0,0,0,0,0,0,0,0
,,,,,,,0,0,0,0,0,0,0,0,0,0,0,0,0
,,,,,,,0,0,0,0,0,2,3,0,0,1,6,2,10
,,,,,,,0,2,0,0,1,1,3,0,0,3,5,4,11
,,,,,,,0,0,0,0,1,0,1,0,0,4,1,1,6
,,,,,,,0,0,0,0,3,0,0,0,1,6,4,3,11
,,,,,,,0,0,0,0,1,1,0,0,1,4,6,2,11
,,,,,,,0,0,0,0,0,2,0,0,0,1,3,2,4
,,,,,,,0,0,0,0,0,0,0,0,0,0,5,0,5
,,,,,,,0,1,0,0,0,2,1,1,1,1,3,3,7
,,,,,,,0,0,0,0,0,3,1,0,1,2,6,3,10
,,,,,,,0,0,0,0,1,3,0,0,0,1,3,4,4
,,,,,,,0,1,0,1,1,0,1,0,1,1,2,3,5
,,,,,,,0,0,0,0,0,2,1,0,2,3,2,2,8
,,,,,,,0,0,0,1,1,2,3,0,5,4,2,4,14
,,,,,,,0,3,0,2,1,1,3,0,3,3,6,7,15
,,,,,,,0,1,0,0,2,3,2,0,0,2,3,6,7
,,,,,,,0,1,0,0,0,0,2,0,0,2,1,1,5
,,,,,,,0,0,0,0,0,0,0,0,1,2,1,0,4
,,,,,,,0,0,0,0,1,1,0,0,1,2,3,2,6
,,,,,,,0,0,0,0,0,0,0,0,0,0,9,0,9
,,,,,,,0,0,0,0,0,0,0,0,1,3,2,0,6
,,,,,,,0,0,0,0,0,0,0,0,0,0,1,0,1
,,,,,,,0,0,0,0,0,0,0,0,0,0,0,0,0
,,,,,,,0,0,0,0,0,0,0,0,2,1,0,0,3
,,,,,,,0,0,0,0,0,0,0,0,0,0,0,0,0
,,,,,,,0,0,0,0,0,1,0,0,1,2,4,1,7
,,,,,,,0,0,0,0,0,0,0,0,0,1,3,0,4
,,,,,,,0,0,0,0,0,1,0,0,0,0,1,1,1
,,,,,,,0,0,0,0,0,0,0,0,0,0,0,0,0
,,,,,,,0,0,0,0,0,0,0,0,0,0,0,0,0
,,,,,,,0,0,0,0,0,0,0,0,0,0,0,0,0
,,,,,,,0,0,0,0,0,0,0,0,0,0,1,0,1
,,,,,,,0,0,0,1,0,0,1,0,1,1,1,1,4
,,,,,,,0,1,0,1,1,0,1,0,1,1,0,3,3
,,,,,,,0,0,0,0,0,0,0,0,0,0,0,0,0
,,,,,,,0,0,0,0,0,0,0,0,0,0,0,0,0
,,,,,,,0,0,0,0,0,0,0,0,0,0,0,0,0
,,,,,,,0,0,0,0,0,0,0,0,0,0,0,0,0
,,,,,,,0,0,0,0,0,0,0,0,0,0,0,0,0
,,,,,,,0,0,0,0,0,0,0,0,0,0,0,0,0
,,,,,,,0,0,0,0,0,0,0,0,0,0,0,0,0
,,,,,,,0,0,0,0,0,0,0,0,0,0,0,0,0
,,,,,,,0,0,0,0,0,0,0,0,0,0,0,0,0
,,,,,,,0,0,0,0,0,0,0,0,0,0,0,0,0
,,,,,,,0,0,0,0,0,0,0,0,0,0,0,0,0
,,,,,,,0,0,0,0,0,0,0,0,0,0,0,0,0
,,,,,,,0,0,0,0,0,0,0,0,0,0,0,0,0
,,,,,,,0,0,0,0,0,0,0,0,0,0,0,0,0
,,,,,,,0,0,0,0,0,2,0,0,0,0,3,2,3
,,,,,,,0,0,1,1,2,2,0,1,1,5,6,6,13
,,,,,,,0,0,0,0,0,2,0,1,2,7,6,2,16
,,,,,,,0,0,0,1,4,4,0,1,1,5,8,9,15
,,,,,,,0,0,0,0,1,4,0,0,2,3,9,5,14
,,,,,,,0,0,0,3,2,5,0,0,3,4,10,10,17
,,,,,,,0,0,0,1,1,1,0,0,3,5,3,3,11
,,,,,,,0,0,0,1,1,0,1,0,4,4,2,2,11
,,,,,,,0,0,0,1,3,2,0,0,1,4,7,6,12
,,,,,,,0,0,0,1,2,0,0,0,3,8,4,3,15
,,,,,,,0,0,0,0,0,2,1,0,0,1,4,2,6
,,,,,,,0,0,0,0,1,2,0,0,0,1,3,3,4
,,,,,,,0,0,0,3,1,2,0,0,3,4,7,6,14
,,,,,,,0,0,0,0,2,0,0,0,3,6,4,2,13
,,,,,,,0,0,0,0,1,3,0,0,0,4,6,4,10
,,,,,,,0,0,0,0,0,0,0,0,0,0,2,0,2
,,,,,,,0,0,0,0,0,0,1,0,0,0,3,0,4
,,,,,,,0,0,0,1,0,1,0,0,2,4,6,2,12
,,,,,,,0,0,0,3,4,1,1,1,5,9,5,8,21
,,,,,,,0,1,0,2,4,4,2,3,8,11,7,11,31
,,,,,,,0,0,3,1,0,1,3,3,5,7,4,5,22
,,,,,,,0,0,0,0,0,0,0,2,3,4,2,0,11
,,,,,,,0,1,0,1,3,2,1,4,5,5,7,7,22
,,,,,,,0,0,1,3,3,0,3,2,5,4,5,7,19
,,,,,,,0,0,0,0,1,0,0,0,1,1,2,1,4
,,,,,,,0,1,0,1,3,2,1,0,1,4,2,7,8
,,,,,,,0,0,0,0,0,0,1,0,2,3,1,0,7
,,,,,,,0,0,0,0,2,3,0,1,2,4,7,5,14
,,,,,,,0,2,0,1,2,5,3,0,2,4,11,10,20
,,,,,,,0,1,0,1,2,3,3,1,3,6,11,7,24
,,,,,,,0,0,0,3,2,5,0,0,3,4,9,10,16
,,,,,,,0,0,0,0,1,5,0,0,0,6,9,6,15
,,,,,,,0,0,0,0,1,1,0,0,0,5,5,2,10
,,,,,,,0,0,0,0,0,1,1,0,0,2,2,1,5
,,,,,,,0,0,0,0,0,0,0,0,0,0,0,0,0
,,,,,,,0,1,0,0,0,0,1,0,0,0,0,1,1
,,,,,,,0,1,0,0,1,1,4,0,2,5,2,3,13
,,,,,,,0,0,0,1,7,1,1,0,3,7,3,9,14
,,,,,,,0,0,0,2,1,1,0,0,2,4,2,4,8
,,,,,,,0,0,0,1,0,2,0,0,3,4,2,3,9
,,,,,,,0,0,0,2,3,1,0,0,3,4,1,6,8
,,,,,,,0,0,0,0,1,2,1,0,1,4,3,3,9
,,,,,,,0,1,0,1,3,2,1,1,2,7,6,7,17
,,,,,,,0,0,1,0,2,1,0,1,2,5,7,4,15
,,,,,,,0,0,0,2,0,2,0,0,2,3,4,4,9
,,,,,,,0,0,0,4,3,2,0,0,7,6,5,9,18
,,,,,,,0,0,0,4,2,1,0,0,5,3,2,7,10
,,,,,,,0,0,0,0,0,0,0,0,1,0,1,0,2
,,,,,,,0,0,0,0,0,0,3,1,1,2,0,0,7
,,,,,,,0,3,5,3,5,0,6,6,4,6,1,16,23
,,,,,,,0,0,0,0,0,2,2,2,3,2,6,2,15
,,,,,,,0,0,0,1,0,3,0,0,1,0,5,4,6
,,,,,,,0,0,0,1,0,0,0,0,1,2,1,1,4
,,,,,,,0,0,0,1,1,2,0,0,1,2,3,4,6
,,,,,,,0,0,0,0,1,0,0,0,0,1,1,1,2
,,,,,,,0,0,0,0,0,0,0,0,0,0,2,0,2
,,,,,,,0,0,0,0,0,0,0,0,0,0,2,0,2
,,,,,,,0,0,0,0,0,0,0,0,0,0,0,0,0
,,,,,,,0,0,0,0,0,0,0,0,0,0,0,0,0
,,,,,,,0,0,0,0,0,0,0,0,0,0,0,0,0
,,,,,,,0,0,0,0,0,0,3,0,0,2,0,0,5
,,,,,,,0,0,0,0,0,0,0,0,0,1,2,0,3
,,,,,,,0,0,0,0,0,0,1,1,0,1,0,0,3
,,,,,,,0,1,0,0,0,0,1,0,0,1,1,1,3
,,,,,,,0,0,0,0,0,2,0,0,0,0,3,2,3
,,,,,,,0,0,0,0,0,4,0,0,0,1,5,4,6
,,,,,,,0,0,0,0,0,1,0,0,0,0,6,1,6
,,,,,,,0,0,0,0,0,1,0,0,0,0,2,1,2
,,,,,,,0,1,0,0,0,0,1,0,0,0,1,1,2
,,,,,,,0,0,0,0,0,2,1,0,0,0,5,2,6
,,,,,,,0,0,0,0,0,1,0,0,0,0,5,1,5
,,,,,,,0,0,0,0,0,2,0,0,1,0,3,2,4
,,,,,,,0,0,0,0,0,1,0,0,0,0,2,1,2
,,,,,,,0,0,0,0,0,2,4,0,5,2,6,2,17
,,,,,,,0,5,2,5,2,5,7,8,8,5,8,19,36
,,,,,,,0,2,2,0,2,1,5,5,1,3,3,7,17
,,,,,,,0,1,0,0,0,0,2,2,0,0,2,1,6
,,,,,,,0,0,0,0,0,1,0,0,0,0,2,1,2
,,,,,,,0,0,0,0,2,0,0,0,0,3,3,2,6
,,,,,,,0,0,0,0,0,7,1,0,1,2,10,7,14
,,,,,,,0,1,0,1,3,3,1,0,1,3,8,8,13
,,,,,,,0,0,0,0,0,0,0,0,1,2,1,0,4
,,,,,,,0,0,0,0,0,0,0,0,0,0,0,0,0
,,,,,,,0,0,0,0,0,0,0,0,0,0,0,0,0
,,,,,,,0,0,0,0,0,0,0,0,0,0,0,0,0
,,,,,,,0,0,0,2,2,2,0,0,4,4,4,6,12
,,,,,,,0,0,0,1,1,1,0,0,4,5,3,3,12
,,,,,,,0,0,0,0,0,0,0,0,1,1,4,0,6
,,,,,,,0,0,0,0,0,2,0,0,0,0,2,2,2
,,,,,,,0,0,0,0,0,2,0,0,0,0,2,2,2
,,,,,,,0,0,0,0,0,1,0,0,0,0,2,1,2
,,,,,,,0,0,0,0,0,1,0,0,0,0,1,1,1
,,,,,,,0,0,0,0,0,1,1,0,1,1,1,1,4
,,,,,,,0,0,0,0,0,0,1,0,1,1,0,0,3
,,,,,,,0,0,0,0,0,0,0,0,0,0,0,0,0
,,,,,,,0,0,0,0,0,0,0,0,0,0,0,0,0
,,,,,,,0,0,0,0,0,0,0,0,0,0,0,0,0
,,,,,,,0,0,0,0,0,0,0,0,0,0,0,0,0
,,,,,,,0,0,0,0,0,0,0,0,0,0,0,0,0
,,,,,,,0,0,0,0,0,0,0,0,0,0,0,0,0
,,,,,,,0,0,0,0,0,0,0,0,0,0,0,0,0
,,,,,,,0,0,0,0,0,0,0,0,0,0,0,0,0
,,,,,,,0,0,0,0,0,0,0,0,0,0,0,0,0
,,,,,,,0,0,0,0,0,0,0,0,0,0,0,0,0
,,,,,,,0,0,0,0,0,0,0,0,0,0,0,0,0
,,,,,,,0,0,0,0,0,0,0,0,0,0,0,0,0
,,,,,,,0,0,0,0,0,0,0,0,0,0,0,0,0
,,,,,,,0,0,0,0,2,2,0,0,1,3,3,4,7
,,,,,,,0,0,0,0,2,2,0,0,0,5,3,4,8
,,,,,,,0,0,0,0,0,0,0,0,1,2,2,0,5
,,,,,,,0,0,0,0,1,1,0,0,2,3,2,2,7
,,,,,,,0,0,1,0,1,3,0,1,2,4,5,5,12
,,,,,,,0,0,0,0,1,1,1,1,1,3,3,2,9
,,,,,,,0,1,0,2,3,0,1,0,3,4,2,6,10
,,,,,,,0,0,0,1,1,3,0,0,2,3,3,5,8
,,,,,,,0,0,0,0,1,2,1,0,1,4,7,3,13
,,,,,,,0,1,0,0,1,2,1,0,0,1,5,4,7
,,,,,,,0,0,0,0,0,0,0,0,0,1,2,0,3
,,,,,,,0,0,0,0,1,5,0,0,1,3,8,6,12
,,,,,,,0,0,0,0,1,3,0,0,0,4,8,4,12
,,,,,,,0,0,0,0,3,3,0,0,0,4,7,6,11
,,,,,,,0,0,0,0,1,2,0,0,0,3,5,3,8
,,,,,,,0,2,0,0,0,0,2,0,0,0,2,2,4
,,,,,,,0,0,1,0,1,3,1,1,3,5,5,5,15
,,,,,,,0,0,0,3,2,2,0,0,7,9,3,7,19
,,,,,,,0,1,0,0,1,2,1,0,3,4,3,4,11
,,,,,,,0,1,0,1,1,2,1,0,2,3,5,5,11
,,,,,,,0,0,0,0,0,0,0,0,0,0,2,0,2
,,,,,,,0,2,2,0,0,5,5,3,4,4,10,9,26
,,,,,,,0,2,1,5,3,5,5,5,9,6,7,16,32
,,,,,,,0,0,0,0,0,0,0,1,2,2,2,0,7
,,,,,,,0,0,0,0,1,2,1,1,2,7,7,3,18
,,,,,,,0,0,0,1,0,2,0,0,1,1,6,3,8
,,,,,,,0,0,0,0,1,3,0,0,1,2,4,4,7
,,,,,,,0,1,0,2,2,4,3,0,2,6,8,9,19
,,,,,,,0,0,1,0,3,2,1,1,3,6,7,6,18
,,,,,,,0,0,0,1,1,6,0,0,1,3,8,8,12
,,,,,,,0,0,0,1,4,4,0,0,1,6,6,9,13
,,,,,,,0,0,0,1,2,1,1,0,2,8,6,4,17
,,,,,,,0,1,0,1,3,1,1,0,2,4,5,6,12
,,,,,,,0,0,0,0,0,2,0,0,1,1,2,2,4
,,,,,,,0,0,0,0,0,0,1,0,0,0,1,0,2
,,,,,,,0,1,0,0,0,1,1,0,1,1,3,2,6
,,,,,,,0,0,0,1,2,1,1,0,2,6,6,4,15
,,,,,,,0,0,0,0,2,2,0,0,4,5,9,4,18
,,,,,,,0,0,0,2,4,3,0,0,4,5,7,9,16
,,,,,,,0,0,0,0,1,2,0,0,2,2,2,3,6
,,,,,,,0,0,0,0,2,1,1,0,1,3,3,3,8
,,,,,,,0,0,0,0,0,2,1,0,1,2,5,2,9
,,,,,,,0,0,0,2,0,3,0,0,2,3,7,5,12
,,,,,,,0,0,0,1,4,0,0,0,3,5,4,5,12
,,,,,,,0,0,0,1,2,1,0,0,1,3,3,4,7
,,,,,,,0,0,0,0,0,1,0,0,1,1,2,1,4
,,,,,,,0,0,0,0,0,0,0,0,0,0,0,0,0
,,,,,,,0,0,0,0,0,0,0,0,0,0,0,0,0
,,,,,,,0,5,3,4,4,0,8,4,5,7,2,16,26
,,,,,,,0,1,0,3,2,3,7,2,4,7,6,9,26
,,,,,,,0,0,0,0,1,1,0,0,0,2,3,2,5
,,,,,,,0,0,0,1,1,0,1,0,5,4,0,2,10
,,,,,,,0,1,0,2,2,3,1,0,5,6,5,8,17
,,,,,,,0,0,0,0,0,1,0,0,0,2,4,1,6
,,,,,,,0,0,0,0,0,0,0,0,0,0,0,0,0
,,,,,,,0,0,0,0,0,0,0,0,0,1,0,0,1
,,,,,,,0,0,0,0,0,0,0,0,0,0,0,0,0
,,,,,,,0,0,0,0,0,0,0,0,0,0,0,0,0
,,,,,,,0,0,0,0,0,0,1,0,0,0,2,0,3
,,,,,,,0,6,1,1,3,0,6,1,1,3,4,11,15
,,,,,,,0,5,0,1,1,2,9,2,2,4,4,9,21
,,,,,,,0,2,1,1,1,2,7,1,3,2,3,7,16
,,,,,,,0,0,0,0,0,0,2,1,2,1,0,0,6
,,,,,,,0,0,0,0,0,0,0,0,0,0,0,0,0
,,,,,,,0,0,0,0,0,0,0,0,0,0,0,0,0
,,,,,,,0,0,0,0,0,0,2,0,0,0,0,0,2
,,,,,,,0,3,0,0,0,0,3,0,0,0,0,3,3
,,,,,,,0,1,0,0,0,0,5,0,0,0,0,1,5
,,,,,,,0,1,0,0,0,2,2,0,0,0,2,3,4
,,,,,,,0,0,0,0,0,0,0,0,0,0,1,0,1
,,,,,,,0,0,0,0,0,0,0,0,0,0,1,0,1
,,,,,,,0,2,0,0,0,0,3,0,0,0,0,2,3
,,,,,,,0,2,0,0,0,1,5,1,3,3,4,3,16
,,,,,,,0,2,4,6,2,3,7,7,7,5,5,17,31
,,,,,,,0,3,4,0,1,0,7,7,2,3,0,8,19
,,,,,,,0,1,2,0,0,0,4,4,0,0,0,3,8
,,,,,,,0,0,0,0,0,0,2,1,0,0,1,0,4
,,,,,,,0,0,0,0,0,1,0,0,0,2,1,1,3
,,,,,,,0,0,0,0,0,2,0,1,0,0,3,2,4
,,,,,,,0,0,0,0,0,0,2,1,4,1,3,0,11
,,,,,,,0,0,0,3,1,0,0,0,5,1,0,4,6
,,,,,,,0,0,0,0,0,0,0,0,0,0,0,0,0
,,,,,,,0,0,0,0,0,0,0,0,0,0,0,0,0
,,,,,,,0,0,0,0,0,0,0,0,0,1,0,0,1
,,,,,,,0,0,0,1,1,0,2,0,4,4,0,2,10
,,,,,,,0,1,0,0,2,0,2,0,5,5,5,3,17
,,,,,,,0,0,0,2,1,5,0,0,3,3,7,8,13
,,,,,,,0,0,0,0,1,2,0,0,1,1,2,3,4
,,,,,,,0,0,0,0,0,0,0,0,0,1,1,0,2
,,,,,,,0,0,0,0,0,0,0,0,0,0,0,0,0
,,,,,,,0,0,0,0,0,0,0,0,0,0,0,0,0
,,,,,,,0,0,0,0,0,0,0,0,0,0,0,0,0
,,,,,,,0,0,0,0,0,0,0,0,0,0,0,0,0
,,,,,,,0,0,0,0,0,0,0,0,0,0,0,0,0
,,,,,,,0,0,0,0,0,0,0,0,0,0,0,0,0
,,,,,,,0,0,0,0,0,0,0,0,0,0,0,0,0
,,,,,,,0,0,0,0,0,0,0,0,0,0,0,0,0
,,,,,,,0,0,0,0,0,0,0,0,0,0,0,0,0
,,,,,,,0,0,0,0,0,0,0,0,0,0,0,0,0
,,,,,,,0,0,0,0,0,0,0,0,0,0,0,0,0
,,,,,,,0,0,0,0,0,0,0,0,0,0,0,0,0
,,,,,,,0,0,0,0,0,0,0,0,0,0,0,0,0
,,,,,,,0,0,0,0,0,0,0,0,0,0,0,0,0
,,,,,,,0,0,0,0,0,0,0,0,0,0,0,0,0
,,,,,,,0,0,0,0,0,0,0,0,0,0,0,0,0
,,,,,,,0,0,0,1,2,2,0,0,3,4,4,5,11
,,,,,,,0,0,0,3,2,1,0,0,5,3,4,6,12
,,,,,,,0,0,0,1,0,0,0,0,1,1,3,1,5
,,,,,,,0,1,0,0,1,2,1,0,0,1,3,4,5
,,,,,,,0,0,0,1,4,1,0,0,2,4,5,6,11
,,,,,,,0,0,0,1,0,2,0,0,3,4,2,3,9
,,,,,,,0,0,0,0,0,2,0,0,2,4,4,2,10
,,,,,,,0,0,0,0,1,2,0,0,0,2,6,3,8
,,,,,,,0,0,0,0,0,0,0,0,0,0,1,0,1
,,,,,,,0,0,0,0,0,0,0,0,0,1,2,0,3
,,,,,,,0,0,0,0,1,2,0,0,0,3,3,3,6
,,,,,,,0,0,0,0,1,0,0,0,0,3,1,1,4
,,,,,,,0,0,0,0,0,0,0,0,0,6,2,0,8
,,,,,,,0,0,0,0,1,4,0,0,1,4,7,5,12
,,,,,,,0,1,0,0,0,0,2,0,0,0,2,1,4
,,,,,,,0,0,1,0,0,2,2,1,2,5,5,3,15
,,,,,,,0,0,0,1,1,2,0,0,3,5,6,4,14
,,,,,,,0,0,0,0,0,0,0,0,1,1,4,0,6
,,,,,,,0,0,0,0,1,3,2,0,0,3,7,4,12
,,,,,,,0,1,0,0,3,2,2,0,1,5,6,6,14
,,,,,,,0,0,0,0,0,0,3,2,5,5,2,0,17
,,,,,,,0,0,1,4,5,0,2,2,7,6,4,10,21
,,,,,,,0,1,1,1,0,3,1,1,1,5,4,6,12
,,,,,,,0,0,0,0,4,1,0,1,1,4,5,5,11
,,,,,,,0,0,0,0,1,0,0,0,1,6,5,1,12
,,,,,,,0,0,0,0,3,0,0,0,2,6,0,3,8
,,,,,,,0,1,0,0,1,1,1,0,1,2,2,3,6
,,,,,,,0,0,0,0,0,0,1,0,1,6,4,0,12
,,,,,,,0,1,0,0,3,2,1,0,3,4,6,6,14
,,,,,,,0,0,0,0,0,1,1,0,1,3,2,1,7
,,,,,,,0,0,0,0,1,1,0,0,1,4,2,2,7
,,,,,,,0,0,0,0,0,0,0,0,2,4,3,0,9
,,,,,,,0,0,0,0,1,1,0,0,1,1,3,2,5
,,,,,,,0,0,0,0,0,2,0,0,0,0,2,2,2
,,,,,,,0,0,0,0,0,2,0,0,1,0,6,2,7
,,,,,,,0,0,0,1,0,3,0,0,2,1,9,4,12
,,,,,,,0,0,0,0,0,4,0,0,1,2,6,4,9
,,,,,,,0,0,0,1,1,2,0,0,2,4,6,4,12
,,,,,,,0,0,0,0,0,0,0,0,1,1,3,0,5
,,,,,,,0,0,0,1,1,3,0,0,1,3,3,5,7
,,,,,,,0,0,0,1,1,2,0,0,2,3,3,4,8
,,,,,,,0,0,0,0,0,1,0,0,3,0,4,1,7
,,,,,,,0,0,0,1,0,2,0,0,2,3,4,3,9
,,,,,,,0,0,0,0,0,1,0,0,1,2,4,1,7
,,,,,,,0,0,0,0,0,1,0,0,0,0,3,1,3
,,,,,,,0,0,0,0,0,0,0,0,0,1,0,0,1
,,,,,,,0,0,0,0,1,0,0,0,0,1,0,1,1
,,,,,,,0,1,0,0,0,1,3,0,0,1,2,2,6
,,,,,,,0,0,0,0,1,2,2,0,0,2,5,3,9
,,,,,,,0,0,0,0,0,0,0,0,0,2,0,0,2
,,,,,,,0,0,0,0,0,0,0,0,3,3,0,0,6
,,,,,,,0,0,0,0,0,0,0,0,4,4,3,0,11
,,,,,,,0,0,0,0,0,0,0,0,0,0,3,0,3
,,,,,,,0,0,0,0,0,0,0,0,0,0,0,0,0
,,,,,,,0,0,0,0,1,0,0,0,0,1,0,1,1
,,,,,,,0,0,0,1,1,0,2,0,3,4,1,2,10
,,,,,,,0,1,0,1,2,2,2,0,3,4,4,6,13
,,,,,,,0,0,0,0,0,2,0,0,0,0,4,2,4
,,,,,,,0,1,0,1,1,3,2,1,1,1,4,6,9
,,,,,,,0,0,0,0,0,0,3,1,2,1,5,0,12
,,,,,,,0,0,0,0,0,4,3,2,2,3,6,4,16
,,,,,,,0,0,1,0,0,0,1,1,1,0,2,1,5
,,,,,,,0,0,0,0,0,0,0,0,0,0,0,0,0
,,,,,,,0,0,0,0,0,0,0,0,0,0,0,0,0
,,,,,,,0,0,0,0,0,0,0,0,0,0,0,0,0
,,,,,,,0,0,0,0,0,0,2,0,0,0,0,0,2
,,,,,,,0,2,0,0,0,0,3,0,0,0,0,2,3
,,,,,,,0,0,0,0,0,1,2,0,0,0,2,1,4
,,,,,,,0,0,0,0,0,0,0,0,0,0,1,0,1
,,,,,,,0,0,0,0,0,0,0,0,0,0,0,0,0
,,,,,,,0,0,0,0,0,0,1,0,0,0,0,0,1
,,,,,,,0,0,0,0,0,0,1,0,0,0,0,0,1
,,,,,,,0,0,0,0,0,0,1,0,1,1,0,0,3
,,,,,,,0,0,0,0,0,0,1,0,1,1,0,0,3
,,,,,,,0,1,1,0,0,0,1,1,0,0,0,2,2
,,,,,,,0,0,0,0,0,0,1,1,0,0,0,0,2
,,,,,,,0,0,0,0,0,0,0,0,0,0,0,0,0
,,,,,,,0,0,0,0,0,0,0,1,0,0,2,0,3
,,,,,,,0,1,1,0,0,1,1,2,3,0,3,3,9
,,,,,,,0,0,0,2,0,1,2,0,4,2,2,3,10
,,,,,,,0,0,0,0,0,0,2,0,1,2,1,0,6
,,,,,,,0,0,0,0,0,0,0,0,0,0,0,0,0
,,,,,,,0,0,0,0,0,0,0,0,0,0,0,0,0
,,,,,,,0,0,0,2,2,0,1,0,3,3,0,4,7
,,,,,,,0,0,0,0,0,1,2,1,1,3,2,1,9
,,,,,,,0,0,0,1,1,1,0,1,2,7,4,3,14
,,,,,,,0,0,0,1,3,1,0,0,3,7,3,5,13
,,,,,,,0,0,0,0,0,0,0,0,0,0,0,0,0
,,,,,,,0,0,0,0,0,0,0,0,0,0,0,0,0
,,,,,,,0,0,0,0,0,0,0,0,0,0,0,0,0
,,,,,,,0,0,0,0,0,0,0,0,0,0,0,0,0
,,,,,,,0,0,0,0,0,0,0,0,0,0,0,0,0
,,,,,,,0,0,0,0,0,0,0,0,0,0,0,0,0
,,,,,,,0,0,0,0,0,0,0,0,0,0,0,0,0
,,,,,,,0,0,0,0,0,0,0,0,0,0,0,0,0
,,,,,,,0,0,0,0,0,0,0,0,0,0,0,0,0
,,,,,,,0,0,0,0,0,0,0,0,0,0,0,0,0
,,,,,,,0,0,0,0,0,0,0,0,0,0,0,0,0
,,,,,,,0,0,0,0,0,0,0,0,0,0,0,0,0
,,,,,,,0,0,0,0,0,0,0,0,0,0,0,0,0
,,,,,,,0,0,0,0,0,0,0,0,0,0,0,0,0
,,,,,,,0,0,0,0,0,0,0,0,0,0,0,0,0
,,,,,,,0,0,0,0,0,0,0,0,0,0,0,0,0
,,,,,,,0,0,0,1,1,2,0,0,4,1,4,4,9
,,,,,,,0,0,0,0,0,2,0,0,2,0,2,2,4
,,,,,,,0,0,0,0,0,0,1,0,0,1,2,0,4
,,,,,,,0,0,0,0,0,2,0,0,1,2,2,2,5
,,,,,,,0,0,0,1,3,0,0,0,1,4,4,4,9
,,,,,,,0,0,0,0,1,4,0,0,1,3,6,5,10
,,,,,,,0,1,0,1,1,2,1,0,1,1,5,5,8
,,,,,,,0,1,0,0,1,0,1,0,1,1,1,2,4
,,,,,,,0,0,0,0,0,0,0,0,0,0,0,0,0
,,,,,,,0,0,0,0,0,2,0,0,1,0,6,2,7
,,,,,,,0,0,0,1,1,0,0,0,1,1,9,2,11
,,,,,,,0,0,0,0,4,3,0,0,1,7,5,7,13
,,,,,,,0,0,0,2,1,4,0,0,2,4,7,7,13
,,,,,,,0,0,0,0,0,1,0,0,1,0,3,1,4
,,,,,,,0,0,0,0,0,0,0,0,0,0,2,0,2
,,,,,,,0,0,0,0,2,2,0,0,0,2,5,4,7
,,,,,,,0,0,0,0,1,1,0,0,0,3,3,2,6
,,,,,,,0,0,0,0,0,1,2,0,1,4,4,1,11
,,,,,,,0,1,0,2,3,2,3,0,4,7,6,8,20
,,,,,,,0,0,0,4,2,2,1,0,6,6,6,8,19
,,,,,,,0,0,0,2,5,2,1,0,7,11,2,9,21
,,,,,,,0,1,1,2,6,2,2,1,4,9,5,12,21
,,,,,,,0,0,0,0,0,0,2,1,3,2,4,0,12
,,,,,,,0,1,0,2,1,2,1,0,3,8,3,6,15
,,,,,,,0,0,0,2,5,1,0,0,4,9,6,8,19
,,,,,,,0,2,0,4,3,1,2,0,7,11,6,10,26
,,,,,,,0,2,0,3,8,3,2,0,6,10,8,16,26
,,,,,,,0,0,1,4,2,5,2,1,5,6,11,12,25
,,,,,,,0,0,1,0,1,1,3,1,1,4,5,3,14
,,,,,,,0,0,0,0,1,1,0,0,0,2,2,2,4
,,,,,,,0,0,0,0,0,0,1,0,0,0,0,0,1
,,,,,,,0,0,0,0,0,0,0,0,0,0,0,0,0
,,,,,,,0,0,0,0,0,0,0,0,0,0,1,0,1
,,,,,,,0,0,0,0,0,0,0,0,0,0,1,0,1
,,,,,,,0,0,0,0,1,2,0,0,1,1,4,3,6
,,,,,,,0,0,0,0,1,2,0,0,0,3,2,3,5
,,,,,,,0,0,0,1,1,2,2,0,1,2,6,4,11
,,,,,,,0,0,0,0,0,0,1,0,2,2,2,0,7
,,,,,,,0,0,0,1,0,0,0,2,3,4,5,1,14
,,,,,,,0,0,0,0,0,0,0,0,2,1,0,0,3
,,,,,,,0,0,0,0,0,0,0,0,0,1,4,0,5
,,,,,,,0,0,0,0,2,3,0,0,1,3,7,5,11
,,,,,,,0,0,0,0,1,2,0,0,0,1,4,3,5
,,,,,,,0,0,0,0,0,0,0,0,0,1,0,0,1
,,,,,,,0,0,0,0,0,0,0,0,0,0,0,0,0
,,,,,,,0,0,0,0,0,0,2,1,0,2,0,0,5
,,,,,,,0,2,1,1,1,2,2,1,1,3,4,7,11
,,,,,,,0,0,0,1,0,3,0,0,4,4,6,4,14
,,,,,,,0,0,0,0,2,0,0,0,2,2,4,2,8
,,,,,,,0,0,0,0,0,0,1,0,0,2,2,0,5
,,,,,,,0,0,0,0,2,2,0,0,0,2,2,4,4
,,,,,,,0,0,0,0,0,2,1,0,1,2,4,2,8
,,,,,,,0,0,0,0,0,2,0,0,0,1,3,2,4
,,,,,,,0,0,0,0,1,2,0,0,1,1,2,3,4
,,,,,,,0,0,0,3,1,2,1,0,4,4,4,6,13
,,,,,,,0,0,0,1,2,0,2,0,4,5,8,3,19
,,,,,,,0,0,0,0,0,2,0,0,0,0,2,2,2
,,,,,,,0,0,0,0,0,2,0,0,0,0,3,2,3
,,,,,,,0,0,0,0,0,0,1,0,0,0,3,0,4
,,,,,,,0,1,1,0,2,1,1,1,0,2,4,5,8
,,,,,,,0,0,0,0,0,0,0,1,0,2,2,0,5
,,,,,,,0,0,0,0,0,0,0,0,0,0,0,0,0
,,,,,,,0,0,0,0,0,0,0,0,0,0,0,0,0
,,,,,,,0,0,0,0,0,0,0,0,0,0,0,0,0
,,,,,,,0,0,0,0,0,0,0,0,0,0,0,0,0
,,,,,,,0,0,0,0,0,0,0,0,0,0,0,0,0
,,,,,,,0,0,0,0,0,2,0,0,0,0,4,2,4
,,,,,,,0,0,0,0,0,0,0,0,0,0,3,0,3
,,,,,,,0,0,0,0,0,0,0,0,0,0,0,0,0
,,,,,,,0,0,0,0,0,0,0,0,0,0,0,0,0
,,,,,,,0,0,0,0,0,0,0,0,0,0,2,0,2
,,,,,,,0,0,0,0,0,0,0,0,0,0,2,0,2
,,,,,,,0,0,0,0,0,0,0,0,0,0,0,0,0
,,,,,,,0,0,0,0,0,0,0,0,0,0,0,0,0
,,,,,,,0,0,0,0,0,0,0,0,0,1,1,0,2
,,,,,,,0,0,0,0,0,1,0,0,0,1,2,1,3
,,,,,,,0,0,0,0,0,2,0,0,0,1,3,2,4
,,,,,,,0,0,1,1,2,2,0,1,1,2,5,6,9
,,,,,,,0,0,0,2,1,2,2,1,3,4,4,5,14
,,,,,,,0,1,0,1,2,0,3,1,2,3,3,4,12
,,,,,,,0,0,0,0,0,0,0,0,0,0,0,0,0
,,,,,,,0,0,0,0,0,0,0,0,0,0,0,0,0
,,,,,,,0,0,0,1,0,0,0,0,1,0,0,1,1
,,,,,,,0,0,1,0,1,1,0,1,0,1,3,3,5
,,,,,,,0,0,0,0,2,1,0,1,0,5,5,3,11
,,,,,,,0,0,0,1,1,2,0,0,2,6,3,4,11
,,,,,,,0,0,0,0,1,0,0,0,2,3,4,1,9
,,,,,,,0,0,0,0,0,0,0,0,0,0,0,0,0
,,,,,,,0,0,0,0,0,0,0,0,0,0,0,0,0
,,,,,,,0,0,0,0,0,0,0,0,0,0,0,0,0
,,,,,,,0,0,0,0,0,0,0,0,0,0,0,0,0
,,,,,,,0,0,0,0,0,0,0,0,0,0,0,0,0
,,,,,,,0,0,0,0,0,0,0,0,0,0,0,0,0
,,,,,,,0,0,0,0,0,0,0,0,0,0,0,0,0
,,,,,,,0,0,0,0,0,0,0,0,0,0,0,0,0
,,,,,,,0,0,0,0,0,0,0,0,0,0,0,0,0
,,,,,,,0,0,0,0,0,0,0,0,0,0,0,0,0
,,,,,,,0,0,0,0,0,0,0,0,0,0,0,0,0
,,,,,,,0,0,0,0,0,0,0,0,0,0,0,0,0
,,,,,,,0,0,0,0,0,0,0,0,0,0,0,0,0
,,,,,,,0,0,0,0,0,0,0,0,0,0,0,0,0
,,,,,,,0,0,0,0,0,0,0,0,0,0,1,0,1
,,,,,,,0,0,0,0,0,0,0,0,0,0,0,0,0
,,,,,,,0,0,0,0,0,0,0,0,0,0,1,0,1
,,,,,,,0,0,0,0,1,0,0,0,0,1,2,1,3
,,,,,,,0,0,0,0,0,0,0,0,0,0,3,0,3
,,,,,,,0,0,0,0,0,0,0,0,1,0,0,0,1
,,,,,,,0,0,0,0,0,0,0,0,1,1,0,0,2
,,,,,,,0,0,0,0,0,0,0,0,0,0,2,0,2
,,,,,,,0,0,0,0,0,2,0,0,2,1,7,2,10
,,,,,,,0,0,0,4,3,5,0,0,5,4,9,12,18
,,,,,,,0,0,0,0,2,1,0,0,1,4,5,3,10
,,,,,,,0,0,0,0,0,0,0,0,1,3,2,0,6
,,,,,,,0,0,0,0,2,2,0,0,0,2,4,4,6
,,,,,,,0,0,0,0,0,0,0,0,0,0,2,0,2
,,,,,,,0,1,0,0,0,2,1,0,0,2,4,3,7
,,,,,,,0,0,0,0,1,1,1,0,0,1,5,2,7
,,,,,,,0,0,0,0,1,1,3,0,3,6,5,2,17
,,,,,,,0,2,0,2,5,3,3,0,3,8,6,12,20
,,,,,,,0,0,0,0,1,3,0,0,4,4,6,4,14
,,,,,,,0,0,0,0,0,0,0,0,2,3,4,0,9
,,,,,,,0,1,0,2,2,2,2,1,5,4,5,7,17
,,,,,,,0,0,0,3,1,1,1,0,4,4,4,5,13
,,,,,,,0,0,0,1,3,3,0,0,2,6,6,7,14
,,,,,,,0,0,0,1,5,3,0,0,1,8,9,9,18
,,,,,,,0,0,1,2,2,1,1,1,4,5,7,6,18
,,,,,,,0,0,0,0,0,2,1,1,10,12,12,2,36
,,,,,,,0,0,0,2,5,5,1,0,7,7,8,12,23
,,,,,,,0,3,0,2,3,2,4,0,2,6,4,10,16
,,,,,,,0,0,0,1,2,2,3,0,2,3,3,5,11
,,,,,,,0,1,0,0,0,0,1,0,0,0,0,1,1
,,,,,,,0,0,0,0,0,0,1,0,0,0,0,0,1
,,,,,,,0,0,0,0,0,0,0,0,0,0,0,0,0
,,,,,,,0,0,0,0,0,0,0,0,0,0,0,0,0
,,,,,,,0,0,0,0,0,0,1,0,0,1,0,0,2
,,,,,,,0,1,0,0,2,0,3,0,0,3,4,3,10
,,,,,,,0,7,1,1,1,5,9,3,4,5,6,15,27
,,,,,,,0,5,2,3,2,0,8,3,6,6,3,12,26
,,,,,,,0,0,5,3,5,7,1,5,5,9,13,20,33
,,,,,,,0,0,0,0,0,2,0,4,1,2,7,2,14
,,,,,,,0,0,0,0,1,3,0,0,0,3,4,4,7
,,,,,,,0,0,0,0,0,1,0,0,0,1,3,1,4
,,,,,,,0,0,0,0,0,0,0,0,0,1,3,0,4
,,,,,,,0,0,0,0,1,0,0,0,0,1,0,1,1
,,,,,,,0,0,0,0,0,0,0,0,0,0,0,0,0
,,,,,,,0,0,0,0,1,0,1,0,1,2,0,1,4
,,,,,,,0,0,0,1,4,0,2,1,2,5,2,5,12
,,,,,,,0,0,0,2,2,1,0,0,4,7,3,5,14
,,,,,,,0,1,0,1,1,1,2,0,3,8,4,4,17
,,,,,,,0,2,0,0,4,1,2,0,0,4,2,7,8
,,,,,,,0,0,0,0,1,0,0,1,0,1,4,1,6
,,,,,,,0,1,1,1,1,3,1,1,2,1,5,7,10
,,,,,,,0,0,0,0,0,0,1,0,3,3,4,0,11
,,,,,,,0,0,0,2,1,0,0,0,2,4,4,3,10
,,,,,,,0,0,0,0,2,3,0,0,3,5,9,5,17
,,,,,,,0,0,0,1,1,2,0,0,1,2,10,4,13
,,,,,,,0,0,0,0,0,1,0,0,0,0,4,1,4
,,,,,,,0,0,0,0,0,0,0,0,0,0,1,0,1
,,,,,,,0,0,0,0,0,0,0,0,0,0,0,0,0
,,,,,,,0,0,0,0,0,0,0,0,0,0,1,0,1
,,,,,,,0,0,0,0,0,1,0,0,0,0,2,1,2
,,,,,,,0,0,0,0,0,0,0,0,0,0,0,0,0
,,,,,,,0,0,0,0,0,0,0,0,0,0,0,0,0
,,,,,,,0,0,0,0,0,0,0,0,0,0,0,0,0
,,,,,,,0,0,0,0,0,0,0,0,0,0,0,0,0
,,,,,,,0,0,0,0,0,0,0,0,0,0,0,0,0
,,,,,,,0,0,0,0,0,2,0,0,0,0,2,2,2
,,,,,,,0,0,0,0,0,0,0,0,0,0,4,0,4
,,,,,,,0,0,0,0,0,2,0,0,0,0,2,2,2
,,,,,,,0,0,0,0,0,0,0,0,0,0,0,0,0
,,,,,,,0,0,0,0,0,2,0,0,0,0,4,2,4
,,,,,,,0,0,0,0,0,2,0,0,0,0,3,2,3
,,,,,,,0,0,0,0,0,0,0,0,0,0,0,0,0
,,,,,,,0,0,0,0,0,0,1,0,1,1,0,0,3
,,,,,,,0,1,0,1,3,0,1,0,2,6,1,5,10
,,,,,,,0,0,0,1,1,1,0,0,1,3,2,3,6
,,,,,,,0,0,0,0,1,0,0,0,0,2,1,1,3
,,,,,,,0,0,0,0,2,1,0,0,1,4,3,3,8
,,,,,,,0,0,0,0,1,1,2,1,0,1,5,2,9
,,,,,,,0,2,1,0,0,2,3,1,0,1,2,5,7
,,,,,,,0,0,0,0,0,0,1,0,0,0,0,0,1
,,,,,,,0,0,0,0,0,0,0,0,0,0,0,0,0
,,,,,,,0,0,0,0,0,0,0,0,0,0,2,0,2
,,,,,,,0,0,0,0,0,1,0,0,0,0,4,1,4
,,,,,,,0,0,0,0,0,2,0,0,0,0,3,2,3
,,,,,,,0,0,0,0,0,0,0,0,0,1,3,0,4
,,,,,,,0,0,0,1,1,4,0,0,1,2,4,6,7
,,,,,,,0,0,0,0,0,0,0,0,1,0,1,0,2
,,,,,,,0,0,0,0,0,0,0,0,0,0,0,0,0
,,,,,,,0,0,0,0,0,0,0,0,0,0,0,0,0
,,,,,,,0,0,0,0,0,0,0,0,0,0,0,0,0
,,,,,,,0,0,0,0,0,0,0,0,0,0,0,0,0
,,,,,,,0,0,0,0,0,0,0,0,0,0,0,0,0
,,,,,,,0,0,0,0,0,0,0,0,0,0,0,0,0
,,,,,,,0,0,0,0,0,0,0,0,0,0,0,0,0
,,,,,,,0,0,0,0,0,0,0,0,0,0,0,0,0
,,,,,,,0,0,0,0,0,0,0,0,0,0,0,0,0
,,,,,,,0,0,0,0,0,0,0,0,0,0,0,0,0
,,,,,,,0,0,0,0,0,0,0,0,0,0,0,0,0
,,,,,,,0,0,0,0,0,0,0,0,0,0,0,0,0
,,,,,,,0,0,0,0,0,0,0,0,0,0,0,0,0
,,,,,,,0,0,0,0,0,0,0,0,0,0,0,0,0
,,,,,,,0,0,0,0,0,0,0,0,0,0,0,0,0
,,,,,,,0,0,0,0,0,0,0,0,0,0,0,0,0
,,,,,,,0,0,0,0,0,0,0,0,0,0,0,0,0
,,,,,,,0,0,0,0,0,0,0,0,0,0,0,0,0
,,,,,,,0,0,0,0,0,0,0,0,0,0,2,0,2
,,,,,,,0,0,0,0,0,2,0,0,1,1,4,2,6
,,,,,,,0,0,0,1,1,2,0,0,3,4,4,4,11
,,,,,,,0,0,0,0,3,2,0,0,1,4,4,5,9
,,,,,,,0,0,0,2,4,2,0,0,2,4,3,8,9
,,,,,,,0,1,0,1,1,2,2,0,2,5,4,5,13
,,,,,,,0,2,0,0,0,0,2,0,0,1,2,2,5
,,,,,,,0,0,0,0,0,0,2,0,0,0,1,0,3
,,,,,,,0,0,0,1,0,1,0,0,1,2,3,2,6
,,,,,,,0,0,0,3,2,2,1,0,4,5,6,7,16
,,,,,,,0,0,0,0,0,0,2,0,4,5,3,0,14
,,,,,,,0,0,0,3,1,2,0,0,4,3,7,6,14
,,,,,,,0,0,0,0,1,3,0,0,3,2,5,4,10
,,,,,,,0,0,0,0,0,0,1,0,0,2,6,0,9
,,,,,,,0,0,0,1,2,4,0,0,3,2,6,7,11
,,,,,,,0,0,0,0,0,1,0,1,0,3,9,1,13
,,,,,,,0,0,0,0,1,2,0,0,1,4,4,3,9
,,,,,,,0,0,0,1,2,0,0,2,1,5,2,3,10
,,,,,,,0,0,0,1,1,2,3,3,7,6,6,4,25
,,,,,,,0,0,0,3,1,0,2,0,5,4,4,4,15
,,,,,,,0,0,0,0,0,0,1,0,2,2,2,0,7
,,,,,,,0,0,0,0,0,2,1,0,1,2,4,2,8
,,,,,,,0,0,0,0,0,0,0,0,0,0,0,0,0
,,,,,,,0,0,0,0,0,0,0,0,0,0,0,0,0
,,,,,,,0,0,0,0,0,0,0,0,0,0,0,0,0
,,,,,,,0,1,0,0,0,0,1,0,0,0,0,1,1
,,,,,,,0,0,0,0,0,0,1,0,0,0,0,0,1
,,,,,,,0,1,0,0,0,0,1,1,1,1,2,1,6
,,,,,,,0,0,1,1,1,2,3,2,1,2,2,5,10
,,,,,,,0,2,0,0,0,0,3,3,6,5,4,2,21
,,,,,,,0,1,0,2,5,4,2,5,6,10,8,12,31
,,,,,,,0,0,0,0,1,0,2,1,2,6,5,1,16
,,,,,,,0,1,0,3,6,2,2,0,3,7,2,12,14
,,,,,,,0,0,0,0,0,0,0,0,0,0,1,0,1
,,,,,,,0,0,0,2,0,2,0,0,2,2,2,4,6
,,,,,,,0,0,0,0,1,0,0,0,1,1,0,1,2
,,,,,,,0,0,0,0,0,0,1,1,0,0,2,0,4
,,,,,,,0,1,0,3,0,0,1,1,3,0,4,4,9
,,,,,,,0,0,0,0,2,2,0,1,2,3,5,4,11
,,,,,,,0,0,0,0,2,2,1,1,3,5,3,4,13
,,,,,,,0,1,0,1,1,0,1,0,3,3,0,3,7
,,,,,,,0,0,0,0,0,0,0,0,0,0,0,0,0
,,,,,,,0,0,0,0,0,0,0,0,0,0,2,0,2
,,,,,,,0,0,0,1,0,4,0,2,1,2,9,5,14
,,,,,,,0,0,0,1,3,1,0,1,3,5,6,5,15
,,,,,,,0,0,0,1,1,1,0,0,2,4,3,3,9
,,,,,,,0,0,0,0,1,2,0,0,1,5,6,3,12
,,,,,,,0,2,0,1,1,3,3,1,1,3,6,7,14
,,,,,,,0,1,1,0,1,0,2,1,0,1,0,3,4
,,,,,,,0,0,0,0,0,0,0,0,0,0,0,0,0
,,,,,,,0,0,0,0,0,0,0,0,0,0,0,0,0
,,,,,,,0,0,0,0,0,0,0,0,0,0,0,0,0
,,,,,,,0,0,0,0,0,1,2,0,0,0,4,1,6
,,,,,,,0,0,0,0,0,1,0,0,0,0,2,1,2
,,,,,,,0,0,0,0,0,0,0,0,0,0,0,0,0
,,,,,,,0,0,0,0,0,0,0,0,0,0,0,0,0
,,,,,,,0,0,0,0,0,0,0,0,0,0,0,0,0
,,,,,,,0,0,0,0,0,0,0,0,0,0,0,0,0
,,,,,,,0,0,0,0,0,0,0,0,0,0,0,0,0
,,,,,,,0,0,0,0,0,0,0,0,0,0,0,0,0
,,,,,,,0,0,0,0,0,0,0,0,0,0,1,0,1
,,,,,,,0,0,0,0,0,0,0,0,0,0,0,0,0
,,,,,,,0,0,0,0,0,0,0,0,0,0,0,0,0
,,,,,,,0,0,0,0,0,0,1,0,0,0,1,0,2
,,,,,,,0,1,0,0,0,0,1,0,0,0,2,1,3
,,,,,,,0,0,0,0,0,1,0,0,0,4,1,1,5
,,,,,,,0,0,0,1,4,2,1,0,3,7,2,7,13
,,,,,,,0,0,0,2,1,1,0,0,2,2,1,4,5
,,,,,,,0,0,0,0,0,1,0,0,0,1,1,1,2
,,,,,,,0,0,0,0,0,0,0,0,2,4,1,0,7
,,,,,,,0,0,0,2,4,2,0,0,2,5,3,8,10
,,,,,,,0,1,0,0,0,0,1,0,0,1,3,1,5
,,,,,,,0,0,0,0,0,0,1,0,0,0,1,0,2
,,,,,,,0,0,0,0,0,0,2,0,0,1,2,0,5
,,,,,,,0,0,0,0,1,1,0,0,0,1,4,2,5
,,,,,,,0,0,0,0,0,2,0,0,0,1,3,2,4
,,,,,,,0,0,0,0,0,0,0,0,0,0,0,0,0
,,,,,,,0,0,0,0,0,1,0,0,0,0,2,1,2
,,,,,,,0,0,0,0,0,1,0,0,1,1,3,1,5
,,,,,,,0,0,0,1,1,0,0,0,1,1,0,2,2
,,,,,,,0,0,0,0,0,0,0,0,0,0,0,0,0
,,,,,,,0,0,0,0,0,0,0,0,0,0,0,0,0
,,,,,,,0,0,0,0,0,0,0,0,0,0,0,0,0
,,,,,,,0,0,0,0,0,0,0,0,0,0,0,0,0
,,,,,,,0,0,0,0,0,0,0,0,0,0,0,0,0
,,,,,,,0,0,0,0,0,0,0,0,0,0,0,0,0
,,,,,,,0,0,0,0,0,0,0,0,0,0,0,0,0
,,,,,,,0,0,0,0,0,0,0,0,0,0,0,0,0
,,,,,,,0,0,0,0,0,0,0,0,0,0,0,0,0
,,,,,,,0,0,0,0,0,0,0,0,0,0,0,0,0
,,,,,,,0,0,0,0,0,0,0,0,0,0,0,0,0
,,,,,,,0,0,0,0,0,0,0,0,0,0,0,0,0
,,,,,,,0,0,0,0,0,0,0,0,0,0,0,0,0
,,,,,,,0,0,0,0,0,0,0,0,0,0,0,0,0
,,,,,,,0,0,0,0,0,0,0,0,0,0,0,0,0
,,,,,,,0,0,0,0,0,0,0,0,0,0,0,0,0
,,,,,,,0,0,0,0,0,0,0,0,0,0,0,0,0
,,,,,,,0,0,0,0,0,0,0,0,0,0,0,0,0
,,,,,,,0,0,0,0,0,0,0,0,0,1,2,0,3
,,,,,,,0,0,0,0,0,2,0,0,1,3,3,2,7
,,,,,,,0,0,0,0,2,2,0,0,2,5,2,4,9
,,,,,,,0,1,0,1,2,0,1,0,1,4,1,4,7
,,,,,,,0,0,0,0,0,0,1,0,0,0,1,0,2
,,,,,,,0,0,0,0,0,0,0,0,0,1,0,0,1
,,,,,,,0,0,0,0,1,0,0,0,1,1,2,1,4
,,,,,,,0,0,0,0,3,3,0,0,1,4,6,6,11
,,,,,,,0,0,0,1,1,2,0,0,1,5,5,4,11
,,,,,,,0,0,0,0,3,2,0,0,3,6,4,5,13
,,,,,,,0,0,0,0,0,0,0,0,4,6,3,0,13
,,,,,,,0,0,0,1,3,4,0,0,1,5,5,8,11
,,,,,,,0,0,0,1,0,1,0,0,2,4,7,2,13
,,,,,,,0,0,1,0,1,3,1,1,1,1,4,5,8
,,,,,,,0,1,0,1,1,1,2,1,1,3,3,4,10
,,,,,,,0,0,1,0,0,2,1,2,1,2,4,3,10
,,,,,,,0,1,2,1,0,2,3,3,2,2,3,6,13
,,,,,,,0,1,0,0,1,1,3,0,3,2,5,3,13
,,,,,,,0,0,0,0,0,0,1,0,1,3,3,0,8
,,,,,,,0,1,0,0,1,2,1,0,0,1,2,4,4
,,,,,,,0,0,0,0,0,0,0,0,0,0,0,0,0
,,,,,,,0,0,0,0,0,0,0,0,0,0,0,0,0
,,,,,,,0,1,0,0,0,0,1,0,0,0,0,1,1
,,,,,,,0,2,0,0,0,0,2,0,0,0,0,2,2
,,,,,,,0,0,0,0,0,0,0,0,0,0,0,0,0
,,,,,,,0,1,0,1,1,2,1,0,2,1,2,5,6
,,,,,,,0,1,0,1,1,1,2,0,2,1,2,4,7
,,,,,,,0,0,2,2,5,1,2,3,5,9,2,10,21
,,,,,,,0,1,2,1,3,0,1,3,5,9,2,7,20
,,,,,,,0,0,0,0,0,0,0,0,0,0,0,0,0
,,,,,,,0,1,0,0,1,0,2,0,3,4,1,2,10
,,,,,,,0,0,0,0,0,0,2,0,1,1,3,0,7
,,,,,,,0,0,0,1,1,3,0,0,2,2,5,5,9
,,,,,,,0,0,0,0,0,1,0,0,1,2,2,1,5
,,,,,,,0,1,2,0,1,1,1,2,0,1,4,5,8
,,,,,,,0,0,0,0,0,1,1,2,4,2,7,1,16
,,,,,,,0,0,1,1,1,3,1,1,2,2,5,6,11
,,,,,,,0,0,0,0,0,2,1,1,3,3,3,2,11
,,,,,,,0,0,0,1,1,1,1,0,3,2,2,3,8
,,,,,,,0,0,0,0,0,0,0,0,0,0,0,0,0
,,,,,,,0,0,0,0,0,0,0,0,0,0,1,0,1
,,,,,,,0,0,1,0,0,2,0,1,0,1,6,3,8
,,,,,,,0,1,1,0,2,0,2,1,0,3,4,4,10
,,,,,,,0,0,0,0,1,2,2,1,0,4,3,3,10
,,,,,,,0,0,1,0,4,3,1,2,3,8,4,8,18
,,,,,,,0,3,0,2,1,1,8,2,4,7,3,7,24
,,,,,,,0,0,0,0,2,0,6,1,0,3,0,2,10
,,,,,,,0,0,0,0,0,0,0,1,0,1,2,0,4
,,,,,,,0,0,1,1,1,1,0,2,3,6,3,4,14
,,,,,,,0,0,0,0,2,1,1,1,0,3,4,3,9
,,,,,,,0,2,0,0,2,2,2,0,0,2,5,6,9
,,,,,,,0,0,0,0,0,2,2,1,1,2,4,2,10
,,,,,,,0,0,0,0,0,0,0,0,0,0,0,0,0
,,,,,,,0,0,0,0,0,0,0,0,0,0,0,0,0
,,,,,,,0,0,0,0,0,0,0,0,0,0,0,0,0
,,,,,,,0,0,0,0,0,0,0,0,0,0,0,0,0
,,,,,,,0,0,0,0,0,0,0,0,0,0,0,0,0
,,,,,,,0,0,0,0,0,0,0,0,0,0,0,0,0
,,,,,,,0,0,0,0,0,0,0,0,0,0,0,0,0
,,,,,,,0,0,0,0,0,0,0,0,0,0,0,0,0
,,,,,,,0,0,0,0,0,0,0,0,0,0,0,0,0
,,,,,,,0,0,0,0,0,0,1,0,0,2,2,0,5
,,,,,,,0,1,1,1,2,2,3,1,1,2,6,7,13
,,,,,,,0,0,0,0,1,1,1,0,1,3,3,2,8
,,,,,,,0,0,0,0,2,1,0,0,1,5,3,3,9
,,,,,,,0,1,0,0,4,2,1,0,0,5,3,7,9
,,,,,,,0,0,0,0,1,3,0,0,0,2,4,4,6
,,,,,,,0,0,0,0,0,1,0,0,0,2,3,1,5
,,,,,,,0,0,0,0,1,1,1,0,2,6,4,2,13
,,,,,,,0,0,0,0,0,1,0,0,0,1,4,1,5
,,,,,,,0,0,0,0,1,3,1,0,0,1,3,4,5
,,,,,,,0,2,0,0,1,2,2,0,0,2,3,5,7
,,,,,,,0,0,0,0,0,0,0,0,0,2,2,0,4
,,,,,,,0,0,0,0,0,0,0,0,0,0,2,0,2
,,,,,,,0,0,0,0,0,0,0,0,0,0,0,0,0
,,,,,,,0,0,0,0,0,0,0,0,0,0,0,0,0
,,,,,,,0,0,0,0,0,0,0,0,1,1,0,0,2
,,,,,,,0,0,0,0,0,0,0,0,1,1,0,0,2
,,,,,,,0,0,0,0,0,0,0,0,0,0,0,0,0
,,,,,,,0,0,0,0,0,0,0,0,0,0,0,0,0
,,,,,,,0,0,0,0,0,0,0,0,0,0,0,0,0
,,,,,,,0,0,0,0,0,0,0,0,0,0,0,0,0
,,,,,,,0,0,0,0,0,0,0,0,0,0,0,0,0
,,,,,,,0,0,0,0,0,0,0,0,0,0,0,0,0
,,,,,,,0,0,0,0,0,0,0,0,0,0,0,0,0
,,,,,,,0,0,0,0,0,0,0,0,0,0,0,0,0
,,,,,,,0,0,0,0,0,0,0,0,0,0,0,0,0
,,,,,,,0,0,0,0,0,0,0,0,0,0,0,0,0
,,,,,,,0,0,0,0,0,0,0,0,0,0,2,0,2
,,,,,,,0,0,0,0,0,0,0,0,0,0,1,0,1
,,,,,,,0,0,0,0,0,0,0,0,0,0,0,0,0
,,,,,,,0,0,0,0,0,0,0,0,0,0,0,0,0
,,,,,,,0,0,0,0,0,0,0,0,0,0,0,0,0
,,,,,,,0,0,0,0,0,0,0,0,0,0,0,0,0
,,,,,,,0,0,0,0,0,0,0,0,0,0,0,0,0
,,,,,,,0,0,0,0,0,0,0,0,0,0,0,0,0
,,,,,,,0,0,0,0,0,0,0,0,0,0,0,0,0
,,,,,,,0,0,0,0,0,0,0,0,0,1,1,0,2
,,,,,,,0,0,0,0,0,0,0,0,0,0,1,0,1
,,,,,,,0,0,0,0,0,0,0,0,0,0,0,0,0
,,,,,,,0,0,0,0,0,0,0,0,0,0,0,0,0
,,,,,,,0,0,0,0,0,2,0,0,0,0,3,2,3
,,,,,,,0,0,0,0,0,0,0,0,1,2,6,0,9
,,,,,,,0,0,0,0,2,2,0,0,1,4,3,4,8
,,,,,,,0,0,0,1,2,3,0,0,1,5,5,6,11
,,,,,,,0,0,0,0,0,0,0,0,1,5,6,0,12
,,,,,,,0,0,0,0,1,2,0,0,0,1,4,3,5
,,,,,,,0,1,0,1,0,1,1,0,1,2,4,3,8
,,,,,,,0,1,0,0,1,2,3,0,1,2,6,4,12
,,,,,,,0,1,0,0,0,3,2,0,0,1,6,4,9
,,,,,,,0,1,0,0,0,0,1,0,0,0,2,1,3
,,,,,,,0,0,0,1,0,2,1,0,1,3,4,3,9
,,,,,,,0,0,0,1,2,3,0,0,1,2,5,6,8
,,,,,,,0,0,0,0,0,1,0,0,0,0,2,1,2
,,,,,,,0,0,0,0,0,0,0,0,0,0,0,0,0
,,,,,,,0,0,0,0,0,0,0,0,0,0,0,0,0
,,,,,,,0,0,0,0,0,0,1,0,0,0,0,0,1
,,,,,,,0,0,0,0,0,0,1,0,0,0,0,0,1
,,,,,,,0,0,0,0,0,0,0,0,0,0,0,0,0
,,,,,,,0,0,0,1,1,1,0,0,3,3,3,3,9
,,,,,,,0,2,0,0,0,1,3,0,3,2,3,3,11
,,,,,,,0,1,1,3,1,1,2,1,6,7,5,7,21
,,,,,,,0,0,0,3,3,1,0,1,5,6,3,7,15
,,,,,,,0,0,0,0,0,0,1,0,0,2,2,0,5
,,,,,,,0,1,0,0,1,1,1,0,2,2,2,3,7
,,,,,,,0,1,0,3,3,2,1,0,3,5,4,9,13
,,,,,,,0,0,0,0,1,2,1,0,1,2,6,3,10
,,,,,,,0,1,0,2,3,2,1,0,2,4,5,8,12
,,,,,,,0,0,0,1,1,2,2,1,3,4,4,4,14
,,,,,,,0,0,0,4,2,2,1,0,5,2,4,8,12
,,,,,,,0,1,0,2,2,1,1,0,4,3,2,6,10
,,,,,,,0,0,0,0,1,0,0,0,0,2,1,1,3
,,,,,,,0,0,0,0,0,0,0,0,0,1,0,0,1
,,,,,,,0,0,0,0,0,0,0,0,0,0,0,0,0
,,,,,,,0,0,0,0,0,0,0,0,0,0,0,0,0
,,,,,,,0,0,0,0,0,2,1,0,0,2,3,2,6
,,,,,,,0,2,0,0,0,0,2,0,0,1,2,2,5
,,,,,,,0,0,0,0,0,0,2,1,0,2,1,0,6
,,,,,,,0,0,1,0,2,1,3,2,1,5,4,4,15
,,,,,,,0,3,0,3,1,0,7,1,8,7,3,7,26
,,,,,,,0,1,0,3,2,2,4,0,8,5,4,8,21
,,,,,,,0,0,0,2,2,1,0,1,3,2,2,5,8
,,,,,,,0,0,1,3,3,3,0,3,4,7,6,10,20
,,,,,,,0,0,0,1,1,0,0,2,2,10,4,2,18
,,,,,,,0,0,0,2,5,2,1,2,5,9,6,9,23
,,,,,,,0,1,2,2,2,4,1,2,4,5,7,11,19
,,,,,,,0,0,0,0,0,0,0,0,0,0,0,0,0
,,,,,,,0,0,0,0,0,0,0,0,0,0,0,0,0
,,,,,,,0,0,0,0,0,0,0,0,0,0,0,0,0
,,,,,,,0,0,0,0,0,0,0,0,0,0,0,0,0
,,,,,,,0,0,0,0,0,0,0,0,0,0,0,0,0
,,,,,,,0,0,0,0,0,0,0,0,0,0,0,0,0
,,,,,,,0,0,0,0,0,0,0,0,0,0,0,0,0
,,,,,,,0,0,0,0,0,0,0,0,0,0,0,0,0
,,,,,,,0,0,0,0,0,0,0,0,0,1,2,0,3
,,,,,,,0,0,0,0,2,2,2,0,0,2,3,4,7
,,,,,,,0,1,2,0,1,4,3,2,1,3,5,8,14
,,,,,,,0,0,0,1,2,1,1,2,1,3,5,4,12
,,,,,,,0,0,0,1,1,1,0,0,1,5,3,3,9
,,,,,,,0,0,0,0,2,0,1,0,0,6,3,2,10
,,,,,,,0,0,0,0,0,0,1,0,0,4,4,0,9
,,,,,,,0,0,0,0,0,0,1,0,1,2,5,0,9
,,,,,,,0,1,0,0,1,1,1,0,1,3,2,3,7
,,,,,,,0,0,0,2,1,2,2,0,2,3,6,5,13
,,,,,,,0,1,0,0,0,1,1,0,2,2,6,2,11
,,,,,,,0,0,0,0,0,2,1,0,0,0,5,2,6
,,,,,,,0,1,0,0,0,3,1,0,0,0,6,4,7
,,,,,,,0,0,0,0,0,4,0,0,0,0,6,4,6
,,,,,,,0,0,0,0,0,0,0,0,0,0,0,0,0
,,,,,,,0,0,0,0,0,0,0,0,0,0,0,0,0
,,,,,,,0,0,0,0,0,0,0,0,0,0,0,0,0
,,,,,,,0,0,0,0,0,0,0,0,0,0,0,0,0
,,,,,,,0,0,0,0,0,0,0,0,0,0,0,0,0
,,,,,,,0,0,0,0,0,0,0,0,0,0,0,0,0
,,,,,,,0,0,0,0,0,0,0,0,0,0,0,0,0
,,,,,,,0,0,0,0,0,0,0,0,0,0,0,0,0
,,,,,,,0,0,0,0,0,0,0,0,0,0,0,0,0
,,,,,,,0,0,0,0,0,0,0,0,0,0,0,0,0
,,,,,,,0,0,0,0,0,0,0,0,0,0,0,0,0
,,,,,,,0,0,0,0,0,0,0,0,0,0,0,0,0
,,,,,,,0,0,0,0,0,0,0,0,0,0,0,0,0
,,,,,,,0,0,0,0,0,5,0,0,0,0,5,5,5
,,,,,,,0,0,0,0,0,1,0,0,0,0,7,1,7
,,,,,,,0,0,0,0,0,0,0,0,0,0,1,0,1
,,,,,,,0,0,0,0,0,0,0,0,0,0,0,0,0
,,,,,,,0,0,0,0,0,0,0,0,0,0,0,0,0
,,,,,,,0,0,0,0,0,0,0,0,0,0,0,0,0
,,,,,,,0,0,0,0,0,0,0,0,0,0,0,0,0
,,,,,,,0,0,0,0,0,0,0,0,0,0,0,0,0
,,,,,,,0,0,0,0,0,0,0,0,0,0,0,0,0
,,,,,,,0,0,0,0,0,0,0,0,0,0,0,0,0
,,,,,,,0,0,0,0,0,0,0,0,0,0,0,0,0
,,,,,,,0,0,0,0,0,0,0,0,0,0,0,0,0
,,,,,,,0,0,0,0,0,0,0,0,0,0,0,0,0
,,,,,,,0,0,0,0,0,0,0,0,0,0,0,0,0
,,,,,,,0,0,0,0,0,0,0,0,0,0,0,0,0
,,,,,,,0,0,0,0,0,0,0,0,0,0,2,0,2
,,,,,,,0,0,0,0,0,1,0,0,0,1,6,1,7
,,,,,,,0,0,0,0,0,2,0,0,0,0,5,2,5
,,,,,,,0,0,0,0,0,4,0,0,0,0,8,4,8
,,,,,,,0,0,0,0,0,2,0,0,0,1,3,2,4
,,,,,,,0,0,0,0,0,2,0,0,0,1,4,2,5
,,,,,,,0,0,0,0,0,0,0,0,0,0,1,0,1
,,,,,,,0,0,0,0,0,0,1,0,0,0,0,0,1
,,,,,,,0,1,0,0,0,0,1,0,0,0,0,1,1
,,,,,,,0,0,0,0,0,0,1,0,0,0,3,0,4
,,,,,,,0,0,0,0,0,1,0,0,0,0,3,1,3
,,,,,,,0,0,0,0,0,0,0,0,0,0,0,0,0
,,,,,,,0,0,0,0,0,0,0,0,0,0,0,0,0
,,,,,,,0,0,1,0,0,0,1,1,0,0,0,1,2
,,,,,,,0,0,0,0,0,0,0,1,0,0,0,0,1
,,,,,,,0,0,0,0,0,0,0,0,0,0,0,0,0
,,,,,,,0,0,0,0,1,2,2,0,1,4,4,3,11
,,,,,,,0,0,0,0,1,0,1,0,1,5,1,1,8
,,,,,,,0,0,0,0,1,2,1,0,1,4,2,3,8
,,,,,,,0,0,0,0,0,0,0,0,1,5,3,0,9
,,,,,,,0,0,0,0,2,2,0,0,0,2,3,4,5
,,,,,,,0,0,0,0,1,1,1,0,1,1,3,2,6
,,,,,,,0,0,0,0,4,0,0,0,2,6,0,4,8
,,,,,,,0,0,0,0,0,0,1,0,2,5,0,0,8
,,,,,,,0,1,1,2,1,1,6,1,4,3,7,6,21
,,,,,,,0,0,1,0,0,0,1,1,5,4,5,1,16
,,,,,,,0,0,0,2,1,2,0,0,4,2,3,5,9
,,,,,,,0,0,0,0,0,0,0,0,0,2,0,0,2
,,,,,,,0,0,0,0,0,0,0,0,0,0,0,0,0
,,,,,,,0,0,0,0,0,0,0,0,0,0,0,0,0
,,,,,,,0,0,0,0,0,0,0,0,0,0,0,0,0
,,,,,,,0,0,0,0,0,0,0,0,0,0,0,0,0
,,,,,,,0,1,0,0,1,0,2,0,1,3,2,2,8
,,,,,,,0,1,0,1,1,1,2,0,1,4,4,4,11
,,,,,,,0,0,0,0,1,0,0,0,0,2,2,1,4
,,,,,,,0,0,0,1,2,3,0,0,2,4,4,6,10
,,,,,,,0,0,0,1,1,0,2,0,6,8,4,2,20
,,,,,,,0,1,0,6,4,3,3,0,14,9,9,14,35
,,,,,,,0,0,0,2,1,1,2,0,7,3,3,4,15
,,,,,,,0,1,0,0,0,4,1,1,1,2,5,5,10
,,,,,,,0,0,1,1,2,2,0,1,2,3,3,6,9
,,,,,,,0,0,0,0,0,0,2,0,4,6,1,0,13
,,,,,,,0,0,0,1,2,2,2,1,1,6,4,5,14
,,,,,,,0,0,0,0,0,0,0,0,0,0,2,0,2
,,,,,,,0,0,0,0,0,0,0,0,0,0,0,0,0
,,,,,,,0,0,0,0,0,0,0,0,0,0,0,0,0
,,,,,,,0,0,0,0,0,0,0,0,0,0,0,0,0
,,,,,,,0,0,0,0,0,0,0,0,0,0,0,0,0
,,,,,,,0,0,0,0,0,0,0,0,0,0,0,0,0
,,,,,,,0,0,0,0,0,0,0,0,0,0,0,0,0
,,,,,,,0,0,0,0,0,0,0,0,0,0,0,0,0
,,,,,,,0,0,0,0,0,0,1,0,0,2,4,0,7
,,,,,,,0,1,0,4,1,2,2,0,7,4,5,8,18
,,,,,,,0,0,2,0,5,2,0,3,4,6,5,9,18
,,,,,,,0,0,2,2,3,4,0,4,3,5,6,11,18
,,,,,,,0,0,0,1,1,3,0,0,3,4,5,5,12
,,,,,,,0,0,0,0,2,2,1,0,0,4,3,4,8
,,,,,,,0,1,0,1,2,3,1,1,1,4,6,7,13
,,,,,,,0,1,0,0,2,5,1,1,3,5,7,8,17
,,,,,,,0,0,0,2,1,0,1,0,2,3,5,3,11
,,,,,,,0,1,1,0,3,5,1,1,2,4,7,10,15
,,,,,,,0,0,0,0,0,3,2,1,1,3,6,3,13
,,,,,,,0,0,0,0,0,1,1,0,0,0,3,1,4
,,,,,,,0,1,0,0,0,0,1,0,0,0,6,1,7
,,,,,,,0,0,0,0,0,2,0,0,0,0,7,2,7
,,,,,,,0,0,0,0,0,0,0,0,0,1,2,0,3
,,,,,,,0,0,0,0,0,0,0,0,0,0,0,0,0
,,,,,,,0,0,0,0,0,0,0,0,0,0,0,0,0
,,,,,,,0,0,0,0,0,0,0,0,0,0,0,0,0
,,,,,,,0,0,0,0,0,0,0,0,0,0,0,0,0
,,,,,,,0,0,0,0,0,0,0,0,0,0,0,0,0
,,,,,,,0,0,0,0,0,0,0,0,0,0,0,0,0
,,,,,,,0,0,0,0,0,0,0,0,0,0,0,0,0
,,,,,,,0,0,0,0,0,0,0,0,0,0,0,0,0
,,,,,,,0,0,0,0,0,0,0,0,0,0,0,0,0
,,,,,,,0,0,0,0,0,0,0,0,0,0,0,0,0
,,,,,,,0,0,0,0,0,0,0,0,0,0,0,0,0
,,,,,,,0,0,0,0,0,2,0,0,0,0,2,2,2
,,,,,,,0,0,0,0,0,0,0,0,0,0,1,0,1
,,,,,,,0,0,0,0,0,0,0,0,0,0,0,0,0
,,,,,,,0,0,0,0,0,0,0,0,0,0,0,0,0
,,,,,,,0,0,0,0,0,0,0,0,0,0,0,0,0
,,,,,,,0,0,0,0,0,0,0,0,0,0,0,0,0
,,,,,,,0,0,0,0,0,0,0,0,0,0,0,0,0
,,,,,,,0,0,0,0,0,0,0,0,0,0,0,0,0
,,,,,,,0,0,0,0,0,1,0,0,0,1,2,1,3
,,,,,,,0,0,0,0,0,0,0,0,0,0,1,0,1
,,,,,,,0,0,0,0,0,0,0,0,0,0,2,0,2
,,,,,,,0,0,0,0,0,0,0,0,0,0,2,0,2
,,,,,,,0,0,0,0,0,0,0,0,0,0,1,0,1
,,,,,,,0,0,0,0,0,0,0,0,0,0,0,0,0
,,,,,,,0,0,0,0,0,1,0,0,0,0,2,1,2
,,,,,,,0,0,0,0,0,2,0,0,0,0,2,2,2
,,,,,,,0,0,0,0,0,0,0,0,0,0,0,0,0
,,,,,,,0,0,0,0,1,3,0,0,0,1,4,4,5
,,,,,,,0,0,0,0,0,0,0,0,0,1,4,0,5
,,,,,,,0,0,0,1,0,0,0,0,1,2,0,1,3
,,,,,,,0,0,0,0,0,0,0,0,0,0,0,0,0
,,,,,,,0,0,0,0,0,0,0,0,0,0,0,0,0
,,,,,,,0,0,0,0,0,0,0,0,0,0,0,0,0
,,,,,,,0,0,0,0,0,1,0,0,0,0,2,1,2
,,,,,,,0,0,0,0,0,2,0,0,0,0,2,2,2
,,,,,,,0,0,0,0,0,0,0,0,0,0,0,0,0
,,,,,,,0,0,0,0,0,0,0,0,0,0,0,0,0
,,,,,,,0,1,3,0,0,1,1,3,0,0,2,5,6
,,,,,,,0,0,0,0,0,0,1,2,0,0,2,0,5
,,,,,,,0,0,0,0,0,0,2,0,0,3,4,0,9
,,,,,,,0,2,0,0,3,4,2,0,0,3,5,9,10
,,,,,,,0,0,0,0,1,0,1,0,1,3,2,1,7
,,,,,,,0,0,0,1,2,2,0,0,2,5,2,5,9
,,,,,,,0,0,0,0,0,0,0,0,0,0,0,0,0
,,,,,,,0,0,0,0,1,2,0,0,1,2,2,3,5
,,,,,,,0,0,0,0,0,0,0,0,0,1,1,0,2
,,,,,,,0,0,0,1,1,0,0,0,3,3,0,2,6
,,,,,,,0,0,0,3,1,0,3,1,3,3,0,4,10
,,,,,,,0,4,1,1,1,3,5,2,4,3,3,10,17
,,,,,,,0,0,1,1,3,2,1,1,4,6,7,7,19
,,,,,,,0,0,0,2,1,1,0,0,3,5,3,4,11
,,,,,,,0,0,0,0,0,0,0,0,0,0,0,0,0
,,,,,,,0,0,0,0,0,0,0,0,0,0,0,0,0
,,,,,,,0,0,0,0,0,0,0,0,0,0,0,0,0
,,,,,,,0,0,0,0,0,0,0,0,0,0,0,0,0
,,,,,,,0,0,0,0,0,0,0,0,0,0,0,0,0
,,,,,,,0,0,0,0,0,0,1,0,1,0,0,0,2
,,,,,,,0,0,0,1,2,2,1,0,1,3,3,5,8
,,,,,,,0,0,0,0,2,2,0,0,2,7,7,4,16
,,,,,,,0,0,0,1,3,4,0,0,4,5,6,8,15
,,,,,,,0,1,0,0,1,0,1,0,6,6,2,2,15
,,,,,,,0,1,0,4,2,4,3,0,13,9,6,11,31
,,,,,,,0,0,0,0,1,0,0,0,6,4,2,1,12
,,,,,,,0,0,0,2,2,0,1,0,2,2,1,4,6
,,,,,,,0,0,0,1,2,2,0,0,3,5,2,5,10
,,,,,,,0,0,0,0,1,0,2,0,2,7,0,1,11
,,,,,,,0,0,0,2,5,0,2,0,5,7,4,7,18
,,,,,,,0,0,0,0,0,1,0,0,2,1,2,1,5
,,,,,,,0,0,0,0,0,0,0,0,0,0,0,0,0
,,,,,,,0,0,0,0,0,0,0,0,0,0,0,0,0
,,,,,,,0,0,0,0,0,0,0,0,0,0,0,0,0
,,,,,,,0,0,0,0,0,0,0,0,0,0,0,0,0
,,,,,,,0,0,0,0,0,0,0,0,0,0,0,0,0
,,,,,,,0,0,0,0,0,0,0,0,0,0,0,0,0
,,,,,,,0,0,0,0,0,0,0,0,0,0,0,0,0
,,,,,,,0,0,0,0,0,0,1,0,1,0,2,0,4
,,,,,,,0,1,0,7,1,2,3,0,8,4,2,11,17
,,,,,,,0,3,1,2,4,0,5,2,10,9,5,10,31
,,,,,,,0,3,2,1,3,3,5,2,9,11,7,12,34
,,,,,,,0,1,0,2,4,4,1,0,4,9,7,11,21
,,,,,,,0,0,0,1,3,2,0,0,1,5,5,6,11
,,,,,,,0,0,0,0,1,1,0,2,1,6,5,2,14
,,,,,,,0,0,0,0,0,2,0,2,0,4,4,2,10
,,,,,,,0,0,0,0,0,0,0,0,1,2,1,0,4
,,,,,,,0,0,0,1,2,3,0,1,1,4,7,6,13
,,,,,,,0,0,0,1,1,1,0,0,1,2,4,3,7
,,,,,,,0,0,0,0,0,0,0,0,0,0,1,0,1
,,,,,,,0,0,0,0,1,3,0,0,0,1,3,4,4
,,,,,,,0,0,0,0,0,3,0,0,0,1,4,3,5
,,,,,,,0,0,0,0,1,0,0,0,0,1,2,1,3
,,,,,,,0,0,0,0,0,0,0,0,0,0,0,0,0
,,,,,,,0,0,0,0,0,0,0,0,0,0,0,0,0
,,,,,,,0,0,0,0,0,0,0,0,0,0,0,0,0
,,,,,,,0,0,0,0,0,0,0,0,0,0,0,0,0
,,,,,,,0,0,0,0,0,0,0,0,0,0,0,0,0
,,,,,,,0,0,0,0,0,0,0,0,0,0,0,0,0
,,,,,,,0,0,0,0,0,0,0,0,0,0,0,0,0
,,,,,,,0,0,0,0,0,0,0,0,0,0,0,0,0
,,,,,,,0,0,0,0,0,0,0,0,0,0,0,0,0
,,,,,,,0,0,0,0,0,0,0,0,0,0,0,0,0
,,,,,,,0,0,0,0,0,0,0,0,0,0,0,0,0
,,,,,,,0,0,0,0,0,0,0,0,0,0,0,0,0
,,,,,,,0,0,0,0,0,0,0,0,0,0,0,0,0
,,,,,,,0,0,0,0,0,0,0,0,0,0,0,0,0
,,,,,,,0,0,0,0,0,0,0,0,0,0,0,0,0
,,,,,,,0,0,0,0,0,0,0,0,0,2,0,0,2
,,,,,,,0,1,0,1,0,1,2,0,1,2,3,3,8
,,,,,,,0,0,0,0,0,2,2,0,0,2,3,2,7
,,,,,,,0,0,0,0,1,3,0,0,0,1,4,4,5
,,,,,,,0,0,0,0,0,0,0,0,0,0,2,0,2
,,,,,,,0,0,0,0,0,0,0,0,0,0,2,0,2
,,,,,,,0,0,0,0,0,1,0,0,0,0,2,1,2
,,,,,,,0,0,0,0,0,2,0,0,0,0,2,2,2
,,,,,,,0,0,0,0,0,0,0,0,0,0,2,0,2
,,,,,,,0,0,0,0,0,0,0,0,0,0,0,0,0
,,,,,,,0,0,0,0,0,0,0,0,0,0,0,0,0
,,,,,,,0,0,0,0,0,0,0,0,0,0,0,0,0
,,,,,,,0,0,0,0,0,0,0,0,0,0,2,0,2
,,,,,,,0,0,0,0,0,2,0,0,0,0,4,2,4
,,,,,,,0,0,0,0,2,2,0,0,1,2,3,4,6
,,,,,,,0,0,0,0,0,0,0,0,0,3,2,0,5
,,,,,,,0,0,0,0,0,0,0,0,0,1,0,0,1
,,,,,,,0,0,0,0,0,0,0,0,0,0,0,0,0
,,,,,,,0,0,0,0,0,0,0,0,0,0,0,0,0
,,,,,,,0,0,0,0,0,0,0,0,0,0,0,0,0
,,,,,,,0,0,0,0,0,0,0,0,0,0,0,0,0
,,,,,,,0,0,0,0,0,0,0,0,0,0,0,0,0
,,,,,,,0,0,0,0,0,2,0,2,0,0,2,2,4
,,,,,,,0,0,0,0,0,2,0,0,0,0,4,2,4
,,,,,,,0,0,0,0,0,0,0,0,0,1,5,0,6
,,,,,,,0,0,0,0,0,4,0,0,0,0,7,4,7
,,,,,,,0,1,0,0,1,2,1,0,2,4,5,4,12
,,,,,,,0,0,0,1,2,3,1,0,3,4,6,6,14
,,,,,,,0,0,0,0,0,1,1,0,1,1,2,1,5
,,,,,,,0,1,0,2,1,1,1,0,2,3,3,5,9
,,,,,,,0,0,0,0,0,0,0,0,1,1,0,0,2
,,,,,,,0,0,0,3,2,0,0,0,4,4,0,5,8
,,,,,,,0,0,1,4,5,0,6,2,10,10,2,10,30
,,,,,,,0,3,1,4,4,1,7,2,8,9,3,13,29
,,,,,,,0,0,0,0,0,2,0,1,1,3,3,2,8
,,,,,,,0,0,0,0,0,3,0,0,0,1,6,3,7
,,,,,,,0,0,0,0,0,0,0,0,0,0,1,0,1
,,,,,,,0,0,0,0,0,0,0,0,0,0,0,0,0
,,,,,,,0,0,0,0,0,0,0,0,0,0,0,0,0
,,,,,,,0,0,0,0,0,0,0,0,0,0,0,0,0
,,,,,,,0,0,0,0,0,0,0,0,0,0,0,0,0
,,,,,,,0,0,0,0,0,0,0,0,0,0,1,0,1
,,,,,,,0,0,0,0,0,1,0,0,0,0,3,1,3
,,,,,,,0,0,0,0,2,1,1,0,2,5,5,3,13
,,,,,,,0,0,0,1,2,1,1,0,2,5,6,4,14
,,,,,,,0,0,0,1,0,0,0,0,4,1,0,1,5
,,,,,,,0,1,0,2,3,1,2,1,6,3,2,7,14
,,,,,,,0,1,1,3,4,1,1,1,4,4,2,10,12
,,,,,,,0,0,0,0,1,0,0,0,4,7,0,1,11
,,,,,,,0,0,1,1,1,1,1,1,5,6,6,4,19
,,,,,,,0,0,0,0,1,0,0,1,2,3,4,1,10
,,,,,,,0,1,0,3,2,4,2,0,4,3,5,10,14
,,,,,,,0,0,0,0,0,3,0,0,3,2,6,3,11
,,,,,,,0,0,0,0,0,0,0,0,0,0,1,0,1
,,,,,,,0,0,0,0,0,0,0,0,0,0,0,0,0
,,,,,,,0,0,0,0,0,0,0,0,0,0,0,0,0
,,,,,,,0,0,0,0,0,0,0,0,0,0,0,0,0
,,,,,,,0,0,0,0,0,0,0,0,0,0,0,0,0
,,,,,,,0,0,0,0,0,0,0,0,0,0,0,0,0
,,,,,,,0,0,0,0,0,0,0,0,0,0,0,0,0
,,,,,,,0,0,0,0,0,0,0,0,0,0,0,0,0
,,,,,,,0,1,0,0,1,0,1,0,1,2,0,2,4
,,,,,,,0,1,0,0,2,0,5,1,6,10,3,3,25
,,,,,,,0,1,0,1,2,1,5,1,5,9,5,5,25
,,,,,,,0,0,0,0,2,2,1,0,4,10,8,4,23
,,,,,,,0,0,0,0,1,1,1,0,2,6,5,2,14
,,,,,,,0,1,0,0,0,1,1,1,1,5,7,2,15
,,,,,,,0,0,1,0,3,1,1,1,1,3,5,5,11
,,,,,,,0,0,0,0,0,0,0,0,0,0,0,0,0
,,,,,,,0,0,0,0,0,2,0,0,1,0,4,2,5
,,,,,,,0,0,0,0,0,0,0,0,0,0,4,0,4
,,,,,,,0,0,0,0,0,2,0,0,0,0,2,2,2
,,,,,,,0,0,0,1,2,2,0,0,1,2,2,5,5
,,,,,,,0,1,1,0,0,0,1,1,1,1,1,2,5
,,,,,,,0,0,0,0,0,0,0,0,0,0,0,0,0
,,,,,,,0,0,0,0,0,0,0,0,0,0,0,0,0
,,,,,,,0,0,0,0,0,0,0,0,0,0,0,0,0
,,,,,,,0,0,0,0,0,0,0,0,0,0,0,0,0
,,,,,,,0,0,0,0,0,0,0,0,0,0,0,0,0
,,,,,,,0,0,0,0,0,0,0,0,0,0,0,0,0
,,,,,,,0,0,0,0,0,0,0,0,0,0,0,0,0
,,,,,,,0,0,0,0,0,0,0,0,0,0,0,0,0
,,,,,,,0,0,0,0,0,0,0,0,0,0,0,0,0
,,,,,,,0,0,0,0,0,0,0,0,0,0,0,0,0
,,,,,,,0,0,0,0,0,0,0,0,0,0,0,0,0
,,,,,,,0,0,0,0,0,0,0,0,0,0,0,0,0
,,,,,,,0,0,0,0,0,0,1,0,1,3,2,0,7
,,,,,,,0,0,0,0,2,0,1,0,1,5,1,2,8
,,,,,,,0,0,0,2,2,2,0,0,2,5,2,6,9
,,,,,,,0,1,0,0,1,1,2,0,3,5,3,3,13
,,,,,,,0,0,0,0,2,1,1,0,0,2,4,3,7
,,,,,,,0,1,0,0,0,4,1,0,0,0,4,5,5
,,,,,,,0,0,0,0,0,0,1,0,0,0,1,0,2
,,,,,,,0,0,0,0,0,0,0,0,0,0,0,0,0
,,,,,,,0,0,0,0,0,0,0,0,0,0,0,0,0
,,,,,,,0,0,0,0,0,0,0,0,0,0,1,0,1
,,,,,,,0,0,0,0,0,0,0,0,0,0,0,0,0
,,,,,,,0,0,0,0,0,0,1,0,0,1,2,0,4
,,,,,,,0,0,0,0,0,0,0,0,0,0,0,0,0
,,,,,,,0,0,0,0,0,0,0,0,0,0,0,0,0
,,,,,,,0,0,0,0,0,0,0,0,0,0,0,0,0
,,,,,,,0,0,0,0,0,0,0,0,0,0,0,0,0
,,,,,,,0,0,0,0,0,2,0,0,0,0,4,2,4
,,,,,,,0,0,0,0,1,2,0,0,0,1,4,3,5
,,,,,,,0,0,0,0,0,3,0,0,0,1,4,3,5
,,,,,,,0,0,0,0,0,0,0,0,0,0,2,0,2
,,,,,,,0,0,0,0,0,0,0,0,0,0,0,0,0
,,,,,,,0,0,0,0,0,0,0,0,0,0,0,0,0
,,,,,,,0,0,0,0,0,0,0,0,0,0,0,0,0
,,,,,,,0,1,0,0,0,0,1,0,0,0,0,1,1
,,,,,,,0,0,0,0,0,0,1,0,0,0,0,0,1
,,,,,,,0,0,0,0,0,0,0,0,0,0,0,0,0
,,,,,,,0,0,0,0,1,0,0,0,0,2,2,1,4
,,,,,,,0,0,0,0,0,2,0,0,0,2,5,2,7
,,,,,,,0,0,0,1,0,0,0,0,1,1,1,1,3
,,,,,,,0,0,0,1,1,1,0,0,1,2,3,3,6
,,,,,,,0,0,0,0,0,2,1,0,1,1,2,2,5
,,,,,,,0,1,0,0,0,2,3,0,1,2,3,3,9
,,,,,,,0,0,1,0,1,2,1,1,1,1,4,4,8
,,,,,,,0,0,0,2,2,3,0,1,4,6,3,7,14
,,,,,,,0,0,0,3,5,2,6,2,8,11,8,10,35
,,,,,,,0,4,1,1,2,2,7,1,7,6,5,10,26
,,,,,,,0,0,0,0,0,0,1,0,0,1,5,0,7
,,,,,,,0,0,0,0,1,3,0,0,0,1,5,4,6
,,,,,,,0,0,0,0,0,0,0,0,0,0,0,0,0
,,,,,,,0,0,0,0,0,0,0,0,0,0,0,0,0
,,,,,,,0,0,0,0,0,0,0,0,0,0,0,0,0
,,,,,,,0,0,0,0,0,0,0,0,0,0,0,0,0
,,,,,,,0,0,0,0,0,0,0,0,0,0,0,0,0
,,,,,,,0,0,0,0,0,0,0,0,0,0,2,0,2
,,,,,,,0,0,0,0,0,2,0,0,0,0,3,2,3
,,,,,,,0,0,0,0,0,0,2,2,1,3,8,0,16
,,,,,,,0,2,1,1,3,3,2,2,1,4,6,10,15
,,,,,,,0,0,0,0,0,0,0,0,0,1,0,0,1
,,,,,,,0,0,0,0,0,0,0,0,0,0,3,0,3
,,,,,,,0,0,0,0,0,3,1,1,3,2,7,3,14
,,,,,,,0,0,0,0,1,1,1,0,0,4,4,2,9
,,,,,,,0,1,0,3,3,2,1,1,4,4,6,9,16
,,,,,,,0,0,0,0,0,1,1,0,3,2,5,1,11
,,,,,,,0,1,0,0,1,0,4,0,1,2,2,2,9
,,,,,,,0,0,0,0,0,1,0,0,0,0,3,1,3
,,,,,,,0,0,0,0,0,0,0,0,0,0,2,0,2
,,,,,,,0,0,0,0,0,0,0,0,0,0,0,0,0
,,,,,,,0,0,0,0,0,0,0,0,0,0,0,0,0
,,,,,,,0,0,0,0,0,0,0,0,0,0,0,0,0
,,,,,,,0,0,0,0,0,0,0,0,0,0,0,0,0
,,,,,,,0,0,0,0,0,0,0,0,0,0,0,0,0
,,,,,,,0,0,0,0,0,0,0,0,0,0,0,0,0
,,,,,,,0,0,0,0,0,0,0,0,0,0,0,0,0
,,,,,,,0,0,0,0,0,0,1,0,0,1,0,0,2
,,,,,,,0,1,0,0,3,0,1,0,3,4,3,4,11
,,,,,,,0,0,0,2,1,2,2,0,6,6,10,5,24
,,,,,,,0,0,0,2,5,3,3,1,5,11,6,10,26
,,,,,,,0,1,0,1,2,2,2,0,3,11,8,6,24
,,,,,,,0,0,0,1,1,2,5,0,2,5,6,4,18
,,,,,,,0,0,0,0,0,1,3,0,1,2,7,1,13
,,,,,,,0,0,0,0,0,0,0,1,1,5,1,0,8
,,,,,,,0,2,0,2,2,3,2,0,4,7,12,9,25
,,,,,,,0,1,0,1,3,2,3,0,7,5,13,7,28
,,,,,,,0,0,0,1,1,0,2,0,5,3,3,2,13
,,,,,,,0,1,0,1,3,3,2,0,6,6,5,8,19
,,,,,,,0,1,1,1,3,1,2,2,3,5,4,7,16
,,,,,,,0,0,0,1,0,0,0,1,1,1,2,1,5
,,,,,,,0,0,0,0,0,0,0,0,0,0,0,0,0
,,,,,,,0,0,0,0,0,0,0,0,0,0,0,0,0
,,,,,,,0,0,0,0,0,0,0,0,0,0,0,0,0
,,,,,,,0,0,0,0,0,0,0,0,0,0,0,0,0
,,,,,,,0,0,0,0,0,0,0,0,0,0,0,0,0
,,,,,,,0,0,0,0,0,0,0,0,0,0,0,0,0
,,,,,,,0,0,0,0,0,0,0,0,0,0,0,0,0
,,,,,,,0,0,0,0,0,0,0,0,0,0,0,0,0
,,,,,,,0,0,0,0,0,0,0,0,0,0,0,0,0
,,,,,,,0,1,0,1,2,2,1,0,1,3,5,6,10
,,,,,,,0,0,0,0,1,0,0,0,0,3,3,1,6
,,,,,,,0,0,0,0,0,0,1,0,0,1,0,0,2
,,,,,,,0,0,0,0,0,0,0,0,0,1,2,0,3
,,,,,,,0,0,0,0,0,2,1,0,0,0,4,2,5
,,,,,,,0,0,0,0,0,0,0,0,0,0,0,0,0
,,,,,,,0,0,0,0,0,0,0,0,0,0,0,0,0
,,,,,,,0,0,0,0,0,0,0,0,0,0,0,0,0
,,,,,,,0,0,0,0,0,0,0,0,0,0,0,0,0
,,,,,,,0,0,0,0,0,0,0,0,0,0,0,0,0
,,,,,,,0,1,0,0,1,2,1,0,0,1,2,4,4
,,,,,,,0,0,0,0,0,0,1,0,0,1,1,0,3
,,,,,,,0,0,0,0,0,0,0,0,0,0,0,0,0
,,,,,,,0,0,0,0,0,0,0,0,0,0,0,0,0
,,,,,,,0,0,0,0,0,0,0,0,0,0,0,0,0
,,,,,,,0,0,0,0,0,0,0,0,0,0,0,0,0
,,,,,,,0,0,0,0,0,0,0,0,0,0,2,0,2
,,,,,,,0,0,0,0,0,0,1,0,1,1,4,0,7
,,,,,,,0,1,0,1,1,0,1,0,1,1,0,3,3
,,,,,,,0,0,0,0,0,0,0,0,0,0,0,0,0
,,,,,,,0,0,0,0,0,0,0,0,0,0,0,0,0
,,,,,,,0,0,0,0,0,0,0,0,0,0,0,0,0
,,,,,,,0,0,0,0,0,0,0,0,0,0,0,0,0
,,,,,,,0,0,0,0,0,0,0,0,0,0,0,0,0
,,,,,,,0,0,0,0,0,0,0,0,1,1,2,0,4
,,,,,,,0,0,0,0,0,3,0,0,1,2,5,3,8
,,,,,,,0,0,0,0,1,1,0,0,0,1,3,2,4
,,,,,,,0,0,0,0,0,0,0,0,0,0,0,0,0
,,,,,,,0,0,0,0,0,0,0,0,0,0,0,0,0
,,,,,,,0,0,0,0,0,0,1,0,0,1,2,0,4
,,,,,,,0,1,0,0,1,0,3,0,0,2,2,2,7
,,,,,,,0,0,0,0,0,1,1,1,1,2,2,1,7
,,,,,,,0,0,0,0,0,0,0,0,3,4,2,0,9
,,,,,,,0,0,0,0,2,2,0,1,2,6,4,4,13
,,,,,,,0,0,0,0,0,1,0,0,0,0,5,1,5
,,,,,,,0,0,0,0,0,2,0,0,0,0,7,2,7
,,,,,,,0,0,0,0,1,2,0,0,0,3,7,3,10
,,,,,,,0,0,0,0,0,2,0,0,0,0,4,2,4
,,,,,,,0,0,0,0,0,0,0,0,0,0,1,0,1
,,,,,,,0,0,0,0,0,0,0,0,0,0,0,0,0
,,,,,,,0,0,0,0,0,0,0,0,0,0,0,0,0
,,,,,,,0,0,0,0,0,0,1,0,0,0,0,0,1
,,,,,,,0,0,0,0,0,0,0,0,0,0,0,0,0
,,,,,,,0,0,0,1,1,0,0,0,1,1,1,2,3
,,,,,,,0,0,0,1,3,4,1,1,4,5,6,8,17
,,,,,,,0,2,1,0,1,3,2,2,2,6,7,7,19
,,,,,,,0,0,0,1,3,1,0,0,1,4,5,5,10
,,,,,,,0,0,0,0,2,1,0,0,2,3,2,3,7
,,,,,,,0,0,0,2,1,6,0,0,2,2,8,9,12
,,,,,,,0,0,0,1,0,1,0,0,1,2,6,2,9
,,,,,,,0,0,0,0,1,0,0,0,1,1,2,1,4
,,,,,,,0,0,0,0,0,0,1,0,0,0,0,0,1
,,,,,,,0,2,0,0,1,0,2,0,0,1,0,3,3
,,,,,,,0,0,0,0,0,1,0,0,0,0,2,1,2
,,,,,,,0,0,0,0,0,2,0,0,0,0,2,2,2
,,,,,,,0,0,0,0,0,0,0,0,0,0,0,0,0
,,,,,,,0,0,0,0,0,0,0,0,0,0,0,0,0
,,,,,,,0,0,0,0,0,0,0,0,0,0,0,0,0
,,,,,,,0,0,0,0,0,0,0,0,0,0,0,0,0
,,,,,,,0,0,0,0,0,0,0,0,0,0,0,0,0
,,,,,,,0,0,0,0,0,0,0,0,0,0,0,0,0
,,,,,,,0,0,0,0,0,0,0,0,0,0,0,0,0
,,,,,,,0,0,0,0,0,0,1,0,0,0,1,0,2
,,,,,,,0,0,0,0,0,1,2,0,6,5,4,1,17
,,,,,,,0,2,0,5,5,8,5,2,14,10,8,20,39
,,,,,,,0,4,2,5,6,3,5,2,7,10,7,20,31
,,,,,,,0,0,0,1,1,2,1,1,2,5,6,4,15
,,,,,,,0,2,0,0,2,2,5,1,2,6,5,6,19
,,,,,,,0,3,1,0,0,2,4,1,1,4,6,6,16
,,,,,,,0,1,1,1,2,0,1,1,2,8,4,5,16
,,,,,,,0,1,0,4,4,11,6,2,7,8,31,20,54
,,,,,,,0,4,1,7,3,15,6,1,8,4,31,30,50
,,,,,,,0,1,0,2,1,0,2,0,7,5,2,4,16
,,,,,,,0,0,0,1,1,3,2,0,5,4,5,5,16
,,,,,,,0,0,0,1,3,3,1,1,5,8,8,7,23
,,,,,,,0,0,0,0,0,2,0,1,2,3,5,2,11
,,,,,,,0,0,0,0,0,0,0,0,0,0,1,0,1
,,,,,,,0,0,0,0,0,0,0,0,0,0,0,0,0
,,,,,,,0,0,0,0,0,0,0,0,0,0,0,0,0
,,,,,,,0,0,0,0,0,0,0,0,0,0,0,0,0
,,,,,,,0,0,0,0,0,0,0,0,0,0,0,0,0
,,,,,,,0,0,0,0,0,0,0,0,0,0,0,0,0
,,,,,,,0,0,0,0,0,0,0,0,0,0,0,0,0
,,,,,,,0,0,0,0,0,0,0,0,0,0,0,0,0
,,,,,,,0,0,0,0,0,1,0,0,0,1,2,1,3
,,,,,,,0,1,0,0,0,0,1,0,0,1,0,1,2
,,,,,,,0,0,0,0,0,0,1,0,0,0,2,0,3
,,,,,,,0,0,0,0,0,0,0,0,0,0,2,0,2
,,,,,,,0,0,0,0,0,0,0,0,0,0,0,0,0
,,,,,,,0,0,0,0,0,0,0,0,0,0,0,0,0
,,,,,,,0,0,0,0,0,0,0,0,0,0,0,0,0
,,,,,,,0,0,0,0,0,0,0,0,0,0,0,0,0
,,,,,,,0,0,0,0,0,0,0,0,0,0,0,0,0
,,,,,,,0,0,0,0,0,0,0,0,0,0,0,0,0
,,,,,,,0,0,0,0,0,0,0,0,0,0,0,0,0
,,,,,,,0,0,0,0,0,0,0,0,0,0,0,0,0
,,,,,,,0,0,0,0,0,0,0,0,0,0,1,0,1
,,,,,,,0,0,0,0,0,0,0,0,0,0,2,0,2
,,,,,,,0,0,0,0,0,0,0,0,0,0,0,0,0
,,,,,,,0,0,0,0,0,2,0,0,0,0,2,2,2
,,,,,,,0,0,0,1,0,0,0,0,1,0,2,1,3
,,,,,,,0,0,0,0,0,0,0,0,1,0,0,0,1
,,,,,,,0,0,0,0,0,0,0,0,0,0,0,0,0
,,,,,,,0,0,0,0,0,0,0,0,0,0,0,0,0
,,,,,,,0,0,0,0,0,0,0,0,0,0,0,0,0
,,,,,,,0,0,0,0,0,0,0,0,0,0,0,0,0
,,,,,,,0,0,0,0,0,0,0,0,0,0,2,0,2
,,,,,,,0,0,0,0,0,0,0,0,1,1,4,0,6
,,,,,,,0,0,0,1,2,2,0,0,1,2,7,5,10
,,,,,,,0,1,0,0,1,2,1,0,0,2,4,4,7
,,,,,,,0,0,0,0,0,0,1,0,0,0,1,0,2
,,,,,,,0,0,0,0,0,0,0,0,0,0,0,0,0
,,,,,,,0,0,0,0,0,2,0,0,0,0,2,2,2
,,,,,,,0,1,0,0,0,0,2,0,1,3,3,1,9
,,,,,,,0,0,0,1,2,2,1,0,2,4,2,5,9
,,,,,,,0,0,0,2,3,0,0,1,3,4,2,5,10
,,,,,,,0,0,1,1,2,2,0,1,1,3,2,6,7
,,,,,,,0,0,0,0,1,1,0,0,0,2,4,2,6
,,,,,,,0,0,0,0,1,4,0,0,0,2,5,5,7
,,,,,,,0,0,0,0,2,0,0,0,0,2,2,2,4
,,,,,,,0,0,0,0,0,0,0,0,0,0,3,0,3
,,,,,,,0,0,0,0,0,3,0,0,0,0,5,3,5
,,,,,,,0,0,0,0,0,0,0,0,0,0,2,0,2
,,,,,,,0,0,0,0,0,0,0,0,0,0,0,0,0
,,,,,,,0,1,0,0,0,0,1,0,0,0,0,1,1
,,,,,,,0,0,0,0,0,0,1,0,0,0,0,0,1
,,,,,,,0,0,0,0,0,0,0,1,1,1,0,0,3
,,,,,,,0,0,0,1,1,0,0,1,2,3,2,2,8
,,,,,,,0,1,0,0,0,1,1,0,1,4,7,2,13
,,,,,,,0,0,0,0,2,3,0,0,1,4,5,5,10
,,,,,,,0,0,0,0,0,0,0,0,2,1,2,0,5
,,,,,,,0,0,0,3,0,2,0,0,3,1,4,5,8
,,,,,,,0,0,0,1,4,4,0,0,2,4,6,9,12
,,,,,,,0,0,0,0,0,1,0,0,1,5,5,1,11
,,,,,,,0,0,0,0,0,0,0,0,0,0,2,0,2
,,,,,,,0,0,0,0,0,0,0,0,0,0,0,0,0
,,,,,,,0,0,0,0,0,0,0,0,0,0,0,0,0
,,,,,,,0,0,0,0,0,0,0,0,0,0,0,0,0
,,,,,,,0,0,0,0,0,0,0,0,0,0,0,0,0
,,,,,,,0,0,0,0,0,0,0,0,0,0,0,0,0
,,,,,,,0,0,0,0,0,0,0,0,0,0,0,0,0
,,,,,,,0,0,0,0,0,0,0,0,0,0,0,0,0
,,,,,,,0,0,0,0,0,0,0,0,0,0,0,0,0
,,,,,,,0,0,0,0,0,0,0,0,0,0,0,0,0
,,,,,,,0,0,0,0,0,0,0,0,0,0,0,0,0
,,,,,,,0,0,0,1,2,0,0,0,3,4,2,3,9
,,,,,,,0,1,0,2,4,1,3,3,7,7,4,8,24
,,,,,,,0,2,2,4,3,2,5,3,7,7,2,13,24
,,,,,,,0,0,0,1,1,2,2,1,3,2,2,4,10
,,,,,,,0,1,0,0,1,2,1,0,1,2,3,4,7
,,,,,,,0,0,0,2,3,1,1,0,2,4,4,6,11
,,,,,,,0,0,0,0,0,1,0,1,2,4,2,1,9
,,,,,,,0,0,0,0,0,0,1,0,0,1,0,0,2
,,,,,,,0,0,0,0,1,1,1,1,2,2,11,2,17
,,,,,,,0,1,0,1,1,1,3,2,2,3,15,4,25
,,,,,,,0,0,0,0,0,0,0,0,0,0,0,0,0
,,,,,,,0,1,0,0,0,3,1,0,1,2,3,4,7
,,,,,,,0,0,0,1,3,2,0,0,2,4,5,6,11
,,,,,,,0,0,0,0,0,1,0,0,2,3,5,1,10
,,,,,,,0,0,0,0,0,1,0,0,1,2,4,1,7
,,,,,,,0,0,0,0,0,0,0,0,0,1,1,0,2
,,,,,,,0,0,0,0,0,0,0,0,0,0,0,0,0
,,,,,,,0,0,0,0,0,0,0,0,0,0,0,0,0
,,,,,,,0,0,0,0,0,0,0,0,0,0,0,0,0
,,,,,,,0,0,0,0,0,0,0,0,0,0,0,0,0
,,,,,,,0,0,0,0,0,0,0,0,0,0,0,0,0
,,,,,,,0,0,0,0,0,0,0,0,0,0,0,0,0
,,,,,,,0,0,0,0,0,0,0,0,0,0,0,0,0
,,,,,,,0,0,0,0,0,0,0,0,0,0,0,0,0
,,,,,,,0,0,0,0,0,0,0,0,0,0,0,0,0
,,,,,,,0,0,0,0,0,0,0,0,0,0,0,0,0
,,,,,,,0,0,0,0,0,0,0,0,0,0,0,0,0
,,,,,,,0,0,0,0,0,0,0,0,0,0,0,0,0
,,,,,,,0,0,0,0,0,0,0,0,0,0,0,0,0
,,,,,,,0,0,0,0,0,0,1,0,0,0,1,0,2
,,,,,,,0,1,0,0,0,2,1,0,0,0,4,3,5
,,,,,,,0,0,0,0,0,3,0,0,0,0,4,3,4
,,,,,,,0,0,0,0,0,0,0,0,0,0,2,0,2
,,,,,,,0,0,0,0,0,2,0,0,0,0,2,2,2
,,,,,,,0,0,0,0,0,0,0,0,0,0,0,0,0
,,,,,,,0,0,0,0,1,2,0,0,0,3,5,3,8
,,,,,,,0,0,0,0,0,0,0,0,1,3,2,0,6
,,,,,,,0,0,0,0,0,0,0,0,0,0,0,0,0
,,,,,,,0,0,0,0,0,0,0,0,0,0,0,0,0
,,,,,,,0,0,0,0,0,0,0,0,0,0,0,0,0
,,,,,,,0,0,0,0,0,0,0,0,0,0,0,0,0
,,,,,,,0,0,0,0,0,0,0,0,0,0,0,0,0
,,,,,,,0,0,0,0,0,2,0,0,0,0,3,2,3
,,,,,,,0,0,0,0,0,1,0,0,0,0,3,1,3
,,,,,,,0,0,0,1,1,2,0,0,1,3,4,4,8
,,,,,,,0,0,0,0,1,0,1,0,2,3,7,1,13
,,,,,,,0,0,0,2,2,2,0,0,2,2,3,6,7
,,,,,,,0,0,0,0,0,0,0,0,0,1,1,0,2
,,,,,,,0,0,0,0,0,0,0,0,2,1,2,0,5
,,,,,,,0,1,0,3,1,4,1,0,3,2,4,9,10
,,,,,,,0,0,0,1,0,0,1,0,3,3,2,1,9
,,,,,,,0,0,0,0,0,2,1,0,0,2,3,2,6
,,,,,,,0,0,0,0,1,0,1,0,2,2,6,1,11
,,,,,,,0,0,0,0,1,4,0,0,2,2,7,5,11
,,,,,,,0,0,0,0,0,3,0,1,1,4,6,3,12
,,,,,,,0,0,0,1,1,0,0,0,1,4,1,2,6
,,,,,,,0,0,0,0,0,0,0,0,0,0,2,0,2
,,,,,,,0,0,0,0,0,2,0,0,0,0,6,2,6
,,,,,,,0,0,0,0,0,1,0,0,0,0,3,1,3
,,,,,,,0,0,0,0,0,1,0,0,0,0,3,1,3
,,,,,,,0,0,0,0,0,0,1,0,0,0,0,0,1
,,,,,,,0,0,0,0,0,0,1,0,0,0,0,0,1
,,,,,,,0,0,1,0,0,0,0,1,0,0,0,1,1
,,,,,,,0,0,0,0,1,2,0,2,0,3,5,3,10
,,,,,,,0,0,1,0,2,2,0,1,1,4,7,5,13
,,,,,,,0,0,0,0,0,0,0,0,0,2,2,0,4
,,,,,,,0,0,0,0,0,0,0,2,0,1,2,0,5
,,,,,,,0,0,0,0,0,2,0,0,2,0,2,2,4
,,,,,,,0,0,0,0,0,1,0,0,1,1,3,1,5
,,,,,,,0,0,0,0,1,0,0,0,0,1,2,1,3
,,,,,,,0,0,0,0,0,1,0,0,0,1,1,1,2
,,,,,,,0,0,0,0,0,0,0,0,0,0,0,0,0
,,,,,,,0,0,0,0,0,0,0,0,0,0,0,0,0
,,,,,,,0,0,0,0,0,0,0,0,0,0,0,0,0
,,,,,,,0,0,0,0,0,0,0,0,0,0,0,0,0
,,,,,,,0,0,0,0,0,0,0,0,0,0,0,0,0
,,,,,,,0,0,0,0,0,0,0,0,0,0,0,0,0
,,,,,,,0,0,0,0,0,0,0,0,0,0,0,0,0
,,,,,,,0,0,0,0,0,0,0,0,0,0,0,0,0
,,,,,,,0,0,0,0,0,0,0,0,0,0,0,0,0
,,,,,,,0,0,0,0,0,0,0,0,0,0,0,0,0
,,,,,,,0,2,0,1,1,1,2,0,2,2,2,5,8
,,,,,,,0,1,0,1,1,1,5,2,4,10,4,4,25
,,,,,,,0,1,1,1,7,0,3,3,6,13,4,10,29
,,,,,,,0,0,0,0,1,0,0,0,2,4,2,1,8
,,,,,,,0,0,0,0,0,1,0,0,0,1,4,1,5
,,,,,,,0,0,0,0,0,0,0,0,0,1,5,0,6
,,,,,,,0,0,0,0,0,1,0,0,1,2,3,1,6
,,,,,,,0,0,0,0,0,0,1,1,0,2,0,0,4
,,,,,,,0,1,1,2,0,0,3,1,2,4,3,4,13
,,,,,,,0,1,0,0,0,2,5,1,4,3,4,3,17
,,,,,,,0,0,0,1,0,0,0,0,1,2,3,1,6
,,,,,,,0,0,0,3,5,1,0,0,3,6,3,9,12
,,,,,,,0,0,0,0,0,2,0,0,2,3,3,2,8
,,,,,,,0,0,0,0,0,1,0,0,3,3,7,1,13
,,,,,,,0,0,0,3,3,3,0,0,3,4,6,9,13
,,,,,,,0,0,0,0,1,2,0,0,0,3,4,3,7
,,,,,,,0,0,0,0,1,2,1,0,0,1,4,3,6
,,,,,,,0,0,0,0,0,0,0,0,0,0,0,0,0
,,,,,,,0,0,0,0,0,0,0,0,0,0,0,0,0
,,,,,,,0,0,0,0,0,0,0,0,0,0,0,0,0
,,,,,,,0,0,0,0,0,0,0,0,0,0,2,0,2
,,,,,,,0,0,0,0,0,1,0,0,0,0,2,1,2
,,,,,,,0,0,0,0,0,0,0,0,0,0,0,0,0
,,,,,,,0,0,0,0,0,0,0,0,0,0,0,0,0
,,,,,,,0,0,0,0,0,0,0,0,0,0,0,0,0
,,,,,,,0,0,0,0,0,0,0,0,0,0,0,0,0
,,,,,,,0,0,0,0,0,0,0,0,0,0,0,0,0
,,,,,,,0,0,0,0,0,1,0,0,0,0,1,1,1
,,,,,,,0,0,0,0,0,0,1,0,0,0,3,0,4
,,,,,,,0,0,0,0,0,0,0,0,0,0,3,0,3
,,,,,,,0,0,0,0,0,0,0,0,0,0,0,0,0
,,,,,,,0,0,0,0,0,0,0,0,0,0,0,0,0
,,,,,,,0,0,0,0,0,0,0,0,0,0,0,0,0
,,,,,,,0,0,0,0,3,2,0,0,0,3,4,5,7
,,,,,,,0,0,0,0,1,0,0,0,0,2,2,1,4
,,,,,,,0,0,0,0,0,0,0,0,0,0,0,0,0
,,,,,,,0,0,0,0,0,0,0,0,0,0,0,0,0
,,,,,,,0,0,0,0,0,0,0,0,0,0,0,0,0
,,,,,,,0,0,0,0,0,0,0,0,0,0,0,0,0
,,,,,,,0,0,0,0,0,0,0,0,0,0,0,0,0
,,,,,,,0,0,0,0,0,0,0,0,0,0,1,0,1
,,,,,,,0,0,0,0,0,2,0,0,0,2,3,2,5
,,,,,,,0,0,0,1,1,1,0,0,1,2,3,3,6
,,,,,,,0,0,0,0,0,2,0,0,1,1,4,2,6
,,,,,,,0,0,0,1,2,1,0,0,3,6,4,4,13
,,,,,,,0,0,0,1,3,2,0,0,1,5,2,6,8
,,,,,,,0,0,0,0,0,1,0,0,1,1,4,1,6
,,,,,,,0,0,0,0,0,1,0,0,3,2,6,1,11
,,,,,,,0,0,0,2,1,2,0,0,3,2,3,5,8
,,,,,,,0,2,0,0,1,1,2,0,1,3,4,4,10
,,,,,,,0,0,0,1,1,1,2,0,2,2,6,3,12
,,,,,,,0,0,0,1,1,1,0,0,2,2,8,3,12
,,,,,,,0,0,1,0,2,0,0,1,0,5,5,3,11
,,,,,,,0,0,1,0,4,2,0,1,1,6,2,7,10
,,,,,,,0,0,0,0,1,1,0,0,0,1,2,2,3
,,,,,,,0,0,0,0,0,2,0,0,0,1,3,2,4
,,,,,,,0,0,0,0,0,0,0,0,0,0,0,0,0
,,,,,,,0,0,0,0,0,3,0,0,0,0,3,3,3
,,,,,,,0,0,0,0,0,0,1,0,0,0,2,0,3
,,,,,,,0,0,0,0,0,0,1,0,0,0,2,0,3
,,,,,,,0,0,0,0,0,0,0,0,0,0,0,0,0
,,,,,,,0,0,0,0,0,2,0,1,1,3,5,2,10
,,,,,,,0,0,0,1,3,5,0,1,2,7,7,9,17
,,,,,,,0,0,0,0,1,0,0,0,2,3,3,1,8
,,,,,,,0,0,2,1,1,5,2,2,2,8,7,9,21
,,,,,,,0,0,0,1,2,0,1,2,3,7,12,3,25
,,,,,,,0,0,0,0,0,2,0,0,1,1,3,2,5
,,,,,,,0,0,0,0,0,0,0,0,0,0,0,0,0
,,,,,,,0,0,0,0,0,0,0,0,0,0,0,0,0
,,,,,,,0,0,0,0,0,0,0,0,0,0,0,0,0
,,,,,,,0,1,0,0,0,0,1,0,0,0,0,1,1
,,,,,,,0,0,0,0,0,0,0,0,0,0,0,0,0
,,,,,,,0,0,0,0,0,0,0,0,0,0,1,0,1
,,,,,,,0,0,0,0,0,0,0,0,0,0,0,0,0
,,,,,,,0,0,0,0,0,0,0,0,0,0,0,0,0
,,,,,,,0,0,0,0,0,0,0,0,0,0,0,0,0
,,,,,,,0,0,0,0,0,0,0,0,0,0,0,0,0
,,,,,,,0,0,0,0,0,0,0,0,0,0,0,0,0
,,,,,,,0,0,0,0,0,0,0,0,0,0,0,0,0
,,,,,,,0,0,0,0,0,0,2,0,2,1,0,0,5
,,,,,,,0,0,0,3,1,0,2,1,7,7,3,4,20
,,,,,,,0,1,1,3,5,2,1,1,6,11,3,12,22
,,,,,,,0,0,0,2,2,2,1,0,3,4,4,6,12
,,,,,,,0,0,0,0,0,2,0,0,0,0,5,2,5
,,,,,,,0,0,0,0,1,2,0,0,1,6,5,3,12
,,,,,,,0,0,0,1,3,2,0,0,1,8,4,6,13
,,,,,,,0,1,1,0,1,0,1,1,0,3,1,3,6
,,,,,,,0,1,0,2,3,0,5,1,5,4,3,6,18
,,,,,,,0,2,0,2,3,1,6,0,6,4,8,8,24
,,,,,,,0,0,0,1,1,2,0,0,1,3,4,4,8
,,,,,,,0,0,0,2,3,3,0,0,3,6,6,8,15
,,,,,,,0,0,0,0,0,0,0,0,3,3,5,0,11
,,,,,,,0,0,0,0,0,0,0,0,3,1,5,0,9
,,,,,,,0,0,0,0,0,1,0,0,2,2,4,1,8
,,,,,,,0,0,0,0,1,0,0,0,0,1,1,1,2
,,,,,,,0,0,1,1,0,2,1,1,1,3,5,4,11
,,,,,,,0,0,0,0,0,0,0,0,0,0,1,0,1
,,,,,,,0,0,0,0,0,0,0,0,0,0,0,0,0
,,,,,,,0,0,0,0,0,0,0,0,0,0,2,0,2
,,,,,,,0,0,0,0,0,0,1,0,0,0,0,0,1
,,,,,,,0,0,0,0,0,0,0,0,0,0,0,0,0
,,,,,,,0,0,0,0,0,0,0,0,0,0,0,0,0
,,,,,,,0,0,0,0,0,0,0,0,0,0,0,0,0
,,,,,,,0,0,0,0,0,0,0,0,0,0,2,0,2
,,,,,,,0,0,0,0,0,2,0,0,0,0,2,2,2
,,,,,,,0,0,0,0,0,0,0,0,0,0,0,0,0
,,,,,,,0,0,0,0,0,0,0,0,0,0,0,0,0
,,,,,,,0,0,0,0,0,0,0,0,0,0,0,0,0
,,,,,,,0,0,0,0,0,0,0,0,0,0,0,0,0
,,,,,,,0,0,0,0,0,0,0,0,0,0,0,0,0
,,,,,,,0,0,0,0,0,1,0,0,0,0,3,1,3
,,,,,,,0,0,0,0,0,0,0,0,0,0,0,0,0
,,,,,,,0,0,0,0,0,0,0,0,0,0,0,0,0
,,,,,,,0,0,0,0,0,0,0,0,0,0,0,0,0
,,,,,,,0,0,0,0,0,0,0,0,0,0,0,0,0
,,,,,,,0,0,0,0,0,0,0,0,0,0,0,0,0
,,,,,,,0,0,0,0,0,0,0,0,0,0,0,0,0
,,,,,,,0,0,0,0,0,0,0,0,0,0,0,0,0
,,,,,,,0,0,0,1,1,3,0,0,1,1,4,5,6
,,,,,,,0,0,0,1,2,1,0,0,2,4,3,4,9
,,,,,,,0,0,0,0,0,1,0,0,1,1,3,1,5
,,,,,,,0,0,0,0,0,2,0,0,0,1,4,2,5
,,,,,,,0,0,0,0,1,0,0,1,7,7,5,1,20
,,,,,,,0,0,1,5,2,3,0,1,5,4,8,11,18
,,,,,,,0,0,0,3,3,2,0,0,3,3,7,8,13
,,,,,,,0,0,0,0,0,3,0,0,3,5,5,3,13
,,,,,,,0,1,0,1,1,1,2,0,1,3,5,4,11
,,,,,,,0,0,0,0,1,10,1,0,1,5,15,11,22
,,,,,,,0,0,0,0,0,7,0,0,1,2,12,7,15
,,,,,,,0,0,0,1,2,0,2,0,1,4,1,3,8
,,,,,,,0,0,0,0,0,2,0,0,0,0,3,2,3
,,,,,,,0,0,0,0,0,1,0,0,0,0,2,1,2
,,,,,,,0,0,0,0,0,0,0,0,0,0,0,0,0
,,,,,,,0,0,0,0,0,0,0,0,0,0,2,0,2
,,,,,,,0,0,0,0,0,2,0,0,0,0,2,2,2
,,,,,,,0,0,0,0,0,0,0,0,1,1,1,0,3
,,,,,,,0,0,0,0,0,3,0,0,1,1,4,3,6
,,,,,,,0,1,0,0,0,0,1,0,1,0,1,1,3
,,,,,,,0,0,0,0,1,3,0,0,2,3,5,4,10
,,,,,,,0,0,0,1,3,0,0,0,3,7,5,4,15
,,,,,,,0,0,0,2,4,0,1,0,3,8,2,6,14
,,,,,,,0,3,0,4,9,9,7,0,10,17,16,25,50
,,,,,,,0,3,0,5,5,7,6,0,7,12,13,20,38
,,,,,,,0,0,0,0,1,2,0,0,2,3,6,3,11
,,,,,,,0,0,0,0,0,3,0,0,1,3,4,3,8
,,,,,,,0,0,0,0,0,0,0,0,0,0,1,0,1
,,,,,,,0,0,0,0,0,0,0,0,0,0,1,0,1
,,,,,,,0,0,0,0,0,0,2,1,0,0,0,0,3
,,,,,,,0,0,0,0,0,0,0,0,0,1,2,0,3
,,,,,,,0,0,0,0,0,1,0,0,1,1,4,1,6
,,,,,,,0,0,0,0,0,3,0,0,2,3,5,3,10
,,,,,,,0,0,0,0,0,2,0,0,1,1,4,2,6
,,,,,,,0,0,0,0,0,2,0,0,0,0,3,2,3
,,,,,,,0,0,0,0,0,0,0,0,0,0,1,0,1
,,,,,,,0,0,0,0,0,0,0,0,0,0,0,0,0
,,,,,,,0,0,0,0,0,0,0,0,0,0,1,0,1
,,,,,,,0,1,0,0,1,2,1,0,2,2,2,4,7
,,,,,,,0,0,0,6,3,1,3,1,9,9,6,10,28
,,,,,,,0,1,1,3,4,5,2,1,4,7,8,14,22
,,,,,,,0,1,0,1,3,3,2,0,1,5,4,8,12
,,,,,,,0,1,0,0,1,2,2,0,1,2,5,4,10
,,,,,,,0,0,0,0,0,4,0,0,1,7,6,4,14
,,,,,,,0,0,0,1,4,3,0,0,2,9,4,8,15
,,,,,,,0,0,0,1,1,2,0,0,1,2,3,4,6
,,,,,,,0,0,0,1,1,1,1,0,2,2,6,3,11
,,,,,,,0,1,0,1,1,4,1,0,2,3,5,7,11
,,,,,,,0,0,0,0,0,0,1,0,1,2,0,0,4
,,,,,,,0,0,0,0,1,2,0,0,2,3,3,3,8
,,,,,,,0,0,0,0,0,2,0,0,4,3,4,2,11
,,,,,,,0,0,0,1,0,0,0,0,4,4,4,1,12
,,,,,,,0,0,0,2,3,2,0,0,3,5,3,7,11
,,,,,,,0,0,0,1,1,0,0,0,1,2,4,2,7
,,,,,,,0,0,1,1,1,4,0,1,1,1,4,7,7
,,,,,,,0,0,0,0,0,0,0,0,0,1,0,0,1
,,,,,,,0,1,0,0,0,0,1,0,0,0,0,1,1
,,,,,,,0,0,0,0,0,0,0,0,0,0,0,0,0
,,,,,,,0,0,0,0,0,0,0,0,0,0,0,0,0
,,,,,,,0,0,0,0,0,0,0,0,0,0,0,0,0
,,,,,,,0,0,0,0,0,0,0,0,0,0,0,0,0
,,,,,,,0,0,0,0,0,0,0,0,0,0,3,0,3
,,,,,,,0,0,0,0,0,0,0,0,0,0,0,0,0
,,,,,,,0,0,0,0,0,0,0,0,0,0,0,0,0
,,,,,,,0,0,0,0,0,0,0,0,0,0,0,0,0
,,,,,,,0,0,0,0,0,0,0,0,0,0,0,0,0
,,,,,,,0,0,0,0,0,0,0,0,0,0,1,0,1
,,,,,,,0,0,0,0,0,1,0,0,0,0,2,1,2
,,,,,,,0,0,0,0,0,0,0,0,0,0,0,0,0
,,,,,,,0,0,0,0,0,0,0,0,0,0,0,0,0
,,,,,,,0,0,0,0,0,0,0,0,0,0,0,0,0
,,,,,,,0,0,0,0,0,0,0,0,0,0,0,0,0
,,,,,,,0,0,0,0,0,0,0,0,0,0,0,0,0
,,,,,,,0,0,0,0,0,0,0,0,0,0,0,0,0
,,,,,,,0,0,0,0,0,0,0,0,0,0,0,0,0
,,,,,,,0,0,0,0,1,0,0,0,0,1,0,1,1
,,,,,,,0,0,0,1,3,2,0,0,2,5,2,6,9
,,,,,,,0,0,0,1,1,2,0,0,2,5,3,4,10
,,,,,,,0,0,0,0,0,1,0,0,3,1,4,1,8
,,,,,,,0,0,0,3,1,5,0,0,4,2,5,9,11
,,,,,,,0,0,0,1,1,2,0,1,4,2,7,4,14
,,,,,,,0,0,0,0,1,0,0,0,2,3,3,1,8
,,,,,,,0,0,0,0,1,0,0,0,0,1,3,1,4
,,,,,,,0,1,0,0,0,0,1,0,0,1,0,1,2
,,,,,,,0,0,0,1,3,0,1,0,1,4,8,4,14
,,,,,,,0,0,0,3,1,2,2,1,6,8,5,6,22
,,,,,,,0,2,0,0,3,1,2,0,5,5,5,6,17
,,,,,,,0,0,0,3,0,2,0,1,4,2,7,5,14
,,,,,,,0,0,0,0,0,0,0,0,2,1,0,0,3
,,,,,,,0,0,0,0,0,0,1,0,0,0,0,0,1
,,,,,,,0,0,0,0,0,1,1,0,0,0,2,1,3
,,,,,,,0,0,0,0,0,0,0,0,0,1,3,0,4
,,,,,,,0,0,0,0,1,0,0,0,1,2,3,1,6
,,,,,,,0,0,0,1,1,3,0,0,5,2,4,5,11
,,,,,,,0,0,0,1,0,0,1,0,5,4,0,1,10
,,,,,,,0,0,0,1,1,2,0,0,1,1,5,4,7
,,,,,,,0,0,0,2,1,1,0,0,2,1,6,4,9
,,,,,,,0,0,0,0,0,0,0,0,2,4,3,0,9
,,,,,,,0,2,0,0,2,3,4,0,4,8,7,7,23
,,,,,,,0,1,0,1,2,2,4,0,2,6,2,6,14
,,,,,,,0,0,0,0,1,0,1,0,1,6,1,1,9
,,,,,,,0,0,0,0,1,3,0,0,1,3,5,4,9
,,,,,,,0,0,0,0,0,0,0,0,0,0,1,0,1
,,,,,,,0,0,0,0,0,2,1,0,1,1,2,2,5
,,,,,,,0,1,1,0,1,1,1,1,3,5,5,4,15
,,,,,,,0,0,0,0,1,4,0,0,1,5,4,5,10
,,,,,,,0,0,0,1,0,0,1,0,1,3,3,1,8
,,,,,,,0,1,0,1,2,1,1,0,3,6,7,5,17
,,,,,,,0,0,0,0,0,1,0,0,2,6,4,1,12
,,,,,,,0,0,0,0,0,1,0,0,0,0,3,1,3
,,,,,,,0,0,0,0,0,0,0,0,0,0,3,0,3
,,,,,,,0,0,0,0,0,0,0,0,0,0,0,0,0
,,,,,,,0,0,0,0,0,0,0,0,0,0,0,0,0
,,,,,,,0,0,0,0,0,0,1,0,0,2,2,0,5
,,,,,,,0,0,0,1,2,0,1,0,5,5,4,3,15
,,,,,,,0,1,0,1,1,2,2,0,3,5,7,5,17
,,,,,,,0,0,0,0,0,0,0,0,1,3,2,0,6
,,,,,,,0,0,0,0,0,1,1,0,0,4,3,1,8
,,,,,,,0,0,0,0,1,0,0,0,3,7,5,1,15
,,,,,,,0,0,0,3,2,1,0,0,4,7,4,6,15
,,,,,,,0,0,0,0,0,0,0,0,1,2,0,0,3
,,,,,,,0,0,0,0,1,0,0,0,0,2,0,1,2
,,,,,,,0,1,0,1,2,2,2,0,2,7,4,6,15
,,,,,,,0,0,0,1,2,0,1,0,2,4,2,3,9
,,,,,,,0,0,0,1,0,2,0,0,2,3,2,3,7
,,,,,,,0,0,0,1,1,2,0,0,1,3,6,4,10
,,,,,,,0,0,0,2,3,3,0,0,5,5,7,8,17
,,,,,,,0,0,0,0,0,4,0,0,4,6,4,4,14
,,,,,,,0,0,0,1,2,2,0,0,1,3,6,5,10
,,,,,,,0,0,0,0,0,0,0,0,0,0,5,0,5
,,,,,,,0,0,0,0,0,0,0,0,0,0,0,0,0
,,,,,,,0,0,0,0,0,0,0,0,0,0,0,0,0
,,,,,,,0,0,0,0,0,0,0,0,0,0,0,0,0
,,,,,,,0,0,0,0,0,0,0,0,0,0,2,0,2
,,,,,,,0,0,0,0,0,2,0,0,0,0,3,2,3
,,,,,,,0,0,0,0,0,0,0,0,0,0,0,0,0
,,,,,,,0,0,0,0,0,0,0,0,0,0,0,0,0
,,,,,,,0,0,0,0,0,0,0,0,0,0,0,0,0
,,,,,,,0,0,0,0,0,0,0,0,0,0,0,0,0
,,,,,,,0,0,0,0,0,0,0,0,0,0,0,0,0
,,,,,,,0,0,0,0,0,0,0,0,0,0,0,0,0
,,,,,,,0,0,0,0,0,0,0,0,0,0,0,0,0
,,,,,,,0,0,0,0,0,0,0,0,0,0,0,0,0
,,,,,,,0,0,0,0,0,0,0,0,0,0,0,0,0
,,,,,,,0,0,0,0,0,0,0,0,0,0,0,0,0
,,,,,,,0,0,0,0,0,0,0,0,0,0,0,0,0
,,,,,,,0,0,0,0,0,0,0,0,0,0,0,0,0
,,,,,,,0,0,0,0,0,0,0,0,0,0,0,0,0
,,,,,,,0,0,0,0,0,0,0,0,0,1,0,0,1
,,,,,,,0,0,0,0,0,0,0,0,1,1,0,0,2
,,,,,,,0,0,0,1,1,1,0,0,1,3,3,3,7
,,,,,,,0,0,0,0,1,2,0,0,0,1,2,3,3
,,,,,,,0,0,0,0,0,0,0,0,1,0,5,0,6
,,,,,,,0,0,0,0,1,2,0,0,0,2,2,3,4
,,,,,,,0,0,0,0,1,3,0,0,0,2,4,4,6
,,,,,,,0,0,0,0,0,2,0,0,0,0,2,2,2
,,,,,,,0,0,0,0,0,0,0,0,0,0,2,0,2
,,,,,,,0,0,0,0,0,2,0,0,1,1,2,2,4
,,,,,,,0,0,1,2,2,0,0,1,4,3,1,5,9
,,,,,,,0,0,0,0,0,2,0,1,4,3,4,2,12
,,,,,,,0,0,1,7,5,4,0,1,9,5,8,17,23
,,,,,,,0,0,0,0,0,2,0,1,7,5,4,2,17
,,,,,,,0,0,0,0,0,0,1,0,0,0,1,0,2
,,,,,,,0,1,0,0,0,0,1,0,0,0,4,1,5
,,,,,,,0,0,0,1,1,2,0,0,1,4,6,4,11
,,,,,,,0,0,0,1,1,1,0,0,2,5,5,3,12
,,,,,,,0,1,0,0,1,2,2,0,5,8,4,4,19
,,,,,,,0,0,0,4,6,0,0,0,5,6,2,10,13
,,,,,,,0,0,0,0,0,1,0,0,0,0,4,1,4
,,,,,,,0,0,0,0,0,2,0,0,1,1,6,2,8
,,,,,,,0,0,0,0,0,0,0,0,0,2,4,0,6
,,,,,,,0,0,0,0,2,1,0,0,0,5,8,3,13
,,,,,,,0,0,0,0,0,2,1,0,0,1,4,2,6
,,,,,,,0,0,0,0,1,1,0,0,0,2,2,2,4
,,,,,,,0,0,0,0,0,2,0,0,0,2,2,2,4
,,,,,,,0,0,0,0,0,0,0,0,0,0,0,0,0
,,,,,,,0,0,0,0,0,0,0,0,1,1,0,0,2
,,,,,,,0,0,0,2,4,0,0,0,5,10,3,6,18
,,,,,,,0,0,0,0,1,0,0,0,4,8,3,1,15
,,,,,,,0,0,0,0,0,2,1,0,0,0,3,2,4
,,,,,,,0,1,0,2,3,1,2,0,2,5,4,7,13
,,,,,,,0,0,0,0,2,2,1,0,4,6,3,4,14
,,,,,,,0,0,0,2,1,0,0,0,3,5,5,3,13
,,,,,,,0,0,0,0,0,2,0,0,2,2,3,2,7
,,,,,,,0,0,0,0,0,0,0,0,0,0,0,0,0
,,,,,,,0,0,0,0,0,0,0,0,0,0,0,0,0
,,,,,,,0,0,0,0,0,0,0,0,0,0,0,0,0
,,,,,,,0,0,0,0,0,0,0,0,0,0,0,0,0
,,,,,,,0,0,0,0,0,0,0,0,0,0,1,0,1
,,,,,,,0,0,0,0,0,0,0,0,0,0,0,0,0
,,,,,,,0,0,0,0,1,1,0,0,1,2,2,2,5
,,,,,,,0,0,0,1,2,0,0,0,4,6,5,3,15
,,,,,,,0,0,0,2,3,2,0,0,3,6,5,7,14
,,,,,,,0,0,0,0,2,0,1,0,1,4,2,2,8
,,,,,,,0,1,0,1,3,0,1,0,1,5,2,5,9
,,,,,,,0,1,0,1,3,5,3,0,3,5,5,10,16
,,,,,,,0,1,0,1,1,3,2,0,3,7,6,6,18
,,,,,,,0,0,0,3,2,1,0,0,5,3,5,6,13
,,,,,,,0,0,0,3,3,3,0,0,7,6,6,9,19
,,,,,,,0,0,0,3,2,3,0,0,6,7,5,8,18
,,,,,,,0,0,0,0,0,2,0,0,2,2,5,2,9
,,,,,,,0,0,0,1,2,4,0,0,1,2,8,7,11
,,,,,,,0,0,0,0,0,0,0,0,0,0,0,0,0
,,,,,,,0,0,0,0,0,0,0,0,0,0,1,0,1
,,,,,,,0,0,0,0,0,1,0,0,0,0,2,1,2
,,,,,,,0,0,0,0,0,0,0,0,0,0,0,0,0
,,,,,,,0,0,0,0,0,0,0,0,0,0,0,0,0
,,,,,,,0,0,0,0,0,0,0,0,0,0,0,0,0
,,,,,,,0,0,0,0,0,0,0,0,0,0,0,0,0
,,,,,,,0,0,0,0,0,0,0,0,0,0,0,0,0
,,,,,,,0,0,0,0,0,0,0,0,0,0,0,0,0
,,,,,,,0,0,0,0,0,0,0,0,0,0,0,0,0
,,,,,,,0,0,0,0,0,0,0,0,0,0,0,0,0
,,,,,,,0,0,0,0,0,2,0,0,0,1,2,2,3
,,,,,,,0,0,0,0,0,0,0,0,0,0,0,0,0
,,,,,,,0,0,0,0,0,0,0,0,0,0,1,0,1
,,,,,,,0,0,0,0,0,0,0,0,0,0,3,0,3
,,,,,,,0,0,0,0,0,3,0,0,0,1,4,3,5
,,,,,,,0,0,0,0,0,2,0,0,0,0,3,2,3
,,,,,,,0,0,0,1,1,0,0,0,5,4,0,2,9
,,,,,,,0,0,0,0,1,0,0,0,0,1,2,1,3
,,,,,,,0,0,0,0,0,1,0,0,0,0,2,1,2
,,,,,,,0,0,0,0,0,1,0,0,0,0,6,1,6
,,,,,,,0,0,0,2,3,2,0,0,2,4,9,7,15
,,,,,,,0,0,0,3,4,1,0,0,3,6,2,8,11
,,,,,,,0,2,0,0,1,0,2,0,2,4,2,3,10
,,,,,,,0,0,0,0,0,2,1,0,1,3,3,2,8
,,,,,,,0,0,0,0,0,4,0,0,0,0,7,4,7
,,,,,,,0,0,0,0,0,0,0,0,0,0,4,0,4
,,,,,,,0,0,0,0,0,1,0,0,1,3,4,1,8
,,,,,,,0,0,0,1,4,3,0,0,3,6,7,8,16
,,,,,,,0,0,0,3,3,1,0,0,3,5,6,7,14
,,,,,,,0,0,0,1,2,2,0,0,1,4,3,5,8
,,,,,,,0,0,0,1,1,2,1,0,1,1,4,4,7
,,,,,,,0,1,0,0,0,2,1,0,1,1,3,3,6
,,,,,,,0,0,0,3,4,2,0,0,5,5,3,9,13
,,,,,,,0,0,0,3,3,3,0,0,8,8,6,9,22
,,,,,,,0,0,0,3,5,2,0,0,7,10,4,10,21
,,,,,,,0,0,0,3,3,0,0,0,4,5,2,6,11
,,,,,,,0,0,0,0,0,3,1,0,4,3,5,3,13
,,,,,,,0,0,0,1,1,1,1,0,2,3,4,3,10
,,,,,,,0,0,0,1,2,1,0,0,4,4,2,4,10
,,,,,,,0,0,0,1,2,2,1,0,1,3,3,5,8
,,,,,,,0,0,0,0,0,0,0,0,0,2,2,0,4
,,,,,,,0,0,0,0,0,0,0,0,0,0,0,0,0
,,,,,,,0,0,0,0,0,0,0,0,0,0,0,0,0
,,,,,,,0,0,0,0,0,0,0,0,0,0,0,0,0
,,,,,,,0,0,0,0,0,0,0,0,0,0,0,0,0
,,,,,,,0,0,0,0,0,0,0,0,0,0,0,0,0
,,,,,,,0,0,0,0,0,0,0,0,0,0,0,0,0
,,,,,,,0,0,0,0,0,1,0,0,1,1,3,1,5
,,,,,,,0,0,0,0,0,1,0,0,1,2,3,1,6
,,,,,,,0,0,0,0,1,0,1,0,1,3,2,1,7
,,,,,,,0,0,0,0,0,0,1,0,1,4,2,0,8
,,,,,,,0,0,0,1,1,1,1,0,1,2,5,3,9
,,,,,,,0,0,0,1,3,2,1,0,2,4,5,6,12
,,,,,,,0,0,0,1,0,0,0,0,3,4,1,1,8
,,,,,,,0,0,0,0,1,1,0,0,4,4,2,2,10
,,,,,,,0,0,0,0,2,1,0,0,0,4,4,3,8
,,,,,,,0,0,0,0,2,3,0,0,0,3,4,5,7
,,,,,,,0,0,0,0,0,2,0,0,0,0,2,2,2
,,,,,,,0,0,0,0,0,0,0,0,0,0,0,0,0
,,,,,,,0,0,0,0,0,0,0,0,0,0,0,0,0
,,,,,,,0,0,0,0,0,0,0,0,0,0,0,0,0
,,,,,,,0,0,0,0,0,0,0,0,0,0,0,0,0
,,,,,,,0,0,0,0,0,0,0,0,0,0,1,0,1
,,,,,,,0,0,0,0,0,1,0,0,0,0,2,1,2
,,,,,,,0,0,0,0,0,3,0,0,0,0,4,3,4
,,,,,,,0,0,0,0,0,2,0,0,0,0,3,2,3
,,,,,,,0,0,0,0,0,2,0,0,0,0,2,2,2
,,,,,,,0,0,0,0,0,1,0,0,0,0,2,1,2
,,,,,,,0,0,0,0,0,3,0,0,1,0,4,3,5
,,,,,,,0,0,0,0,0,2,0,0,2,1,4,2,7
,,,,,,,0,0,0,1,1,0,0,0,1,1,3,2,5
,,,,,,,0,0,0,0,0,2,0,0,0,0,2,2,2
,,,,,,,0,0,0,0,0,1,0,0,0,0,4,1,4
,,,,,,,0,1,0,0,0,0,1,0,0,0,0,1,1
,,,,,,,0,0,0,0,0,0,0,0,0,0,2,0,2
,,,,,,,0,0,0,0,0,1,0,0,1,2,3,1,6
,,,,,,,0,0,0,0,0,0,0,0,2,2,2,0,6
,,,,,,,0,0,0,0,0,0,0,0,0,1,3,0,4
,,,,,,,0,0,0,0,0,0,0,0,2,1,4,0,7
,,,,,,,0,0,0,0,0,0,1,0,1,0,3,0,5
,,,,,,,0,0,0,0,0,0,0,0,5,5,4,0,14
,,,,,,,0,0,0,1,0,1,1,0,5,3,7,2,16
,,,,,,,0,0,0,0,1,1,1,0,4,4,3,2,12
,,,,,,,0,0,0,0,0,0,0,0,3,4,1,0,8
,,,,,,,0,0,0,0,0,4,1,0,0,1,6,4,8
,,,,,,,0,1,0,0,0,0,1,0,1,1,4,1,7
,,,,,,,0,0,0,1,1,2,0,0,1,1,3,4,5
,,,,,,,0,1,0,0,1,3,1,0,0,1,7,5,9
,,,,,,,0,0,0,0,0,2,1,0,0,1,3,2,5
,,,,,,,0,0,0,0,0,0,0,0,0,0,0,0,0
,,,,,,,0,0,0,0,0,0,0,0,0,0,0,0,0
,,,,,,,0,0,0,0,0,0,0,0,0,0,0,0,0
,,,,,,,0,0,0,0,0,0,0,0,0,0,0,0,0
,,,,,,,0,0,0,0,0,0,0,0,0,0,0,0,0
,,,,,,,0,0,0,0,0,0,0,0,0,0,0,0,0
,,,,,,,0,0,0,0,1,0,0,0,0,1,0,1,1
,,,,,,,0,0,0,0,1,0,0,0,0,1,0,1,1
,,,,,,,0,0,0,0,0,0,0,0,0,0,0,0,0
,,,,,,,0,0,0,0,1,1,0,0,0,1,1,2,2
,,,,,,,0,0,0,0,1,0,1,0,1,2,2,1,6
,,,,,,,0,1,0,0,0,0,1,0,2,2,2,1,7
,,,,,,,0,0,0,0,0,0,0,0,0,1,0,0,1
,,,,,,,0,0,0,0,0,1,0,0,0,0,2,1,2
,,,,,,,0,0,0,0,0,2,0,0,0,0,3,2,3
,,,,,,,0,0,0,0,0,3,1,0,0,0,4,3,5
,,,,,,,0,0,0,0,0,1,1,0,0,0,5,1,6
,,,,,,,0,0,0,0,0,2,0,0,0,0,2,2,2
,,,,,,,0,0,0,0,0,0,0,0,0,0,2,0,2
,,,,,,,0,0,0,0,0,0,0,0,0,0,0,0,0
